{
    "smiles": "O=[V]=O",
    "id": "A-222",
    "input_type": "classification",
    "label": "0",
    "solubility": -4.4002500912,
    "value": -4.4002500912,
    "name": "dioxovanadium",
    "image_width": 900,
    "image_height": 900,
    "graph": {
        "node_symbol": [
            "O",
            "V",
            "O"
        ],
        "node_number": [
            8,
            23,
            8
        ],
        "node_coordinates": [
            [
                52.72699602520252,
                450.0
            ],
            [
                450.0,
                450.0
            ],
            [
                847.2730039747976,
                450.0
            ]
        ],
        "edge_indices": [
            [
                0,
                1
            ],
            [
                1,
                0
            ],
            [
                1,
                2
            ],
            [
                2,
                1
            ]
        ],
        "edge_number": [
            [
                2
            ],
            [
                2
            ],
            [
                2
            ],
            [
                2
            ]
        ],
        "graph_labels": [
            "A-222"
        ],
        "graph_size": 3,
        "node_attributes": [
            [
                0.0,
                1.0,
                0.0,
                0.0,
                0.0,
                0.0,
                0.0,
                0.0,
                1.0,
                0.0,
                0.0,
                0.0,
                0.0
            ],
            [
                0.0,
                0.0,
                0.0,
                0.0,
                0.0,
                0.0,
                0.0,
                1.0,
                2.0,
                0.0,
                1.0,
                0.0,
                0.0
            ],
            [
                0.0,
                1.0,
                0.0,
                0.0,
                0.0,
                0.0,
                0.0,
                0.0,
                1.0,
                0.0,
                0.0,
                0.0,
                0.0
            ]
        ],
        "edge_attributes": [
            [
                0.0,
                1.0,
                0.0,
                0.0,
                0.0,
                0.0
            ],
            [
                0.0,
                1.0,
                0.0,
                0.0,
                0.0,
                0.0
            ],
            [
                0.0,
                1.0,
                0.0,
                0.0,
                0.0,
                0.0
            ],
            [
                0.0,
                1.0,
                0.0,
                0.0,
                0.0,
                0.0
            ]
        ],
        "graph_attributes": [
            81.9369888305664,
            3.0
        ],
        "node_importances": [
            0.0,
            0.0,
            0.0
        ],
        "edge_importances": [
            0.0,
            0.0,
            0.0,
            0.0
        ],
        "node_indices": [
            0,
            1,
            2
        ],
        "id": "A-222",
        "node_adjacency": [
            [
                0.0,
                1.0,
                0.0
            ],
            [
                1.0,
                0.0,
                1.0
            ],
            [
                0.0,
                1.0,
                0.0
            ]
        ]
    }
}