{
    "smiles": "[nH]1ccnc1",
    "id": "A-3348",
    "input_type": "classification",
    "label": "1",
    "solubility": 0.9683905422,
    "value": 0.9683905422,
    "name": "1H-imidazole",
    "image_width": 900,
    "image_height": 900,
    "graph": {
        "node_symbol": [
            "N",
            "C",
            "C",
            "N",
            "C"
        ],
        "node_number": [
            7,
            6,
            6,
            7,
            6
        ],
        "node_coordinates": [
            [
                755.7268003855623,
                96.71757285269473
            ],
            [
                250.50247668168475,
                40.90909090909088
            ],
            [
                41.296892238586864,
                504.1499738777066
            ],
            [
                417.2163347865933,
                846.2183708352716
            ],
            [
                858.7031077614131,
                594.4194417116255
            ]
        ],
        "edge_indices": [
            [
                0,
                1
            ],
            [
                0,
                4
            ],
            [
                1,
                0
            ],
            [
                1,
                2
            ],
            [
                2,
                1
            ],
            [
                2,
                3
            ],
            [
                3,
                2
            ],
            [
                3,
                4
            ],
            [
                4,
                0
            ],
            [
                4,
                3
            ]
        ],
        "edge_number": [
            [
                12
            ],
            [
                12
            ],
            [
                12
            ],
            [
                12
            ],
            [
                12
            ],
            [
                12
            ],
            [
                12
            ],
            [
                12
            ],
            [
                12
            ],
            [
                12
            ]
        ],
        "graph_labels": [
            "A-3348"
        ],
        "graph_size": 5,
        "node_attributes": [
            [
                0.0,
                0.0,
                1.0,
                0.0,
                0.0,
                0.0,
                0.0,
                0.0,
                3.0,
                1.0,
                0.0,
                0.0,
                1.0
            ],
            [
                1.0,
                0.0,
                0.0,
                0.0,
                0.0,
                0.0,
                0.0,
                0.0,
                3.0,
                1.0,
                0.0,
                0.0,
                1.0
            ],
            [
                1.0,
                0.0,
                0.0,
                0.0,
                0.0,
                0.0,
                0.0,
                0.0,
                3.0,
                1.0,
                0.0,
                0.0,
                1.0
            ],
            [
                0.0,
                0.0,
                1.0,
                0.0,
                0.0,
                0.0,
                0.0,
                0.0,
                2.0,
                0.0,
                0.0,
                0.0,
                1.0
            ],
            [
                1.0,
                0.0,
                0.0,
                0.0,
                0.0,
                0.0,
                0.0,
                0.0,
                3.0,
                1.0,
                0.0,
                0.0,
                1.0
            ]
        ],
        "edge_attributes": [
            [
                0.0,
                0.0,
                0.0,
                1.0,
                1.0,
                1.0
            ],
            [
                0.0,
                0.0,
                0.0,
                1.0,
                1.0,
                1.0
            ],
            [
                0.0,
                0.0,
                0.0,
                1.0,
                1.0,
                1.0
            ],
            [
                0.0,
                0.0,
                0.0,
                1.0,
                1.0,
                1.0
            ],
            [
                0.0,
                0.0,
                0.0,
                1.0,
                1.0,
                1.0
            ],
            [
                0.0,
                0.0,
                0.0,
                1.0,
                1.0,
                1.0
            ],
            [
                0.0,
                0.0,
                0.0,
                1.0,
                1.0,
                1.0
            ],
            [
                0.0,
                0.0,
                0.0,
                1.0,
                1.0,
                1.0
            ],
            [
                0.0,
                0.0,
                0.0,
                1.0,
                1.0,
                1.0
            ],
            [
                0.0,
                0.0,
                0.0,
                1.0,
                1.0,
                1.0
            ]
        ],
        "graph_attributes": [
            68.03744506835938,
            5.0
        ],
        "node_importances": [
            0.0,
            0.0,
            0.0,
            0.0,
            0.0
        ],
        "edge_importances": [
            0.0,
            0.0,
            0.0,
            0.0,
            0.0,
            0.0,
            0.0,
            0.0,
            0.0,
            0.0
        ],
        "node_indices": [
            0,
            1,
            2,
            3,
            4
        ],
        "id": "A-3348",
        "node_adjacency": [
            [
                0.0,
                1.0,
                0.0,
                0.0,
                1.0
            ],
            [
                1.0,
                0.0,
                1.0,
                0.0,
                0.0
            ],
            [
                0.0,
                1.0,
                0.0,
                1.0,
                0.0
            ],
            [
                0.0,
                0.0,
                1.0,
                0.0,
                1.0
            ],
            [
                1.0,
                0.0,
                0.0,
                1.0,
                0.0
            ]
        ]
    }
}