{
    "smiles": "CC(O)=O",
    "id": "A-3375",
    "input_type": "classification",
    "label": "1",
    "solubility": 1.0017178079,
    "value": 1.0017178079,
    "name": "acetic acid",
    "image_width": 900,
    "image_height": 900,
    "graph": {
        "node_symbol": [
            "C",
            "C",
            "O",
            "O"
        ],
        "node_number": [
            6,
            6,
            8,
            8
        ],
        "node_coordinates": [
            [
                40.909090909090885,
                797.1877941343542
            ],
            [
                444.9289503689368,
                565.8936362223501
            ],
            [
                446.60499504779193,
                100.32568837371173
            ],
            [
                847.2727623749263,
                800.0743104382136
            ]
        ],
        "edge_indices": [
            [
                0,
                1
            ],
            [
                1,
                0
            ],
            [
                1,
                2
            ],
            [
                1,
                3
            ],
            [
                2,
                1
            ],
            [
                3,
                1
            ]
        ],
        "edge_number": [
            [
                1
            ],
            [
                1
            ],
            [
                1
            ],
            [
                2
            ],
            [
                1
            ],
            [
                2
            ]
        ],
        "graph_labels": [
            "A-3375"
        ],
        "graph_size": 4,
        "node_attributes": [
            [
                1.0,
                0.0,
                0.0,
                0.0,
                0.0,
                0.0,
                0.0,
                0.0,
                4.0,
                3.0,
                0.0,
                0.0,
                0.0
            ],
            [
                1.0,
                0.0,
                0.0,
                0.0,
                0.0,
                0.0,
                0.0,
                0.0,
                3.0,
                0.0,
                0.0,
                0.0,
                0.0
            ],
            [
                0.0,
                1.0,
                0.0,
                0.0,
                0.0,
                0.0,
                0.0,
                0.0,
                2.0,
                1.0,
                0.0,
                0.0,
                0.0
            ],
            [
                0.0,
                1.0,
                0.0,
                0.0,
                0.0,
                0.0,
                0.0,
                0.0,
                1.0,
                0.0,
                0.0,
                0.0,
                0.0
            ]
        ],
        "edge_attributes": [
            [
                1.0,
                0.0,
                0.0,
                0.0,
                0.0,
                0.0
            ],
            [
                1.0,
                0.0,
                0.0,
                0.0,
                0.0,
                0.0
            ],
            [
                1.0,
                0.0,
                0.0,
                0.0,
                0.0,
                0.0
            ],
            [
                0.0,
                1.0,
                0.0,
                0.0,
                0.0,
                0.0
            ],
            [
                1.0,
                0.0,
                0.0,
                0.0,
                0.0,
                0.0
            ],
            [
                0.0,
                1.0,
                0.0,
                0.0,
                0.0,
                0.0
            ]
        ],
        "graph_attributes": [
            60.0211296081543,
            4.0
        ],
        "node_importances": [
            0.0,
            0.0,
            0.0,
            0.0
        ],
        "edge_importances": [
            0.0,
            0.0,
            0.0,
            0.0,
            0.0,
            0.0
        ],
        "node_indices": [
            0,
            1,
            2,
            3
        ],
        "id": "A-3375",
        "node_adjacency": [
            [
                0.0,
                1.0,
                0.0,
                0.0
            ],
            [
                1.0,
                0.0,
                1.0,
                1.0
            ],
            [
                0.0,
                1.0,
                0.0,
                0.0
            ],
            [
                0.0,
                1.0,
                0.0,
                0.0
            ]
        ]
    }
}