{
    "smiles": "CCCl",
    "id": "A-3515",
    "input_type": "classification",
    "label": "",
    "solubility": -1.0507488092,
    "value": -1.0507488092,
    "name": "chloroethane",
    "image_width": 900,
    "image_height": 900,
    "graph": {
        "node_symbol": [
            "C",
            "C",
            "Cl"
        ],
        "node_number": [
            6,
            6,
            17
        ],
        "node_coordinates": [
            [
                859.090909090909,
                342.02022532772185
            ],
            [
                462.5102125953307,
                571.4652554849582
            ],
            [
                65.56298210280872,
                342.6616423450704
            ]
        ],
        "edge_indices": [
            [
                0,
                1
            ],
            [
                1,
                0
            ],
            [
                1,
                2
            ],
            [
                2,
                1
            ]
        ],
        "edge_number": [
            [
                1
            ],
            [
                1
            ],
            [
                1
            ],
            [
                1
            ]
        ],
        "graph_labels": [
            "A-3515"
        ],
        "graph_size": 3,
        "node_attributes": [
            [
                1.0,
                0.0,
                0.0,
                0.0,
                0.0,
                0.0,
                0.0,
                0.0,
                4.0,
                3.0,
                0.0,
                0.0,
                0.0
            ],
            [
                1.0,
                0.0,
                0.0,
                0.0,
                0.0,
                0.0,
                0.0,
                0.0,
                4.0,
                2.0,
                0.0,
                0.0,
                0.0
            ],
            [
                0.0,
                0.0,
                0.0,
                1.0,
                0.0,
                0.0,
                0.0,
                0.0,
                1.0,
                0.0,
                0.0,
                0.0,
                0.0
            ]
        ],
        "edge_attributes": [
            [
                1.0,
                0.0,
                0.0,
                0.0,
                0.0,
                0.0
            ],
            [
                1.0,
                0.0,
                0.0,
                0.0,
                0.0,
                0.0
            ],
            [
                1.0,
                0.0,
                0.0,
                0.0,
                0.0,
                0.0
            ],
            [
                1.0,
                0.0,
                0.0,
                0.0,
                0.0,
                0.0
            ]
        ],
        "graph_attributes": [
            64.00798034667969,
            3.0
        ],
        "node_importances": [
            0.0,
            0.0,
            0.0
        ],
        "edge_importances": [
            0.0,
            0.0,
            0.0,
            0.0
        ],
        "node_indices": [
            0,
            1,
            2
        ],
        "id": "A-3515",
        "node_adjacency": [
            [
                0.0,
                1.0,
                0.0
            ],
            [
                1.0,
                0.0,
                1.0
            ],
            [
                0.0,
                1.0,
                0.0
            ]
        ]
    }
}