{
    "smiles": "FC(F)Cl",
    "id": "A-3939",
    "input_type": "classification",
    "label": "",
    "solubility": -1.4597341592,
    "value": -1.4597341592,
    "name": "chlorodifluoromethane",
    "image_width": 900,
    "image_height": 900,
    "graph": {
        "node_symbol": [
            "F",
            "C",
            "F",
            "Cl"
        ],
        "node_number": [
            9,
            6,
            9,
            17
        ],
        "node_coordinates": [
            [
                447.0028837832215,
                794.9174572117007
            ],
            [
                446.08587697968744,
                336.4140622768996
            ],
            [
                48.563447563628074,
                107.98767231962313
            ],
            [
                842.6913135982902,
                106.33705729937515
            ]
        ],
        "edge_indices": [
            [
                0,
                1
            ],
            [
                1,
                0
            ],
            [
                1,
                2
            ],
            [
                1,
                3
            ],
            [
                2,
                1
            ],
            [
                3,
                1
            ]
        ],
        "edge_number": [
            [
                1
            ],
            [
                1
            ],
            [
                1
            ],
            [
                1
            ],
            [
                1
            ],
            [
                1
            ]
        ],
        "graph_labels": [
            "A-3939"
        ],
        "graph_size": 4,
        "node_attributes": [
            [
                0.0,
                0.0,
                0.0,
                0.0,
                1.0,
                0.0,
                0.0,
                0.0,
                1.0,
                0.0,
                0.0,
                0.0,
                0.0
            ],
            [
                1.0,
                0.0,
                0.0,
                0.0,
                0.0,
                0.0,
                0.0,
                0.0,
                4.0,
                1.0,
                0.0,
                0.0,
                0.0
            ],
            [
                0.0,
                0.0,
                0.0,
                0.0,
                1.0,
                0.0,
                0.0,
                0.0,
                1.0,
                0.0,
                0.0,
                0.0,
                0.0
            ],
            [
                0.0,
                0.0,
                0.0,
                1.0,
                0.0,
                0.0,
                0.0,
                0.0,
                1.0,
                0.0,
                0.0,
                0.0,
                0.0
            ]
        ],
        "edge_attributes": [
            [
                1.0,
                0.0,
                0.0,
                0.0,
                0.0,
                0.0
            ],
            [
                1.0,
                0.0,
                0.0,
                0.0,
                0.0,
                0.0
            ],
            [
                1.0,
                0.0,
                0.0,
                0.0,
                0.0,
                0.0
            ],
            [
                1.0,
                0.0,
                0.0,
                0.0,
                0.0,
                0.0
            ],
            [
                1.0,
                0.0,
                0.0,
                0.0,
                0.0,
                0.0
            ],
            [
                1.0,
                0.0,
                0.0,
                0.0,
                0.0,
                0.0
            ]
        ],
        "graph_attributes": [
            85.9734878540039,
            4.0
        ],
        "node_importances": [
            0.0,
            0.0,
            0.0,
            0.0
        ],
        "edge_importances": [
            0.0,
            0.0,
            0.0,
            0.0,
            0.0,
            0.0
        ],
        "node_indices": [
            0,
            1,
            2,
            3
        ],
        "id": "A-3939",
        "node_adjacency": [
            [
                0.0,
                1.0,
                0.0,
                0.0
            ],
            [
                1.0,
                0.0,
                1.0,
                1.0
            ],
            [
                0.0,
                1.0,
                0.0,
                0.0
            ],
            [
                0.0,
                1.0,
                0.0,
                0.0
            ]
        ]
    }
}