{
    "smiles": "O=[Cu]",
    "id": "A-5092",
    "input_type": "classification",
    "label": "0",
    "solubility": -5.3051166643,
    "value": -5.3051166643,
    "name": "oxocopper",
    "image_width": 900,
    "image_height": 900,
    "graph": {
        "node_symbol": [
            "O",
            "Cu"
        ],
        "node_number": [
            8,
            29
        ],
        "node_coordinates": [
            [
                229.72499999999994,
                450.0
            ],
            [
                638.8159090909089,
                450.0
            ]
        ],
        "edge_indices": [
            [
                0,
                1
            ],
            [
                1,
                0
            ]
        ],
        "edge_number": [
            [
                2
            ],
            [
                2
            ]
        ],
        "graph_labels": [
            "A-5092"
        ],
        "graph_size": 2,
        "node_attributes": [
            [
                0.0,
                1.0,
                0.0,
                0.0,
                0.0,
                0.0,
                0.0,
                0.0,
                1.0,
                0.0,
                0.0,
                0.0,
                0.0
            ],
            [
                0.0,
                0.0,
                0.0,
                0.0,
                0.0,
                0.0,
                0.0,
                1.0,
                1.0,
                0.0,
                1.0,
                0.0,
                0.0
            ]
        ],
        "edge_attributes": [
            [
                0.0,
                1.0,
                0.0,
                0.0,
                0.0,
                0.0
            ],
            [
                0.0,
                1.0,
                0.0,
                0.0,
                0.0,
                0.0
            ]
        ],
        "graph_attributes": [
            78.92451477050781,
            2.0
        ],
        "node_importances": [
            0.0,
            0.0
        ],
        "edge_importances": [
            0.0,
            0.0
        ],
        "node_indices": [
            0,
            1
        ],
        "id": "A-5092",
        "node_adjacency": [
            [
                0.0,
                1.0
            ],
            [
                1.0,
                0.0
            ]
        ]
    }
}