{
    "smiles": "O=[Co]",
    "id": "A-5888",
    "input_type": "classification",
    "label": "0",
    "solubility": -5.798391069,
    "value": -5.798391069,
    "name": "oxocobalt",
    "image_width": 900,
    "image_height": 900,
    "graph": {
        "node_symbol": [
            "O",
            "Co"
        ],
        "node_number": [
            8,
            27
        ],
        "node_coordinates": [
            [
                229.36136363636365,
                450.0
            ],
            [
                638.4522727272727,
                450.0
            ]
        ],
        "edge_indices": [
            [
                0,
                1
            ],
            [
                1,
                0
            ]
        ],
        "edge_number": [
            [
                2
            ],
            [
                2
            ]
        ],
        "graph_labels": [
            "A-5888"
        ],
        "graph_size": 2,
        "node_attributes": [
            [
                0.0,
                1.0,
                0.0,
                0.0,
                0.0,
                0.0,
                0.0,
                0.0,
                1.0,
                0.0,
                0.0,
                0.0,
                0.0
            ],
            [
                0.0,
                0.0,
                0.0,
                0.0,
                0.0,
                0.0,
                0.0,
                1.0,
                1.0,
                0.0,
                1.0,
                0.0,
                0.0
            ]
        ],
        "edge_attributes": [
            [
                0.0,
                1.0,
                0.0,
                0.0,
                0.0,
                0.0
            ],
            [
                0.0,
                1.0,
                0.0,
                0.0,
                0.0,
                0.0
            ]
        ],
        "graph_attributes": [
            74.92810821533203,
            2.0
        ],
        "node_importances": [
            0.0,
            0.0
        ],
        "edge_importances": [
            0.0,
            0.0
        ],
        "node_indices": [
            0,
            1
        ],
        "id": "A-5888",
        "node_adjacency": [
            [
                0.0,
                1.0
            ],
            [
                1.0,
                0.0
            ]
        ]
    }
}