{
    "smiles": "[Be]=O",
    "id": "A-6069",
    "input_type": "classification",
    "label": "",
    "solubility": -7.255116256,
    "value": -7.255116256,
    "name": "oxoberyllium",
    "image_width": 900,
    "image_height": 900,
    "graph": {
        "node_symbol": [
            "Be",
            "O"
        ],
        "node_number": [
            4,
            8
        ],
        "node_coordinates": [
            [
                253.26363636363632,
                450.0
            ],
            [
                662.3545454545454,
                450.0
            ]
        ],
        "edge_indices": [
            [
                0,
                1
            ],
            [
                1,
                0
            ]
        ],
        "edge_number": [
            [
                2
            ],
            [
                2
            ]
        ],
        "graph_labels": [
            "A-6069"
        ],
        "graph_size": 2,
        "node_attributes": [
            [
                0.0,
                0.0,
                0.0,
                0.0,
                0.0,
                0.0,
                0.0,
                1.0,
                1.0,
                0.0,
                0.0,
                0.0,
                0.0
            ],
            [
                0.0,
                1.0,
                0.0,
                0.0,
                0.0,
                0.0,
                0.0,
                0.0,
                1.0,
                0.0,
                0.0,
                0.0,
                0.0
            ]
        ],
        "edge_attributes": [
            [
                0.0,
                1.0,
                0.0,
                0.0,
                0.0,
                0.0
            ],
            [
                0.0,
                1.0,
                0.0,
                0.0,
                0.0,
                0.0
            ]
        ],
        "graph_attributes": [
            25.007097244262695,
            2.0
        ],
        "node_importances": [
            0.0,
            0.0
        ],
        "edge_importances": [
            0.0,
            0.0
        ],
        "node_indices": [
            0,
            1
        ],
        "id": "A-6069",
        "node_adjacency": [
            [
                0.0,
                1.0
            ],
            [
                1.0,
                0.0
            ]
        ]
    }
}