{
    "smiles": "CC(C)CC=C",
    "id": "B-1468",
    "input_type": "classification",
    "label": "0",
    "solubility": -3.2439,
    "value": -3.2439,
    "name": "4-methyl-1-pentene",
    "image_width": 900,
    "image_height": 900,
    "graph": {
        "node_symbol": [
            "C",
            "C",
            "C",
            "C",
            "C",
            "C"
        ],
        "node_number": [
            6,
            6,
            6,
            6,
            6,
            6
        ],
        "node_coordinates": [
            [
                859.090909090909,
                626.7215974139187
            ],
            [
                654.4509741113559,
                508.81271870387434
            ],
            [
                654.2620132431587,
                272.61703954739096
            ],
            [
                449.9999943686562,
                627.0522699231137
            ],
            [
                245.36006502044683,
                509.1433912130694
            ],
            [
                40.90909090909088,
                627.382960452609
            ]
        ],
        "edge_indices": [
            [
                0,
                1
            ],
            [
                1,
                0
            ],
            [
                1,
                2
            ],
            [
                1,
                3
            ],
            [
                2,
                1
            ],
            [
                3,
                1
            ],
            [
                3,
                4
            ],
            [
                4,
                3
            ],
            [
                4,
                5
            ],
            [
                5,
                4
            ]
        ],
        "edge_number": [
            [
                1
            ],
            [
                1
            ],
            [
                1
            ],
            [
                1
            ],
            [
                1
            ],
            [
                1
            ],
            [
                1
            ],
            [
                1
            ],
            [
                2
            ],
            [
                2
            ]
        ],
        "graph_labels": [
            "B-1468"
        ],
        "graph_size": 6,
        "node_attributes": [
            [
                1.0,
                0.0,
                0.0,
                0.0,
                0.0,
                0.0,
                0.0,
                0.0,
                4.0,
                3.0,
                0.0,
                0.0,
                0.0
            ],
            [
                1.0,
                0.0,
                0.0,
                0.0,
                0.0,
                0.0,
                0.0,
                0.0,
                4.0,
                1.0,
                0.0,
                0.0,
                0.0
            ],
            [
                1.0,
                0.0,
                0.0,
                0.0,
                0.0,
                0.0,
                0.0,
                0.0,
                4.0,
                3.0,
                0.0,
                0.0,
                0.0
            ],
            [
                1.0,
                0.0,
                0.0,
                0.0,
                0.0,
                0.0,
                0.0,
                0.0,
                4.0,
                2.0,
                0.0,
                0.0,
                0.0
            ],
            [
                1.0,
                0.0,
                0.0,
                0.0,
                0.0,
                0.0,
                0.0,
                0.0,
                3.0,
                1.0,
                0.0,
                0.0,
                0.0
            ],
            [
                1.0,
                0.0,
                0.0,
                0.0,
                0.0,
                0.0,
                0.0,
                0.0,
                3.0,
                2.0,
                0.0,
                0.0,
                0.0
            ]
        ],
        "edge_attributes": [
            [
                1.0,
                0.0,
                0.0,
                0.0,
                0.0,
                0.0
            ],
            [
                1.0,
                0.0,
                0.0,
                0.0,
                0.0,
                0.0
            ],
            [
                1.0,
                0.0,
                0.0,
                0.0,
                0.0,
                0.0
            ],
            [
                1.0,
                0.0,
                0.0,
                0.0,
                0.0,
                0.0
            ],
            [
                1.0,
                0.0,
                0.0,
                0.0,
                0.0,
                0.0
            ],
            [
                1.0,
                0.0,
                0.0,
                0.0,
                0.0,
                0.0
            ],
            [
                1.0,
                0.0,
                0.0,
                0.0,
                0.0,
                0.0
            ],
            [
                1.0,
                0.0,
                0.0,
                0.0,
                0.0,
                0.0
            ],
            [
                0.0,
                1.0,
                0.0,
                0.0,
                0.0,
                0.0
            ],
            [
                0.0,
                1.0,
                0.0,
                0.0,
                0.0,
                0.0
            ]
        ],
        "graph_attributes": [
            84.09390258789062,
            6.0
        ],
        "node_importances": [
            0.0,
            0.0,
            0.0,
            0.0,
            0.0,
            0.0
        ],
        "edge_importances": [
            0.0,
            0.0,
            0.0,
            0.0,
            0.0,
            0.0,
            0.0,
            0.0,
            0.0,
            0.0
        ],
        "node_indices": [
            0,
            1,
            2,
            3,
            4,
            5
        ],
        "id": "B-1468",
        "node_adjacency": [
            [
                0.0,
                1.0,
                0.0,
                0.0,
                0.0,
                0.0
            ],
            [
                1.0,
                0.0,
                1.0,
                1.0,
                0.0,
                0.0
            ],
            [
                0.0,
                1.0,
                0.0,
                0.0,
                0.0,
                0.0
            ],
            [
                0.0,
                1.0,
                0.0,
                0.0,
                1.0,
                0.0
            ],
            [
                0.0,
                0.0,
                0.0,
                1.0,
                0.0,
                1.0
            ],
            [
                0.0,
                0.0,
                0.0,
                0.0,
                1.0,
                0.0
            ]
        ]
    }
}