{
    "smiles": "CC(=O)OO",
    "id": "B-255",
    "input_type": "classification",
    "label": "1",
    "solubility": 1.1189,
    "value": 1.1189,
    "name": "peroxyacetic acid",
    "image_width": 900,
    "image_height": 900,
    "graph": {
        "node_symbol": [
            "C",
            "C",
            "O",
            "O",
            "O"
        ],
        "node_number": [
            6,
            6,
            8,
            8,
            8
        ],
        "node_coordinates": [
            [
                859.090909090909,
                224.62774301178695
            ],
            [
                597.4222794236487,
                374.9891156754684
            ],
            [
                596.8186700900127,
                676.7983819809069
            ],
            [
                336.3572590900241,
                223.60159102625175
            ],
            [
                74.68862942276378,
                373.96296944648816
            ]
        ],
        "edge_indices": [
            [
                0,
                1
            ],
            [
                1,
                0
            ],
            [
                1,
                2
            ],
            [
                1,
                3
            ],
            [
                2,
                1
            ],
            [
                3,
                1
            ],
            [
                3,
                4
            ],
            [
                4,
                3
            ]
        ],
        "edge_number": [
            [
                1
            ],
            [
                1
            ],
            [
                2
            ],
            [
                1
            ],
            [
                2
            ],
            [
                1
            ],
            [
                1
            ],
            [
                1
            ]
        ],
        "graph_labels": [
            "B-255"
        ],
        "graph_size": 5,
        "node_attributes": [
            [
                1.0,
                0.0,
                0.0,
                0.0,
                0.0,
                0.0,
                0.0,
                0.0,
                4.0,
                3.0,
                0.0,
                0.0,
                0.0
            ],
            [
                1.0,
                0.0,
                0.0,
                0.0,
                0.0,
                0.0,
                0.0,
                0.0,
                3.0,
                0.0,
                0.0,
                0.0,
                0.0
            ],
            [
                0.0,
                1.0,
                0.0,
                0.0,
                0.0,
                0.0,
                0.0,
                0.0,
                1.0,
                0.0,
                0.0,
                0.0,
                0.0
            ],
            [
                0.0,
                1.0,
                0.0,
                0.0,
                0.0,
                0.0,
                0.0,
                0.0,
                2.0,
                0.0,
                0.0,
                0.0,
                0.0
            ],
            [
                0.0,
                1.0,
                0.0,
                0.0,
                0.0,
                0.0,
                0.0,
                0.0,
                2.0,
                1.0,
                0.0,
                0.0,
                0.0
            ]
        ],
        "edge_attributes": [
            [
                1.0,
                0.0,
                0.0,
                0.0,
                0.0,
                0.0
            ],
            [
                1.0,
                0.0,
                0.0,
                0.0,
                0.0,
                0.0
            ],
            [
                0.0,
                1.0,
                0.0,
                0.0,
                0.0,
                0.0
            ],
            [
                1.0,
                0.0,
                0.0,
                0.0,
                0.0,
                0.0
            ],
            [
                0.0,
                1.0,
                0.0,
                0.0,
                0.0,
                0.0
            ],
            [
                1.0,
                0.0,
                0.0,
                0.0,
                0.0,
                0.0
            ],
            [
                1.0,
                0.0,
                0.0,
                0.0,
                0.0,
                0.0
            ],
            [
                1.0,
                0.0,
                0.0,
                0.0,
                0.0,
                0.0
            ]
        ],
        "graph_attributes": [
            76.01604461669922,
            5.0
        ],
        "node_importances": [
            0.0,
            0.0,
            0.0,
            0.0,
            0.0
        ],
        "edge_importances": [
            0.0,
            0.0,
            0.0,
            0.0,
            0.0,
            0.0,
            0.0,
            0.0
        ],
        "node_indices": [
            0,
            1,
            2,
            3,
            4
        ],
        "id": "B-255",
        "node_adjacency": [
            [
                0.0,
                1.0,
                0.0,
                0.0,
                0.0
            ],
            [
                1.0,
                0.0,
                1.0,
                1.0,
                0.0
            ],
            [
                0.0,
                1.0,
                0.0,
                0.0,
                0.0
            ],
            [
                0.0,
                1.0,
                0.0,
                0.0,
                1.0
            ],
            [
                0.0,
                0.0,
                0.0,
                1.0,
                0.0
            ]
        ]
    }
}