{
    "smiles": "CC(O)C(O)=O",
    "id": "B-5",
    "input_type": "classification",
    "label": "1",
    "solubility": 1.0454,
    "value": 1.0454,
    "name": "lactic acid",
    "image_width": 900,
    "image_height": 900,
    "graph": {
        "node_symbol": [
            "C",
            "C",
            "O",
            "C",
            "O",
            "O"
        ],
        "node_number": [
            6,
            6,
            8,
            6,
            8,
            8
        ],
        "node_coordinates": [
            [
                93.73970197312025,
                56.77390279270071
            ],
            [
                436.2508803211949,
                252.85544244308016
            ],
            [
                777.3411755741784,
                54.32683471570681
            ],
            [
                437.6717634162862,
                647.5445332075192
            ],
            [
                780.1829417643607,
                843.6260389814631
            ],
            [
                96.58145310710921,
                846.0731522270379
            ]
        ],
        "edge_indices": [
            [
                0,
                1
            ],
            [
                1,
                0
            ],
            [
                1,
                2
            ],
            [
                1,
                3
            ],
            [
                2,
                1
            ],
            [
                3,
                1
            ],
            [
                3,
                4
            ],
            [
                3,
                5
            ],
            [
                4,
                3
            ],
            [
                5,
                3
            ]
        ],
        "edge_number": [
            [
                1
            ],
            [
                1
            ],
            [
                1
            ],
            [
                1
            ],
            [
                1
            ],
            [
                1
            ],
            [
                1
            ],
            [
                2
            ],
            [
                1
            ],
            [
                2
            ]
        ],
        "graph_labels": [
            "B-5"
        ],
        "graph_size": 6,
        "node_attributes": [
            [
                1.0,
                0.0,
                0.0,
                0.0,
                0.0,
                0.0,
                0.0,
                0.0,
                4.0,
                3.0,
                0.0,
                0.0,
                0.0
            ],
            [
                1.0,
                0.0,
                0.0,
                0.0,
                0.0,
                0.0,
                0.0,
                0.0,
                4.0,
                1.0,
                0.0,
                0.0,
                0.0
            ],
            [
                0.0,
                1.0,
                0.0,
                0.0,
                0.0,
                0.0,
                0.0,
                0.0,
                2.0,
                1.0,
                0.0,
                0.0,
                0.0
            ],
            [
                1.0,
                0.0,
                0.0,
                0.0,
                0.0,
                0.0,
                0.0,
                0.0,
                3.0,
                0.0,
                0.0,
                0.0,
                0.0
            ],
            [
                0.0,
                1.0,
                0.0,
                0.0,
                0.0,
                0.0,
                0.0,
                0.0,
                2.0,
                1.0,
                0.0,
                0.0,
                0.0
            ],
            [
                0.0,
                1.0,
                0.0,
                0.0,
                0.0,
                0.0,
                0.0,
                0.0,
                1.0,
                0.0,
                0.0,
                0.0,
                0.0
            ]
        ],
        "edge_attributes": [
            [
                1.0,
                0.0,
                0.0,
                0.0,
                0.0,
                0.0
            ],
            [
                1.0,
                0.0,
                0.0,
                0.0,
                0.0,
                0.0
            ],
            [
                1.0,
                0.0,
                0.0,
                0.0,
                0.0,
                0.0
            ],
            [
                1.0,
                0.0,
                0.0,
                0.0,
                0.0,
                0.0
            ],
            [
                1.0,
                0.0,
                0.0,
                0.0,
                0.0,
                0.0
            ],
            [
                1.0,
                0.0,
                0.0,
                0.0,
                0.0,
                0.0
            ],
            [
                1.0,
                0.0,
                0.0,
                0.0,
                0.0,
                0.0
            ],
            [
                0.0,
                1.0,
                0.0,
                0.0,
                0.0,
                0.0
            ],
            [
                1.0,
                0.0,
                0.0,
                0.0,
                0.0,
                0.0
            ],
            [
                0.0,
                1.0,
                0.0,
                0.0,
                0.0,
                0.0
            ]
        ],
        "graph_attributes": [
            90.03169250488281,
            6.0
        ],
        "node_importances": [
            0.0,
            0.0,
            0.0,
            0.0,
            0.0,
            0.0
        ],
        "edge_importances": [
            0.0,
            0.0,
            0.0,
            0.0,
            0.0,
            0.0,
            0.0,
            0.0,
            0.0,
            0.0
        ],
        "node_indices": [
            0,
            1,
            2,
            3,
            4,
            5
        ],
        "id": "B-5",
        "node_adjacency": [
            [
                0.0,
                1.0,
                0.0,
                0.0,
                0.0,
                0.0
            ],
            [
                1.0,
                0.0,
                1.0,
                1.0,
                0.0,
                0.0
            ],
            [
                0.0,
                1.0,
                0.0,
                0.0,
                0.0,
                0.0
            ],
            [
                0.0,
                1.0,
                0.0,
                0.0,
                1.0,
                1.0
            ],
            [
                0.0,
                0.0,
                0.0,
                1.0,
                0.0,
                0.0
            ],
            [
                0.0,
                0.0,
                0.0,
                1.0,
                0.0,
                0.0
            ]
        ]
    }
}