{
    "smiles": "NCC(O)=O",
    "id": "C-9",
    "input_type": "classification",
    "label": "1",
    "solubility": 0.92,
    "value": 0.92,
    "name": "glycine",
    "image_width": 900,
    "image_height": 900,
    "graph": {
        "node_symbol": [
            "N",
            "C",
            "C",
            "O",
            "O"
        ],
        "node_number": [
            7,
            6,
            6,
            8,
            8
        ],
        "node_coordinates": [
            [
                86.48048874475757,
                378.72626636710424
            ],
            [
                332.4091358851218,
                237.02776452254352
            ],
            [
                578.1106996034778,
                379.12365626483347
            ],
            [
                824.0393440368264,
                237.42515611215754
            ],
            [
                577.8836188884851,
                662.9748098791234
            ]
        ],
        "edge_indices": [
            [
                0,
                1
            ],
            [
                1,
                0
            ],
            [
                1,
                2
            ],
            [
                2,
                1
            ],
            [
                2,
                3
            ],
            [
                2,
                4
            ],
            [
                3,
                2
            ],
            [
                4,
                2
            ]
        ],
        "edge_number": [
            [
                1
            ],
            [
                1
            ],
            [
                1
            ],
            [
                1
            ],
            [
                1
            ],
            [
                2
            ],
            [
                1
            ],
            [
                2
            ]
        ],
        "graph_labels": [
            "C-9"
        ],
        "graph_size": 5,
        "node_attributes": [
            [
                0.0,
                0.0,
                1.0,
                0.0,
                0.0,
                0.0,
                0.0,
                0.0,
                3.0,
                2.0,
                0.0,
                0.0,
                0.0
            ],
            [
                1.0,
                0.0,
                0.0,
                0.0,
                0.0,
                0.0,
                0.0,
                0.0,
                4.0,
                2.0,
                0.0,
                0.0,
                0.0
            ],
            [
                1.0,
                0.0,
                0.0,
                0.0,
                0.0,
                0.0,
                0.0,
                0.0,
                3.0,
                0.0,
                0.0,
                0.0,
                0.0
            ],
            [
                0.0,
                1.0,
                0.0,
                0.0,
                0.0,
                0.0,
                0.0,
                0.0,
                2.0,
                1.0,
                0.0,
                0.0,
                0.0
            ],
            [
                0.0,
                1.0,
                0.0,
                0.0,
                0.0,
                0.0,
                0.0,
                0.0,
                1.0,
                0.0,
                0.0,
                0.0,
                0.0
            ]
        ],
        "edge_attributes": [
            [
                1.0,
                0.0,
                0.0,
                0.0,
                0.0,
                0.0
            ],
            [
                1.0,
                0.0,
                0.0,
                0.0,
                0.0,
                0.0
            ],
            [
                1.0,
                0.0,
                0.0,
                0.0,
                0.0,
                0.0
            ],
            [
                1.0,
                0.0,
                0.0,
                0.0,
                0.0,
                0.0
            ],
            [
                1.0,
                0.0,
                0.0,
                0.0,
                0.0,
                0.0
            ],
            [
                0.0,
                1.0,
                0.0,
                0.0,
                0.0,
                0.0
            ],
            [
                1.0,
                0.0,
                0.0,
                0.0,
                0.0,
                0.0
            ],
            [
                0.0,
                1.0,
                0.0,
                0.0,
                0.0,
                0.0
            ]
        ],
        "graph_attributes": [
            75.03202819824219,
            5.0
        ],
        "node_importances": [
            0.0,
            0.0,
            0.0,
            0.0,
            0.0
        ],
        "edge_importances": [
            0.0,
            0.0,
            0.0,
            0.0,
            0.0,
            0.0,
            0.0,
            0.0
        ],
        "node_indices": [
            0,
            1,
            2,
            3,
            4
        ],
        "id": "C-9",
        "node_adjacency": [
            [
                0.0,
                1.0,
                0.0,
                0.0,
                0.0
            ],
            [
                1.0,
                0.0,
                1.0,
                0.0,
                0.0
            ],
            [
                0.0,
                1.0,
                0.0,
                1.0,
                1.0
            ],
            [
                0.0,
                0.0,
                1.0,
                0.0,
                0.0
            ],
            [
                0.0,
                0.0,
                1.0,
                0.0,
                0.0
            ]
        ]
    }
}