{
    "smiles": "CCOC=C",
    "id": "D-101",
    "input_type": "classification",
    "label": "1",
    "solubility": -0.858,
    "value": -0.858,
    "name": "ethyl vinyl ether",
    "image_width": 900,
    "image_height": 900,
    "graph": {
        "node_symbol": [
            "C",
            "C",
            "O",
            "C",
            "C"
        ],
        "node_number": [
            6,
            6,
            8,
            6,
            6
        ],
        "node_coordinates": [
            [
                40.90909090909093,
                502.2800121913337
            ],
            [
                245.54902588864414,
                384.37113348128935
            ],
            [
                450.00000901015017,
                502.6106847005288
            ],
            [
                654.6399439897033,
                384.65456577343514
            ],
            [
                859.0909090909091,
                502.94135720972383
            ]
        ],
        "edge_indices": [
            [
                0,
                1
            ],
            [
                1,
                0
            ],
            [
                1,
                2
            ],
            [
                2,
                1
            ],
            [
                2,
                3
            ],
            [
                3,
                2
            ],
            [
                3,
                4
            ],
            [
                4,
                3
            ]
        ],
        "edge_number": [
            [
                1
            ],
            [
                1
            ],
            [
                1
            ],
            [
                1
            ],
            [
                1
            ],
            [
                1
            ],
            [
                2
            ],
            [
                2
            ]
        ],
        "graph_labels": [
            "D-101"
        ],
        "graph_size": 5,
        "node_attributes": [
            [
                1.0,
                0.0,
                0.0,
                0.0,
                0.0,
                0.0,
                0.0,
                0.0,
                4.0,
                3.0,
                0.0,
                0.0,
                0.0
            ],
            [
                1.0,
                0.0,
                0.0,
                0.0,
                0.0,
                0.0,
                0.0,
                0.0,
                4.0,
                2.0,
                0.0,
                0.0,
                0.0
            ],
            [
                0.0,
                1.0,
                0.0,
                0.0,
                0.0,
                0.0,
                0.0,
                0.0,
                2.0,
                0.0,
                0.0,
                0.0,
                0.0
            ],
            [
                1.0,
                0.0,
                0.0,
                0.0,
                0.0,
                0.0,
                0.0,
                0.0,
                3.0,
                1.0,
                0.0,
                0.0,
                0.0
            ],
            [
                1.0,
                0.0,
                0.0,
                0.0,
                0.0,
                0.0,
                0.0,
                0.0,
                3.0,
                2.0,
                0.0,
                0.0,
                0.0
            ]
        ],
        "edge_attributes": [
            [
                1.0,
                0.0,
                0.0,
                0.0,
                0.0,
                0.0
            ],
            [
                1.0,
                0.0,
                0.0,
                0.0,
                0.0,
                0.0
            ],
            [
                1.0,
                0.0,
                0.0,
                0.0,
                0.0,
                0.0
            ],
            [
                1.0,
                0.0,
                0.0,
                0.0,
                0.0,
                0.0
            ],
            [
                1.0,
                0.0,
                0.0,
                0.0,
                0.0,
                0.0
            ],
            [
                1.0,
                0.0,
                0.0,
                0.0,
                0.0,
                0.0
            ],
            [
                0.0,
                1.0,
                0.0,
                0.0,
                0.0,
                0.0
            ],
            [
                0.0,
                1.0,
                0.0,
                0.0,
                0.0,
                0.0
            ]
        ],
        "graph_attributes": [
            72.0575180053711,
            5.0
        ],
        "node_importances": [
            0.0,
            0.0,
            0.0,
            0.0,
            0.0
        ],
        "edge_importances": [
            0.0,
            0.0,
            0.0,
            0.0,
            0.0,
            0.0,
            0.0,
            0.0
        ],
        "node_indices": [
            0,
            1,
            2,
            3,
            4
        ],
        "id": "D-101",
        "node_adjacency": [
            [
                0.0,
                1.0,
                0.0,
                0.0,
                0.0
            ],
            [
                1.0,
                0.0,
                1.0,
                0.0,
                0.0
            ],
            [
                0.0,
                1.0,
                0.0,
                1.0,
                0.0
            ],
            [
                0.0,
                0.0,
                1.0,
                0.0,
                1.0
            ],
            [
                0.0,
                0.0,
                0.0,
                1.0,
                0.0
            ]
        ]
    }
}