{
    "smiles": "BrCCBr",
    "id": "E-100",
    "input_type": "classification",
    "label": "",
    "solubility": -1.68,
    "value": -1.68,
    "name": "1,2-dibromoethane",
    "image_width": 900,
    "image_height": 900,
    "graph": {
        "node_symbol": [
            "Br",
            "C",
            "C",
            "Br"
        ],
        "node_number": [
            35,
            6,
            6,
            35
        ],
        "node_coordinates": [
            [
                836.5316964781975,
                523.7572620218333
            ],
            [
                579.8919583575232,
                375.82804029869374
            ],
            [
                323.4891911465238,
                524.1719597013063
            ],
            [
                66.84945867568165,
                376.2427379781668
            ]
        ],
        "edge_indices": [
            [
                0,
                1
            ],
            [
                1,
                0
            ],
            [
                1,
                2
            ],
            [
                2,
                1
            ],
            [
                2,
                3
            ],
            [
                3,
                2
            ]
        ],
        "edge_number": [
            [
                1
            ],
            [
                1
            ],
            [
                1
            ],
            [
                1
            ],
            [
                1
            ],
            [
                1
            ]
        ],
        "graph_labels": [
            "E-100"
        ],
        "graph_size": 4,
        "node_attributes": [
            [
                0.0,
                0.0,
                0.0,
                0.0,
                0.0,
                0.0,
                0.0,
                1.0,
                1.0,
                0.0,
                0.0,
                0.0,
                0.0
            ],
            [
                1.0,
                0.0,
                0.0,
                0.0,
                0.0,
                0.0,
                0.0,
                0.0,
                4.0,
                2.0,
                0.0,
                0.0,
                0.0
            ],
            [
                1.0,
                0.0,
                0.0,
                0.0,
                0.0,
                0.0,
                0.0,
                0.0,
                4.0,
                2.0,
                0.0,
                0.0,
                0.0
            ],
            [
                0.0,
                0.0,
                0.0,
                0.0,
                0.0,
                0.0,
                0.0,
                1.0,
                1.0,
                0.0,
                0.0,
                0.0,
                0.0
            ]
        ],
        "edge_attributes": [
            [
                1.0,
                0.0,
                0.0,
                0.0,
                0.0,
                0.0
            ],
            [
                1.0,
                0.0,
                0.0,
                0.0,
                0.0,
                0.0
            ],
            [
                1.0,
                0.0,
                0.0,
                0.0,
                0.0,
                0.0
            ],
            [
                1.0,
                0.0,
                0.0,
                0.0,
                0.0,
                0.0
            ],
            [
                1.0,
                0.0,
                0.0,
                0.0,
                0.0,
                0.0
            ],
            [
                1.0,
                0.0,
                0.0,
                0.0,
                0.0,
                0.0
            ]
        ],
        "graph_attributes": [
            185.86798095703125,
            4.0
        ],
        "node_importances": [
            0.0,
            0.0,
            0.0,
            0.0
        ],
        "edge_importances": [
            0.0,
            0.0,
            0.0,
            0.0,
            0.0,
            0.0
        ],
        "node_indices": [
            0,
            1,
            2,
            3
        ],
        "id": "E-100",
        "node_adjacency": [
            [
                0.0,
                1.0,
                0.0,
                0.0
            ],
            [
                1.0,
                0.0,
                1.0,
                0.0
            ],
            [
                0.0,
                1.0,
                0.0,
                1.0
            ],
            [
                0.0,
                0.0,
                1.0,
                0.0
            ]
        ]
    }
}