smiles,value
Cc1cccc(C=C)c1,2.638020000000001
Cc1cc(cc(C)c1O)C(C)(C)c2cc(C)c(O)c(C)c2,4.657380000000004
O=C1CCCCCCCCCOCCCCCO1,3.850900000000003
CCCCCCCCCCC(C)CCCCCCCC,7.903900000000008
NC(=O)N=NC(N)=O,-0.4039999999999998
CC(C)(C)c1ccc(O)c(c1)C(C)(C)C,3.987200000000003
COc1ccc(cc1N)C(=O)Nc2ccccc2,2.529700000000001
[C-]#[O+],-0.03751
CCCCCCCCCCCCCCCCCC(=O)OCC(COC(=O)CCCCCCCCCCCCCCCCC)OC(=O)CCCCCCCCCCCCCCCCC,18.769099999999984
N#CCN(CCN(CC#N)CC#N)CC#N,-0.31528
CC(C)(C)OOC(=O)c1ccccc1,2.573500000000001
CC(F)F,1.2714
CCC(C)(O)CCCC(C)C,2.973700000000002
COc1ccc2NC(=S)Nc2c1,2.23409
FC(F)(F)Br,1.9011
C1OC1COc2ccc3c(OCC4CO4)cccc3c2,2.3950000000000005
C[C@@H]1CC=C(C)[C@H](\C=C\C(C)=O)C1(C)C,3.760100000000003
CO[SiH](CC1CCCCC1)OC,2.08
Nc1ccc(\C=C\c2ccc(N)cc2[S](O)(=O)=O)c(c1)[S](O)(=O)=O,1.5148000000000006
OC(=O)CC[P](O)(=O)c1ccccc1,1.057
O=[S](Cc1ccccc1)Cc2ccccc2,3.1355000000000013
CC(C)(N=NC(C)(C)C#N)C#N,2.04296
Clc1sc2ccccc2n1,2.949700000000001
Nc1ccccc1[S](O)(=O)=O,0.5155000000000001
CC(=O)Nc1ccc(cc1)[S](Cl)(=O)=O,1.5724999999999998
CCC(=O)OC1C(C)CCCC1(C)C,3.1544000000000016
COC(=O)c1ccc(cc1)C(=O)OC,1.2597999999999998
CCCCCCCC1CCCC1=O,3.716100000000002
O=C(Cc1ccccc1)OCc2ccccc2,2.972500000000001
CN(C)C(=S)SC(=S)N(C)C,1.4126
CCC(=O)C(C)CC=C(C)C,2.9579000000000013
CCOC(=O)CC(C)CC(C)(C)C,3.0119000000000016
Cc1cc(C)c(N)c(c1)[S](O)(=O)=O,1.13234
s1cccc1,1.7481
CC(C)(c1ccc(O)cc1)c2ccc(O)cc2,3.423700000000002
ClC(Cl)(Cl)C=O,1.5555
s1cnc2ccccc12,2.2963000000000005
OC(=O)c1cccc(c1)[N+]([O-])=O,1.293
O=C1Nc2ccccc2C(=O)O1,0.4813
OC(c1ccccc1)C(=O)c2ccccc2,2.602900000000001
CCCCCCCCO,2.3392000000000013
O=[Te]=O,-0.6184000000000001
COC(=O)COc1nc(F)c(Cl)c(N)c1Cl,1.6615
CC(C)=CCCC(C)(OC(C)=O)C=C,3.2406000000000024
COc1ccc(cc1O)[C@@H]2CC(=O)c3c(O)cc(O[C@@H]4O[C@H](CO)[C@@H](O)[C@H](O)[C@H]4O[C@@H]5O[C@@H](C)[C@H](O)[C@@H](O)[C@H]5O)cc3O2,-1.1566000000000003
CCCCC(CC)COC(C)=O,2.765900000000001
CCCCCCCCC(C)C#N,3.896680000000004
CCN1C(=O)C(=N/Nc2ccc(Cl)cc2[N+]([O-])=O)/C(=C(C#N)C1=O)C,2.24488
ClCCc1cc2CC(=O)Nc2cc1Cl,2.615900000000001
CCCCOCCOC(=O)CCCCC(=O)OCCOCCCC,3.2666000000000013
CCC1CCC(CCC(O)=O)C1,2.6775
CC(c1ccccc1)c2ccccc2,3.8384000000000023
Cc1ccccc1Cc2ccccc2,3.585820000000002
CC(=O)O[C@@]1(CC[C@H]2[C@@H]3CCC4=CC(=O)CC[C@@H]4[C@H]3CC[C@]12C)C(C)=O,4.0191000000000034
OC(=O)c1cc(Nc2ccccc2)c(cc1Nc3ccccc3)C(O)=O,4.5702000000000025
CCc1ccc(C)nc1,1.95242
O=C1N=C(NC(=N1)c2ccccc2)c3ccccc3,2.498900000000001
CC(C)C(=O)OC(C)(CCC=C(C)C)C=C,3.876700000000003
Cc1cc(C)c(c(C)c1)C(=O)[P](=O)(c2ccccc2)c3ccccc3,4.766160000000004
CCCCC(CC)C(=O)OCC(C)(C)COC(=O)C(CC)CCCC,5.531800000000006
CCOC(=O)C1C(C=C(C)C)C1(C)C,2.7879000000000014
NC(=O)c1ccc(NC(=O)c2ccc(cc2)[N+]([O-])=O)cc1,1.946
CC(=O)c1cc(cc2c1CCC2(C)C)C(C)(C)C,4.410500000000004
COc1cc(N[S](=O)(=O)c2ccc(C)cc2)c3C(=O)c4ccccc4C(=O)c3c1N,3.162020000000001
Cc1ccc(Nc2cc(C(O)=O)c(Nc3ccc(C)cc3)cc2C(O)=O)cc1,5.187040000000003
COc1cc(NC(=O)c2cc3ccccc3cc2O)c(OC)cc1Cl,4.468300000000003
CCCCC(CC)COC(=O)C(C)=C,3.3221000000000016
CCCCC(CC)CCl,3.441600000000002
NC(=O)c1ccc(NC(=O)c2ccc(N)cc2)cc1,1.62
CC(C)[C@@H]1CC[C@@H](C)C[C@H]1OC(=O)[C@H](C)O,2.3712000000000004
C=CC(=O)OCCCCCCCCCCOC(=O)C=C,3.5656000000000025
C[C@H]1CC(=O)C[C@@H]2CC[C@H]3[C@@H]4CC[C@H](O)[C@@]4(C)CC[C@@H]3[C@@]12C,4.205100000000003
CC1(C)CC2(CC(C)(C)N1)OC3(CCCCCCCCCCC3)NC2=O,4.813200000000005
CCC(C)(C)c1ccc(O)c(c1)C(C)(C)CC,4.767400000000005
ClC(=O)OCCOCCOC(Cl)=O,1.7538
C[C@]12C[C@H](O)[C@H]3[C@@H](CCC4=CC(=O)C=C[C@]34C)[C@@H]1CC[C@]2(O)C(=O)CO,1.5576
OCc1cccc(Oc2ccccc2)c1,2.9712000000000005
COC(=O)\C=C\c1ccccc1,1.8728
CSc1cc(SC)c(N)c(C)c1N,2.6032200000000003
COc1ccc(\C=C\C)cc1OC,2.736900000000001
Cc1ccc2cccc(O)c2n1,2.2488200000000007
CC(C)(COCCCOC(=O)C=C)COCCCOC(=O)C=C,2.2844000000000007
COC(=O)c1cccc(c1)C(=O)OC,1.2597999999999998
C=Cc1ccccc1,2.3296
CCCCCCOC(=O)C(C)=C,2.686000000000001
Nc1scc(n1)c2ccc3ccccc3c2,3.545500000000001
CCCCCC(CO)Cc1ccccc1,3.417900000000002
CCCCCCCCCC=O,3.3260000000000023
CC(=O)OC/C=C(C)/CCC=C(C)C,3.242200000000002
CC(CC/C=C(C)/CCC=O)C=C,3.5141000000000027
CC(=C)C(=O)OCCOc1ccccc1,2.1847000000000003
CCOc1cc(C=O)ccc1O,1.6034
CC(=O)CCc1ccccc1,2.2082
COc1cc(NC(=O)CC(C)=O)c(OC)cc1Cl,2.2748
CC(=O)OC\C=C\c1ccccc1,2.2629
CC(=O)Oc1ccc(cc1C2C(=O)Oc3ccc(cc23)C(C)(C)CC(C)(C)C)C(C)(C)CC(C)(C)C,8.090400000000008
CCCCOCCOCCOCc1cc2OCOc2cc1CCC,3.7177000000000016
CCC(C)CCCC(C)(C)O,2.9737000000000022
Nc1cc(ccc1O)[S](O)(=O)=O,0.2210999999999999
C[C@]12CCC(=O)C=C1CC[C@H]3[C@@H]4CC[C@](O)(C(=O)CO)[C@@]4(C)C[C@H](O)[C@H]23,1.7816
CC(CO)CCC1CC=C(C)C1(C)C,3.387400000000002
CCCCCCCCCCCC(=O)N(C)C,3.9955000000000034
CC(C)(C)C1CCC(O)CC1,2.583600000000001
CCCCCCCCCCCCCCN(C)C,5.249100000000005
CC12CC(O)C3C(CCC4=CC(=O)C=CC34C)C1CC(O)C2(O)C(=O)CO,0.5283999999999995
CCCCl,1.6352
[O-][N+](=O)c1cccc(Cl)c1,2.2482000000000006
CCNc1ccccc1,2.1184
Cc1ccc(Cl)c(Cl)c1,3.301820000000001
COc1cc(c(OC)cc1N)[S](=O)(=O)Nc2ccccc2,2.0868
CC(=O)CC(c1ccccc1)C2=C(O)Oc3ccccc3C2=O,3.609600000000002
CC(C)CO[P](=O)(OCC(C)C)OCC(C)C,4.112300000000004
COC(=O)c1ccccc1C,1.78162
CC(C)=C,1.5824
CC(=O)OC[C@@H](OC(C)=O)C=C,0.6672
Nc1cccc(O)c1,0.9744
CCc1cc(Cc2cc(CC)c(N)c(CC)c2Cl)c(Cl)c(CC)c1N,5.998200000000005
CCCc1nc(C)c2n1NC(=NC2=O)c3cc(ccc3OCC)[S](=O)(=O)N4CCN(CC)CC4,2.0704199999999995
CCCCCCCC/C=C/CCCCCCCC(=O)NCCCN(C)C,6.091800000000006
Cc1c(Cl)cccc1Cl,3.301820000000001
O=C1CCCCCCCCCCC1,3.8602000000000034
CC(C)=CCCC(C)(O)C#C,2.117
Cc1ccc(cc1[N+]([O-])=O)C(O)=O,1.60142
COc1ccc(cc1N)[S](O)(=O)=O,0.5241
Oc1ccc(cc1O)C(=O)c2ccccc2,2.3288
CCCCC(CC)CN,2.1615
Cc1ccc(N)cc1Cl,2.23062
Oc1ccc(c(O)c1)C2=C(O)C(=O)c3c(O)cc(O)cc3O2,1.988
CCCC(CCC)C(O)=O,2.2874
CC(c1ccc(O)cc1)(c2ccc(O)cc2)c3ccc(O)cc3,4.157700000000002
COc1ccccc1C,2.00362
OC(=O)Cc1ccc(Cl)cc1Cl,2.6205000000000007
Clc1ccc(cc1)C#N,2.2116799999999994
[O-][N+](=O)c1ccc(Cl)cc1,2.2482
CC(=C)C(=O)OCCCCOC(=O)C(C)=C,2.0052
CCC(=O)c1cccc(Cl)c1,2.9327000000000014
C1OC1COc2ccccc2,1.4641999999999995
OC(=O)CCCCCCCC(O)=O,1.8863
O=C1CCCCCCCCCCOCCCCO1,3.850900000000003
CC(C)CCCC(C)CC=O,3.0378000000000016
S=C(Nc1ccccc1)Nc2ccccc2,3.4955000000000016
CCCBr,1.7913
COc1ccc(Cl)cc1,2.3486
CCCCCC/C=C/C1CC(=O)OC1=O,2.6027000000000005
C[C@@H]1C[C@H]2[C@@H]3C[C@H](F)C4=CC(=O)C=C[C@]4(C)[C@H]3[C@@H](O)C[C@]2(C)[C@H]1C(=O)CO,2.6367000000000016
CNC(=O)N(c1ccccc1)c2ccccc2,3.164100000000001
Nc1ccccc1c2ccccc2,2.9358000000000013
ClCCO[P](=O)(OCCCl)OCC(CCl)(CCl)CO[P](=O)(OCCCl)OCCCl,5.721400000000005
OC(=O)C1CCC(CC1)C(O)=O,0.9620000000000002
CCc1cccc2c(CCO)c[nH]c12,2.2650999999999994
CCOC(C)OC(C)(CCC=C(C)C)C=C,4.076600000000004
O=C(c1ccccc1)c2ccccc2,2.917600000000001
CCCC(=O)OC(C)C1CCCCC1,3.2985000000000024
CCC1(CC=C2CCCc3cc(OC)ccc23)C(O)CCC1=O,3.925200000000003
CCC(C)c1ccccc1,3.2001000000000017
CC(=O)OC(C)(C)C1CCC(=CC1)C,3.0745000000000013
CC(C)=CCC\C(C)=C\CCC(C)(O)C=C,4.3963000000000045
CC(=C)C(=O)OCCCCCCOC(=O)C(C)=C,2.785400000000001
Nc1ccc(cc1)C(F)(F)F,2.2876000000000003
CCCCOCCOCCOC(=O)C(C)=C,1.939
Oc1ccc(cc1)C(c2ccc(O)cc2)(C(F)(F)F)C(F)(F)F,4.5085000000000015
CC(=O)c1cccc2ccccc12,3.042400000000001
CCCCCO,1.1689
COc1ccc(cc1N)[N+]([O-])=O,1.1856
CC(=C)C(=O)OCC=C,1.2917
FC(F)(I)C(F)(F)C(F)(F)C(F)(F)I,4.3126
CC(C)(C)c1cc(CO)cc(c1O)C(C)(C)C,3.4795000000000025
CC(C)CCOCCc1ccccc1,3.291800000000002
Oc1ccc2ccccc2c1C=O,2.3579
Nc1nc(N)c(N=O)c(N)n1,-0.3789000000000002
ClC\C=C/Cl,1.9777
CNC(=O)c1cc(Oc2ccc(NC(=O)Nc3ccc(Cl)c(c3)C(F)(F)F)cc2)ccn1,5.549700000000002
CCCCCC1COCCC1OC(C)=O,2.5349000000000004
CC1=CC[C@H]2C[C@@H]1C2(C)C,2.9987000000000013
Nc1ccc(N=Nc2ccccc2)c(N)c1,3.2664
COc1ccc(O)c(c1)C(C)(C)C,2.6983000000000006
C1CC(CCN1)N2CCOCC2,0.0705999999999997
CCO[Si](CC(C)C)(OCC)OCC,2.690800000000001
CCOC(=O)C(C)(C)c1ccccc1,2.5273000000000003
Cc1ccc(N)c(c1)[N+]([O-])=O,1.48542
S=C=S,1.0181
COC(=O)c1ccccc1,1.4732
CCCCCCCC(OC)OC,2.965800000000001
C1CNCCNCCNCCN1,-1.6415999999999973
C=CCCCCCCCCC=O,3.4921000000000024
CCNc1nc(NC(C)C)nc(SC)n1,1.8456
COc1cccc(c1)C(C)=O,1.8978
[nH]1cnc2ccccc12,1.5629
O=C1NC(=O)NC(=O)N1,-2.2485000000000004
ClCCCN1C(=O)Nc2ccccc12,1.9585
Clc1ccccn1,1.7349999999999997
Oc1cc(Cl)ccc1Cl,2.699
C[Si](C)(C)O[Si](C)(C)C,2.6728000000000005
C[C@]12CCC(=O)C=C1CC[C@@H]3[C@@H]2CC[C@@]4(C)[C@H]3CC[C@@]45CCC(=O)O5,4.5941000000000045
CCC(COC(=O)C(C)=C)(COC(=O)C(C)=C)COC(=O)C(C)=C,2.740700000000001
Fc1ccc(cc1)C(=O)c2ccc(F)cc2,3.195800000000001
CC(C)c1ccc(O)cc1C,2.824020000000001
COC1CC(C)CCC1C(C)C,3.093600000000002
O=[Zn],-0.1213
Cc1ccccc1Oc2ccccc2C,4.095740000000003
CC(C)c1cccc2ccccc12,3.9632000000000014
O=C1Oc2ccccc2C=C1,1.793
CCC(Cc1ccc(C)cc1)(N(C)C)C(=O)c2ccc(cc2)N3CCOCC3,3.9674200000000033
COc1ccc(cc1[N+]([O-])=O)C(=O)Nc2ccccc2,2.855700000000001
[O-][N+](=O)c1ccccc1c2ccc(Cl)cc2,3.915200000000002
CC(=C)C1CCC(=CC1)C,3.308900000000002
Nc1cc(Cl)ccc1Oc2ccc(Cl)cc2Cl,5.021300000000001
CCCCC(CC)COC(=O)CS[Sn](CCCC)(CCCC)SCC(=O)OCC(CC)CCCC,9.014400000000004
CC1CCC(CC2=C1CCC2C)C(C)(C)OC(C)=O,4.490800000000004
CCCCC(CC)CCCCCC(C)CCCC(O)=O,6.044300000000006
CC(C)CCCC(C)CCCC(C)(O)C#C,4.003300000000003
S=[W]=S,1.2939
CC(=C)CC(C)(C)C,2.9987000000000013
CCCCCCC(CCCC)C(O)=O,3.847800000000002
CCCCC(CC)COC(=O)c1ccc(N)cc1,3.642000000000002
CCCCOC(=O)CCC(C)(OOC(C)(C)C)OOC(C)(C)C,4.319500000000004
ClC1=C(Cl)C(=O)c2ccccc2C1=O,2.754800000000001
O=[Cd],-0.1213
CC(=O)O[C@H]1C[C@H]2CC[C@@]1(C)C2(C)C,2.7643000000000013
CCCCCCCCCCOC(C)=O,3.6902000000000026
CN(CCOC(=O)C=C)[S](=O)(=O)C(F)(F)C(F)(F)C(F)(F)C(F)(F)F,2.4029000000000007
CCCCC(C#N)c1ccccc1,3.4839800000000025
FC(F)(F)C(Cl)(Cl)Cl,2.9189
CC(C)CCCCCCCCCCO,4.145600000000004
CCOc1ccccc1NC(=O)c2cc3ccccc3cc2O,4.196400000000003
CC(C)OC(=O)CCCCCCCCC(=O)OC(C)C,4.010400000000003
CCCCCCC(O)CCCCCCCCCCCO,5.211000000000006
ClC1=C(Cl)C(=O)C(=C(Cl)C1=O)Cl,2.5166
CCCC(=O)OC(C)(C)Cc1ccccc1,3.3510000000000018
CCC(=O)OCCC(C)C,1.9857
CC(=C)[C@@H]1C[C@@H](CC[C@@]1(C)C=C)C(C)(C)O,3.9420000000000033
CCCCCC(O)C=C,2.1136
FC(F)=C(F)C(F)(F)F,2.6263
CC[C@]12CC[C@H]3[C@@H](CCc4cc(OC)ccc34)[C@@H]1CC[C@@H]2O,4.302300000000004
CC(C)(C1CCC(O)CC1)C2CCC(O)CC2,3.1148000000000016
COCCOCCO[Si](CCCOCC1CO1)(OCCOCCOC)OCCOCCOC,0.7696000000000052
CC(F)(F)Cl,1.8379
COC(=O)c1cc(cc(c1)[N+]([O-])=O)C(O)=O,1.0796
FCF,0.8829
CC(CN\C=C/1C=CC=CC1=O)N\C=C/2C=CC=CC2=O,1.7121
CC(C)Oc1ccc(cc1)[S](=O)(=O)c2ccc(O)cc2,3.0122000000000018
C[Si](C)(C)C,1.9544
Clc1cc(c(Cl)cc1c2[nH]c3ccc4C(=O)c5ccccc5C(=O)c4c3n2)c6[nH]c7ccc8C(=O)c9ccccc9C(=O)c8c7n6,7.630800000000004
CC(CCOC(C)=O)CC(C)(C)C,3.0119000000000016
ClC(=O)c1ccc(cc1)C(Cl)=O,2.4446000000000003
CC(=C)C(=O)OCC1CCCO1,1.2847
C[C@]12CC[C@H]3[C@@H](CCC4=CC(=O)CC[C@H]34)[C@@H]1CCC2=O,3.697300000000002
CC(=C)C(=O)OCc1ccccc1,2.3059000000000003
CCOC(=O)OCC,1.1794
C/C=C/C(=O)C1=C(C)C=CCC1(C)C,3.4342000000000024
[O-][N+](=O)c1ccc(Cl)cc1Cl,2.9016
CC(=C)[C@H]1CC=C(C)C(=O)C1,2.4879000000000007
CCCCCCCC[P](O)(O)=O,2.5246000000000013
C[C@]12CCC(=O)C=C1CC[C@@H]3[C@@H]2CC[C@@]4(C)[C@H]3C(O)CC4=O,3.058200000000001
COc1cc(Cl)c(OC)cc1N,1.9394
O[S](=O)(=O)CCCNC1CCCCC1,1.1865999999999997
CCCCC/C(C=O)=C/c1ccccc1,3.8492000000000033
CCCOCC(C)OCC(C)O,1.1989
ClCCCBr,2.0102
OC(O)C(Cl)(Cl)Cl,0.6672999999999998
OC(=O)c1cc(O)cc(c1)C(O)=O,0.7886
CC(C)OC(=O)CCCCC(=O)OC(C)C,2.45
CCCCCC1(C)CCC(C)(C)C1=O,3.962100000000003
OCCC(F)(F)C(F)(F)C(F)(F)C(F)(F)C(F)(F)C(F)(F)F,4.107600000000001
CC1(C)CNCC(C)(C)C1OC(=O)CCCCCCCCC(=O)OC2C(C)(C)CNCC2(C)C,5.242000000000004
CC(CCCC(C)(C)OC(C)=O)C=C,3.320500000000002
CC1CC(CC(C)(C)C1)OC(=O)C=C,2.930400000000001
O=C(C1CCCCC1)c2ccccc2,3.449600000000002
ClCC(CCl)O[P](=O)(OC(CCl)CCl)OC(CCl)CCl,4.682900000000003
Clc1cccc(Cl)c1Cl,3.6468000000000007
COC(=O)c1c(C)cc(O)c(C)c1O,1.5012399999999997
CC(C)C1(O)CCC(=CC1)C,2.5037000000000003
[O-][N+](=O)C1=NC(=O)NN1,-0.9938000000000002
Cc1cc2NC(=O)Nc2cc1N,0.74682
CC(C)(C)OOC(C)(C)C,2.531600000000001
CCOC(=O)\C=C\c1ccccc1,2.2629
O=C1NSc2ccccc12,1.5896
CSc1ccc(cc1)C(=O)C(C)(C)N2CCOCC2,2.702000000000001
CC1(C)C2CCC3(C2)C1C(=O)CCC3(C)C,3.818000000000003
CCCCC(CC)C(=O)OOC(C)(C)CC,3.8662000000000023
COC1(CCCCCCCCCCC1)OC,4.280200000000004
S=C1NN=C(SSC2=NNC(=S)S2)S1,3.51418
CCCCCCCC(C)=O,2.935900000000002
Cc1ccc(cc1[N+]([O-])=O)[N+]([O-])=O,1.8114200000000005
CCCCCC1CC(=O)C=C(C)C1C(=O)OCC,3.2813000000000017
Cc1ccccc1C,2.30344
Cc1ccc(C)cc1,2.30344
CC(C)C(=O)OCCc1ccccc1,2.4283
CCCCCCCCCCN(C)C,3.6887000000000025
O=CCC\C=C1/CC2CC1C3CCCC23,3.3480000000000025
CCCCCCC(C)(C)S,3.6652000000000022
CCCS[P](=O)(OCC)Oc1ccc(Br)cc1Cl,5.7691000000000034
CCCCCCCCC(C)C=O,3.5720000000000027
COC(=O)C1CC(=O)C(CC1=O)C(=O)OC,-0.5032000000000003
CN1COCN=C1N[N+]([O-])=O,-0.9993
Cc1ccc(C)c(O)c1C,2.3174600000000005
Cc1cccc(C)c1,2.30344
CCCCCCCC(=O)NCC(O)=O,1.5477
CC(=O)OC1C(C)(C)C2CCC1(C)C2,2.7643000000000013
O=[Si]=O,-0.6184000000000001
OC(=O)[C@@H](NC(=O)OCc1ccccc1)C2CCCCC2,2.9463000000000017
CC1=C(/C=C/C(C)(O)C=C)C(C)(C)CCC1,4.006200000000003
CCCCCC#CC(=O)OC,1.7431
Cc1cccc(c1C)[N+]([O-])=O,2.21164
CC(CCOC(C)=O)CCC=C(C)C,3.3221000000000025
FC(F)(F)C(F)(F)C(F)(F)C(F)(F)C=C,3.6406
O=C(Oc1ccccc1)Oc2ccccc2,3.264400000000002
O=C(Cc1ccccc1)OCCc2ccccc2,3.015000000000001
CCC(COCC(CC)(COC(=O)C=C)COC(=O)C=C)(COC(=O)C=C)COC(=O)C=C,2.712600000000001
C=CC(=O)OCCN1C(=O)N(CCOC(=O)C=C)C(=O)N(CCOC(=O)C=C)C1=O,-1.640699999999996
CC(C)c1ccc(cc1)C#N,2.681680000000001
C=CCOC(=O)c1ccccc1C(=O)OCC=C,2.3722000000000003
NC(Nc1ccccc1)=Nc2ccccc2,2.744900000000001
CCCCC(CC)C(=O)OC=C,2.8895000000000017
CC1CC(O)CC(C)(C)C1,2.1935
COc1cc(c(OC)cc1Cl)[N+]([O-])=O,2.2654000000000005
CC(=C)C(=O)NCNC(=O)C(C)=C,0.3285
O=C/C=C/c1ccccc1,1.8987
CN(CCO)[S](=O)(=O)C(F)(F)C(F)(F)C(F)(F)C(F)(F)F,1.666
CC12CCCC(C)(CC1)C2=NO,2.8069000000000006
CC(=O)Nc1ccc(O)cc1,1.3505999999999998
CN(C)c1ccc(C=O)cc1,1.5651
C\1C\C=C/CC\C=C1,2.6728000000000014
C/C=C/C(=O)C1C(=CCCC1(C)C)C,3.5141000000000027
Cc1cc(ccc1N)[N+]([O-])=O,1.48542
CCCCCCCCCO,2.7293000000000016
CCCOC(=O)C1CCCCC1C(=O)OCCC,2.699200000000001
Cc1ccc2nc(sc2c1[S](O)(=O)=O)c3ccc(N)cc3,3.10062
O=C1CCCCCCCCCCCC(=O)OCCO1,3.377500000000002
CC(C)=CC\C=C(/C)C=C,3.4750000000000023
CO[Si](CCCN=C=O)(OC)OC,0.5903999999999998
CC(CC(=O)OOC(C)(C)C)CC(C)(C)C,3.722100000000003
Nc1nc(N)nc(Nc2nc(N)nc(N)n2)n1,-1.871000000000001
CCCCOC(=O)CSCSCC(=O)OCCCC,3.096900000000001
COC(=O)C1CC2(CCC1(C)C=C2)C(C)C,3.1780000000000017
CC1CCCCC1,2.5866000000000007
CC(C)(OO)c1ccccc1,2.4113000000000007
O=C(OCC1CCC2OC2C1)C3CCC4OC4C3,1.6646
CCO[Si](CCCCl)(OCC)OCC,2.6637000000000013
CC(=C)C(=O)OC1CCCCC1,2.438400000000001
CCCC(=O)OCc1ccccc1,2.5299000000000005
CC(=O)Nc1ccc(N)c(c1)[S](O)(=O)=O,0.4739
NO[S](O)(=O)=O,-1.3204999999999996
CC/C=C/CCOC(=O)OC,2.1257
C1CC2CC1C=C2,1.9725
OC(=O)CSc1sc2ccccc2n1,2.4730000000000008
CC(C)(C)c1ccc(CCC=O)cc1,3.1156000000000024
NNC(N)=S,-1.3067000000000002
CCCCC(CC)C1OCCO1,2.5757000000000003
CCC(C)(C)OOC(C)(C)CC,3.3118000000000016
CC(C)C(OC(=O)C(C)C)C(C)(C)COC(=O)C(C)C,3.4356000000000027
CCC(=O)OC1CCC(CC1)C(C)C,3.1544000000000016
CCCCCCCC[Si](OC)(OC)OC,3.2250000000000014
CCC1(C)OOC(C)(CC)OOC(C)(CC)OO1,3.223200000000002
CCCCOC(=O)c1ccccc1C(=O)OCCCC,3.600400000000003
CC(=O)OC(=C)c1ccccc1,2.2204
CCOC(=O)CC1(C)OCC(C)O1,1.0911
Clc1cccc(Cl)c1,2.993400000000001
Cc1ccccc1CCO,1.52982
Oc1ccc(Cl)c(O)c1,1.7512
CC1(C)C2CC(O)C(=C)C1C2,1.9695
CC(C)C1CCC(O)CC1,2.1935
[O-][N+](=O)c1ccc(Cl)c(Cl)c1,2.901600000000001
CC(=O)Nc1ccc(cc1)[S](=O)(=O)CCO,0.4109999999999998
CCC(=O)c1ccccc1,2.2793
CC(C)(C)c1ccc(C=O)cc1,2.796600000000001
Nc1ccc2cc(ccc2c1)[S](O)(=O)=O,1.6687
CCCCC(CC)CO[N+]([O-])=O,2.4111
CC(C)CCCCCOC(=O)C=C,2.9320000000000013
O=C1N(SC2CCCCC2)C(=O)c3ccccc13,3.2635000000000023
CC(=O)OC(C)(C)Cc1ccccc1,2.570800000000001
Cc1cc(c(O)c(C)c1CC#N)C(C)(C)C,3.372620000000002
S=[Cd],0.6457
CCO[P](=O)(Cc1cc(c(O)c(c1)C(C)(C)C)C(C)(C)C)OCC,5.753300000000006
CC(CCC=C(C)C)CC#N,3.282580000000002
CC(=O)Oc1ccccc1[N+]([O-])=O,1.5200999999999998
CCOc1cc(NC(=O)c2ccccc2)c(OCC)cc1N,3.318500000000001
Cc1ccccc1CCl,2.7338200000000006
CC(=C)c1ccccc1,2.7197000000000005
COc1cc(CC=C)ccc1O,2.1293
CCCCCCCCC\C=C\CC1CC(=O)OC1=O,4.163100000000004
Fc1cccc(F)c1,1.9648
CC\C=C/CCOC(=O)C(C)C,2.541900000000001
CC1C(C)(C)C2=C(C(=O)CCC2)C1(C)C,3.738100000000003
CC(C)(c1ccc(OCCO)cc1)c2ccc(OCCO)cc2,2.754700000000001
CC(C)NC(C)C,1.3927999999999998
C[C@@H]1O[C@@H](O[C@@H]2[C@@H](O)[C@H](O)[C@@H](CO)O[C@H]2Oc3cc(O)c4C(=O)C[C@H](Oc4c3)c5ccc(O)cc5)[C@H](O)[C@H](O)[C@H]1O,-1.1652000000000018
CC(C)COC(=O)c1ccccc1C(=O)OCC(C)C,3.3122000000000025
CC(CCNC(=O)OCCOC(=O)C(C)=C)CC(C)(C)CNC(=O)OCCOC(=O)C(C)=C,3.119900000000002
CCC(CC)CC1(CCCCC1)C(O)=O,3.847800000000002
CCCCOC(=O)\C=C\C(=O)OCCCC,2.2292
CC(=C)C(=O)OCCOC(=O)C(C)=C,1.225
N#C/C=C/c1ccccc1,2.22338
CC(=O)/C=C/C1C(=CCCC1(C)C)C,3.5141000000000027
NCCc1ccc(O)cc1,0.8934
CCCCOCCOC(=O)c1ccccc1,2.660100000000001
COc1cc(ccc1N)[N+]([O-])=O,1.1856
S=[Zn],0.6457
OC(=O)CN(CCCN(CC(O)=O)CC(O)=O)CC(O)=O,-1.6810999999999965
Oc1cc(F)c(F)c(F)c1,1.8095
CCCCCC(O)=O,1.6513
CCCCOC(=O)CC(O)(CC(=O)OCCCC)C(=O)OCCCC,2.5276000000000005
CC1C=C(C)CCC1COC(C)=O,2.541900000000001
CCCCC(CC)COC(=O)CC#N,2.6596800000000007
CC1(C)S[C@@H]2[C@H](NC(=O)[C@H](N)c3ccccc3)C(=O)N2[C@H]1C(O)=O,0.3181000000000002
Nc1ccc(Cc2ccc(N)cc2)cc1,2.4418000000000006
CCCCCCCCCC(=O)Oc1ccc(cc1)C(O)=O,4.430900000000003
NCc1occc1,0.7383000000000001
OCC(F)(F)F,0.5410000000000001
C[Si]1O[Si](C)O[Si](C)O[Si](C)O[Si](C)O1,0.6729999999999998
CCOCCOCCOC(C)=O,0.6025999999999998
CCO[Si](CCCSSCCC[Si](OCC)(OCC)OCC)(OCC)OCC,5.244800000000006
CC(=C)O[Si](OC(C)=C)(OC(C)=C)C=C,3.3011000000000017
OCCCCO,-0.2488
C[Si]1(C)O[Si](C)(C)O[Si](C)(C)O1,2.1552
OCC(O)CO,-1.6681
CC/C(C)=N/O[Si@](C)(O\N=C(C)\CC)O\N=C(C)\CC,3.962600000000004
OO,0.0173999999999999
OC(=O)c1cc(ccc1O)[N+]([O-])=O,0.9986
COc1ccc(\C=C\C(=O)OCCC(C)C)cc1,3.2977000000000025
Cc1ccc(cc1C)[N+]([O-])=O,2.21164
ClCc1ccccc1Cl,3.078800000000001
N#CCc1ccccc1,1.75268
CCCCCCCCCCCCCCCC(=O)NCC(O)=O,4.6685000000000025
CCOC(=O)OC1CCCCC1C(C)(C)C,3.764400000000003
CCCCCC(=O)OC(=O)CCCCC,3.216800000000002
C\1C\C=C/CC\C=C/CC/C=C1,4.009200000000003
CC(C)(C)OOC(C)(C)c1ccccc1,3.6684000000000023
CC(C)CCCCCOC(=O)CS,2.675800000000001
C=CCCCCC=C,2.918800000000002
CC(=O)O[C@@H]1CCCC[C@@H]1C(C)(C)C,3.1544000000000016
Oc1cc(Cl)ccc1Oc2ccc(Cl)cc2Cl,5.144700000000002
CC(CCN(CCC(C)CC(C)(C)C)C(=S)S[Zn]SC(=S)N(CCC(C)CC(C)(C)C)CCC(C)CC(C)(C)C)CC(C)(C)C,13.388699999999975
CCCCCCCCCCCCO,3.899600000000004
Nc1ccc(O[P](=S)(Oc2ccc(N)cc2)Oc3ccc(N)cc3)cc1,4.1945000000000014
CC(=C)C(=O)OCCOc1ccc(cc1)C(C)(C)c2ccc(OCCOC(=O)C(C)=C)cc2,5.0087000000000055
BrCc1ccc(cc1)c2ccccc2C#N,4.120180000000003
CC1(C)CCCC2(C)C1CCC3(C)OCCC23,4.408000000000004
CCCCC\C(=C/c1ccccc1)C(OCC)OCC,5.049400000000005
CC(=O)CC(=O)Nc1ccc(cc1C)c2ccc(NC(=O)CC(C)=O)c(C)c2,3.805640000000002
Cc1ccc(Cl)cc1NC(=O)c2cc3ccccc3cc2O,4.759520000000003
CC(C)(C)NSc1sc2ccccc2n1,3.691500000000002
CCCC(=O)OCCC(C)CCC=C(C)C,4.102300000000004
COc1ccc(NC(=O)c2cc3ccccc3cc2O)cc1,3.806300000000002
CCCCCCCC[Sn](Cl)(Cl)CCCCCCCC,7.627200000000006
CO[C@H]1C[C@@H](O[C@@H](C)[C@@H]1O)OC2[C@H](C)O[C@H](C[C@@H]2OC)OC3[C@@H](C)/C=C/C=C/4CO[C@@H]5[C@H](O)C(=C[C@@H](C(=O)O[C@H]6C[C@@H](C\C=C3/C)O[C@@]7(C6)O[C@@H]([C@@H](C)C=C7)C8CCCCC8)[C@]45O)C,5.911600000000007
CCC1(C)Nc2cccc3cccc(N1)c23,3.8034000000000017
CCCCC(CC)C(=O)OCCOCCOCCOC(=O)C(CC)CCCC,4.538800000000004
Nc1c(ccc2C(=O)c3ccccc3C(=O)c12)c4oc5cc6C(=O)c7ccccc7C(=O)c6cc5n4,4.627800000000002
CCOc1ccc(NC(=O)c2cc3ccccc3cc2O)cc1,4.196400000000002
COc1cc(OC)c(NC(=O)c2cc3ccccc3cc2O)cc1Cl,4.468300000000003
O=C(Nc1cccc2C(=O)c3c4[nH]c5c(cc(NC(=O)c6ccccc6)c7C(=O)c8ccccc8C(=O)c57)c4ccc3C(=O)c12)c9ccccc9,6.754900000000005
O=C1c2ccccc2C(=O)c3c4Nc5ccc6c7ccccc7C(=O)c8ccc(c4ccc13)c5c68,6.354100000000004
CC1(C)CO[P](=S)(OC1)O[P]2(=S)OCC(C)(C)CO2,3.5980000000000025
CC(C)C1CCC(=CC1)C,3.3888000000000025
OC(=O)CCCCCNc1nc(NCCCCCC(O)=O)nc(NCCCCCC(O)=O)n1,3.0423
CC(C)CCCCCCCOC(=O)C=C,3.712200000000003
c1ccc(cc1)c2ccc(cc2)c3ccccc3,5.020600000000004
CCCCCCCCCC(C)C=O,3.962100000000003
CN(C)c1ccc(cc1)C(c2ccc(cc2)N(C)C)c3ccc(cc3)N(C)C,5.064800000000004
O=C1c2cccc(Sc3ccccc3)c2C(=O)c4c(Sc5ccccc5)cccc14,6.764400000000005
Cc1cc(ccc1O)C2(CCCCC2)c3ccc(O)c(C)c3,4.964840000000005
CCCCC(CC)COC(=O)\C=C\C(=O)OCC(CC)CCCC,5.061800000000005
CC(C)(COC(=O)c1ccccc1)COC(=O)c2ccccc2,3.726600000000003
c1cc2ccc3cccc4ccc(c1)c2c34,4.584000000000002
CCOCOC1CCCCCCCCCCC1,4.670300000000005
CC(C)(c1cc(Br)c(O)c(Br)c1)c2cc(Br)c(O)c(Br)c2,6.4737000000000045
CC(C)CCOC(=O)c1ccccc1C(=O)OCCC(C)C,4.092400000000004
O=[P](Oc1ccccc1)(Oc2ccccc2)Oc3cccc(O[P](=O)(Oc4ccccc4)Oc5ccccc5)c3,8.9764
[nH]1c2ccccc2c3ccccc13,3.3211000000000013
O=C(OC1CCCCC1)c2ccccc2C(=O)OC3CCCCC3,4.665600000000004
CCCCOC(=O)c1ccc(cc1)C(=O)OCCCC,3.600400000000003
CC(=O)OC1(CCC2C3CCC4=CC(=O)CCC4(C)C3CCC12C)C(C)=O,4.409200000000004
CCCCCCCC/C=C/CCCCCCCC(=O)N(CCO)CCO,4.837100000000006
CCOC(=O)C(=Cc1ccc(cc1)C=C(C(=O)OCC)C(=O)OCC)C(=O)OCC,2.705800000000001
CCCCCCCCCCCCCCCCCC(=O)NCCO,5.356400000000005
Oc1cc2ccccc2cc1C(=O)Nc3ccc(Cl)cc3,4.451100000000001
CCCCC(Cc1cc(c(O)c(c1)C(C)(C)C)C(C)(C)C)(C(=O)OC2CC(C)(C)N(C)C(C)(C)C2)C(=O)OC3CC(C)(C)N(C)C(C)(C)C3,9.095500000000005
Fc1ccccc1C(=O)c2cc(Cl)ccc2NC(=O)CBr,4.043500000000002
C[C@@H]1CC[C@H]2C(C)(C)C3CC12CCC3(C)OC(C)=O,4.180600000000004
CCCCCCC(O)CCCCCCCCCCC(O)=O,5.303300000000005
O=C1n2c3ccccc3nc2c4ccc5c6nc7ccccc7n6C(=O)c8ccc1c4c58,4.344000000000002
CC(C)(c1ccc(OC#N)cc1)c2ccc(OC#N)cc2,3.732260000000003
CCCCCCCCCCCC#N,4.430880000000004
Clc1ccc(cc1)[S](=O)(=O)c2ccc(Cl)cc2,3.826200000000002
CC(C)CCC(C)Nc1ccc(NC(C)CCC(C)C)cc1,6.159800000000006
CC(CO)C1CCCCCCCCCCC1,4.535700000000005
CCC(CC)CC1(CCCCC1)C#N,4.286780000000004
COC(=O)CCCCCCCCC=C,3.4662000000000024
C[C@]12CC[C@H]3[C@@H](CCc4cc(O)ccc34)[C@@H]1CCC2=O,3.817400000000003
Cc1cc(c(O)c(c1)C(C)(C)C)C(C)(C)C,4.295620000000003
CCC(C)c1cc(C(C)CC)c(O)c(c1)C(C)CC,5.932700000000007
N(c1ccccc1)c2ccc3ccccc3c2,4.583400000000003
CC(CCCC(C)C=O)CCC=C(C)C,4.3742000000000045
CC(C)CCC(C)Nc1ccc(Nc2ccccc2)cc1,5.666800000000005
O=C1CCCCCCCCCC\C=C/CCC1,5.196600000000005
COC1=CCC2=C(CCC3C2CCC4(C)C3CCC4(O)C#N)C1,4.098080000000003
CC1(C)CCCC2(C)C1CCC34COC(C)(CCC23)O4,4.524600000000004
CC(C)(C)c1ccc(OCC2CO2)cc1,2.761700000000001
CCCCCC(C)OC(=O)COc1ccc(Cl)c2cccnc12,4.779000000000004
O=C1CCCCCCC\C=C/CCCCCCO1,4.780600000000004
Oc1c(cccc1c2ccccc2)c3ccccc3,4.726200000000004
CCc1cc(Cc2cc(CC)c(N)c(CC)c2)cc(CC)c1N,4.691400000000003
CCCCN(CCCC)c1ccc2c(Oc3cc(C)c(Nc4ccccc4)cc3C25OC(=O)c6ccccc56)c1,8.713220000000003
CC(c1ccccc1)c2ccc(Nc3ccc(cc3)C(C)c4ccccc4)cc2,7.733800000000007
CCCCC(CC)COC(=O)c1ccccc1,4.059800000000004
CC1CC(CC(C)(C)C1)OC(=O)c2ccccc2O,3.763800000000004
COC(=O)c1ccc(cc1[N+]([O-])=O)C(=O)Nc2cc(Cl)ccc2Cl,3.940500000000002
C\C=C(/C)C(=O)OCCC(C)CCC=C(C)C,4.268400000000004
O=C1C=CC(=O)N1c2ccc(Cc3ccc(cc3)N4C(=O)C=CC4=O)cc2,2.1362
CC(C)c1ccc(O[P](=O)(Oc2ccc(cc2)C(C)C)Oc3ccc(cc3)C(C)C)cc1,8.701700000000004
FC1(F)Oc2cccc(C=O)c2O1,1.8206
CCCCCCCC[Sn](Cl)(Cl)Cl,5.002200000000004
C1CCC(CC1)NSc2sc3ccccc3n2,4.225700000000003
CCOc1ccccc1NC(=O)C(=O)Nc2ccccc2CC,3.2249000000000017
O=C1CCCCCCCCCCCCCCO1,4.614500000000004
Cc1ccc2oc(\C=C\c3oc4ccc(C)cc4n3)nc2c1,4.756240000000004
CCc1ccc2C(=O)c3ccccc3C(=O)c2c1,3.0244000000000018
CC(C)(CC(=C)c1ccccc1)c2ccccc2,5.067700000000004
CCCCc1nc(Cl)c(CO)n1Cc2ccc(cc2)c3ccccc3c4nnn(n4)C(c5ccccc5)(c6ccccc6)c7ccccc7,8.580400000000006
COC(=O)c1ccc(C(=O)OC)c(c1)N=NC(C(C)=O)C(=O)Nc2ccc3NC(=O)Nc3c2,2.1093999999999995
CCCCCCCCCCC1CO1,3.916000000000003
CCCCCCCCCCCCC1CO1,4.696200000000004
C[Si](C)(O[Si](C)(C)C=C)C=C,2.863600000000001
CC(C)C(c1cc(C)cc(C)c1O)c2cc(C)cc(C)c2O,5.119380000000006
COC(=O)c1cc(cc(c1)C(=O)OC)N=NC(C(C)=O)C(=O)Nc2ccc3NC(=O)Nc3c2,2.1093999999999995
COc1ccc(cc1O)C2=CC(=O)c3c(O)cc(O)cc3O2,2.5854
FC(F)(F)C(F)(F)C(F)(F)C(F)(F)C(F)(F)C(F)(F)CCOC(=O)C=C,4.844500000000002
CC(C)CCCCCCCOP(OCCCCCCCC(C)C)Oc1ccccc1,9.3187
COCCCCC(=O)c1ccc(cc1)C(F)(F)F,3.7048000000000014
CCCCC(CC)COC(=O)c1ccc(Nc2nc(Nc3ccc(cc3)C(=O)NC(C)(C)C)nc(Nc4ccc(cc4)C(=O)OCC(CC)CCCC)n2)cc1,10.377099999999992
N(c1ccccc1)c2ccc(Nc3ccccc3)cc2,5.173800000000004
CC(C)c1ccc2ccccc2c1C(C)C,5.086600000000004
CCCCCCCC[Sn](=O)CCCCCCCC,6.129400000000007
COc1ccc(cc1)N2CCN(CC2)c3ccc(cc3)N4C=NNC4=O,1.8958
Clc1ccc(NC(=O)Nc2ccc(Cl)c(Cl)c2)cc1,5.290800000000002
CC1CC(C)(C)CC(C1)(OOC(C)(C)C)OOC(C)(C)C,5.022300000000005
CC(C)(c1ccccc1)C(C)(C)c2ccccc2,4.942000000000005
C(Oc1ccc2ccccc2c1)c3ccccc3,4.418800000000003
CN1C(=O)C=C2c3ccccc3C(=O)c4c(Br)ccc1c24,3.512400000000002
Oc1cc2ccccc2cc1C(=O)Nc3cccc(c3)[N+]([O-])=O,3.7059000000000015
[O-][N+](=O)c1cc(OC(=O)Oc2cc(c(Cl)cc2Cl)[N+]([O-])=O)c(Cl)cc1Cl,5.694400000000001
Cc1ccc(N\N=C2/C(=O)C=Cc3ccccc23)c(C)c1,3.7155400000000025
CCCCCCCCCCCCCC(=O)OC,4.8605000000000045
CN(C)c1ccc(cc1)C(O)(c2ccc(cc2)N(C)C)c3ccc(Nc4ccccc4)c5ccccc35,6.999600000000007
O=C(Nc1ccccc1SSc2ccccc2NC(=O)c3ccccc3)c4ccccc4,6.990600000000005
Cc1cccc(C)c1OCC(O)=O,1.76684
COc1ccc(cc1OC(C)=O)[N+]([O-])=O,1.5286999999999995
Cc1ccc(cc1)C(=O)OOC(=O)c2ccc(C)cc2,3.232240000000002
Cc1cc(Cc2cc(C)cc(C3CCCCC3)c2O)c(O)c(c1)C4CCCCC4,7.400840000000007
CCCCC(CC)COC(=O)c1ccccc1C(=O)OCC(CC)CCCC,6.433000000000007
CC(C)c1ccccc1C(C)C,3.9334000000000033
CC(C)c1cccc(c1)C(C)C,3.9334000000000033
CCCCCCCCCCCCCCCC(O)=O,5.552300000000005
CC(=O)OC1=CCC2C3CCC(C3)C12,2.4994000000000005
C[Si]1(C)O[Si](C)(C)O[Si](C)(C)O[Si](C)(C)O1,2.873600000000001
CCCCCCCC(=O)OCCCOC(=O)CCCCCCC,5.183900000000006
CC1(C)CCCC(C1)C(=O)CCC=C,3.738100000000003
CCCCC(CC)C(=O)O[Co]OB(O[Co])O[Co](OC(=O)C(CC)CCCC)OC(=O)C(CC)CCCC,6.037400000000007
CCn1c2ccccc2c3ccccc13,3.8144000000000022
CCN(CCOC(C)OCC(C)C)c1ccc(cc1)N=Nc2ccccc2,5.963500000000006
C(Sc1nnc(c2ccccc2)c(n1)c3ccccc3)\C=C\CSc4nnc(c5ccccc5)c(n4)c6ccccc6,8.165200000000006
COc1ccc(cc1)C(=O)CC(=O)c2ccc(cc2)C(C)(C)C,4.448400000000004
C[Si](O[Si](C)(C)C)O[Si](C)(C)C,2.807400000000001
COc1ccc(cc1O)C2=CC(=O)c3c(O)cc(O[C@@H]4O[C@H](CO[C@@H]5O[C@@H](C)[C@H](O)[C@@H](O)[C@H]5O)[C@@H](O)[C@H](O)[C@H]4O)cc3O2,-1.0897000000000006
CCCCCCCCCCCCCCCCCCCCCC(O)=O,7.892900000000008
O=C(OCCCc1ccccc1)c2ccccc2,3.476200000000002
CCCCCC(C)CO,2.1951000000000005
CC(=O)c1ccc(O)cc1,1.5948
O=C1NC(=O)c2ccc3c4ccc5C(=O)NC(=O)c6ccc(c7ccc1c2c37)c4c56,3.504400000000002
Cc1ccc(Nc2ccc(O)c3C(=O)c4ccccc4C(=O)c23)cc1,4.219620000000003
CCCCCCCCCCCCCCCCCC,7.267800000000007
CC(C)C1OC2(CCCC2)OCC1(C)C,3.354300000000002
CC(C)=CCC\C(C)=C/CO,2.6714000000000016
CCCCC(CC)COC(=O)c1ccc(Nc2nc(Nc3ccc(cc3)C(=O)OCC(CC)CCCC)nc(Nc4ccc(cc4)C(=O)OCC(CC)CCCC)n2)cc1,12.221999999999984
CCCCCCCCCCCCCCCC(=O)OC,5.640700000000005
OCCOC(=O)CC(C[P]1(=O)Oc2ccccc2c3ccccc13)C(=O)OCCO,1.7266999999999992
CC1(C)Nc2cccc3cccc(N1)c23,3.4133000000000013
CCN(CCOc1ccc(cc1)C2CCCCC2)c3ccc(C=C(C#N)C#N)c(C)c3,6.378580000000007
CC(C)(C)c1cc(c(O)c(c1)C(C)(C)C)c2cc(cc(c2O)C(C)(C)C)C(C)(C)C,7.954800000000009
COc1ccccc1N\N=C2/C(=O)C=Cc3ccccc23,3.1073000000000013
CCCCCCCCCCCCCCCCCC(=O)OC,6.420900000000007
CC(C)CCCCCCCOC(=O)c1ccccc1C(=O)OCCCCCCCC(C)C,7.993400000000009
CCC(COCCOC(=O)C=C)(COCCOC(=O)C=C)COCCOC(=O)C=C,1.6202
Oc1ccc(cc1)C(c2ccc(O)cc2)c3ccccn3,3.6730000000000023
OC(=O)c1ccccc1C(=O)c2ccc(cc2)c3ccccc3,4.282800000000003
CC(C)=CCC\C(C)=C\C=C\C(C)=O,3.8243000000000023
ClC(=C)C=C,1.9249
FC(F)(F)F,1.4756999999999998
CCCSc1nc(Cl)c(c(Cl)n1)[N+]([O-])=O,3.193700000000001
CO[S](C)(=O)=O,-0.4075999999999999
COC(C)COC(C)COCCC[Si](C)(O[Si](C)(C)C)O[Si](C)(C)O[Si](C)(C)C,5.326500000000006
CCCCCCCCCCCCCCCCOC(=O)Oc1c(Cl)cc(cc1Cl)C(=O)OCC,9.1668
O=C1NC2CC1C=C2,0.0608999999999997
C1CCC(CC1)c2ccccc2,3.734300000000003
Nc1cc(ccc1O)[N+]([O-])=O,0.8825999999999998
CCCCCCCCCCCCCCCCN(C)C,6.029300000000006
CC(C)C1CC2=C(C)CC1C(C2)C=O,3.2039000000000017
CCCCCCCCCCCCN(C)C,4.468900000000004
Clc1ccc(Oc2cccc(Cl)c2)cc1,4.785700000000003
CCCCC(CC)C(=O)OCC(COCC(COC(=O)CCCCCC(C)C)(COC(=O)C(CC)CCCC)COC(=O)C(CC)CCCC)(COC(=O)CCCCCC(C)C)COC(=O)CCCCCC(C)C,14.703699999999976
CCC(=O)/C=C/C1C(=CCCC1(C)C)C,3.904200000000003
CC(=O)C(\C)=C/C1C(=CCCC1(C)C)C,3.904200000000003
CC(C)[C@@H]1CC[C@@H](C)C[C@H]1OC(C)=O,3.0103000000000018
CC(=O)CC(=O)Nc1ccc(NC(=O)CC(C)=O)cc1,1.5217999999999998
O=C(OCc1ccccc1)c2ccccc2,3.0436000000000014
O=[S](=O)(c1ccccc1)c2ccccc2,2.519400000000001
C=CC(=O)N1CCOCC1,0.0311999999999998
COCC(C)O,0.0136000000000001
OC(=O)CS,0.0008
Cc1cc(c(OP2OCC3(CO2)COP(OC3)Oc4c(cc(C)cc4C(C)(C)C)C(C)(C)C)c(c1)C(C)(C)C)C(C)(C)C,10.485039999999993
[O-][N+](=O)c1ccc2NC(=O)Nc2c1,0.7643999999999997
CCOC(=O)CC(NC1CCC(CC2CCC(NC(CC(=O)OCC)C(=O)OCC)C(C)C2)CC1C)C(=O)OCC,3.935100000000004
CCCCCCCCCCCC(=O)NCCC[N+](C)(C)CC([O-])=O,2.2399000000000004
Nc1ccc(c(N)c1)[N+]([O-])=O,0.7592000000000001
CC[Pb](CC)(CC)CC,3.514800000000003
CCCCCCCCCCCCCCCC(=O)O[C@@H]1C[C@H](N(C1)C(=O)CCCCCCCCCCCCCCC)C(O)=O,10.546299999999995
c1ccc(cc1)P(c2ccccc2)c3ccccc3,3.4448000000000016
CC(CCC=C(C)C)C=C,3.5549000000000026
CC(C)=CCCc1ccc2C(=O)c3ccccc3C(=O)c2c1,4.360800000000004
CCCCCCCCCOC(=O)c1ccccc1C(=O)OCCCCCCCC,7.111300000000008
CC(C)CCCCCCCCOCCCNCCC#N,4.283080000000004
CC(=O)OC[C@H]1CCC=C(CCC=C(C)C)C1,4.022400000000004
CC(=O)c1cc(Nc2nc(Nc3cc(C(C)=O)c(N)c4C(=O)c5ccccc5C(=O)c34)nc(n2)c6ccccc6)c7C(=O)c8ccccc8C(=O)c7c1N,6.146200000000004
CCCCCCCCCCCCCCCC(=O)OCC(O)CO,4.364100000000005
CCCCC(CC)COC(=O)CS[Sn](C)(C)SCC(=O)OCC(CC)CCCC,6.673800000000008
Oc1cc(O)c2C[C@@H](OC(=O)c3cc(O)c(O)c(O)c3)[C@H](Oc2c1)c4cc(O)c(O)c(O)c4,2.2332
CCOCCCCCCCCCCCCCC\C=C\CC,7.060400000000008
Fc1cc(Cl)ccc1CC#N,2.54518
CC(CC(C)(C)C#N)c1ccccc1,3.729980000000003
CC(=O)OC1CCC(CC1)C(C)(C)C,3.1544000000000016
C[C@]12CC[C@H]3[C@@H](CC[C@H]4CC(=O)CC[C@]34C)[C@@H]1CC[C@@H]2O,3.9591000000000034
O=C(NC1CCCCC1)Nc2ccc(Cc3ccc(NC(=O)NC4CCCCC4)cc3)cc2,6.185800000000006
Cc1ccc(cc1N=C=O)N2C(=O)N(c3ccc(C)c(c3)N=C=O)C2=O,3.8046400000000022
CCCCCCCCCCCC(=O)OCC(O)[C@H]1OC[C@@H](O)[C@@H]1O,1.931999999999999
COC(=O)CN(CC(=O)OC)c1ccc(N=Nc2ccc(cc2C#N)[N+]([O-])=O)c(NC(C)=O)c1,2.992680000000001
Nc1ccc(N=Nc2cccc(c2)N=Nc3ccc(N)cc3N)c(N)c1,4.846200000000002
CC\C=C\C,1.9725
CC(=O)OCCN(CCC#N)c1ccc(cc1)N=Nc2sc3cc(ccc3n2)[N+]([O-])=O,4.9030800000000045
N#Cc1ccccc1/C=C/c2ccc(cc2)/C=C/c3ccccc3C#N,5.7707600000000046
[O-][N+](=O)c1ccc(N=Nc2ccc(cc2)N(CCC#N)CCC#N)c(Cl)c1,5.297360000000004
CCN(CCC#N)c1ccc(cc1)N=Nc2ccc(cc2Cl)[N+]([O-])=O,5.403580000000004
COc1cc(N=Nc2c(Cl)cc(cc2[N+]([O-])=O)[N+]([O-])=O)c(NC(C)=O)cc1N(CC=C)CC=C,5.7172000000000045
COC(=O)Cc1ccccc1,1.4021
CCOC(=O)C(C)OC(=O)c1cc(Oc2ccc(cc2Cl)C(F)(F)F)ccc1[N+]([O-])=O,5.167700000000004
C[C@H]1CC(=O)C[C@@H]2CC[C@H]3[C@@H]4CC[C@H](OC(C)=O)[C@@]4(C)CC[C@@H]3[C@@]12C,4.7759000000000045
CCCCCCCCCCCCCCCCCCCCCC(=O)OCC(O)CO,6.704700000000009
C[C](C)C,1.62059
O[Mo](O)(=O)=O,-1.3541
COc1cc(N=Nc2c(Br)cc(cc2[N+]([O-])=O)[N+]([O-])=O)c(NC(C)=O)cc1N(CCOC(C)=O)CCOC(C)=O,4.580500000000004
COc1ccc(N)c(c1)[N+]([O-])=O,1.1855999999999998
CCOC(OCC)\C=C(C)\CCC=C(C)C,4.078200000000003
S=C1Nc2ccccc2N1,2.22549
CCCCCCOCCCCCC,4.163600000000003
[O-][N+](=O)c1ccc(cc1)N=Nc2ccc(cc2)N(CCOCCC#N)CCC#N,4.660560000000005
CCCCN(C1CC(C)(C)N(C)C(C)(C)C1)c2nc(NCCCN(CCN(CCCNc3nc(nc(n3)N(CCCC)C4CC(C)(C)N(C)C(C)(C)C4)N(CCCC)C5CC(C)(C)N(C)C(C)(C)C5)c6nc(nc(n6)N(CCCC)C7CC(C)(C)N(C)C(C)(C)C7)N(CCCC)C8CC(C)(C)N(C)C(C)(C)C8)c9nc(nc(n9)N(CCCC)C%10CC(C)(C)N(C)C(C)(C)C%10)N(CCCC)C%11CC(C)(C)N(C)C(C)(C)C%11)nc(n2)N(CCCC)C%12CC(C)(C)N(C)C(C)(C)C%12,25.80720000000005
CCN(CC)c1cc(NC(C)=O)c(cc1OC)N=Nc2c(Cl)cc(cc2[N+]([O-])=O)[N+]([O-])=O,5.385000000000005
C1CCC2CCCCC2C1,3.3668000000000022
CC(=C)C(=O)O[Zn]O,0.0105
O=C(Nc1cccc2C(=O)c3ccccc3C(=O)c12)c4ccc(cc4)c5ccc(cc5)N=Nc6ccc(cc6)c7ccc(cc7)C(=O)Nc8cccc9C(=O)c%10ccccc%10C(=O)c89,11.491399999999986
Cc1c(Cl)cccc1[N+]([O-])=O,2.556620000000001
C1Cc2ccc(CCc3ccc1cc3)cc2,3.570400000000002
O=C1c2ccccc2c3ccc4c5ccc6c7ccccc7C(=O)c8ccc(c9ccc1c3c49)c5c68,8.160000000000002
COc1cc2c3ccccc3C(=O)c4ccc5c6ccc7C(=O)c8ccccc8c9cc(OC)c(c1c5c24)c6c79,8.177200000000003
CCCCC[C@H](CCC)CCCO,3.7555000000000023
CC(C)(C)OOC1(CCCCC1)OOC(C)(C)C,4.140200000000004
CCCCCCCCCCCCCCCC(=O)OC/C=C(C)/C=C/C=C(C)/C=C/C1=C(C)CCCC1(C)C,11.542499999999986
C[C@@H](Oc1ccc(Oc2ccc(cn2)C(F)(F)F)cc1)C(O)=O,3.744600000000002
CCC(C)(C)OOC1(CCCCC1)OOC(C)(C)CC,4.920400000000005
CC1=CC(C)(C)Nc2ccccc12,3.2940000000000014
C[Si](C)(C)O[Si](C)(C)O[Si](C)(C)O[Si](C)(C)O[Si](C)(C)O[Si](C)(C)C,5.5464000000000055
B12B3B4B1C234,-1.3084000000000002
CC(C)(C)CC(C)(C)c1ccc(O)c(c1)n2nc3ccccc3n2,4.839900000000005
Cc1ccc(O)c(c1)n2nc3ccccc3n2,2.43452
CC(C)(C)c1cc(CCC(=O)OCCSCCOC(=O)CCc2cc(c(O)c(c2)C(C)(C)C)C(C)(C)C)cc(c1O)C(C)(C)C,8.672800000000008
CCCCCCCCCCCCC(CO)CCCCCCCCCC,8.436700000000007
CCCCCCCCCCCCCCC(CO)CCCCCCCCCCCC,9.997099999999996
CCCCC(CC)COCOCC(CC)CCCC,5.409900000000006
CCCCCCCCC(CO)CCCCCC,5.315900000000005
CCc1cc(Cc2cc(CC)cc(c2O)C(C)(C)C)c(O)c(c1)C(C)(C)C,6.408400000000008
CCCCCCCCCCCCCCCCC(CO)CCCCCCCCCCCCCC,11.557499999999983
CCCCCCCCCCCCCCCCCCNC(=O)NCCCNC(=O)NCCCCCCCCCCCCCCCCCC,12.497899999999984
CCCCC(CC)CN[S](=O)(=O)c1ccc(N)cc1,2.7635000000000005
CC(C)(C)c1ccc2oc(nc2c1)c3sc(cc3)c4oc5ccc(cc5n4)C(C)(C)C,7.959500000000005
O=C1OC(=O)c2ccc3c4ccc5C(=O)OC(=O)c6ccc(c7ccc1c2c37)c4c56,4.358400000000002
[O-][N+](=O)c1ccc(O[P](=S)(Oc2ccc(cc2)[N+]([O-])=O)Oc3ccc(cc3)[N+]([O-])=O)cc1,5.172500000000003
CC(C)CCCCCCCCCCOC(=O)c1ccccc1C(=O)OCCCCCCCCCCC(C)C,10.333999999999994
CC(=C)C(=O)OCC(F)(F)F,1.668
CC(C)CCCCCCCCCCOC(=O)CCCCC(=O)OCCCCCCCCCCC(C)C,9.967
CCCCCCCCCCCCCCCCCCCCCCO,7.800600000000008
CCCCCCCCCCCCCCCCOC(=O)OOC(=O)OCCCCCCCCCCCCCCCC,12.170399999999985
CCCCCCCCCCCCCCCC[Si](OC)(OC)OC,6.345800000000007
CCCCCCCCCCCCCCCCCCO,6.240200000000008
CCCCCCCCCCCC(=O)OC(C)C,4.858900000000005
CCCCCCCCCCCCCCCCCCCCCCCCO,8.580800000000004
CCCCCCC\C=C\CC,4.313100000000004
[O-][N+](=O)O[Bi](O[N+]([O-])=O)O[N+]([O-])=O,-1.4038
CCCCCCCCCCCC(=O)OC=C,4.594000000000004
CCCCC(CC)C1CCON1CCOC(=O)NCCCCCCNC(=O)OCCN2OCCC2C(CC)CCCC,6.443800000000007
CC(C)CCC[C@@H](C)CCC[C@@H](C)CCC[C@]1(C)CCc2c(C)c(OC(C)=O)c(C)c(C)c2O1,9.059960000000004
ICC1CCC(CI)CC1,3.6628000000000025
CCCCCCCCCCCCCCCCCCSSCCCCCCCCCCCCCCCCCC,14.890799999999963
CCCCCCCCCCCCC(CCCCCCCCCC)C(O)=O,8.529000000000007
CCOc1ccccc1NC(=O)C(=O)Nc2ccc(CCCCCCCCCC(C)C)cc2,6.981800000000008
N12[Si]34N5[Si]16N3[Si]25N46,-2.4172
CCCCC(CC)COC(=O)CC(C)CC(C)(C)C,5.2084000000000055
CCC(C)CCCOC(=O)CCc1cc(n2nc3ccccc3n2)c(O)c(c1)C(C)(C)C,5.725700000000007
C[S](=O)(=O)Oc1ccc(Nc2ccc(O)c3C(=O)c4ccccc4C(=O)c23)cc1,3.249600000000002
CC(Cc1cccc(CC(C)c2ccc(O)cc2)c1)c3ccc(O)cc3,5.790200000000007
Cc1cccc(c1)N(c2ccccc2)c3ccc(cc3)c4ccc(cc4)N(c5ccccc5)c6cccc(C)c6,10.910039999999988
CCCCCCC(C)=O,2.5458000000000007
CCN(CC)c1ccc(N=Nc2c(cc(cc2[N+]([O-])=O)[N+]([O-])=O)C#N)c(NC(C)=O)c1,4.594680000000004
CC(C)CCCCCCCCCCCCCCCO,6.096100000000007
CCCCCCCCCCCC(=O)OCC(COC(C)=O)OC(C)=O,3.945300000000002
CCCCCCCCCCCCCCCOC(=O)/C=C/C(=O)OCCCCCCCCCCCCCCC,10.811399999999992
CCCCCCCCOC(=O)\C=C\C(=O)OCCCCCCCC,5.350000000000006
O=C=Nc1ccc(O[P](=S)(Oc2ccc(cc2)N=C=O)Oc3ccc(cc3)N=C=O)cc1,5.349800000000004
CCCCCCCCCCCCOC(=O)\C=C\C(=O)OCCCCCCCCCCCC,8.470800000000008
CCCCCCCC\C=C/CCCCCCCC(=O)OC(C)C,6.975500000000008
[N-]=[N+]=C1C=Cc2c(cccc2[S](=O)(=O)Oc3ccc(C(=O)c4ccccc4)c(O[S](=O)(=O)c5cccc6C(=O)C(C=Cc56)=[N+]=[N-])c3O[S](=O)(=O)c7cccc8C(=O)C(C=Cc78)=[N+]=[N-])C1=O,4.861600000000005
CCCCCCCC[Si](OCC)(OCC)OCC,4.395300000000004
CCCCCCC(O)CCCCCCCCCCC(=O)NCCNC(=O)CCCCCCCCCCC(O)CCCCCC,9.6834
O=C1OC(=Nc2ccccc12)c3ccc(cc3)C4=Nc5ccccc5C(=O)O4,4.023400000000002
CCCCCCCC\C=C/CCCCCCCCCCCC(N)=O,7.069600000000007
CCCC(CCC)(C(O)=O)C(CCC)(\C=C\C)C(O)=O,4.104800000000003
CCCCC(CC)COC(=O)CCCCC(=O)OCC(CC)CCCC,6.066000000000007
CC(C)CCCCCCCOC(=O)CCCCC(=O)OCCCCCCCC(C)C,7.62640000000001
CC(C)CCCCCCOC(=O)CCCCC(=O)OCCCCCCC(C)C,6.8462000000000085
CCCCCCCCCCCCCCCCCCOC=C,7.408000000000007
CCCCC(CC)COC(=O)C(C#N)=C(c1ccccc1)c2ccccc2,5.771680000000005
CCCC1CCC(CC1)C2CCC(CC2)c3ccc(c(F)c3)c4cc(F)c(F)c(F)c4,8.790300000000002
O=C1OC(=O)c2cccc3cccc1c23,2.1504000000000003
CC(C)(C)c1cc(CCC(=O)OCC(COC(=O)CCc2cc(c(O)c(c2)C(C)(C)C)C(C)(C)C)(COC(=O)CCc3cc(c(O)c(c3)C(C)(C)C)C(C)(C)C)COC(=O)CCc4cc(c(O)c(c4)C(C)(C)C)C(C)(C)C)cc(c1O)C(C)(C)C,15.879199999999962
CC(C)(C)CC(C)(C)c1ccc(Nc2ccc(cc2)C(C)(C)CC(C)(C)C)cc1,8.857800000000003
CCCCCCCCCCCCCCCCCCCCCC(=O)NCCCN(C)C,7.876200000000009
CCCCCCCCCCCCCCCCCCOCC[O],6.695000000000007
C[C@H]1CC(=O)C=C2CC[C@H]3[C@@H]4CC[C@H](O)[C@@]4(C)CC[C@@H]3[C@@]12C,4.125200000000003
Cc1cc(C)c(c(C)c1)C(=O)[P](=O)(C(=O)c2c(C)cc(C)cc2C)c3ccccc3,6.206320000000007
CO[Si](OC)(C(C)C)C(C)C,2.5414000000000003
CCCCCCCCCCCC(=O)OOC(=O)CCCCCCCCCCC,7.829600000000009
CCCCCCCCOC(=O)[C@@H](C)Oc1ccc(Cl)cc1C,5.319420000000005
CCCCCCCCC(=O)OCC(CC)(COC(=O)CCCCCCCC)COC(=O)CCCCCCCC,9.264200000000002
CCC(C)(C)c1cc(O)c(cc1O)C(C)(C)CC,4.473000000000004
CC1(OCCO1)C2CCC3C4=CC=C5CC6(CCC5(C)C4CCC23C)OCCO6,4.991600000000005
CC(C)[C@H]1CC[C@H](C)C[C@@H]1OC(C)=O,3.0103000000000018
CC(=O)Nc1cc(ccc1N=Nc2ccc(cc2Cl)[N+]([O-])=O)N(CCOC(C)=O)CCOC(C)=O,4.554600000000004
CCCCCCCCCCCCCCCCCC(=O)OCC(OC(=O)CCCCCCCCCCCCCCCCC)[C@H]1OC[C@@H](O)[C@@H]1OC(=O)CCCCCCCCCCCCCCCCC,17.897399999999976
CCCCCCCCCCCCCCCC(=O)OCC(O)[C@H]1OC[C@@H](O)[C@@H]1O,3.492400000000002
CC(C)CCCCCCCCCCOC(=O)c1ccc(C(=O)OCCCCCCCCCCC(C)C)c(c1)C(=O)OCCCCCCCCCCC(C)C,14.657699999999968
CCCCCCC(O)CCCCCCCCCCC(=O)OCC(COC(=O)CCCCCCCCCCC(O)CCCCCC)OC(=O)CCCCCCCCCCC(O)CCCCCC,15.681499999999962
CCCCC(CC)C(=O)OCC(COC(=O)C(CC)CCCC)OC(=O)C(CC)CCCC,6.633800000000008
CCCCCCCCCCCCCCCCCCOCCCCCCCCCCCCCCCCCC,13.525999999999977
CCCCCCC(=O)OCC(CC)(COC(=O)CCCCCC)COC(=O)CCCCCC,6.923600000000008
CCCCCCCC\C=C/CCCCCCCC(=O)OCC(C)(C)COC(=O)CCCCCCC\C=C/CCCCCCCC,13.173999999999976
CCCCCCCC(=O)OCC(C)(C)COC(=O)CCCCCCC,5.820000000000007
CCCCCCCCCCCCCCCCCOC(=O)/C=C/C(=O)OCCCCCCCCCCCCCCCCC,12.37179999999998
Clc1ccc(NC(=O)CBr)c(c1)C(=O)c2ccccc2Cl,4.557800000000002
CCC(C)(CCC(C)C)C(=O)OCC1CO1,2.780900000000001
CC(C)(O)C(=O)c1ccc(Cc2ccc(cc2)C(=O)C(C)(C)O)cc1,3.184600000000001
CCC(COC(=O)CCCCCCCCCCCCCCC(C)C)(COC(=O)CCCCCCCCCCCCCCC(C)C)COC(=O)CCCCCCCCCCCCCCC(C)C,19.36459999999999
CCCCCCCCCCCCCCCCCC(=O)OCCCCCCCC,9.151600000000002
CCCCCCC(=O)OCC(COC(=O)CCCCCC)(COC(=O)CCCCCC)COC(=O)CCCCCC,8.02720000000001
CCCCCCCC\C=C/CCCCCCCC(=O)OCC(COC(=O)CCCCCCC\C=C/CCCCCCCC)(COC(=O)CCCCCCC\C=C/CCCCCCCC)COC(=O)CCCCCCC\C=C/CCCCCCCC,24.29560000000003
CC(C)CCCCCCCCCCCCCCC(=O)OCC(COC(=O)CCCCCCCCCCCCCCC(C)C)(COC(=O)CCCCCCCCCCCCCCC(C)C)COC(=O)CCCCCCCCCCCCCCC(C)C,24.615200000000037
CCCCCCCCCCCC(=O)OCCC(C)C,5.496600000000005
CCCCC(=O)OCC(CO)(CO)COCC(CO)(CO)CO,-1.3292999999999988
CC(C)CCCCCCCOC(=O)CCCCCCCC(=O)OCCCCCCCC(C)C,8.796700000000005
CCCCCCCCCCCCCCOC(=O)\C=C\C(=O)OCCCCCCCCCCCCCC,10.031199999999997
CCCCCCCCCCCCCCCCCCCCCC(N)=O,7.293600000000008
CCCCCCCCCCCCCCCCCCCCCCOC(=O)CCCCCCCCCCCCCCCCCCCCC,16.17339999999996
CCCCCCCCCCCCOC(=O)CCCCCCC\C=C\CCCCCCCC,10.487999999999992
CCCCCCCCCCCCCCCCOC(=O)C(CC)CCCC,8.227300000000008
CCCCCCCCCCCC(=O)OCCCCCC,6.030800000000006
CC(C)CCCCCCCCCCCCCCC(=O)OC(CO)CO,5.000200000000006
C=CC(=O)OCC1CCC2C3CC(CC3COC(=O)C=C)C12,2.7432000000000007
CCCCCCCCC\C=C/CCCCCCC(=O)OCCCCCCCC\C=C/CCCCCCCC,12.60459999999998
CCCCCCCCOC(=O)CCCCCCC,5.250600000000006
CCCCCCCCCCCCCCOC(=O)CCCCCCC\C=C/CCCCCCCC,11.268199999999988
CCCCC(CC)COC(=O)CC(CC(=O)OCC(CC)CCCC)(OC(C)=O)C(=O)OCC(CC)CCCC,7.3473000000000095
CC(C)(c1ccccc1)c2cc(n3nc4ccccc4n3)c(O)c(c2)C(C)(C)c5ccccc5,6.777900000000007
CC(CC(c1cc(c(O)cc1C)C(C)(C)C)c2cc(c(O)cc2C)C(C)(C)C)c3cc(c(O)cc3C)C(C)(C)C,9.946859999999996
CCCCC(CC)CNC(=O)c1ccc(N\N=C2\C(=C(C#N)C(=O)N(C)C2=O)C)cc1,3.239380000000001
CN1C(=O)C(=N/Nc2ccc(Cl)c(Cl)c2)/C(=C(C#N)C1=O)C,2.5999800000000004
OC(COc1ccc(c(O)c1)C(=O)c2ccccc2)COc3ccc(c(O)c3)C(=O)c4ccccc4,4.378500000000003
CCCCCCCCCC(C)(C)SSC(C)(C)CCCCCCCCC,10.206399999999997
CCCCC(CC)COC(=O)OCC(CC)CCCC,5.572400000000006
O=[P](OCc1ccccc1)(OCc2ccccc2)O[P](=O)(OCc3ccccc3)OCc4ccccc4,8.086400000000006
CCCCCCCCCCCCCCCCCC(=O)O[Al](O)OC(=O)c1ccccc1,6.625300000000007
CCN(CC)c1ccc2C=C3C(=C(C#N)C(=O)n4c5ccccc5nc34)Oc2c1,4.464980000000003
CCN(CC)c1ccc(N=Nc2c(cc(C)cc2C#N)C#N)c(N[S](C)(=O)=O)c1,4.371480000000004
CC(=O)OCCN(CCOC(C)=O)c1ccc(cc1)N=Nc2ccc(cc2C#N)[N+]([O-])=O,3.8144800000000014
FC(F)(F)C(F)(F)C(F)(F)C(F)(F)C(F)(F)C(F)(F)C(F)(F)C(F)(F)Br,6.348200000000002
CCN(CCC#N)c1ccc(cc1)N=Nc2ccc(cc2)[N+]([O-])=O,4.750180000000004
Cc1cc(C)cc(c1)N2C(=O)c3ccc4c5ccc6C(=O)N(c7cc(C)cc(C)c7)C(=O)c8ccc(c9ccc(C2=O)c3c49)c5c68,8.572080000000001
O=C(Nc1ccccc1)Nc2ccccc2N[S](=O)(=O)c3ccccc3,4.131400000000002
CCCCCCCCCCCCCCOC(=O)CCCCCCCCCCCCC,9.931799999999996
CCCC1CCC(CC1)c2ccc(cc2)c3ccc(CC)cc3,6.989900000000008
Cc1cc(C)cc(O[P](=O)(Oc2cc(C)cc(C)c2)Oc3cc(C)cc(C)c3)c1,7.182020000000006
CCCCCCCCCCCCCCCCCCNC(=O)CCCCCCCCCCC\C=C/CCCCCCCC,13.961999999999971
NC(Cc1ccccc1)=CC(=O)[C@@H](Cc2ccccc2)N(Cc3ccccc3)Cc4ccccc4,5.954500000000007
CCCCCCCCCCCCCCCC(=O)NCCCCCCCC\C=C/CCCCCCCC,11.621399999999984
CCCCCCCCCCCCCCCCCCNC(=O)CCc1cc(c(O)c(c1)C(C)(C)C)C(C)(C)C,10.297499999999994
Nc1ccc(Cl)cc1C(=O)c2ccccc2Cl,3.806600000000001
O=[P](Oc1ccccc1)(Oc2ccccc2)Oc3ccc(cc3)c4ccc(O[P](=O)(Oc5ccccc5)Oc6ccccc6)cc4,10.643399999999987
O=C1N(c2ccc(cc2)N=Nc3ccccc3)C(=O)c4ccc5c6ccc7C(=O)N(c8ccc(cc8)N=Nc9ccccc9)C(=O)c%10ccc(c%11ccc1c4c5%11)c6c7%10,12.169199999999988
CCCCCCCCCCCCCCCCCCNC(=O)CCCCCCCCCCCCCCCCC,12.62559999999998
CCCCC(CC)COC(=O)C=C,2.9320000000000013
B#N,-0.36572
Cc1c(Cc2cc(c(O)c(c2)C(C)(C)C)C(C)(C)C)c(C)c(Cc3cc(c(O)c(c3)C(C)(C)C)C(C)(C)C)c(C)c1Cc4cc(c(O)c(c4)C(C)(C)C)C(C)(C)C,14.286059999999967
CC(C)(c1ccccc1)c2ccc(Nc3ccc(cc3)C(C)(C)c4ccccc4)cc2,8.082000000000008
Cc1cc(CCC(=O)OCC(C)(C)[CH]2OC[C]3(CO2)CO[CH](OC3)C(C)(C)COC(=O)CCc4cc(C)c(O)c(c4)C(C)(C)C)cc(c1O)C(C)(C)C,7.746040000000011
N#Cc1ccc(C=Cc2ccc(cc2)C=Cc3cccc(c3)C#N)cc1,5.7707600000000046
CC(C)CCCCCOC(=O)CCS,3.0659000000000023
CCCCC(CC)CO[P](=O)(OCC(CC)CCCC)OCC(CC)CCCC,8.793500000000003
CCCCCCOc1ccc(c(O)c1)c2nc(nc(n2)c3ccccc3)c4ccccc4,6.537300000000006
CCCCCCCCCCCCCCCCCCCC\C=C\C\C=C\CCCCCCCCCCCNCCCCCCCCCCCCCCCCCCCC\C=C\C\C=C\CCCCCCCCCCC,26.24660000000005
CC1COc2ccccc2N1C(=O)C(Cl)Cl,2.6042000000000005
OCC(=O)CO,-1.4599000000000002
CC(C)c1ccc(cc1)[S](O)(=O)=O,2.0567
Nc1ccc(cc1)C#N,1.1404800000000002
O=C1OCCO1,0.1532
OC(=O)CC(=C)C(O)=O,0.1019
ClCC1CO1,0.624
N=C(c1ccccc1)c2ccccc2,3.1027700000000014
CC(=O)OC1CC2CC1C3CCCC23,2.3742
CCS,0.9361
OCC[C@@H]1CCCC[NH2+]1,-0.5152999999999992
CC(C)COC(=O)[C@@H](C)O,0.5664
O[C@@H](CNc1ccccc1)C[S]([O-])(=O)=O,0.0045999999999999
CC(=C)C(=O)OCC1CO1,0.5045000000000001
CCCCCCOC(CO)CO,0.9365
CC(C)=CCC[C@@](C)(C=C)\C=C\c1ccc(O)cc1,5.344100000000005
COC(C)(C)CCOC(C)=O,1.3646
NC(=O)NC1NC(=O)NC1=O,-2.1798
CCCCCCCC(=O)OCC(O)CO,1.2433
CC(C)=C1CCC(=CC1)C,3.453000000000002
NC(=O)C[NH+](CC([O-])=O)CC([O-])=O,-6.1435999999999975
OC(=O)CCSCCC(O)=O,0.669
CCCCN[P](N)(N)=S,0.518
Cc1cc(C)c(N)c(C)c1N,1.77626
Cc1ccc(O)cc1,1.7006199999999998
CCCCC(CC)COC(=O)OOC(=O)OCC(CC)CCCC,5.640600000000006
NC1=NC(=O)N(C=C1)C2OC(CO[P](O)(O)=O)C(O)C2O,-2.446
COC(=O)c1ccccc1N,1.0554
OC(=O)c1cc(cc(c1)C(O)=O)C(O)=O,0.7811999999999999
COc1ccc(CCC#N)cc1OC,2.15998
O=C1NC(=O)C2CCCC12,0.0590999999999994
C[C@H](CCC=C(C)C)CC=O,2.9579000000000013
C[C@]12CC[C@H]3[C@@H](CCC4=C3CCC(=O)C4)[C@@H]1CC[C@@H]2O,3.633200000000002
OCC(CO)(CBr)CBr,0.7471999999999999
C/C=C(\C)/C(=O)OC1C(C2(C(CC1(C)C)C3=CCC4C5(CCC(C(C5CCC4(C3(CC2O)C)C)(C)CO)OC6C(C(C(C(O6)C(=O)O)OC7C(C(C(C(O7)CO)O)O)O)O)OC8C(C(C(C(O8)CO)O)O)O)C)CO)OC(=O)C,-1.321099999999987
CC(N)C(O)=O,-0.5817999999999999
OC(=O)C1CCCN1,-0.177
CN(C)C1CCCCC1,1.8807
NCCCCCCNC(O)=O,0.7731000000000001
N#CCCC#N,0.81376
O[S](=O)(=O)c1ccccc1,0.9333
Cc1cccc(c1C)[S](O)(=O)=O,1.55014
OC(=O)C(O)=O,-0.8443999999999998
CCCCNCCO,0.3683999999999999
NCCO,-1.0626000000000002
CN(C)C=O,-0.2956000000000001
CCCOC(C)OCCc1ccccc1,3.0183000000000018
CCOC(=O)N(CC)c1ccccc1,2.6694000000000013
Oc1ccc(cc1)[S](=O)(=O)c2ccc(O)cc2,1.9306
OC[C@H]1O[C@@H](Oc2cc(O)cc(O)c2C(=O)CCc3ccc(O)cc3)[C@H](O)[C@@H](O)[C@@H]1O,-0.2024000000000002
OC(=O)CCCCC1CCSS1,2.7851000000000017
Cc1ccccc1OCC2CO2,1.77262
Clc1ccc2N(C3CC[NH2+]CC3)C(=O)Nc2c1,0.8812999999999995
COC(OC)C(C)(C)CC=C(C)C,2.987800000000002
Clc1ccccc1Cl,2.9934000000000003
COc1ccc(\C=C\C)cc1,2.728300000000001
NC1=Nc2[nH]cc(CCc3ccc(cc3)C(O)=O)c2C(=O)N1,1.3168
CCOC(=O)N(c1ccccc1)c2ccccc2,3.981200000000003
Nc1ccc(OCc2cccc(F)c2)c(Cl)c1,3.6403000000000016
Oc1c(Br)c2ccccc2nc1C3C(=O)c4ccccc4C3=O,3.865700000000002
CCCCCCCCCCCCCCC/C=C/CC(CC(O)=O)C(O)=O,6.589500000000006
CCCCCCCCCCCCCCCCOc1ccccc1C(=O)CC(=O)Nc2scc(n2)c3ccccc3,9.8817
CC(C)OCCOC(C)=O,0.9745
CC(CC(O)=O)CC(C)(C)C(O)=O,1.5981
OC(=O)c1cc(ccc1O)[S](O)(=O)=O,0.3371
OCCN1CCNC1=O,-0.9961
Nc1ccc(OCCO)c(N)c1,0.2220999999999999
CC(=C)C(O)=O,0.6471
CC(=C)C(=O)OC(=O)C(C)=C,1.2084
OCCNCCO,-1.4393999999999998
C=CC(=O)OCCOCCOCCOCCOC(=O)C=C,0.4945999999999999
COCCOCCOC,0.2958
[O-][N+](=O)c1cc(Cl)ccc1Cl,2.9016
CC(=C)CCO,0.9449
CCOc1ccccc1O,1.7908999999999995
CCC1(COCOC1)COC(=O)C=C,1.1162999999999998
BrCBr,1.7337
CO[Si](CCCOC(=O)C(C)=C)(OC)OC,1.3739
C1N2CN3CN1CN(C2)C3,-1.0197999999999992
CCC1CO1,0.7952
O=C1CCCCC1,1.5196
CC(C)(CO)CO,-0.0028
O=C1CCCCCN1,0.6766000000000001
C=CCNCC=C,0.948
CO[P](=O)(CCC(=O)NCO)OC,-0.0716
OCCN(CCO)c1nc(Nc2ccccc2)nc(Nc3ccc(\C=C\c4ccc(Nc5nc(Nc6ccccc6)nc(n5)N(CCO)CCO)cc4[S](O)(=O)=O)c(c3)[S](O)(=O)=O)n1,3.2768
CC(=O)CC(=O)Nc1ccccc1,1.6041999999999998
CCCCC(CC)(CO)CO,1.5576
CC\C=C(/C)C=O,1.5416
CCCCOC(=O)CCC(C)=O,1.6989
CC1CCC2C(C1)C(=O)OC2=O,1.1222
Cc1ccc(cc1)N2N=C(C)CC2=O,2.10762
COC(=O)C1CCC(CC1)C(=O)OC,1.1387999999999998
NC(=O)c1ccc(N)cc1,0.3677
CN1C(=O)N(C)c2nc[nH]c2C1=O,-1.039700000000001
OB(O)c1ccc(C=O)cc1,-0.8211000000000004
ClC(Cl)Cl,1.9864
C=CC(=O)OCC1CCCO1,0.8945999999999998
COC(=O)\C=C/C(=O)OC,-0.1114000000000001
CNC(=O)NC,-0.4548000000000001
CCCCCOC(=O)CC,2.1298000000000004
OCCCCOC=C,0.919
FC(F)=C(F)Cl,2.2603
CN,-0.4251
C=CC(=O)OC1C=CC2C3CCC(C3)C12,2.3163
CCCCCCCCCCCCOCCO,3.916200000000003
NC(=O)[C@@H]1CCC[NH2+]1,-1.8024999999999984
[nH]1cncn1,-0.1952999999999999
Oc1ccc(O)cc1,1.0978
NC(CC(O)=O)C(O)=O,-1.127
C1COC=CC1,1.3105
NCCCCCCCCCCC(O)=O,2.5406000000000004
CCCCCCC(O)CO,1.3099999999999998
CCN(C(C)C)C(C)C,2.1251
NC(Nc1ccc(Cl)cc1)=NC(N)=NCCCCCCN=C(N)N=C(N)Nc2ccc(Cl)cc2,3.3366
OC(=O)\C=C\C(O)=O,-0.2881999999999998
CC(O)CN(CC(C)O)c1ccc(C)cc1,1.56302
OC=O,-0.2991999999999999
CCCCCCCCCCCC[N+](C)(C)CC(O)C[S]([O-])(=O)=O,2.889800000000001
Cc1ccc(cc1[S](O)(=O)=O)[N+]([O-])=O,1.1499200000000005
O[C@@H](C(O)=O)c1ccccc1Cl,1.458
CCCCO,0.7787999999999999
CCCCOC(=O)c1ccccc1N,2.2257
CC(C)=CCO,0.9449
NCCCCCCN,0.4642
[nH]1ccnc1,0.4096999999999999
CCC(C)(C)OO,1.6646
CC1(C)CC(O)CC(C)(C)N1[O],1.3458
O=C1CCC(=O)O1,-0.15
OCC(CO)(CO)CO,-2.058
CC1(C)C(O)C(C)(C)C1O,0.7742
OCCOCCOCCCNc1ccc(NCCCOCCOCCO)c2C(=O)c3ccccc3C(=O)c12,2.116999999999999
CC(O)=O,0.0908999999999999
OC(=O)CCC(=O)C(O)=O,-0.4950999999999999
CC(=C)C=O,0.7614000000000001
Oc1ccccc1C(=O)OCc2ccccc2,2.749200000000001
CC(C)C=O,0.8412999999999999
CNC(=O)C(C)(C(C)C)C(C)C,2.0507
ClC(Cl)=O,1.584
OC(=O)CC1(CCCCC1)CC(O)=O,1.8863
CCCC[Sn](CCCC)(CCCC)CCCC,6.635600000000007
CCSC,1.3693
O=Cc1ccccc1,1.4991
CCC(C)(OO)OOC(C)(CC)OO,2.1662
CN[C@@H](C)[C@@H](O)c1ccccc1,1.3279
ClCc1ccc(Cl)cc1Cl,3.7322000000000015
CCOC(=O)C(C)C,1.2055
O=C1OC(=O)c2ccccc12,0.9972
Cl\C=C\Cl,1.9352
c1ccc2ncccc2c1,2.2348
Cc1ccc(N)c(c1)[S](O)(=O)=O,0.82392
O=C1NCCN1,-0.7008000000000001
CC(=O)OCC(COC(C)=O)OC(C)=O,0.0442999999999997
CC1(C)CO1,0.7952
CCCCCCOC1O[C@H](CO)[C@@H](O)[C@H](O)[C@H]1O,-0.6168000000000002
Nc1[nH]ncn1,-0.6131000000000004
OCCN1C(=O)N(CCO)C(=O)N(CCO)C1=O,-3.851399999999997
CC(C)(CO)C(O)C(=O)NCCCO,-1.1355999999999995
O[P](O)(=O)CN(CCCCCCN(C[P](O)(O)=O)C[P](O)(O)=O)CCCCCCN(C[P](O)(O)=O)C[P](O)(O)=O,0.6891999999999994
COC(=O)CC(C(C)=O)C(=O)OC,-0.0723000000000002
C(CCOCC1CO1)COCC2CO2,0.5973999999999999
NCCC(O)=O,-0.5802
CCC(C)NCCO,0.3667999999999998
CN=C(NCC1CCOC1)N[N+]([O-])=O,-0.6203999999999994
O[S](=O)(=O)c1cccc2cc(Nc3ccccc3)cc(Nc4ccccc4)c12,5.573700000000003
CCOCCC(=O)OCC,0.9761
CNC1CCCCC1,1.5385
CCC(C)(OOC(C)(C)C)OOC(C)(C)C,3.6060000000000025
CCOC(=O)CC#N,0.46318
CC(CCC#N)C#N,1.44986
S(c1ccccc1)c2ccccc2,3.8378000000000014
O=C1OC=CO1,0.2327999999999999
CN(C)CCOC(=O)C(C)=C,0.6672999999999998
CCO[P](=O)(OCC)OCC,2.204
OC(=O)C1CCC(=O)N1,-0.6504000000000001
CCCC=O,0.9854
C1CCSC1,1.5134
CC(=O)Oc1ccccc1,1.6119
CCCl,1.2451
Clc1cc(Cl)ncn1,1.7833999999999997
Cc1ccc(N)c(C)c1,1.88564
Clc1c(Cl)c(Cl)c2C(=O)OC(=O)c2c1Cl,3.6107999999999993
N[P](N)(=O)Oc1ccccc1,1.0909000000000002
CC(CN)CCCN,0.3201000000000001
CN1C(=CC(=O)N(C)C1=O)N,-1.3337999999999988
C/C=C/CCC1CCCC(=O)O1,2.438400000000001
NC1=CC(=O)N=C(N)N1,-1.0657000000000003
[N-]=[N+]=C1C(=O)NC(=O)NC1=O,-1.9768000000000003
CC(COCC(C)OC(=O)C=C)OC(=O)C=C,1.2384
OC(=O)c1ccncc1,0.7797999999999999
CC(=O)CCCCCl,1.9845
Cc1ccccc1[S](N)(=O)=O,0.6424200000000001
CC1CC(NC(N)=O)NC(=O)N1,-0.9277999999999988
Nc1cccc(c1)C(F)(F)F,2.2876000000000003
Nc1ncccc1O,0.3694
CCO,-0.0014
C=CN1CCCCCC1=O,1.5325
CC(=O)OC\C=C(/C)C=O,0.6947000000000001
CCC(CO)(CO)C(O)=O,-0.5480000000000003
CC(C)CC(O)=O,1.1171
COc1ccc(OC)cc1,1.7038
CCCCC(=O)N(Cc1ccc(cc1)c2ccccc2c3n[nH]nn3)[C@@H](C(C)C)C(O)=O,4.161700000000002
OCCN(CCO)c1ccccc1,0.4775999999999998
C1CCC(CC1)OCCc2ccccc2,3.578400000000003
CCOC(=O)OC,0.7893000000000001
CCCCOC(=O)CO,0.322
COC(=O)CCl,0.3981999999999999
Oc1ccccc1O,1.0978
CCN(O)CC,0.7174
CC(=C)C(=O)OCCOC(=O)CCC(O)=O,0.5136999999999998
CCC(C)C(O)=O,1.1171
C/C=C/C(=O)C1C(C)C=CCC1(C)C,3.370000000000002
O=C(OCC1CO1)c2ccc(cc2)C(=O)OCC3CO3,0.7977999999999998
CC1=CN(C2CC(O)C(CO)O2)C(=O)NC1=O,-1.5142799999999992
CCCCC/C=C/CCC=O,3.102000000000001
CN(C)CCCNCCCN(C)C,0.4794000000000011
CC[C@H](C)[C@H](N)C(O)=O,0.4443999999999999
C[C@H]1CO1,0.4051
CC(F)(F)F,1.5686000000000002
CCOCCCC(C)OCCOCC(C)CO,1.8532
CCCCNC(=O)OCCOC(=O)C=C,1.2418999999999998
CC(C)(O)C(=O)c1ccc(OCCO)cc1,1.0113
Cc1cc(C)cc(N)c1,1.88564
CC1(C)CC(=O)CC(C)(C1)C#N,2.2954800000000004
[NH3+][C@@H](C([O-])=O)c1ccccc1,-1.2804999999999995
CN=C=S,0.7190000000000001
CC(=O)CCc1ccc(O)cc1,1.9138
CN(C(=O)N(C)c1ccccc1)c2ccccc2,3.3792000000000018
OCCNc1ccc(cc1[N+]([O-])=O)N(CCO)CCO,-0.21
COC(=O)C=C(C)C,1.1256
CC1=NN(C(=O)C1)c2cccc(c2)[S](O)(=O)=O,1.0459
CCCCCCCC(=O)N(C)C,2.4351000000000003
CCCCCC(C)=O,2.1557000000000004
CCCC(C)C=O,1.6215
CCC(CO)(COCC=C)COCC=C,1.7803
CCCCNCCCC,2.1762
C[C@@H]1CO1,0.4051
CCCCN(CCO)CCCC,1.8809
OCc1scnc1,0.6354
CC(=O)N1C[C@@H](O)C[C@H]1C([O-])=O,-2.281999999999999
CCOC(=O)C1OC1c2ccccc2,1.6895999999999998
Cc1cc(N)ccc1N,1.15942
CC(C)CCCC(C)(C)O,2.583600000000001
CCCCOC(=O)\C=C/C(O)=O,0.9705
Cc1ccc(NCCO)cc1O,1.1048199999999997
CNC(=S)NN,-1.0459999999999996
O[S](=O)(=O)c1ccc2ccccc2c1,2.0865
COC(=O)CC(=C)C(=O)OC,0.2786999999999999
CC(CCCC(C)(C)O)CC=O,2.1527000000000003
Nc1ccccc1,1.2688
CC(=O)OC1(CCCCC1)C#C,1.8856
CCN(CC)CC,1.3481
CCc1nccnc1C,1.34742
CCCCCCCC\C=C/CCCCCCCCNCCCNCCCN,5.942000000000005
OC[C@H](O)[C@@H](O)[C@H](O)C(=O)C(O)=O,-3.2849
C[N+]1([O-])CCOCC1,-0.0390000000000001
CSC,0.9792
CC(=O)C1CCOC1=O,0.1385
CC1OC(=C(O)C1=O)C,0.7636999999999998
CC(C)C(O)C(C)(C)CO,1.0218
CCCCC(CC)COC(=O)[C@H](C)O,2.1268000000000007
O=C1CCCC1,1.1295
COC=O,-0.2108000000000001
Nc1cc(Cl)c(Cl)cc1Cl,3.229
CC1C=CCC2C1C(=O)OC2=O,0.8982
CC(C)NC(=O)C(C)=C,1.0871
CCOCCOC(C)(C)C,1.838
COC(C)CCOC(C)=O,0.9745
NC(=N)[S](O)=O,-0.8984299999999998
Clc1cccc(n1)C(Cl)(Cl)Cl,3.5617
CC(C)C(=O)OOC(C)(C)C,1.9157
COC(Cc1ccccc1)OC,1.848
C1OCC2Cc3ccccc3C2O1,1.9043
COc1cc(CC(C(C)=O)C(C)=O)ccc1O,1.7374999999999998
OC[C@H]1NC[C@H](O)[C@@H](O)[C@@H]1O,-2.9667999999999988
OC(=O)c1cc2ccccc2cc1O,2.2436000000000003
CCOC(=O)C(Cl)C(=O)OCC,0.7199999999999999
Cc1ccc(C)c(O)c1,2.00904
Nc1ncnc2n(cnc12)C3OC(CO[P](O)(O)=O)C(O)C3O,-1.8630000000000004
ClCC(Cl)Cl,2.0289
Cc1cc(O)c(C)c(C)c1O,2.0230600000000005
CCCCCCCCCCCCOC(=O)C(C)O,3.831300000000003
C=CCN1C(=O)N(CC=C)C(=O)N(CC=C)C1=O,-0.2703000000000004
COC(=O)c1nccnc1N,-0.1545999999999999
Nc1nc(N)nc(N)n1,-1.3818
NC(N)=N[N+]([O-])=O,-1.5484999999999998
Nc1ccccc1C(F)(F)F,2.2876000000000003
CC(=O)N1CCN(CC1)c2ccc(O)cc2,1.0606999999999998
CNCc1cccc2ccccc12,2.5592000000000006
CC(C)OC(C)C,1.8198
CC(C)Br,1.7897
Cc1ccc(cc1)[S](N)(=O)=O,0.6424200000000001
CC(C)=CCCC(C)=O,2.3218000000000005
CCCCOCCOCCOCCCC,2.636400000000001
COc1ccc(C)cc1N,1.58582
Nc1ccc(Cl)cc1,1.9222
CCC(C)CC(=O)CC,2.401700000000001
OC(=O)CCC(N(CC(O)=O)CC(O)=O)C(O)=O,-1.2243999999999988
CC(=C)OC(C)=O,1.0831
O=C1OC(=O)C2CC=CCC12,0.6521999999999999
Cc1[nH]nc(C)c1,1.02654
CCC12CC[C@H]3[C@@H](CCC4=CC(=O)CC[C@H]34)[C@@H]1CCC2=O,4.087400000000003
N[C@@H](CO[P](O)(O)=O)C(O)=O,-1.4924000000000002
FC1CC(F)(F)C(F)(F)C1(F)F,2.6341
CC(C)(C)C(O)=O,1.1171
CC1(C)CC(O)CC(C)(C)N1CCO,0.9926
CCN(CC)CC#C,0.9614
CCCC[Sn](CCCC)(CCCC)O[Sn](CCCC)(CCCC)CCCC,9.694599999999998
OCC(Br)(CO)[N+]([O-])=O,-0.6611
Cc1[nH]ccn1,0.7181199999999999
O=[Se]=O,-0.6184000000000001
C1CCOCOC1,0.7709
Oc1ccc(Cl)cc1,2.0456
O=C1Nc2cccc3cccc1c23,2.405500000000001
CCCCC,2.1965000000000003
CC(=C)C#N,1.08608
CC(=C)C(=O)OCC[N+](C)(C)CCC[S]([O-])(=O)=O,0.1174000000000003
COc1cc(\C=C\C)ccc1O,2.433900000000001
CC(=O)NNC(C)=O,-0.8264
CCOC(=O)C(C)C1CCCCC1,2.765900000000001
CN(C)CCOC(=O)C=C,0.2771999999999999
Cc1ccc(C=O)cc1C,2.11594
CC1COC(=O)O1,0.5417000000000001
COc1ccc(CO)cc1,1.1874999999999998
OC1(CCCCC1)C#C,1.3148
OC(=O)c1ccc2C(=O)OC(=O)c2c1,0.6954
CC(C)(CO)COC(=O)C(C)(C)CO,0.5665999999999998
NNC(=O)NN,-1.9670000000000003
Cc1cccc(O)c1,1.7006199999999998
CS,0.546
CCCC1CO1,1.1853
CCCC[NH+](C)C,-0.0689999999999995
CC(=O)CC(=O)OCCOC(=O)CC(C)=O,0.0310000000000001
C1OCOCO1,-0.0776999999999999
CCCCOC(C)=O,1.3496
CCC(CO)(CO)COCC(CC)(CO)CO,-0.2350000000000002
COC(=O)CCS,0.4792999999999999
Cc1[nH]cnc1CO,0.2104199999999999
Nc1ccc(c2ccc(N)cc2[S](O)(=O)=O)c(c1)[S](O)(=O)=O,1.0114
C=CC=O,0.3712999999999999
CC(=C)C(N)=O,0.0478000000000001
COc1cc(C=O)cc(c1O)[N+]([O-])=O,1.1214999999999995
CC1=CC(=O)CC(C)(C)C1=O,1.5008
OCCOCC#CCOCCO,-0.9924000000000002
OC(=O)c1cc(cc(c1O)[N+]([O-])=O)[N+]([O-])=O,0.9067999999999998
OCCc1ccccc1,1.2214
CC(=O)OC=C,0.693
CCN(CC)c1cccc(NC(C)=O)c1,2.4912
Oc1ccccc1C#N,1.26388
C[Si](C)C,1.3705999999999998
OC(=O)c1ccccc1,1.3848
OC1=CC(=O)NC=N1,-0.5245000000000002
O=COCc1ccccc1,1.3596
CCCCOCC,1.823
CCOC(=O)C(=N/Nc1ccc(cc1)[N+]([O-])=O)/C(=O)C2=NN3C(=NC(=O)c4ccccc34)S2,2.4263000000000003
Cc1ccccc1N=C(N)N=C(N)N,0.2146200000000002
CC(C)(O)C1CCC(C)(O1)C=C,1.881
CC(=O)CC(=O)Nc1ccccc1C,1.91262
CC(C)C(NC(N)=O)NC(N)=O,-0.694899999999999
FC(F)CCl,1.4903
CC(C)(O)c1cccc(c1)C(C)(C)O,2.1414000000000004
CCc1cccc(C)c1N,2.13962
O=[Pb],-0.4996
CC1OCC(O1)c2ccccc2,2.1205
CCCC1CC(=CC(=O)C1)C,2.711900000000001
ClC(Cl)=C,1.9352
Cc1ccccc1NC(N)=Nc2ccccc2C,3.361740000000001
CC(C)[C@H]1CCC(=CC1=O)C,2.567800000000001
CC1(C)S[C@@H]2[C@H](N)C(=O)N2[C@H]1C(O)=O,-0.5394000000000001
Sc1ccccc1Cl,2.6287000000000003
Nc1nccnc1C(O)=O,-0.2430000000000001
CN(C)Cc1ccccc1Cl,2.4016
C=CCOC(=O)OCCOCCOC(=O)OCC=C,1.6814
CC(C)C1CCC(C)CC1OCC(O)CO,1.817
COc1ccc(C=O)cc1O,1.2132999999999998
Cc1ccc(C=O)cc1,1.80752
Oc1ccccc1[N+]([O-])=O,1.3004000000000002
CCCCC[C@H]1CCC(=O)O1,2.2723000000000004
CC(=O)COc1c(C)cccc1C,2.2712400000000006
COc1ccc(OC)c(N)c1,1.286
CC(=O)CC(=O)Nc1ccc(C)cc1C,2.2210400000000003
CCCC(CC)COC(=O)CCc1cc(c(O)c(c1)C(C)(C)C)C(C)(C)C,6.289300000000007
CC(C)(C)OC(=O)C=C,1.5141
CC(O)C(=O)N(C)C,-0.5446000000000002
OC(=O)c1cccc2cccc(c3cccc4cccc(C(O)=O)c34)c12,5.056400000000003
CC(C)COC(=O)C=C,1.3716000000000002
CC(CC=O)c1ccccc1,2.3791
Cc1cc(O)ccc1N,1.2828199999999998
CC1(C)CCCC2(C)C3CCC(C13)C2=C,4.4150000000000045
Oc1ccccc1C(=O)OCCc2ccccc2,2.7917000000000014
Cc1c(O)cccc1O,1.4062199999999998
CC(C)(O)C=C,0.9433
COc1cc(Nc2c(cnc3cc(OCCCN4CCN(C)CC4)c(OC)cc23)C#N)c(Cl)cc1Cl,5.190380000000005
C/C=N/O,0.4663
CCC(OCCCOC)OC(C)=O,1.3387
CC1OC1C,0.7936
CC(COC(=O)c1ccccc1)OC(=O)c2ccccc2,3.088900000000001
CCOc1ccc(N)cc1,1.6675
Clc1ccccc1C(=O)CC#N,2.43638
O=C1OCc2ccccc12,1.357
CC1=NN(C(=N)C1)c2cccc(c2)[S](O)(=O)=O,1.4965700000000002
CCC(C)(C)C1CCCCC1OC(C)=O,3.544500000000003
ClC(Cl)(Cl)C(=O)C(Cl)(Cl)Cl,3.2959
CCCCO[P](O)(=O)OCCCC,2.720200000000001
COC=C,0.7763
N#C[C](=[C]1CC[CH2]CC1)c2ccccc2,3.9278800000000023
CCOC(=O)C(Cl)C(C)=O,0.7459
CCN(CC)CC(C)O,0.7089999999999999
CC(N)=S,0.2924
COCC(C)OC(C)=O,0.5844
CCCCOCCOCCOCOCCOCCOCCCC,2.643700000000001
CC1OC(=O)C(C)OC1=O,-0.1366
ClCBr,1.5776
NC(=O)c1ccccc1N,0.3677
CC\C=C/CCO,1.335
COC1CCC=CO1,1.283
CCCCCCCCCc1ccc(OCCOCCO)cc1,4.367400000000004
CC(C)C(N1CCCNC1=O)C(O)=O,0.5108999999999999
CC(=O)OC(C=C)C#N,0.62768
CC1CCCCC1O,1.5574
CC(C)(C)CC(C)(C)c1ccc(O)cc1,4.106000000000003
CC(O)COc1ccccc1,1.4462
Cc1ccccc1N,1.57722
CC(C)CC=O,1.2314
CCCCCCCCCc1ccc(O)cc1,4.685300000000005
COCCOC(=O)C=C,0.3620000000000001
COc1ccc(cc1[N+]([O-])=O)C(=O)Nc2ccc(cc2)C(N)=O,1.9546
CN(C)C(N)=O,-0.3732999999999997
OC(C(O)=O)c1ccccc1,0.8046
CC1(C)NC(=O)NC1=O,-0.3956000000000001
O[P](O)(=O)c1ccccc1,0.4895999999999999
CC(C)CC(C)=O,1.6215
COc1ccccc1N,1.2774
C=COCCOCCOC=C,1.3232
[nH]1cccn1,0.4096999999999999
CC(CO)OC(=O)C(C)=C,0.4865000000000001
Cc1ccc2OCC(=O)COc2c1,1.3353199999999998
CCOC(=O)c1ccnc(c1)C(=O)OCC,1.435
CC(C)(O)C(=O)c1ccccc1,1.6402
CC1=CCC2C(C1)C(=O)OC2=O,1.0423
CCC(C)C=O,1.2314
CC(C)CN(CC(C)C)C=O,1.7568
CN1C(=C(NC=O)C(=O)N(C)C1=O)N,-1.7654999999999994
C=CCOCC1CO1,0.5878
CCOC(=O)CC1(C)OCCO1,0.7026000000000001
COC(=O)CCC(=O)OC,0.1125999999999998
O=C(OCC1CO1)C2CC=CCC2C(=O)OCC3CO3,0.4528000000000001
CC(=C)C(=O)OCCOCCOCCOCCOC(=O)C(C)=C,1.2748
COC1CCCC1,1.5754
Nc1ccc(cc1N)[S](O)(=O)=O,0.0976999999999999
O=N\C=C/1NC=CC=C1,1.2673
CC1=CC(=O)CC(C)(C)C1,2.3218000000000005
Cc1cccc(N)c1,1.5772199999999998
NC(N)=S,-0.8113000000000001
CCC(CO)(CO)COCC=C,0.57
CSCCC(O)C#N,0.62398
CC(C)=CC=O,1.1515
CC(C)CC(C)(O)C#C,1.4166999999999998
O=CC1CCC=CC1,1.5416
O=C1CC(=O)NC(=O)N1,-1.2575
CC(C)=CCC\C(C)=C\CO,2.6714000000000016
OCCCCCCCl,1.7779
N#CCCCCCCC#N,2.3741600000000007
CC\C=C/C#N,1.47618
C1C[NH+]=C(N1)c2ccccc2,-0.8829999999999987
OCC1CCC2C3CC(CC3CO)C12,1.2694
COC1OC(CO)C(O)C(O)C1O,-2.5673
CC1CCOC1,1.0428
CC(O)SC=C,1.2013999999999998
CCC(C)(O)C#C,0.7806
NNC(=O)CCCCC(=O)NN,-1.473399999999999
COCCOC,0.2792
C1COCCO1,0.0332
CN1CCCC1=O,0.2385999999999999
CNC(N)=O,-0.7155
NO,-0.6657000000000002
OCCSCCO,-0.2958
OCCOCCO,-1.0124
COc1ccccc1OC,1.7038
OCCCl,0.2174999999999999
OC(=O)CC#N,-0.0153199999999999
OCCOC(=O)C=C,-0.2921000000000002
CC(O)C#N,-0.10922
CC(C)(O)C#C,0.3905
CC(C)(C)O,0.7771999999999999
Cc1ccccn1,1.39002
OCCS,-0.0915
CN(C)CCCO,-0.0696
OCCCCOC(=O)C=C,0.4881
CN(C)C(C)=O,0.0945
CC(NC=O)C#N,-0.35552
CCNCC,0.6157999999999999
CNC(C)=O,-0.2477
CCC(O)CO,-0.2503999999999999
NC1CC1,0.1074999999999999
ClC(=O)C(Cl)=O,0.5171999999999999
NC=O,-0.8985000000000001
C[S](O)(=O)=O,-0.4959999999999998
COC(=O)COCO,-0.8742000000000003
CNN,-0.9205
CCCC(O)CO,0.1397
CCCCOCCO[P](=O)(OCCOCCCC)OCCOCCCC,4.594400000000005
CC(N)CN,-0.7077
CCC(O)=O,0.481
OC(=O)C(F)(F)F,0.6333
O=[S]1(=O)CCCO1,-0.2634999999999998
Nc1cccc(c1)[S](O)(=O)=O,0.5155000000000001
OC(=O)c1cc(Br)nn1c2ncccc2Cl,2.3814
CCC(C)(C)OC,1.8214
CC(=O)C(O)c1ccccc1,1.309
CCCCCCOC,2.2131
COC(OC)OC,0.2092
OCC(CBr)(CBr)CBr,2.1498
[nH]1ccnc1c2ccccc2,2.0767
[O-][N+](=O)c1cc(ccc1Cl)C(F)(F)F,3.2670000000000003
Cc1oncc1C([O-])=O,-0.6534800000000001
CCCCC(CC)COCC(O)CO,1.5725999999999998
NC(=O)c1ccc(Cl)c(N)c1,1.0211
COc1cc(N[S](=O)(=O)c2ccccc2)c3C(=O)c4ccccc4C(=O)c3c1N,2.853600000000001
C1OC1COc2cccc(c2)N(CC3CO3)CC4CO4,1.0681999999999998
CC(C)CC(C)(O)C#CC(C)(O)CC(C)C,2.5840000000000005
CCCCOC(=O)C=C,1.5157
CCCCOCc1ccc(O)c(OC)c1,2.717500000000001
N#CC1(CC[NH+](CC1)Cc2ccccc2)[NH+]3CCCCC3,0.1964800000000008
CCN(CC)c1cccc(O)c1,2.2384000000000004
[O-][N+](=O)OCC(CO[N+]([O-])=O)O[N+]([O-])=O,-1.0200999999999996
C[C@H]1C[C@H]2[C@@H]3CCC4=CC(=O)C=C[C@]4(C)[C@@]3(F)[C@@H](O)C[C@]2(C)[C@@]1(O)C(=O)CO,1.8957
COC(=O)C=C1CCCC1,1.6598
C[P](=O)(Oc1ccccc1)Oc2ccccc2,3.9673000000000025
Fc1ccccc1,1.8257
NCC(F)F,0.2101999999999999
CC(=O)OCC1OC(OC(C)=O)C(OC(C)=O)C(OC(C)=O)C1OC(C)=O,-0.3673999999999986
CC(C)(CO)Cc1ccccc1,2.2476000000000003
CC(C)(C)OOC(=O)C(C)(C)C,2.3058000000000005
CC(C)c1ccc(cc1)C(C)CC=O,3.502500000000002
Clc1ccccc1C=O,2.1525
CCC(C)c1ccccc1O,2.9057000000000017
CCCCCCCCN(CCO)CCO,1.6335
OC(=O)c1cc(cc(c1)[N+]([O-])=O)C(O)=O,0.9912
CCOC(=O)N[S](=O)(=O)c1ccc(C)cc1,1.42982
CCOC(OCC)OCC,1.3795
CCCCCCCCC(=O)N(C)C,2.825200000000001
Cc1cc(ccc1N=C=O)c2ccc(N=C=O)c(C)c2,3.905040000000003
CC1CC(=CC(C)C1CO)C,2.2171000000000003
CC(=O)\C=C\c1ccccc1,2.2888
Oc1ccc(cc1)C2NC(=O)NC2=O,0.2726999999999998
Nc1ccc(NCCO)c(c1)[N+]([O-])=O,0.5811999999999999
CC(O)CC(C)(C)c1ccccc1,2.735100000000001
Oc1cccc2ccccc12,2.5454000000000008
Nc1cccc(Cl)c1Cl,2.575600000000001
Cc1ccc(Cl)cc1N,2.23062
CC(=O)N(CCN(C(C)=O)C(C)=O)C(C)=O,-0.2236
CC(C)C1CCC(C)CC12OCC(CO)O2,2.1826000000000003
CCOC(=O)Cc1ccccc1,1.7922
[N-]=[N+]=O,-0.1584
O=C(OCC1CO1)c2ccc(C(=O)OCC3CO3)c(c2)C(=O)OCC4CO4,0.3533999999999997
CCCCc1[nH]c(Cl)c(C=O)n1,2.2182000000000004
CC\C=C/CCOC(C)=O,1.9058
CCCCN1C(=O)C=C(C)C(=C1O)C#N,1.5340999999999998
CCCc1ccc(O)c(OC)c1,2.3533
ClCC(Cl)C=C,2.0186
CCCCCCCCN1CCCC1=O,2.9693000000000014
FC(F)(F)C(Br)=C,2.4573
COc1ccc(CC(C)C=O)cc1,2.0727
CCCCC(CC)C(=O)OCC,2.765900000000001
CC(C)(C)CC(C)(C)NC(=O)C=C,2.503400000000001
Cc1cc(N)c(cc1Cl)[S](O)(=O)=O,1.4773200000000002
CCOC(=O)C1OC1(C)c2ccccc2,1.8637
C=CC(=O)OCCOc1ccccc1,1.7946
Oc1cccc2cccnc12,1.9403999999999997
O=[Mo](=O)=O,-0.3589
Nc1ccc(Cl)cc1C(F)(F)F,2.9410000000000007
C[Si](C)(C)N[Si](C)(C)C,2.2458
CC(C)(C)c1ccccc1O,2.689700000000001
CC(Cc1ccc2OCOc2c1)C=O,1.7928
CCC(C)Cl,2.0237
CC\C(C)=C\CCC(C)=O,2.711900000000001
OC(=O)c1oc(cc1)C(O)=O,0.6759999999999999
OC(=O)c1cccc(Cl)c1Cl,2.691600000000001
Cc1cc(c(N)cc1Cl)[S](O)(=O)=O,1.4773200000000002
CC(=O)CC(=O)Nc1ccccc1Cl,2.2576
Nc1cccc2cccc(N)c12,2.0042
C=CC=C,1.3584
[O-][N+](=O)c1cc(ccc1C#N)C(F)(F)F,2.4852800000000004
CCC\C=C(/CC)C=O,2.3218000000000005
CCCCC(CC)C=O,2.401700000000001
CC(CC(O)=O)CC(C)(C)C,2.533400000000001
CC(=O)CC(=O)Nc1ccc2NC(=O)Nc2c1,0.7738
Nc1ccc2NC(=O)Nc2c1,0.4384
CCCCC1OC(C)CC(C)(C)O1,3.106700000000002
CC(C)C(=O)c1ccccc1,2.5253000000000005
Nc1cc(cc(C(O)=O)c1O)[N+]([O-])=O,0.5808
CO[Si](CCC(F)(F)C(F)(F)C(F)(F)C(F)(F)C(F)(F)C(F)(F)F)(OC)OC,4.993400000000002
CN[S](=O)(=O)c1cc(OC)c(N)cc1C,0.49392
C\C=C\C,1.5824
ClCC(Cl)C(Cl)=C,2.5851000000000006
CC(C)(C)C1CCC(=O)CC1,2.791800000000001
Nc1ccc(Cl)c(Cl)c1,2.575600000000001
COc1ccc(C)cc1,2.00362
C(CNc1cccc2ccccc12)CN3CCOCC3,2.974000000000001
Oc1ccccc1c2ccccc2,3.059200000000001
CCC(C)(C)c1ccccc1O,3.079800000000002
CC(=C)C=C,1.7485
CO[Si](CCCCCC[Si](OC)(OC)OC)(OC)OC,2.303
C[C@@H]1[C@@H](CN)C[C@H]2C[C@@H]1C2(C)C,2.2634000000000007
CC(CCC=C(C)C)C=O,2.567800000000001
OC(=O)CN(CCN(CC(O)=O)CC(O)=O)CC(O)=O,-2.071199999999996
COc1ccc2nccc([C@H](O)[C@H]3C[C@@H]4CCN3C[C@@H]4C=C)c2c1,3.1732000000000014
CCCCCCCCCCCC(=O)N(C)CC(O)=O,3.4503000000000013
CC(C)COC(=O)[C@H](C)Cl,1.8129
CC(C)=CC1CC(=C)CCO1,2.687800000000001
CCCC(C)C(=O)OCC,1.9857
CC(=C)C(=O)OC(C)(C)C,1.9042
CCCCOC=C,1.9466
CCCCN[S](=O)(=O)c1ccccc1,1.7650000000000003
CCCCCCCC/C=C/CCCCCCCCNCCCNCCCNCCCN,5.921700000000004
CC1=Nc2ccc(cc2C1(C)C)C(O)=O,2.7684000000000006
CC1CCCCC1OC(C)=O,2.1282000000000005
[O-][N+](=O)c1ccccc1Cl,2.2482000000000006
Brc1ccccc1,2.4491000000000005
CC(C)CCCC(C)CCO,2.831200000000002
Cc1ccc(cc1)[N+]([O-])=O,1.90322
COc1cc(CC=C)ccc1OC(C)=O,2.349
CC=C(C)C,1.9725
OC[C@@H]1CO[C@](Cn2cncn2)(O1)c3ccc(Cl)cc3Cl,1.8455999999999997
CCCCOC(=O)C(C)=C,1.9058
COc1ccc(CCC(=O)c2c(O)cc(O[C@@H]3O[C@H](CO)[C@@H](O)[C@H](O)[C@H]3O[C@@H]4O[C@@H](C)[C@H](O)[C@@H](O)[C@H]4O)cc2O)cc1O,-1.3420000000000003
CC(CCO)CC(C)(C)C,2.4411000000000005
Oc1cc(Cl)ccc1[N+]([O-])=O,1.9538
Clc1ccccc1,2.34
CCOC(=O)N1C(=O)c2ccccc2C1=O,1.4391
CC(CCO)CCc1ccccc1,2.6377000000000006
Fc1ccc(cc1)C([NH+]2CC[NH2+]CC2)c3ccc(F)cc3,0.5160999999999998
C=COC1CCCCC1,2.4792000000000005
C=COCCCCOC=C,2.0868
Nc1ccc2cc(cc(O)c2c1)[S](O)(=O)=O,1.3743
CC(=O)c1ccccc1,1.8892
COc1ccc2CCCCc2c1,2.5740000000000007
Nc1cccc2c(N)cccc12,2.0042
CCCCCC(O)C(/C)=C/CC,3.283900000000002
CCCCOCOCCCC,2.577300000000001
CC1(C)COC(=O)C2CC=CCC2C(=O)OC1,1.695
CC(C)[C@H]1CC[C@@H](C)CC1O,2.439500000000001
COC(=O)C1C(=CCCC1(C)C)C,2.541900000000001
CCCCOC(=O)CCC,2.1298000000000004
CC(C)C(=O)OCCOc1ccccc1,2.2646000000000006
CC1=C(N2C(SC1)C(N)C2=O)C(O)=O,-0.4126000000000001
Cc1ccc(C(N)=O)c(O)c1,0.79952
CC(Cc1ccccc1)(C=C)C#N,2.944980000000001
OC(=O)CCCCCCCCC=C,3.3778000000000024
CCCCOC(=O)\C=C/C(=O)OCCCC,2.2292
N[C@@H](CSSC[C@H](N)C(O)=O)C(O)=O,-0.8083999999999993
CCCCC(CC)C(=O)OC,2.375800000000001
C1CCC=CC1,2.1166
OCCN1C(=O)Nc2ccccc2C1=O,-0.3179000000000005
CCCCCCC[C@H]1CCC(=O)O1,3.052500000000002
OC(=O)c1ccccc1C(O)=O,1.083
CCCC=C,1.9725
O=[P]12OB(O1)O2,0.1563999999999998
OC(Cn1ccnc1)c2ccc(Cl)cc2Cl,2.923500000000001
CCCCC(CC)CO[P](O)(=O)OCC(CC)CCCC,5.552800000000006
O=CC1CCC2C3CCC(C3)C12,2.2576
[NH3+]CCCCCCCCCCCC([O-])=O,0.8791999999999991
CC(C)CC1CC(C)CCO1,2.8476000000000017
C1CN(CCO1)SSN2CCOCC2,0.8621999999999999
Fc1cc(Br)cc(F)c1F,2.8664000000000005
S=C(SN1CCOCC1)N2CCOCC2,0.5838999999999999
CCC(=O)N(C1CCN(CC1)Cc2ccccc2)c3ccccc3,4.094200000000003
Cc1cccc2NC(=S)Nc12,2.53391
CCCCCCCCCCC=O,3.716100000000002
FC(F)(F)c1ccc(Cl)c(Cl)c1,4.012200000000001
Cc1cccc(C)c1O,2.00904
CC(C)COC(=O)Cc1ccccc1,2.4283
C[C@]12CCC(=O)C=C1CC[C@@H]3[C@@H]2CC[C@@]4(C)[C@H]3CCC4(O)C#CCO,3.245100000000002
Cc1ccc(Cl)cc1,2.6484200000000007
Nc1cccc(c1)[S](=O)(=O)c2cccc(N)c2,1.6838
CCOC(=O)C1=C(C)C=CCC1(C)C,2.852100000000001
CCCCCCCCCCCCCCCCN,5.4264000000000046
CCCCCCCCCCCCCCCCCCN,6.206600000000005
ClCCN1C(=O)Nc2ccccc2C1=O,0.9286
CC1(C)CCC=C(C1)C(=O)CCC=C,3.6582000000000026
CCOC(=C)C1C(C)(C)CC(=O)CC1(C)C,3.568100000000003
[O-][N+](=O)c1cc(Cl)cc(Cl)c1,2.9016
CC(=O)c1cccc(c1)C(F)(F)F,2.9080000000000013
N[S](=O)(=O)c1sc(Cl)cc1,1.0489000000000004
CC(C)N(C(=O)CO)c1ccc(F)cc1,1.5594
Nc1ccc(Cl)cc1Cl,2.575600000000001
CCCCCCCCCc1ccc(OCC(O)=O)cc1,4.443100000000004
CCCCCCCCCC(C)(C)SSC1=NNC(=S)S1,6.860290000000005
CC(C)(c1ccc(O)c(CC=C)c1)c2ccc(O)c(CC=C)c2,4.8807000000000045
CC(C)CC1(C)OCC(CO)O1,1.1564
Clc1ccc(C=O)cc1,2.1525
C[N+](C)(CCCN[S](=O)(=O)CCC(F)(F)C(F)(F)C(F)(F)C(F)(F)C(F)(F)C(F)(F)F)CC([O-])=O,2.2511
NN[S](=O)(=O)c1ccc(Oc2ccc(cc2)[S](=O)(=O)NN)cc1,-0.2170999999999993
CC(C)CCCCCN(CCCCCC(C)C)CCCCCC(C)C,7.93760000000001
OC(=O)C(CCBr)(c1ccccc1)c2ccccc2,3.8423000000000025
CC12CCC(=O)C=C1C=CC3C2CCC4(C)C3CCC45CCC(=O)O5,4.370100000000003
CC(C)(C)CCCCC(O)=O,2.677500000000001
COCc1ccc(cc1)c2ccc(COC)cc2,3.6464000000000025
CCCCCCCCCCCCCCOC(=O)OOC(=O)OCCCCCCCCCCCCCC,10.609999999999992
S=[Fe],0.6457
C1C=CC2C3CC(C=C3)C12,2.3846000000000007
CC(C)CCCC(C)CCCC(C)=O,4.208100000000004
C1CCC\C=C/CC1,2.8968000000000016
CN(C)C(=S)SSC(=S)N(C)C,2.0608
CN1C(C)(C)CC(CC1(C)C)OC(=O)CC(C(CC(=O)OC2CC(C)(C)N(C)C(C)(C)C2)C(=O)OC3CC(C)(C)N(C)C(C)(C)C3)C(=O)OC4CC(C)(C)N(C)C(C)(C)C4,7.777400000000011
CCOC(=O)C1=C(COCCN2C(=O)c3ccccc3C2=O)NC(=C(C1c4ccccc4Cl)C(=O)OC)C,3.6038000000000014
C=CCOC(=O)CCC1CCCCC1,3.076100000000002
CCOc1nc(NC)nc(NC(=O)N[S](=O)(=O)c2ccccc2C(=O)OC)n1,0.6089999999999994
CC/C=C/CC/C=C/C=C,3.4750000000000023
Cc1cc(Cc2ccc(N)c(C)c2)ccc1N,3.0586400000000014
CCCCNC(=S)N(CCCC)CCCC,3.563200000000003
CCCCC(CC)CNCC(CC)CCCC,5.008800000000004
Nc1ccc(Cc2ccc(N)c(Cl)c2)cc1Cl,3.7486000000000015
CC(O)C(C)(C)\C=C\C1CC=C(C)C1(C)C,3.942000000000003
OC\C=C/CO,-0.4728
CC(CC(C)(C)C)C[P](O)(=O)CC(C)CC(C)(C)C,5.401400000000006
CCOC(=O)c1nn(c2ccc(OC)cc2)c3C(=O)N(CCc13)c4ccc(cc4)N5CCCCC5=O,3.7774000000000023
ON1CC(=O)N=C2C=CC(=CC2=C1c3ccccc3Cl)Cl,2.0009
CCCCCC,2.5866000000000007
NC(NC#N)=NCCCCCCN=C(N)NC#N,-0.6824399999999993
COC1=Cc2ccccc2Nc3ccccc13,3.8881000000000014
CC(C)CCCC(C)CCCC(C)CCCC(C)(O)C=C,6.362500000000008
CCOCCOCCOCCOC(=O)C(C)=C,1.1753999999999998
CC[C@]12CCC3=C(CCc4cc(OC)ccc34)[C@@H]1CCC2=O,4.564300000000004
COC1=CCC2=C(CC[C@@H]3[C@@H]2CC[C@]4(C)[C@@H](O)CC[C@@H]34)C1,4.204300000000004
CCC1(C/C=C2/CCCc3cc(OC)ccc23)C(=O)CCC1=O,4.133400000000004
CC(=O)OC1N=C(c2ccccc2Cl)c3cc(Cl)ccc3NC1=O,3.672100000000001
COC1=CCC2=C(CCC3C2CCC4(C)C3CCC4=O)C1,4.412500000000004
N(c1ccccc1)c2cccc3ccccc23,4.583400000000003
CC1CCC2(C)C(=CCCC2(C)C1OC=O)C,3.710600000000002
COC(=O)CCc1cc(c(O)c(c1)C(C)(C)C)C(C)(C)C,4.092800000000003
C1CC(CC=C1)C2OCC3(CO2)COC(OC3)C4CCC=CC4,3.4312000000000022
CCC(C)C(C)C(C)CCc1ccc(O)cc1,4.643100000000005
CC[C@]12CC[C@H]3[C@@H](CCC4=C3CC=C(C4)OC)[C@@H]1CCC2=O,4.802600000000004
CC(C)CCCCCCCOC(=O)c1ccc(C(=O)OCCCCCCCC(C)C)c(c1)C(=O)OCCCCCCCC(C)C,11.14679999999999
CC(=O)OCC1=C(N2[C@H](SC1)[C@H](N)C2=O)C(O)=O,-0.8693999999999988
CC(C)CCCC(C)CCCC(C)CCCC(C)=O,6.014500000000006
O=[Mn],-0.1213
CC(C)C(=O)OC[C@H]1O[C@@](COC(C)=O)(O[C@H]2O[C@H](COC(C)=O)[C@@H](OC(=O)C(C)C)[C@H](OC(=O)C(C)C)[C@H]2OC(=O)C(C)C)[C@@H](OC(=O)C(C)C)[C@@H]1OC(=O)C(C)C,2.987400000000009
O=C(CC(=O)c1ccccc1)c2ccccc2,3.142300000000001
CC1=CC(=N/Nc2ccccc2[N+]([O-])=O)\C(=O)C=C1,2.4479000000000006
O=[Cu],-0.1213
CCCCCCCCCCCCS[Sn](CCCC)(CCCC)SCCCCCCCCCCCC,13.336999999999977
CCCCCCCCCCCCCCCCCCCCCCOC(=O)CCCCCCCCC(=O)OCCCCCCCCCCCCCCCCCCCCCC,18.83739999999998
CC(=O)OC1(CCC2C3CC(=C)C4=CC(=O)CCC4(C)C3CCC12C)C(C)=O,4.575300000000004
CCCCN(CCCC)C(=S)SCSC(=S)N(CCCC)CCCC,6.784500000000008
CCOC(=O)c1nn(c2ccc(OC)cc2)c3C(=O)N(CCc13)c4ccc(cc4)[N+]([O-])=O,3.168700000000002
CCCCCCCCCCCCCCCCCCOCCCN(C)C,7.216200000000008
COc1ccc(c(O)c1)C(=O)c2ccccc2O,2.337400000000001
O=C1CCCCCN1C(=O)Nc2ccc(Cc3ccc(NC(=O)N4CCCCCC4=O)cc3)cc2,5.146400000000004
Cc1ccc(Sc2ccc(cc2)C(=O)c3ccccc3)cc1,5.377220000000005
NC(CO)CO,-1.7017
NC(CO)(CO)CO,-2.3391999999999995
OCCCOCC(OCCCO)C(OCCCO)C(OCCCO)C(COCCCO)OCCCO,-1.145199999999993
CC1=CC(=O)N2NC=NC2=N1,-0.27398
NCCCCCCCCCCN,2.0246
CC1CO1,0.4051
CC(C)C,1.6623
CC(O)C(=O)NCCO,-1.5243
OCC1CCCO1,0.1576999999999999
CC(=O)CC(C)=O,0.5545
COC(=O)CC(=O)OC,-0.2775000000000001
CC,1.0262
OCC(O)COC(=O)CS,-1.1874
CO,-0.3915
O=[S]1(=O)CCCC1,0.195
CC(=C)C(=O)OCCO,0.098
COC(C)(C)CCO,0.7938000000000001
OC(=O)c1ccc2cc(O)ccc2c1,2.2436
[Ni][Ni][Ni]=[S]=S,-0.0122999999999999
CC(C)(C)c1ccc(C=C)cc1,3.627100000000003
Cc1cc(C)cc(c1)C(Cl)=O,2.6824400000000006
o1c(cnc1c2ccccc2)c3ccccc3,4.008600000000002
O=[Mn]=O,-0.2401
CCC(N)(CO)CO,-0.9215000000000002
[NH3+][C@H]1CCCC[C@H]1[NH3+],-1.218599999999999
O=C1N(CC2CO2)C(=O)N(CC3CO3)C(=O)N1CC4CO4,-2.631899999999997
CN(C)Cc1cc(CN(C)C)c(O)c(CN(C)C)c1,1.577
OC(=O)Cc1ccc(O)cc1,1.0193
CCCCNC1CC(C)(C)NC(C)(C)C1,2.6853000000000007
CC(C)(C)OO,1.2745
CC(O)CN(CC(C)O)C(=O)CCCCC(=O)N(CC(C)O)CC(C)O,-0.2727999999999981
OC(=O)CCS,0.3909000000000001
CN(C)CCOCCN(C)CCO,-0.5112999999999988
NC#N,-0.57382
NCCN1CCNC1=O,-1.0296999999999998
CC(C)(CO)[C@@H](O)C(=O)NCCCO,-1.1355999999999995
CN(C)CCCN1CN(CCCN(C)C)CN(CCCN(C)C)C1,0.6336000000000044
CC(O)CN(CC(C)O)CC(C)O,-0.5691999999999999
CC1(O)CC(C)(O)OO1,-0.2447
NCCNCCNCCNCCNCCN,-2.7377999999999965
CN(C)CCCNC1CC(C)(C)NC(C)(C)C1,1.8369
CC(CCN)CC(C)(C)CN,1.3462999999999998
Nc1nc(N)nc(n1)c2ccccc2,0.7029999999999998
CC(C)(C)C1CCC(CC1)OC(=O)C=C,3.320500000000002
OCC(O)=O,-0.9367
N#CCN(CC#N)CC#N,-0.1408599999999999
CC(=O)OCC(=C)COC(C)=O,0.6688000000000001
Cc1ccccc1O[P](S)(=S)Oc2ccccc2C,4.915540000000004
CCCC(CCC)CCCC1COCCN1CCO,3.0662000000000016
O[C@@H]1CO[C@@H]2[C@@H](O)CO[C@H]12,-1.4942000000000004
NCc1ccc(CN)cc1,0.6039999999999998
CCCCCCCCCCCCN(CCCN)CCCN,3.906900000000001
CC(CO)(CO)C=O,-0.8238000000000003
CN(C)CCCN,-0.1032
CCC1(CO)COCOC1,0.3794
CC(C)(C)CCCCCCCC(O)=O,3.847800000000002
OCC1CN2CCN1CC2,-1.0214999999999987
CCOCCOCCOC,0.6859
Cn1ccnc1,0.4200999999999999
CC(O)CN(CCCN(C)C)CCCN(C)C,0.572600000000002
COCCOCCOCCOCCOC,0.3290000000000008
COCCOCCOCCOC,0.3124
CC1CNCC(C)O1,0.3832
CC(CCC(O)=O)C(O)=O,0.5719
OC(=O)CC(=O)C(O)=O,-0.8851999999999998
OCC(O)COCC(O)CO,-2.290599999999999
NCC(O)CO,-1.7017
Brc1ccc(Br)c(C=C)c1,3.854600000000002
Cc1[nH]ncc1,0.7181199999999999
CC(=O)CC(N)=O,-0.5492000000000001
OCC1COC(=O)O1,-0.4859
CC(=O)N1CCOCC1,-0.1349
OCCOCC(COCCO)OCCO,-1.6182999999999987
CN(C)CCCNC=O,-0.3159
CNC=O,-0.6378000000000001
Cc1ccccc1NC(=O)c2cc3ccccc3cc2O,4.106120000000002
CC(=O)OCCOCCOCCOC(C)=O,0.1457999999999994
CCOC(=O)N1CCC(=O)CC1,0.8078
O=C1CCCCCO1,1.1036
O=C1CCCO1,0.3234
C1CCNCC1,0.7599
OCC#C,-0.3881000000000001
OCc1cccnc1,0.5739
CC(C)COC(C)(C)C,2.4575000000000005
NCCN1CCNCC1,-1.1496999999999988
CC(C)OCCO,0.4037
NC(=O)CCNCCO,-1.5563
COC(=O)c1nc(Cl)c(Cl)nc1N,1.1522
CO[P](C)(=O)OC,1.1021
CO[P+](=O)OC,0.9366
FC(F)(F)C(F)(F)C(=O)C(F)(C(F)(F)F)C(F)(F)F,3.5859999999999994
CC(=C)c1cccc(c1)C(C)=C,3.7528000000000015
CC(C)=CCCC(C)(OC=O)C=C,2.850500000000001
O=C1NC(=CC=N1)NC(=O)c2ccccc2,1.0222
OC(=O)\C=C/C(=O)OCCOCCOCCOC(=O)\C=C/C(O)=O,-0.6123999999999994
O1[Pb]O[Pb]2O[Pb]1O2,-1.416
CC(C)CCCCCCCOCCCNCCCN,3.328100000000001
CCCCCCC(=O)OCC(CC)(CO)COC(=O)CCCC,3.6221000000000014
CCCCCCCC[Sn]1(CCCCCCCC)OC(=O)CS1,6.439600000000007
CCOC(=O)C1CCC(CC1)C(=O)OCC,1.919
ClCCCN1CCOCC1,0.9475
CC(=C)C(=O)OC1CC2CCC1(C)C2(C)C,3.320500000000002
CC1=C(C#N)C(=O)N(CCC(O)=O)C(=C1)O,0.2086999999999997
CC1=C(C(N)=O)C(=O)N(CCC(O)=O)C(=C1)O,-0.5640800000000006
CCCCCCCC(=O)NCCCC[C@H](N)C(O)=O,2.0453
FC(F)(F)[S](=O)(=O)N[S](=O)(=O)C(F)(F)F,0.2752
CCCCCCCC\C=C/CCCCCCCCOCCO,6.032800000000007
CC(C)(C)c1cc(CCC(O)=O)cc(n2nc3ccccc3n2)c1O,3.4408000000000025
CCCCCCC(O)CCCCCCCCCCC(=O)OCC(O)CO,4.115100000000004
CCN(CC)C1=C[C@@H]2Oc3cc(N(CC)CC)c(C)cc3C(=C2C=C1C)c4ccccc4C(=O)OC,6.376320000000008
CCOC(=O)CC(NC1CCC(CC1)CC2CCC(CC2)NC(CC(=O)OCC)C(=O)OCC)C(=O)OCC,3.443100000000003
CC(CC(C)(C)C)CC(C)(C)CC(C)(C)C,5.911200000000006
COCC(NC(C)=O)C(=O)NCc1ccccc1,0.4539000000000007
CCCCOCC(C)OCC(C)O,1.589
CCOC(C)(C)CC,2.2115
CC(CO)CC(C)c1ccccc1,2.808600000000001
Nc1c(Oc2ccccc2)cc(O)c3C(=O)c4ccccc4C(=O)c13,3.5421000000000014
O=C1c2ccccc2C(=O)c3c4[nH]c5c6C(=O)c7ccccc7C(=O)c6c8[nH]c9c(ccc%10C(=O)c%11ccccc%11C(=O)c9%10)c8c5c4ccc13,6.349400000000004
[O-][N+](=O)c1cc2c3ccccc3C(=O)c4ccc5c6ccc7C(=O)c8ccccc8c9ccc(c6c79)c1c5c24,8.068200000000001
CCOc1ccc(Nc2ccc(cc2[N+]([O-])=O)[S](=O)(=O)N(C)C)cc1,2.987400000000002
O=C(Nc1cc2c([nH]c3c2cc(NC(=O)c4ccccc4)c5C(=O)c6ccccc6C(=O)c35)c7C(=O)c8ccccc8C(=O)c17)c9ccccc9,6.754900000000005
Brc1ccc2c3cc4ccc5C(=O)c6ccccc6c7cc8ccc(C(=O)c2c1Br)c3c8c4c57,8.3178
COc1ccc(cc1)C(CN(C)C)C2(O)CCCCC2,3.0356000000000014
CCCCCCCCCCCCOC(=O)C=C,4.636500000000004
CCCCCCCCCCCCCCOC(=O)C=C,5.416700000000005
ClC1=C(Cl)C2(Cl)C3C(C(=O)OC3=O)C1(Cl)C2(Cl)Cl,3.1477000000000004
COc1cc(N=Nc2c(Cl)cc(cc2[N+]([O-])=O)[N+]([O-])=O)c(NC(C)=O)cc1N(CCOC(C)=O)CCOC(C)=O,4.471400000000004
COC(=O)c1sc(N)c(C#N)c1C,1.2970000000000002
CCCCCCCCCCCCCCCCCC[P](=O)(OC)OC,7.733800000000008
CC(C)(O)C(=O)c1ccc(cc1)C2(C)CC(C)(C)c3cc(ccc23)C(=O)C(C)(C)O,4.5811000000000055
CC(C)=CCC\C(C)=C\CCC(=C)C=C,5.201500000000005
Cc1cccc(C)c1O[P](=O)(Oc2cccc(O[P](=O)(Oc3c(C)cccc3C)Oc4c(C)cccc4C)c2)Oc5c(C)cccc5C,11.443759999999989
CCCCC1CCC(CC1)C2CCC(=O)CC2,4.742300000000005
CCCCCCCC[Sn](CCCCCCCC)(CCCCCCCC)CCCCCCCC,12.877199999999975
c1ccc2ccccc2c1,2.839800000000001
CC(C)CCCCCCCCCCOC(=O)CSCc1cc(c(O)c(c1)C(C)(C)C)C(C)(C)C,8.930500000000004
Nc1ccc(cc1Cl)C2(c3ccc(N)c(Cl)c3)c4ccccc4c5ccccc25,6.520900000000005
Clc1c(Cl)c(Cl)c2C3=Nc4cccc5cccc(N3C(=O)c2c1Cl)c45,6.505500000000001
OC1=Cc2ccccc2NC1=C3C(=O)c4ccccc4C3=O,3.3443000000000014
Cc1cc(c(O)c(C)c1CN2C(=O)N(Cc3c(C)cc(c(O)c3C)C(C)(C)C)C(=O)N(Cc4c(C)cc(c(O)c4C)C(C)(C)C)C2=O)C(C)(C)C,7.176420000000009
CCc1cc(C)cc(CC)c1Nc2ccc(Nc3c(CC)cc(C)cc3CC)c4C(=O)c5ccccc5C(=O)c24,8.815640000000002
CCCCCCCCSCc1cc(C)c(O)c(CSCCCCCCCC)c1,8.888020000000003
CCCCC(CC)COC(=O)CCC(=O)OCC(CC)CCCC,5.285800000000005
Oc1ccccc1C(=O)OC2CCCCC2,2.8817000000000013
CCC(CC)CO[Si](OCC(CC)CC)(OCC(CC)CC)OCC(CC)CC,7.233200000000009
CC(C)(C)c1cc(Cc2cc(c(O)c(c2)C(C)(C)C)C(C)(C)C)cc(c1O)C(C)(C)C,7.878600000000009
CCCCCCCC(=O)OOC(=O)CCCCCCC,4.7088000000000045
c1ccc2cc3ccccc3cc2c1,3.993000000000002
CC(=C)[C@@H]1CCC(=CC1)C,3.308900000000002
Clc1ccc(Cl)c(N\N=C2/C(=O)C(=Cc3ccccc23)C(=O)Nc4cc(Cl)c(NC(=O)C5=Cc6ccccc6C(=N/Nc7cc(Cl)ccc7Cl)\C5=O)cc4Cl)c1,10.448999999999993
CCCCCCCCCCCCS,4.837100000000006
O=C1c2ccccc2C(=O)c3ccccc13,2.4620000000000006
C[C@@H](C[C@H](c1cc(C2CCCCC2)c(O)cc1C)c3cc(C4CCCCC4)c(O)cc3C)c5cc(C6CCCCC6)c(O)cc5C,12.197459999999978
CC\C=C/CCOC(=O)C\C=C/CC,3.242200000000002
FC(F)(F)C1(F)C(F)(F)C(F)(F)C(F)(F)C(F)(C(F)(F)F)C1(F)F,5.082400000000002
FC1(F)C(F)(F)C(F)(F)C2(F)C(F)(F)C(F)(F)C(F)(F)C(F)(F)C2(F)C1(F)F,5.512600000000003
FC(F)(F)C(F)(F)C(F)(F)C(F)(F)C(F)(F)C(F)(F)C(F)(F)C(F)(F)F,5.922800000000002
CC[C@]12CC[C@H]3[C@@H](CCC4=C3CC=C(C4)OC)[C@@H]1CC[C@@H]2O,4.594400000000005
CCCCCCCCCCCC(=O)OCC(O)CO,2.8037000000000014
O=[W]=O,-0.2401
CC(C)(C)c1ccc(O[P@]2OC[C@]3(CO2)CO[P@](OC3)Oc4ccc(cc4C(C)(C)C)C(C)(C)C)c(c1)C(C)(C)C,9.868199999999996
COc1ccc(c(O)c1)C(=O)c2ccccc2,2.6318
CC(C)OC(=O)c1ccc(C)c(c1)N=Nc2c(O)c(cc3ccccc23)C(=O)Nc4cc(Cl)c(NC(=O)c5cc6ccccc6c(N=Nc7cc(ccc7C)C(=O)OC(C)C)c5O)cc4Cl,13.793639999999977
Cc1ccccc1NC(=O)C2=Cc3ccccc3C(=N/Nc4cc(Cl)c(Cl)cc4Cl)\C2=O,6.376220000000003
CC(=O)C(N=Nc1ccc(C)cc1[N+]([O-])=O)C(=O)Nc2ccc(Cl)cc2,4.236620000000003
CC(C)(C)CCCCCC(=O)OC=C,3.6697000000000015
CC1CCC2C(C)(C)C3CC12CC(=C3C)C(C)=O,4.3742000000000045
COc1cc(OC)c(NC(=O)C2=Cc3ccccc3C(=N/Nc4cc(ccc4OC)C(=O)Nc5ccc(cc5)C(N)=O)\C2=O)cc1Cl,5.138000000000003
COc1ccc(cc1N\N=C2/C(=O)C(=Cc3ccccc23)C(=O)Nc4cc(OC)c(Cl)cc4OC)C(=O)Nc5ccccc5,6.039100000000005
Brc1c(Br)c(Br)c(COC(=O)C=C)c(Br)c1Br,5.728300000000002
COc1ccccc1N=NC(C(C)=O)C(=O)Nc2ccc3NC(=O)Nc3c2,2.5447999999999995
O=[Ti]=O,-0.2401
CCCCC(CC)COC(=O)c1c(Br)c(Br)c(Br)c(Br)c1C(=O)OCC(CC)CCCC,9.482999999999995
FC(F)(F)N1C(F)(F)C(F)(F)OC(F)(F)C1(F)F,3.2096
CCN(CC)[S](=O)(=O)c1ccc(OC)c(N\N=C2\C(=O)C(=Cc3ccccc23)C(=O)Nc4cc(Cl)c(OC)cc4OC)c1,4.817300000000004
CC(=O)C(N=Nc1ccc(Cl)cc1[N+]([O-])=O)C(=O)Nc2ccccc2Cl,4.581600000000002
O=C1n2c3ccccc3nc2c4ccc5C(=O)n6c7ccccc7nc6c8ccc1c4c58,4.344000000000003
Cc1cc(C)c(Nc2ccc(Nc3c(C)cc(C)cc3C)c4C(=O)c5ccccc5C(=O)c24)c(C)c1,7.799720000000007
CCOC(=O)c1ccccc1,1.8633
CC(C)C1CCCCC1,3.2227000000000023
OC(=O)CCc1ccccc1,1.7038
O=[Nb](=O)O[Nb](=O)=O,-0.5486
CCCCCCCCCCCCCCCCCCN1C(=O)c2ccc3Sc4ccccc4c5ccc(C1=O)c2c35,10.58209999999999
CC(C)=CCC\C(C)=C\C=O,2.878000000000001
CCN1C(=O)C(=N/Nc2ccccc2[N+]([O-])=O)\C(=C(C#N)C1=O)C,1.59148
CC(=O)C(N=Nc1cc(ccc1Cl)C(=O)Nc2cc(Cl)ccc2C)C(=O)Nc3cc(C)c(NC(=O)C(N=Nc4cc(ccc4Cl)C(=O)Nc5cc(Cl)ccc5C)C(C)=O)cc3C,11.39847999999999
CCCC(Cl)CCCC(Cl)CCC(Cl)CCC(Cl)CCC(Cl)CCCC(Cl)CCC,10.912199999999988
Cc1ccccc1OP(Oc2ccccc2C)Oc3ccccc3C,6.375560000000005
Cc1ccc2Nc3cc4C(=O)c5cc(C)ccc5Nc4cc3C(=O)c2c1,4.292840000000003
Clc1ccc(Cl)c(N\N=C2\C(=O)C(=Cc3ccccc23)C(=O)Nc4ccccc4)c1,5.414400000000004
CC(=O)C(N=Nc1ccc(cc1Cl)c2ccc(N=NC(C(C)=O)C(=O)Nc3ccc(C)cc3)c(Cl)c2)C(=O)Nc4ccc(C)cc4,8.637240000000004
O=C(c1ccc(Oc2ccccc2)cc1)c3ccc(cc3)C(=O)c4ccc(Oc5ccccc5)cc4,7.733200000000005
CCOC(=O)c1ccc2Sc3ccccc3C(=O)c2c1,3.591400000000002
[Cu]1N2C3=NC4=NC(=Nc5n1c(N=C6N=C(N=C2c7ccccc37)c8ccccc68)c9ccccc59)c%10ccccc4%10,4.848300000000004
CCCCCCC1CCCC1=O,3.3260000000000023
O[Co]=O,-0.6783
CCCCC(CC)COC(=O)C1CCC(CC1)C(=O)OCC(CC)CCCC,6.312000000000007
CC(C)CCCCCCCCCCCCCCCOC(=O)CCCCCCCCCCCCCCC(C)C,12.76439999999998
CC1CCCCCCCCCCCCC(=O)C1,5.276500000000005
CC(C)C(=O)C(C)(C)CC=C(C)C,3.594000000000003
CC(C)c1ccc(cc1)C(C)C,3.9334000000000033
CC1=NN(c2ccccc2)C(=O)C1/C=C/3C(=NN(c4ccccc4)C3=O)C,3.3744000000000023
Cc1ccccc1NC(=O)C2=Cc3ccccc3C(=N/Nc4ccc(cc4C)[N+]([O-])=O)/C2=O,4.632640000000003
CC\1=NN(C(=O)C1=N/Nc2ccc(cc2Cl)c3ccc(N\N=C4/C(=NN(C4=O)c5ccccc5)C)c(Cl)c3)c6ccccc6,7.041600000000005
Oc1ccc(C=C)cc1C=C,2.678200000000001
CC(C)CCC[C@@H](C)CCC[C@@H](C)CCC/C(C)=C/CO,6.364100000000008
CCCCCCCCCCCCCCCCCCCN,6.5967000000000064
S=[P](Oc1ccccc1)(Oc2ccccc2)Oc3ccccc3,5.447900000000003
[O-][N+](=O)c1ncn(CC(=O)Nc2cc(ccc2Cl)C(F)(F)F)n1,2.4972000000000003
CC(C)(C)CCCCC1(OO1)C(=O)OC(C)(C)CC(C)(C)C,5.009000000000005
Clc1ccc2Nc3cc4C(=O)c5ccccc5Nc4cc3C(=O)c2c1Cl,4.982800000000002
[O-][N+](=O)c1cc(Cl)c(N=Nc2ccc(cc2)N(CCC#N)CCC#N)c(Cl)c1,5.950760000000003
CCCCC(CC)C(=O)OOC(C)(C)CC(C)(C)C,4.892400000000005
CC(C)CCC[C@@H](C)[C@H]1CC[C@H]2[C@@H]3CC=C4C[C@@H](O)CC[C@]4(C)[C@H]3CC[C@]12C,7.388700000000009
FC(F)(F)C(F)(F)C(F)(F)C(F)(F)C(F)(F)C(F)(F)CCI,5.550300000000001
Nc1ccc(Cl)cc1O,1.6278
COc1ccc(cc1N\N=C2/C(=O)C(=Cc3ccccc23)C(=O)Nc4cc(Cl)ccc4OC)C(=O)Nc5ccccc5,6.030500000000004
Nc1c(OCCOC(=O)Oc2ccccc2)cc(O)c3C(=O)c4ccccc4C(=O)c13,3.3442000000000025
CCCCCCCCCCCCCCCCCCCCCC(=O)OCC(CO)(CO)COC(=O)CCCCCCCCCCCCCCCCCCCCC,14.687599999999966
O=C1c2ccccc2c3ccc4Sc5ccccc5c6ccc1c3c46,6.312100000000003
CC(=O)OCCOc1ccc(cc1)C(C)(C)c2ccc(OCCOC(C)=O)cc2,3.8963000000000023
CCOc1ccc(cc1)C(O)=O,1.7835
CN[S](=O)(=O)c1cc(OC)c(N\N=C2/C(=O)C(=Cc3ccccc23)C(=O)Nc4ccc5NC(=O)Nc5c4)cc1C,2.50232
[O-][N+](=O)c1ccc(N\N=C2/C(=O)C=Cc3ccccc23)c(Cl)c1,3.660300000000002
Cc1ccc(N\N=C2/C(=O)C=Cc3ccccc23)c(c1)[N+]([O-])=O,3.3153200000000016
CCCCOC(=O)c1ccccc1N\N=C2/C(=O)C(=Cc3ccccc23)C(=O)Nc4ccc5NC(=O)Nc5c4,4.2341000000000015
CC(C)CCCCCCCCCCCCCCC(=O)OCC(COC(=O)CCCCCCCCCCCCCCC(C)C)OC(=O)CCCCCCCCCCCCCCC(C)C,18.33679999999998
CCCCC(CC)COC(=O)c1ccc(C(=O)OCC(CC)CCCC)c(c1)C(=O)OCC(CC)CCCC,8.806200000000006
COc1ccccc1NC(=O)C2=Cc3ccccc3C(=N/Nc4ccc(cc4)C(N)=O)/C2=O,3.2151
O=[Sn],-0.4996
Nc1c(Cl)cc(cc1Cl)C(F)(F)F,3.5944000000000003
CC(=O)Nc1ccc(NC(=O)C2=Cc3ccccc3C(=N/Nc4cc(ccc4Cl)C(N)=O)/C2=O)cc1,3.8183000000000016
CCOC(=O)C(=C)C#N,0.6292800000000001
CNCCCN1c2ccccc2CCc3ccccc13,3.5328000000000026
Nc1ccc(c2ccc(N)c3C(=O)c4ccccc4C(=O)c23)c5C(=O)c6ccccc6C(=O)c15,4.068800000000002
Cc1ccc(cc1)C(C)(C)C,3.292520000000001
CCCCC(CC)COC(=O)OOC(C)(C)CC,4.476200000000004
CCOC(F)(C(F)(F)C(F)(F)C(F)(F)F)C(F)(C(F)(F)F)C(F)(F)F,5.354500000000002
CC(C)(C)C(=O)C(Oc1ccc(Cl)cc1)n2ccnc2,3.729300000000002
CCCCCCCCCCCCCCCCCCOC(=O)CCc1cc(c(O)c(c1)C(C)(C)C)C(C)(C)C,10.724499999999992
O[S](=O)(=O)c1ccccc1N=C2C=CC(C=C2)=C(c3ccc(Nc4ccccc4)cc3)c5ccc(Nc6ccccc6)cc5,9.1211
COCCOCCCN1C(=O)c2c(N)c3C(=O)c4ccccc4C(=O)c3c(N)c2C1=O,0.4816
Nc1c(Oc2ccccc2)c(Oc3ccccc3)c(N)c4C(=O)c5ccccc5C(=O)c14,5.211000000000004
CCOC(=O)C1=NN(C(=O)C1N=Nc2ccc(cc2Cl)c3ccc(N=NC4C(=O)N(N=C4C(=O)OCC)c5ccccc5)c(Cl)c3)c6ccccc6,7.496800000000007
CC(C)CCCCCCCOC(=O)C(C)=C,4.102300000000003
[Cd]=[Te],-0.3833
FC(F)(F)c1ccc(Cl)c(N\N=C2/C(=O)C(=Cc3ccccc23)C(=O)Nc4cc(Cl)c(NC(=O)C5=Cc6ccccc6C(=N/Nc7cc(ccc7Cl)C(F)(F)F)\C5=O)cc4Cl)c1,11.179799999999991
Cc1cccc(Cc2ccccc2)c1Cc3ccccc3,5.176620000000004
CC(=O)C(N=Nc1ccccc1C(O)=O)C(=O)Nc2ccc3NC(=O)Nc3c2,2.2344
CCCCCCCCC(O)CO,2.0902000000000007
CC(=O)C(N=Nc1ccccc1OCCOc2ccccc2N=NC(C(C)=O)C(=O)Nc3ccc4NC(=O)Nc4c3)C(=O)Nc5ccc6NC(=O)Nc6c5,4.843600000000002
Clc1ccc(Cl)c(N\N=C2/C(=O)C(=Cc3ccccc23)C(=O)Nc4ccc5NC(=O)Nc5c4)c1,4.584000000000003
C1CCCCCCCCCCC1,4.681200000000004
CCCCCCOC(=O)c1ccccc1C(=O)c2ccc(cc2O)N(CC)CC,5.2065000000000055
CCCCOC(=O)C1C(C(=O)OCCCC)C2(Cl)C(=C(Cl)C1(Cl)C2(Cl)Cl)Cl,5.750900000000004
O=C1N2c3cccc4cccc(N=C2c5ccccc15)c34,3.8919000000000015
CCC(C)C1CCCCC1=O,2.791800000000001
Cc1ccc(cc1N\N=C2\C(=O)C(=Cc3ccccc23)C(=O)Nc4cc(C)c(NC(=O)C5=Cc6ccccc6C(=N/Nc7c(C)cccc7C(=O)OCCCl)/C5=O)cc4C)C(=O)OCCCl,8.553480000000006
CC(=O)C(N=Nc1ccc(Cl)cc1[N+]([O-])=O)C(=O)Nc2ccc3NC(=O)Nc3c2,3.0977999999999994
Clc1cccc2C(=O)c3cc4Nc5c(Cl)cccc5C(=O)c4cc3Nc12,4.982800000000002
CC(=O)C(N=Nc1ccc(C)cc1[N+]([O-])=O)C(=O)Nc2ccccc2,3.5832200000000016
Cc1ccccc1,1.99502
CCCCCCCCCC(=O)OOC(=O)CCCCCCCCC,6.269200000000007
O=[Co],-0.1213
CCOc1ccccc1NC(=O)C2=Cc3ccccc3C(=N/Nc4ccc(cc4)C(N)=O)\C2=O,3.605200000000001
Cc1ccc(cc1N\N=C2/C(=O)C(=Cc3ccccc23)C(=O)Nc4ccccc4)[N+]([O-])=O,4.324220000000003
CC(=O)C(N=Nc1ccc(cc1)[N+]([O-])=O)C(=O)Nc2ccc3NC(=O)Nc3c2,2.4444
Clc1ccc(Cl)c(N\N=C2\C(=O)C(=Cc3ccccc23)C(=O)Nc4ccc(NC(=O)C5=Cc6ccccc6C(=N/Nc7cc(Cl)ccc7Cl)\C5=O)c(Cl)c4)c1,9.795599999999997
CC(=C)C(=O)OCCCCCCCCCCCCOC(=O)C(C)=C,5.126000000000005
CC(=O)C(N=Nc1ccc(cc1)C(=O)Nc2ccc(cc2)C(N)=O)C(=O)Nc3ccc4NC(=O)Nc4c3,2.8873999999999995
S=C(SSSSSSC(=S)N1CCCCC1)N2CCCCC2,6.502200000000005
CC(=O)C(N=Nc1cc(ccc1Cl)C(=O)Nc2cccc(Cl)c2C)C(=O)Nc3cc(Cl)c(NC(=O)C(N=Nc4cc(ccc4Cl)C(=O)Nc5cccc(Cl)c5C)C(C)=O)cc3C,11.743459999999988
COc1ccc(cc1N\N=C2/C(=O)C(=Cc3ccccc23)C(=O)Nc4cc(Cl)ccc4C)C(=O)Nc5ccccc5,6.330320000000004
CCCCCCCCOC(=O)c1ccccc1C(=O)OCc2ccccc2,5.5609000000000055
COc1ccc(N=NC(C(C)=O)C(=O)Nc2ccccc2OC)c(c1)[N+]([O-])=O,3.2920000000000007
COc1ccc(cc1N\N=C2/C(=O)C(=Cc3ccccc23)C(=O)Nc4ccc5NC(=O)Nc5c4)C(=O)Nc6ccccc6,4.538100000000002
CC(C)(C)CC(C)(C)N(c1ccccc1)c2cccc3ccccc23,7.192700000000007
COc1ccccc1NC(=O)C2=Cc3ccccc3C(=N/Nc4cc(Cl)ccc4Cl)\C2=O,5.423000000000003
CC(C)(C)c1cc(CCC(=O)OCCNC(=O)C(=O)NCCOC(=O)CCc2cc(c(O)c(c2)C(C)(C)C)C(C)(C)C)cc(c1O)C(C)(C)C,6.172000000000007
CCCCCCCCCCCCCCCCCC(=O)OC(CCCCCC)CCCCCCCCCCC(=O)OCCCCCCCCCCCCCC(C)C,17.911499999999975
CC(C)CCC[C@@H](C)CCC[C@@H](C)CCC[C@]1(C)CCc2c(C)c(O)c(C)c(C)c2O1,8.840260000000002
CCCCCCCC\C=C/CCCCCCCC(=O)OCC(CC)(CO)COC(=O)CCCCCCC\C=C/CCCCCCCC,12.53649999999998
CC(=O)C(N=Nc1ccc(cc1Cl)c2ccc(N=NC(C(C)=O)C(=O)Nc3ccccc3C)c(Cl)c2)C(=O)Nc4ccccc4C,8.637240000000004
CCCCC(CC)CN[S](=O)(=O)c1ccc(cc1)N=NC2=C(O)N(CCCC)C(=O)C(=C2C)C#N,5.444200000000005
S=[SnH2],-0.268
Clc1cccc(N\N=C2/C(=O)C(=Cc3ccccc23)C(=O)Nc4cccc5c(NC(=O)C6=Cc7ccccc7C(=N/Nc8cccc(Cl)c8Cl)\C6=O)cccc45)c1Cl,10.295399999999994
CC(=O)C(N=Nc1ccc(cc1Cl)c2ccc(N=NC(C(C)=O)C(=O)Nc3ccccc3)c(Cl)c2)C(=O)Nc4ccccc4,8.020400000000006
CC(=O)C(N=Nc1ccc(cc1Cl)c2ccc(N=NC(C(C)=O)C(=O)Nc3ccc(C)cc3C)c(Cl)c2)C(=O)Nc4ccc(C)cc4C,9.254080000000002
CCOC(=O)OCCOc1cc(O)c2C(=O)c3ccccc3C(=O)c2c1N,2.3017000000000003
C[Si](C)(C)O[Si](O[Si](C)(C)C)(O[Si](C)(C)C)O[Si](C)(C)C,4.828000000000005
CC(C)(c1cc(Br)c(OCC(Br)CBr)c(Br)c1)c2cc(Br)c(OCC(Br)CBr)c(Br)c2,10.13689999999999
CC(C)CCCCCCCCCCCCCCCOC(=O)CC(O)C(=O)OCCCCCCCCCCCCCCCC(C)C,12.058599999999986
CCCCCCCCCCOC(=O)C(CC)CCCC,5.886700000000007
CC(CCOC(=O)CC(C)CC(C)(C)C)CC(C)(C)C,5.454400000000006
CCCCCCCCCCCCCCCCCC(=O)OCCCCCCCCCCCCCC,11.492199999999986
C1CO[Sb]2OCCO[Sb](O1)OCCO2,-0.917
CCCCCCCC(=O)CC(=O)c1ccccc1,4.189000000000004
ClCCCCCCCl,3.0244000000000018
Cc1cc(Cl)cc2SC(/C(=O)c12)=C/3Sc4cc(Cl)cc(C)c4C3=O,6.098840000000004
Brc1cc2C(=O)c3cccc4c(Br)cc5C(=O)c6cccc1c6c2c5c34,5.963000000000002
CC1=CC2=NC(=O)N=C2C=C1NNC3C(=O)NC(=O)NC3=O,-1.9810799999999995
Cc1ccc(Nc2nc(Nc3ccc(C)cc3)c(C#N)c(C)c2N=Nc4ccccc4C(F)(F)F)cc1,8.799940000000001
COCCCN1C(=O)c2ccc3C(=O)n4c5ccc(C)cc5nc4c6ccc(C1=O)c2c36,3.5328200000000027
CCC(=O)OC1C=CC2C3CCC(C3)C12,2.540300000000001
CCCCCCCOCC(COCCCCCCC)(COCCCCCCC)COCCCCCCC,9.9208
O=[Zr]=O,-0.2401
COc1cc(N=Nc2c(Br)cc(cc2[N+]([O-])=O)[N+]([O-])=O)c(NC(C)=O)cc1N(CC=C)CC=C,5.826300000000005
O=C1\C(Nc2ccccc12)=C/3Nc4ccccc4C3=O,2.8148
CCCCCCCCCc1cccc(Nc2cccc(CCCCCCCCC)c2)c1,10.016399999999996
CCOc1ccccc1,2.0853
CCOC(=O)C(C#N)=C(c1ccccc1)c2ccccc2,3.5751800000000022
CC(C)(C)c1cc(CCC(=O)OCCCCCCOC(=O)CCc2cc(c(O)c(c2)C(C)(C)C)C(C)(C)C)cc(c1O)C(C)(C)C,9.5
CC(C)(C)c1ccc(OP(Oc2ccc(cc2C(C)(C)C)C(C)(C)C)Oc3ccc(cc3C(C)(C)C)C(C)(C)C)c(c1)C(C)(C)C,13.235299999999976
COC(=O)CCN(CCC(=O)OC)c1ccc(cc1)N=Nc2c(Cl)cc(cc2Br)[N+]([O-])=O,5.358700000000004
COc1cc(ccc1NN=C2C=CC(=O)C=C2)N=Nc3ccc(cc3)[N+]([O-])=O,4.481800000000003
CC(=O)OCCN(CCC#N)c1ccc(cc1)N=Nc2c(Cl)cc(cc2Cl)[N+]([O-])=O,5.600180000000004
CCCCCCCCCCCCCCCCCCOC(=O)CCSCCC(=O)OCCCCCCCCCCCCCCCCCC,14.109199999999973
CN1C(=O)N(C(=O)C=C1C(F)(F)F)c2ccc(Cl)c(c2)C(=O)OC(C)(C)C(=O)OCC=C,2.873
CCN(CC)c1ccc(N=Nc2c(Cl)cc(cc2[N+]([O-])=O)[N+]([O-])=O)c(NC(C)=O)c1,5.376400000000004
[O-][N+](=O)c1ccc(cc1)N=Nc2ccc(cc2)N(CCOC(=O)c3ccccc3)CCC#N,5.587280000000005
CCN(CC)c1ccc(N=Nc2c(cc(cc2C#N)[N+]([O-])=O)C#N)c(NC(C)=O)c1,4.558160000000004
CCCCCCCCCCCC(=O)OCC(C)C,5.106500000000005
Fc1ccc(Cc2ccc(F)cc2)cc1,3.555600000000002
COC(=O)CCN(CCC(=O)OC)c1ccc(N=Nc2ccc(cc2[N+]([O-])=O)[N+]([O-])=O)c(NC(C)=O)c1,3.809400000000002
CC(Br)(CBr)COc1c(Br)cc(cc1Br)C(C)(C)c2cc(Br)c(OCC(C)(Br)CBr)c(Br)c2,10.917099999999987
CC(C)(C)c1ccc(OC(=O)c2cc(c(O)c(c2)C(C)(C)C)C(C)(C)C)c(c1)C(C)(C)C,7.801400000000009
CCN(CC)c1ccc(N=Nc2c(Br)cc(cc2[N+]([O-])=O)[N+]([O-])=O)c(NC(C)=O)c1,5.485500000000004
O=C1N(CCc2ccccc2)C(=O)c3ccc4c5ccc6C(=O)N(CCc7ccccc7)C(=O)c8ccc(c9ccc1c3c49)c5c68,7.414600000000006
CCCCCCCCCCCCCCCCCc1[nH]ccn1,6.823600000000007
CC(=C)C(=O)OCCCOc1ccc(cc1)C(C)(C)c2ccc(OCCCOC(=O)C(C)=C)cc2,5.788900000000006
CC(=O)OCCN(CCOC(C)=O)c1ccc(cc1)N=Nc2sc(cc2[N+]([O-])=O)[N+]([O-])=O,3.912500000000003
Clc1c(Cl)c(Cl)c2C(=O)C(c3ccc4cccc(N5C(=O)c6c(Cl)c(Cl)c(Cl)c(Cl)c6C5=O)c4n3)C(=O)c2c1Cl,9.425399999999996
CCN(CC)c1ccc(N=Nc2c(cc(cc2C#N)[N+]([O-])=O)C#N)c(C)c1,4.908180000000004
CCN(CC)c1ccc2C=C(C(=O)Oc2c1)c3oc4ccc(Cl)cc4n3,5.100800000000003
O=[Pb]=O,-0.6184000000000001
CCCCCCCCCOC(=O)c1ccc(C(=O)OCCCCCCCCC)c(c1)C(=O)OCCCCCCCCC,10.408799999999994
CCO[Si](CC(C)CC(C)(C)C)(OCC)OCC,4.107100000000004
Cc1ccc(Cl)cc1N\N=C2\C(=O)C(=Cc3ccccc23)C(=O)Nc4cc(C)c(NC(=O)C5=Cc6ccccc6C(=N/Nc7cc(Cl)ccc7C)/C5=O)cc4C,9.06908
O=C1c2ccccc2C(=O)c3c(Nc4nc(Nc5cccc6C(=O)c7ccccc7C(=O)c56)nc(n4)c8ccccc8)cccc13,6.576600000000004
CC\1=NN2C(=O)c3ccccc3N=C2C1=N/Nc4ccc(Cl)cc4[N+]([O-])=O,3.0119000000000007
C=CCOC(=O)COc1ccccc1,1.7946
O=C1NC(=O)C(C(=O)N1)=C2NC(c3ccccc23)=C4C(=O)NC(=O)NC4=O,-2.7986999999999984
CC(=O)OC/C=C(C)/C=C/C=C(C)/C=C/C1=C(C)CCCC1(C)C,6.081100000000006
CCC(=O)OC/C=C(C)/C=C/C=C(C)/C=C/C1=C(C)CCCC1(C)C,6.471200000000007
CCCCCCCCCCCCCC(=O)OCC(COC(=O)CCCCCCCCCCCCC)OC(=O)CCCCCCCCCCCCC,14.087899999999973
CCCCCC1CCC(CC1)c2ccc(CCC)cc2,6.493200000000007
CCC(C)(C)c1cc(n2nc3ccccc3n2)c(O)c(c1)C(C)(C)CC,5.501300000000006
CC(=O)C(N=Nc1ccc(c(Cl)c1)c2ccc(N=NC(C(C)=O)C(=O)NN)c(Cl)c2)C(=O)NN,2.7228
O=C1c2ccccc2C(=O)c3c4[nH]c5c(ccc6C(=O)c7c8[nH]c9c(ccc%10C(=O)c%11ccccc%11C(=O)c9%10)c8ccc7C(=O)c56)c4ccc13,6.349400000000005
CCCCCCCCCCCCOC(=O)C(C)=C,5.026600000000005
CCCCCCCCCCCCCCCCCCOC(=O)C(C)=C,7.367200000000008
Oc1ccc(Nc2ccccc2)c3C(=O)c4c(c(O)ccc4[N+]([O-])=O)C(=O)c13,3.525000000000001
CCCCCCCCCCCCCCCCOC(=O)CCCCCCCCCCCCCCC,11.492199999999986
CC(C)(C)c1ccc2OC(=O)C(c2c1)c3cc(ccc3OC(=O)c4cc(c(O)c(c4)C(C)(C)C)C(C)(C)C)C(C)(C)C,8.852300000000003
CN1C(=O)C(=N/Nc2cccc(O[S](=O)(=O)c3ccccc3)c2)\C(=C(C#N)C1=O)C,2.06088
CCCCC(CC)C(=O)OCC(COC(=O)C(CC)CCCC)(COC(=O)C(CC)CCCC)COC(=O)C(CC)CCCC,9.011200000000004
CCCCCCCC/C=C/CCCCCCCCO[P+](=O)OCCCCCCCC\C=C\CCCCCCCC,13.751999999999972
OC(=O)C1CCCCC1,1.6513
O=[Ce]=O,-0.2376
CCCCCCCCCCCCCCCCCCC1CC(=O)N(CCNCCNCCNCCN2C(=O)CC(CCCCCCCCCCCCCCCCCC)C2=O)C1=O,11.808599999999988
ClCc1ccc(cc1)c2ccc(CCl)cc2,4.831200000000004
NC(N)=O,-0.9762000000000002
CC(CCOC(=O)C=C)CCOC(=O)C=C,1.8611
Nc1cccc(Cl)c1,1.9222
CC(=O)OC1CCC2CCCCC2C1,2.908400000000001
CCCCCCCCCCCCCCC(C)c1cc(C)cc(C)c1O,8.203740000000005
C1CC=CC1,1.7265
OC(=O)CC(C[P]1(=O)Oc2ccccc2c3ccccc13)C(O)=O,2.8249000000000004
FC(F)(F)C(F)(F)F,2.111
CC(C)=CCC\C(C)=C/CCC=O,3.6582000000000026
CC(=C)C(=O)Oc1ccccc1,2.1681
CN(C)Cc1cc(c(O)c(c1)C(C)(C)C)C(C)(C)C,4.048800000000004
CC(=O)CC(C)(C)C1CCCCC1,3.5720000000000027
CC(C)(C)CC(C)(C)c1cc(Cc2cc(cc(n3nc4ccccc4n3)c2O)C(C)(C)CC(C)(C)C)c(O)c(c1)n5nc6ccccc6n5,9.583999999999996
Nc1ccc(Nc2ccccc2)cc1,3.0124000000000013
CO[Si](C)(OC)C=C,1.0764
NC(=O)c1cccnc1,0.1805000000000001
Cc1cc(C)cc(O)c1,2.00904
CCC(COC(=O)C=C)(COC(=O)C=C)COC(=O)C=C,1.5704
Nc1ccc2c(O)cc(cc2c1)[S](O)(=O)=O,1.3743
C=CC1CCC=CC1,2.5287000000000006
COc1ccc(cc1O)[C@@H]2CC(=O)c3c(O)cc(O[C@@H]4O[C@H](CO[C@@H]5O[C@@H](C)[C@H](O)[C@@H](O)[C@H]5O)[C@@H](O)[C@H](O)[C@H]4O)cc3O2,-1.1566000000000003
CCCCCCCC/C=C/CCCCCCCCN(CCO)CCO,5.310500000000006
CCCCOC(=O)c1ccc(C(=O)OCCCC)c(c1)C(=O)OCCCC,4.557300000000004
CO[Si](CCCOC(=O)C=C)(OC)OC,0.9837999999999998
CCCCCCCCCCCO,3.5095000000000023
CC1(C)[C@H]2CC[C@]1(C)C(C2)OC(=O)C=C,2.930400000000001
C1CN(CCO1)Sc2sc3ccccc3n2,2.635600000000001
O=C1C(c2ccc3ccccc3n2)C(=O)c4ccccc14,3.397600000000001
CCCCC(CC)COC(=O)OOC(C)(C)C,4.086100000000004
CO[Si](OC)(C1CCCC1)C2CCCC2,3.6098000000000026
CC1(C)[C@H]2C[C@@H]3O[C@]3(C)[C@@H]1C2,2.2099
CC/C=C/CCOC(=O)c1ccccc1O,2.9053000000000018
CC(C)[C@@H]1CC[C@@H](C)CC1=O,2.6477000000000013
COC(=O)c1ccc(cc1[N+]([O-])=O)C(O)=O,1.0796
Cc1cc(C)cc(C)c1,2.611860000000001
Cc1ccc(cc1Cl)[N+]([O-])=O,2.556620000000001
CCCN(CCC)CCC,2.5184000000000006
O=C1CCCCCN1C(=O)NCCCCCCNC(=O)N2CCCCCC2=O,2.771200000000001
CC(C)CCOC(=O)CC(C)C,2.621800000000001
CCCCCC(CO)CCC,2.9753000000000016
Nc1ccc(CCc2ccc(N)cc2)cc1,2.6362000000000005
COC(=O)c1cccnc1,0.8681999999999999
CC(C)(C)c1ccc(cc1)C(O)=O,2.682300000000001
FC(F)C(F)(F)F,1.8138
Cc1cccc(O)c1C,2.00904
Oc1c(I)cc(Cl)c2cccnc12,3.1984000000000004
CCCCC(CC)C(=O)OOC(C)(C)C,3.4761000000000024
CC1C(CC2CC1C2(C)C)C=O,2.5036000000000005
CC(=O)Oc1ccc(cc1)[N+]([O-])=O,1.5200999999999998
CC(=O)c1oc2ccccc2c1,2.6354000000000006
CCC(O)COC1CCCCC1C(C)(C)C,3.378800000000002
O=[P+]1Oc2ccccc2c3ccccc13,4.328400000000002
CC(C)COC(=O)c1cc(N)c(Cl)c(N)c1,2.3172
OC1(CCCCC1)C(=O)c2ccccc2,2.5645000000000007
CCOc1nc2cccc(C(O)=O)c2n1Cc3ccc(cc3)c4ccccc4c5n[nH]nn5,4.028600000000002
Clc1nc(Cl)nc(Cl)n1,1.8318000000000003
COc1cc(c(O)c(c1)C(C)(C)C)c2cc(OC)cc(c2O)C(C)(C)C,5.377000000000006
Nc1ccc(cc1[S](O)(=O)=O)[S](O)(=O)=O,-0.2377999999999998
CC(C)[C@@H]1CC[C@@H](C)C[C@@H]1O,2.439500000000001
C=COC(=O)c1ccccc1,1.9869
CC12CCC3C(CCC4=CC(=O)C=CC34C)C1CCC2=O,3.863400000000003
CC(C)(C)C(=O)OCCc1ccccc1,2.8184000000000013
CC(OC(C)=O)C1CCCCC1,2.518300000000001
COC(=O)c1ccc(cc1)C(C)(C)C,2.770700000000001
CCCCCCO,1.559
CC/C(C)=C/CC/C(C)=C/C#N,3.592780000000002
COC(C)(C)C,1.4313
C[C@H]1CCC2(O)C(C)(C)C3CC[C@@]2(C)C1C3,3.6098000000000026
C(NCc1ccccc1)c2ccccc2,2.9764000000000017
Cc1cccc2n[nH]nc12,1.26632
Nc1cc(cc(c1O)[S](O)(=O)=O)[N+]([O-])=O,0.1292999999999999
CC(=O)OC\C=C(C)/CCC=C(C)C,3.242200000000002
CCCCCC1CCCC(=O)O1,2.6624000000000008
CCOC(=O)CC(=O)C(F)(F)F,1.0710000000000002
[O-][N+](=O)OCCOCCO[N+]([O-])=O,-0.5804
O[Si](O)(c1ccccc1)c2ccccc2,0.2275999999999995
CCCCCOC(=O)CCCC,2.910000000000001
CC1=CC(=O)N(Cc2cccc(CN3C(=O)C=C(C)C3=O)c2)C1=O,1.3168
CC\C=C/CCOC(=O)c1ccccc1,3.1997000000000018
COC(=O)c1ccc(c(N)c1)C(=O)OC,0.8420000000000001
OC(=O)CCCCCCCCCCC(O)=O,3.0566000000000013
CC1(C)CCC2OC23C(C)(C)C4CCC13C4,3.7703000000000033
CC1(C)[C@H]2CC=C(CCO)[C@@H]1C2,2.3612
CC(O)CSCCCCCCCCC(C)(C)C,4.877200000000005
CCCCc1nc(Cl)c(CO)n1Cc2ccc(cc2)c3ccccc3c4n[nH]nn4,4.266800000000004
CCC(C)(C)c1ccccc1,3.374200000000002
CCCCCCCCCC(=O)OC,3.3001000000000023
COC1CCCCCCCCCCC1,4.306100000000004
CCN(CC)C(=S)SSC(=S)N(CC)CC,3.621200000000002
Cc1ccc(N2C(=O)c3cccc4c(N)ccc(C2=O)c34)c(C)c1,3.8394400000000015
Cc1cc(cc(C)c1CC#N)C(C)(C)C,3.6670200000000026
CC(C)(c1ccccc1)c2ccc(O[P@]3OC[C@]4(CO3)CO[P@](OC4)Oc5ccc(cc5C(C)(C)c6ccccc6)C(C)(C)c7ccccc7)c(c2)C(C)(C)c8ccccc8,13.981799999999971
O=C1NC(=O)c2cccc3cccc1c23,1.7234
CC1CC(=O)CC(C)(C)C1,2.401700000000001
CCCC[Sn](=O)CCCC,3.0086000000000013
CC1CC(C)(C)OC(Cc2ccccc2)O1,3.159200000000002
C1OC1CN(CC2CO2)c3ccc(Cc4ccc(cc4)N(CC5CO5)CC6CO6)cc3,2.4854000000000003
O=C1N[S](=O)(=O)c2ccccc12,0.1186999999999999
CC(C)CCCC(C)CC#N,3.3624800000000024
O=C1CCCCCN1C(=O)c2cccc(c2)C(=O)N3CCCCCC3=O,2.7722000000000016
CC(C)=CCC\C(C)=C\CCC(C)=O,4.048300000000003
C=CC(=O)OCCOc1ccccc1c2ccccc2,3.4616000000000016
CCCCCC(=O)OCC=C,2.2959000000000005
Fc1ccc(cc1)C(=O)CCCCl,3.027400000000002
CC(C)[Si](OC(=O)C=C)(C(C)C)C(C)C,3.8911000000000033
CC(C)OC(=O)CCC(=O)OC(C)C,1.6698
Cc1ccc(cc1[N+]([O-])=O)[S](C)(=O)=O,1.30672
CCCCCCC#CC(=O)OC,2.1332000000000004
O=[P](c1ccccc1)(c2ccccc2)c3ccccc3,3.3260000000000014
SCCC(=O)OCC(COC(=O)CCS)(COC(=O)CCS)COC(=O)CCS,1.4251999999999998
COc1ccc(OC)c(Cl)c1,2.3572
OCCOc1ccc2ccccc2c1,2.2109
CCCCOc1ccccc1,2.8655000000000017
O=C(OCCOCCOC(=O)c1ccccc1)c2ccccc2,2.7170000000000005
CCCCCCCC\C=C/CCCCCCCCNCCCN,5.962300000000004
Clc1ccc(Cl)c(Cl)c1,3.6468000000000007
COC,0.2626
COc1cc(\C=C\C(O)=O)cc(OC)c1OC,1.8102
BrCCCCBr,2.556400000000001
C1CCc2ccccc2C1,2.5654000000000003
Cc1ccc(c(O)c1)C(C)(C)C,2.998120000000001
COC(=O)c1ccc(C(=O)OC)c(c1)[N+]([O-])=O,1.168
C=CC(=O)OCCCCCCOC(=O)C=C,2.0052
CCCCCCCCCC(=O)N(C)C,3.215300000000002
CC1=CCC(CC#N)C1(C)C,2.8924800000000017
Cc1ccc(O)c(c1)C(C)(C)C,2.998120000000001
C=CCOc1nc(OCC=C)nc(OCC=C)n1,1.5659999999999998
CC(O)C(C)Cc1ccccc1,2.2460000000000004
CCCCC(C(=O)OCC)C(=O)OCC,1.919
FC(F)(F)c1ccc(Cl)cc1,3.3588000000000013
Oc1ccc(cc1)c2ccc(O)cc2,2.764800000000001
CCC(CC)O[N+]([O-])=O,1.3833
COc1ccc2Sc3ccccc3N(C[C@H](C)CN(C)C)c2c1,4.495600000000004
NC1=NC(=O)C2=C(N1)NC(=O)C(=O)N2,-2.1181000000000005
OC(=O)C(=C)c1ccccc1,1.7844
OC[C@H]1O[C@H](O)[C@H](O)[C@@H](O)[C@@H]1O,-3.2214000000000005
OC1=CC(=O)C[C@@H](C1)c2ccccc2,2.575000000000001
C1CC[C@H](NC1)c2cccnc2,1.8962
OCc1cc(O)ccc1O,0.5900999999999998
O=Nc1ccc(NNC(=O)c2ccccc2)cc1,2.841400000000001
O=C(NN\C=C/1C=CC=CC1=O)c2ccncc2,0.8950000000000001
CC1OCCO1,0.3792
O=C1CC2CCC1C2,1.3755
OC(O)=C1OC(=CC(=O)C1=O)C(O)=O,-0.5915999999999999
COc1cc(ccc1O)C(C)=O,1.6034
CCC[C@@H](N)C(O)=O,0.1983999999999999
CC1CC(CC(C)(C)N1)OC(=O)c2ccccc2,2.762500000000001
Cc1cccc(Nc2ccccc2C(O)=O)c1C,3.7452400000000017
OC(=O)C(=O)Nc1ccccc1,0.7096999999999998
ClCCC(=O)NCc1ccccc1,1.9317
NC(=O)NC(=O)C=CC(O)=O,-1.1779000000000002
C1COC1,0.4067
C\C=C/C(O)=O,0.6471
Nc1ccncc1,0.6638000000000001
Nc1ccccn1,0.6638000000000001
OC(=O)CCCCCCC(O)=O,1.4962000000000002
ClCCSCCCl,2.1972000000000005
OC(=O)\C=C/C=C\C(O)=O,0.2680000000000002
IC#N,0.90248
CC(C)(C)Br,2.1798
CC1(C)C2CCC1(C)C(O)C2,2.1935
CC(C)(C)CC(=O)OCC(=O)C1(O)CCC2C3CCC4=CC(=O)CCC4(C)C3C(O)CC12C,3.7687000000000026
CN1CC[C@]23[C@H]4Oc5c(OCCN6CCOCC6)ccc(C[C@@H]1C2C=C[C@@H]4O)c35,1.2034999999999998
CCC1(N2CCCCC2)C(=O)NC(=O)NC1=O,-0.0129000000000002
C[C@@H]1CC[C@@]2(OC1)O[C@H]3C[C@H]4[C@@H]5CC=C6C[C@@H](O)CC[C@]6(C)[C@H]5CC[C@]4(C)[C@H]3[C@@H]2C,5.713900000000006
OC[C@H]1O[C@H](OC[C@H]2O[C@H](O[C@]3(CO)O[C@H](CO)[C@@H](O)[C@@H]3O)[C@H](O)[C@@H](O)[C@@H]2O)[C@H](O)[C@@H](O)[C@H]1O,-7.571399999999989
CCCO[P](=O)(OCCC)OCCC,3.3743000000000025
CC(C)=CCl,2.1489000000000003
CC(=C)CO,0.5548
CCC(C)S,1.7147
CC(O)C(C)=O,-0.0438
CC(C)C1=CC2=CC[C@@H]3[C@](C)(CCC[C@@]3(C)C(O)=O)[C@H]2CC1,5.206200000000004
CC(C(O)=O)C(O)=O,-0.2082999999999999
CC(C)C(N)C(O)=O,0.0543
COc1cc(cc(OC)c1OC)[C@H]2[C@@H]3[C@H](COC3=O)Cc4c(O)c5OCOc5cc24,2.623900000000001
Oc1ccc2c(Oc3cc(O)ccc3C24OC(=O)c5ccccc45)c1,3.6658000000000026
COc1ccc(C=O)c(C(O)=O)c1OC,1.2145
CN(C)C(=O)C(=O)N(N(C)C(C)=O)c1ccccc1,0.5010999999999997
Oc1c(Br)cc(Br)c2cccnc12,3.4654000000000007
CCC1CN2CCC1CC2C(O)c3ccnc4ccc(OC)cc34,3.3972000000000024
O[S](=O)(=O)c1ccc2c(cccc2[S](O)(=O)=O)c1,1.3332000000000002
NC(Cc1[nH]nc2ccccc12)C(O)=O,0.5172999999999994
O[C@H]([C@H](O)[C@H](O)C(O)=O)[C@@H](O)C(O)=O,-3.4008
OC(=O)c1sccc1,1.4463
CC(C)c1ccccc1C,3.118420000000002
CC(=O)c1ccc(O)c(O)c1O,1.006
OC(=O)c1ccc(C(O)=O)c(c1)C(O)=O,0.7811999999999999
OC(=O)c1ccc(c(c1)[N+]([O-])=O)[N+]([O-])=O,1.2011999999999998
CC(C)C(CC=C)C(=O)NC(N)=O,1.0296
Oc1c2ccccc2cc3ccccc13,3.6986000000000017
C=C(c1ccccc1)c2ccccc2,3.7481000000000018
ONC1=C(CCCCC1)N=O,1.9073
COc1ccc2C=CC(=O)Oc2c1,1.8016
COc1ccccc1OCC(O)COC(N)=O,0.5302000000000002
CCOC(=O)COc1ccc(Cl)cc1Cl,2.9353000000000016
CCCCCc1ccc(O)cc1O,2.830500000000002
CCN(CC)C(=O)CC(C)C,1.9009
OC(CI)CI,1.2173
CNC(=S)NC,-0.2899000000000002
COC(C)OC,0.6252
CCCCC(C(O)=O)C(O)=O,0.962
OC(=O)c1cc(O)c(O)c(OC(=O)c2cc(O)c(O)c(O)c2)c1,1.1319999999999997
CCc1ccncc1,1.644
ClN=C1C=C(Br)C(=O)C(=C1)Br,2.7215
CN[C@@H](Cc1ccc(O)cc1)C(O)=O,0.6072999999999997
CCN(CCCl)CCCl,1.7858999999999998
CCCCOC(=O)/C=C/c1ccccc1,3.0431000000000017
COCc1ccccc1,1.833
CN(C)c1ccc(cc1)N=Nc2ccc(N)cc2,3.750200000000002
OC(=O)/C=C/c1occc1,1.3774
CCCCC(=O)OCC,1.7397
CCC(=O)OCC(C)C,1.5956
Br\C=C/Br,2.2474
OCCBr,0.3736
CCOC,0.6527000000000001
CNNC,-0.6598000000000002
CC(C)CC(C)(C)C,3.0786000000000016
CC(=O)OC(C)(C)C,1.348
C[Si]1(C)O[Si](C)(C)O[Si](C)(C)O[Si](C)(C)O[Si](C)(C)O[Si](C)(C)O1,4.310400000000003
CCCC(Cl)Cl,2.590200000000001
CC(N)CC(O)=O,-0.1917
CC(=O)CC(O)=O,0.0500999999999999
NC(=S)NC(N)=S,-0.9368
CC1=CC(=O)CC(=O)O1,0.4062
ClC1CCCCC1,2.557900000000001
CC(C)COC=O,0.8154
CCCCI,2.2215
ClCOCCl,1.3956
CNC(=O)Oc1cccc(c1)C(C)C,2.528200000000001
C1C=CC=C1,1.5025
CC(C)CO[N+]([O-])=O,0.8507
CCCCCCl,2.415400000000001
CC(C)CCOC(N)=O,1.1278
CC(C)CCO[N+]([O-])=O,1.2408
N#CCCCC#N,1.20386
COC(=O)C(C)O,-0.4598000000000001
C=C1CCOC1=O,0.4895
C[C@H](CCC(O)=O)[C@H]1CC[C@H]2[C@@H]3[C@H](O)[C@H](O)[C@@H]4C[C@H](O)CC[C@]4(C)[C@H]3CC[C@]12C,3.4487000000000023
CCOC(=O)C(C1=C(O)Oc2ccccc2C1=O)C3=C(O)Oc4ccccc4C3=O,3.005600000000002
CN1C(=O)C=C(N)N(CC(C)=C)C1=O,-0.2947000000000004
OC[C@H]1O[C@H]([C@H](O)[C@@H]1O)n2cnc3cncnc23,-1.5622000000000007
Oc1ccc2ccccc2c1[N+]([O-])=O,2.4536000000000007
Cc1c(Cl)cc(Cl)c(O)c1Cl,3.6608200000000006
CN1C2CCCC1CC(=O)C2,1.2022000000000002
NNC(=O)c1cccnc1,-0.3149000000000006
CCCOc1ccc(cc1N)[N+]([O-])=O,1.9658
COC(=O)C(=O)OC,-0.6676000000000002
C[C@](N)(Cc1ccc(O)c(O)c1)C(O)=O,0.4423000000000001
OC(=O)\C=C/C(=O)Nc1ccccc1,1.2658999999999998
[O-][N+](=O)c1oc(cc1)\C=N\N2CCNC2=O,0.5468999999999999
N[C@H](Cc1ccc(O)cc1)C(O)=O,0.3466
NC(Cc1ccc(O)cc1)C(O)=O,0.3466
OCC1CO1,-0.6225
O=C1NC=CC=N1,-0.2300999999999999
CCCOC,1.0428
CCCC(=O)OCC(O)CO,-0.3170999999999998
C=CCOCC=C,1.375
C[S](F)(=O)=O,-0.0844999999999999
CC(C)(O)CCl,0.9961
[O-][N+](=O)C(Br)([N+]([O-])=O)[N+]([O-])=O,-0.1773
CN1CC[C@]23[C@H]4Oc5c(OC(C)=O)ccc(C[C@@H]1[C@@H]2C=C[C@@H]4OC(C)=O)c35,1.9886
CCO[P](=S)(OCC)SCS[P](=S)(OCC)OCC,5.005300000000004
CC(C)C=C,1.8284
CCC(C)=C,1.9725
CC(=C)CCl,1.8013
CCC(C)C(C)(COC(N)=O)COC(N)=O,1.2294000000000005
C\C(Cl)=C\Cl,2.3253000000000004
CC(O)C(C)Cl,0.9945
C1O[C@@H]1[C@H]2CO2,-0.2159999999999999
CCC(C)C(C)(C)C,3.0786000000000016
CCC(C)C(C)C,2.688500000000001
CCC(C)C(C)=O,1.6215
CCC(O)C(C)C,1.4133
CCC(=O)C(C)C,1.6215
COC1=CC=C2C(=CC1=O)[C@H](CCc3cc(OC)c(OC)c(OC)c23)NC(C)=O,2.871600000000001
NCC(O)C(O)=O,-1.6094000000000002
CC(C)C(Br)C(O)=O,1.4905000000000002
CC(C)C(C)C(C)C,2.9345000000000017
CC(C)C(=O)C(C)C,1.8675
CC(N)C(O)C(O)=O,-1.2208999999999997
COc1cc(cc(OC)c1O)[C@H]2[C@@H]3[C@H](COC3=O)Cc4c(O)c5OCOc5cc24,2.3209
COc1ccc2COC(=O)c2c1OC,1.3742
OC(=O)c1[nH]cnc1C(O)=O,-0.1939
OC1C(O)C(O)C(O[P](O)(O)=O)C(O)C1O,-3.717600000000001
COCOC(=O)c1ccccc1O,1.1529
Nc1cccc2nc3ccccc3cc12,2.970200000000001
OC(C(O)c1ccccc1)c2ccccc2,2.4536
CCc1cccc(CC)c1N,2.3936
Brc1ccc2ccccc2c1,3.6023000000000014
CCN(CC)c1nc(Cl)nc(n1)N(CC)CC,2.2174
C1N[C@@H](CC=C1)c2cccnc2,1.6722
c1ccc(nc1)c2cccnc2,2.1435999999999997
S=C1Nc2cncnc2N1,1.01549
CC(C)=CC1C(C(=O)OC2CC(=O)C(=C2C)CC=C)C1(C)C,4.002000000000003
C[C@H](NC(N)=O)C(O)=O,-0.8721999999999999
CC(C)(C)c1cccc(O)c1,2.689700000000001
[O-][N+](=O)c1cccc(Br)c1,2.3573000000000004
N[C@@H](Cc1cc(I)c(O)c(I)c1)C(O)=O,1.5557999999999998
OC(=O)C\C(=C/C(O)=O)C(O)=O,-0.4433000000000001
OCC(O)C(O)C(OC1OC(CO)C(O)C(O)C1O)C(O)CO,-5.761199999999992
OCC1OC(OCC2OC(O)C(O)C(O)C2O)C(O)C(O)C1O,-5.397199999999993
Oc1cc(cc(c1)[N+]([O-])=O)[N+]([O-])=O,1.2086000000000003
OC(=O)c1ccc(C(O)=O)c(Br)c1,1.8455
OCc1ccncc1,0.5739
NC(=O)OC(CCl)CCl,0.9279
OC(=O)COc1cc(Cl)cc(Cl)c1,2.4568000000000003
c1cnc2c(c1)ccc3cccnc23,2.7830000000000004
OC(=O)COc1cccc(Cl)c1,1.8034
c1ccc(cc1)\C=C\c2ccccc2,3.857000000000003
OCc1ccc(CO)cc1,0.6712
CCCC(C)CC,2.832600000000001
CCCC(=O)CC,1.7656
CCCCC(C)CC,3.2227000000000023
CC1CCC(C)CC1,2.832600000000001
CCCCOC(=O)CC,1.7397
Cc1ncc(CO)c(C=O)c1O,0.4004199999999998
CCCC(C)(C)C,2.832600000000001
CCCC(C)(C)O,1.5574
CCCCC(C)(C)C,3.2227000000000023
CC1CCCC(=O)C1,1.7656
CC1=CCCCC1,2.5067000000000004
CCCCC(C)C,2.832600000000001
C/C=C/CCl,1.8013
CCCC\C=C\C,2.752700000000001
CCCCOC=O,0.9595
FCCl,1.1522
NC(=O)C(Cl)(Cl)Cl,0.8418999999999999
CC(Cl)(Cl)[N+]([O-])=O,1.4144
CCC(C)(O)C(C)C,1.8034
CCC(Cl)(Cl)[N+]([O-])=O,1.8045
CC(C)(CO)C=O,0.2038
CC(O)(CCl)CCl,1.215
CC(=O)OCC(COC(C)=O)(COC(C)=O)COC(C)=O,0.2251999999999994
CCCC(C)(O)CCC,2.3376
CC1(CCl)CO1,1.0141
ClC(Br)CBr,2.341100000000001
COC(C)C,1.0412
CC(Cl)C(Cl)Cl,2.4174000000000007
CO[C@H]1[C@@H](C[C@@H]2CN3CCc4c([nH]c5cc(OC)ccc45)[C@H]3C[C@@H]2[C@@H]1C(=O)OC)OC(=O)c6cc(OC)c(OC)c(OC)c6,4.171100000000004
CC(Cl)C(O)=O,0.6983
CC(Cl)[N+]([O-])=O,0.8479
CCOC(OCC)C(Cl)(Cl)Cl,2.755700000000001
CCC(Cl)[N+]([O-])=O,1.2379999999999998
CC(C)C(O)C(C)C,1.6593
[O-][N+](=O)c1ccc2CCc3cccc1c23,2.8466000000000014
OC(=O)c1c(Br)c(O)c(O)c(O)c1Br,2.0266
Cc1c(cc(c(O)c1[N+]([O-])=O)[N+]([O-])=O)[N+]([O-])=O,1.4252200000000008
CC(O)Cn1cnc2N(C)C(=O)N(C)C(=O)c12,-1.185499999999999
OC(=O)c1cccc(c1C(O)=O)[N+]([O-])=O,0.9912
CCOC(=O)c1ccccc1C(=O)c2ccccc2,3.0943000000000014
Oc1ccc2C(=O)c3ccccc3C(=O)c2c1,2.1676
COC(=O)c1ccccc1C(=O)c2ccccc2,2.704200000000001
[O-][N+](=O)c1cc2C(=O)NC(=O)Nc2c(c1)[N+]([O-])=O,0.0327999999999997
CN1C(=O)C=Cc2ccccc12,1.5385
CC1=CC(=O)c2ccccc2N1,1.83652
C[S](C)=O,-0.0052999999999999
Brc1cccc(Br)c1Br,3.9741
O[C@H]([C@H](O)[C@H](O)C(O)=O)[C@H](O)C(O)=O,-3.4008
CCC(CO)[N+]([O-])=O,0.0339999999999999
OC(=O)c1cccc(C=O)c1O,0.9028999999999998
OC(=O)c1ccc(cc1[N+]([O-])=O)[N+]([O-])=O,1.2011999999999998
Cc1cccc2cc3ccccc3cc12,4.301420000000002
CN1C(=O)[C@]23CC4=CC=C[C@H](O)[C@H]4N2C(=O)[C@@]1(CO)SS3,-0.3036999999999995
[O-][N+](=O)c1ccc2COC(=O)c2c1,1.2652
OCc1ccccc1CO,0.6712
OCc1ccccc1[N+]([O-])=O,1.0871
Nc1ccc2cc3ccccc3cc2c1,3.575200000000001
Clc1ccccc1I,2.9446000000000003
CCOC(=O)N(C)N=O,0.7561
Brc1ccc(Br)c(Br)c1,3.974100000000001
CCC(Cl)CC,2.4138
CCC(O)C=C,0.9433
O=C1CCCN1,-0.1036
CCCC(C(O)=O)C(O)=O,0.5719
C[C@]12CC[C@H]3[C@@H](CCC4=CC(=O)CC[C@H]34)[C@@H]1CC[C@@]2(O)C#C,3.4925000000000024
OC(=O)c1cc(C=O)ccc1O,0.9028999999999998
CCCCCC(C(O)=O)C(O)=O,1.3521
CCCC(O)C(C)C,1.8034
CN(C)c1cccc(c1)[S](O)(=O)=O,0.9993
[O-]C(=O)c1oc(Cl)cc1,0.2965
OC[C@H]1O[C@@H](Oc2ccccc2C=O)[C@H](O)[C@@H](O)[C@@H]1O,-1.3222000000000005
Cc1ccc(cc1C)C([O-])=O,0.6669399999999999
OCc1cccc(c1)[N+]([O-])=O,1.0871
OCc1ccc(cc1)[N+]([O-])=O,1.0871
OCc1cccc(O)c1,0.8844999999999998
O=C(CC#N)Nc1ccccc1,1.5387799999999998
OC(=O)Cc1cccc(O)c1,1.0193
CCCCCN(CCCCC)CCCCC,4.859000000000005
Cc1ccc(cc1)N=C=S,2.7293200000000004
O=C1N=CNc2nc[nH]c12,-0.3538
Cc1ccc(C=C)cc1,2.638020000000001
OCc1ccc(O)cc1,0.8845000000000001
O=Cc1ccc(C=O)cc1,1.3116
CCCC(=O)OC,0.9595
CC(COC(C)=O)OC(C)=O,0.5011000000000001
CCOCCOC(=O)CCCCCCCCC(=O)OCCOCC,3.266600000000002
CCOC(=O)CCCCCCCC(=O)OCC,2.843300000000001
CCCCC(=O)OC,1.3496
Ic1ccc(I)cc1,2.8958000000000013
CCCCCCC(O)CC,2.7277000000000013
ICCI,1.8564
CC(C)(C)CCO,1.4149
CC(C)CC(C)(C)O,1.8034
CCC(C)(C)NC(N)=O,0.8433000000000002
CCCCC(C)(C)O,1.9475
CCCCCC(C)(C)O,2.337600000000001
COCC(O)=O,-0.2826
CCOC(C)C,1.4313
CC(C)OC=O,0.5678
Clc1cccc(I)c1,2.9446000000000003
OC1=CC(=O)C=CN1,0.0804999999999999
OCc1cccc(CO)c1,0.6712
CC1=CC(=O)NC(=O)N1,-0.6283800000000002
Oc1ccc(Cl)cc1C(=O)Nc2ccc(cc2Cl)[N+]([O-])=O,3.8595000000000006
OCC1OC(OC2C(O)C(O)C(O)OC2CO)C(O)C(O)C1O,-5.397199999999993
O=C1C=CNC=C1,0.3749
CC(C)CCOCC(O)COCCC(C)C,2.472700000000001
CC\C=C/C(O)=O,1.0372
CCCOC(C)C,1.8214
CCCO[N+]([O-])=O,0.6047
OCCCBr,0.7637
OCCCCl,0.6075999999999999
COCCCl,0.8716
CC(C)CCC(C)O,1.8034
CC(C)CCOCC(O)CO,0.4022999999999999
COC(=O)CCCCC(=O)OC,0.8927999999999998
CCCCOC,1.4329
CCCCCOC(C)=O,1.7397
CC(=O)OCCCOC(C)=O,0.5026999999999999
Oc1c(Cl)cc(Cl)c(Cl)c1Cc2c(O)c(Cl)cc(Cl)c2Cl,6.609000000000001
CCCCCCCCCCCCCCC,6.097500000000006
CCCCCCCCCCCCCCCO,5.069900000000006
CCCCCCCCCCCCCCCCCCCCCCCCCC,10.388599999999991
CCCCCCCCCCCCCCCCCCCCCCCCCCCCCCCCCCCC,14.289599999999968
[O-][N+](=O)c1ccc(F)c(c1)[N+]([O-])=O,1.6421
Cc1cc(N[S](=O)(=O)c2ccc(N)cc2)sn1,1.83452
CN(C)C(=O)N(C)C,0.2296
OC(=O)c1c(Cl)c(Cl)c(Cl)c(Cl)c1C(O)=O,3.6966
CC1=C(C=C)/C(NC1=O)=C/c2[nH]c(Cc3[nH]c(\C=C\4NC(=O)C(=C4C)C=C)c(C)c3CCC(O)=O)c(CCC(O)=O)c2C,4.531240000000003
Oc1ccc2N=C3C=CC(=O)C=C3Oc2c1,1.9984
OC(=O)C1=CCCCC1,1.5714
Oc1ccc(cc1)N=O,1.7900999999999998
CC1NC(C)SC(C)S1,2.094
CC(=O)NC(=O)NC(C)=O,-0.6214
CCCCCCCCCCCCC(O)=O,4.382000000000003
NC(=O)CF,-0.5588000000000002
C[C@H](CCC(=O)NCC(O)=O)[C@H]1CC[C@H]2[C@@H]3[C@H](O)C[C@@H]4C[C@H](O)CC[C@]4(C)[C@H]3CC[C@]12C,3.594100000000001
CC(=O)OOC(=O)c1ccccc1,1.3215
CCCc1ccc(O)cc1,2.3447000000000005
NC1=NC(=O)N=C(N)N1,-1.6707
C1COCO1,-0.0092999999999999
NCCCCC(O)=O,0.2000000000000001
CCNc1nc(NCC)nc(OC)n1,0.7437999999999999
NC(Cc1[nH]cnc1)C(O)=O,-0.6359000000000006
CN(C)[P](=O)(N(C)C)N(C)C,0.7792999999999999
CCS[S](=O)(=O)CC,1.0892
CCCC[Sn](Cl)(Cl)CCCC,4.506400000000004
ClC(Br)C(Cl)Br,2.9060000000000006
NC(=O)C(Cl)Cl,0.2754
CN(N=O)C(N)=O,-0.3216999999999998
CCOC(=O)N[C@@H](C=O)[C@@H](O)[C@H](O)[C@H](O)CO,-2.6249999999999987
CN1C=CC=CC1=O,0.3852999999999998
O=[I](=O)c1ccccc1,2.0536
CNc1cccc(C)c1,2.03672
CCc1cc(C)cc(O)c1,2.26302
Cc1ccc(c(O)c1)[N+]([O-])=O,1.6088199999999997
O=C1N=CNc2nccnc12,-0.2868999999999999
Nc1ncc2nccnc2n1,0.0019999999999998
NC1=CC=NC(=O)N1,-0.6479000000000001
CN1C(=O)NC2=C(NC(=O)N2)C1=O,-1.7568
NC(=S)Nc1cccc(c1)[N+]([O-])=O,1.2503
Cc1nn(c2ccccc2)c(C)c1N=O,2.8870400000000016
OC(=O)c1c2ccccc2cc3ccccc13,3.691200000000001
CN(C)[S](=O)(=O)N(SC(F)(Cl)Cl)c1ccc(C)cc1,3.314420000000002
CC(C)(C)c1cc(c(O)c(c1)C(C)(C)C)C(C)(C)C,5.284700000000005
CC(C)O[P](=S)(OC(C)C)SCCN[S](=O)(=O)c1ccccc1,3.7726000000000015
C[C@H]1O[C@H](C[C@H](O)[C@@H]1O)O[C@H]2[C@@H](O)C[C@@H](O[C@@H]2C)O[C@H]3[C@@H](O)C[C@@H](O[C@@H]3C)O[C@H]4CC[C@@]5(C)[C@H](CC[C@@H]6[C@@H]5CC[C@]7(C)[C@H](CC[C@]67O)C8=CC(=O)OC8)C4,3.247300000000002
C[Sn](C)(Cl)Cl,2.1658
CCO[P](=O)(OCC)O[P](=O)(OCC)O[P](=O)(OCC)O[P](=O)(OCC)OCC,5.687600000000006
CCN(N=O)C(N)=O,0.0684000000000001
CCCCCCCC(C(O)=O)C(O)=O,2.1323000000000003
CCCCCCCCC(C(O)=O)C(O)=O,2.5224
CCCC(C)=C,2.3626000000000005
CC(C)=CC=C(C)C,2.918800000000002
O=CC1CO1,-0.4159
COc1ccccc1Cl,2.3486
Cc1cc(C)nc(N)n1,0.6756399999999999
C1CC[C@@H]2NCCC[C@H]2C1,1.9286
C1Cc2ccccc2c3ccccc13,3.452200000000002
O=C(NNC(=O)c1ccccc1)c2ccccc2,1.7614
CCCO[P](=O)(OCC)OCC,2.594100000000001
CCCC[P](=O)(CCCC)CCCC,4.749800000000005
CCOC(=O)CCCC(=O)OCC,1.2829000000000002
CC(O)CCOCCC(C)O,0.5448
CC(C)C1OCCO1,1.0153
CSc1ncccn1,1.1985
CC1CC(OC(C)O1)OC(C)=O,1.047
CN1C(=O)N(C)c2nc(C)[nH]c2C1=O,-0.7312800000000006
CN1C(=O)N(C)c2nc(C)n(C)c2C1=O,-0.7208800000000009
CCOC(=O)[C@H](Cc1ccc(O)cc1)NC(C)=O,1.0025
COCCCNc1nc(NC(C)C)nc(SC)n1,1.8622
COCCCNc1nc(NCCCOC)nc(SC)n1,1.4903000000000002
CC(=O)O[C@H]1CC[C@]2(C)[C@H]3CC[C@@]4(C)[C@@H](CCC4=O)[C@@H]3CC=C2C1,4.450000000000004
CC(=O)CCC1C(=O)N(N(C1=O)c2ccccc2)c3ccccc3,2.966800000000001
COc1ccc(cc1)C(c2ccc(OC)cc2)C(Cl)(Cl)Cl,5.205900000000002
CC(=O)OC(OC(C)=O)C=C,0.6247
CC(=O)NCCNC(C)=O,-0.7414000000000003
OCc1ccc(Br)cc1,1.9414
OCc1ccc(Cl)cc1,1.8323
CCOc1nc(OCC)nc(OCC)n1,1.0677
Oc1ccc2C(=O)c3ccccc3C(=O)c2c1O,1.8732
[O-][N+](=O)c1ccc2c3ccccc3c4cccc1c24,4.395400000000002
CN(C)[C@H]1[C@@H]2[C@@H](O)[C@@H]3C(=C)c4cccc(O)c4C(=C3C(=O)[C@]2(O)C(=O)\C(=C(N)/O)C1=O)O,-0.5944999999999991
COCCNC(=O)CS[P](=S)(OC)OC,0.9995
CCSCCS[P](=O)(OC)OC,2.873600000000001
CC(C(O)=O)C(C)(C)CCC(O)=O,1.5981
CCCC(=O)NCCNC(=O)CCC,0.8189999999999995
CCCCCC(=O)CCCCC,3.716100000000002
CCCCO[N+]([O-])=O,0.9948
CCC#CCC,1.8098
O=NN1CCCC1,0.7636000000000001
O=NN1CCCCCC1,1.5438
Oc1c(Cl)ccc(Cl)c1Cl,3.3523999999999994
O=[S]1(=O)NCc2ccccc12,0.4785000000000001
CN(Cc1ccccc1)N=O,1.7997999999999998
BrC1=CC(=O)Oc2ccccc12,2.5555000000000003
COc1cc(Cl)c(Cl)c(Cl)c1Cl,4.308800000000001
COc1c(Cl)c(Cl)c(Cl)c(Cl)c1OC,4.317400000000001
CCO[P](=O)(OCC)N=C1SCCS1,3.0035000000000016
CCO[P](=O)(OCC)N=C1SCC(C)S1,3.392000000000002
CC(=O)C1(C)CCC2C3C=C(C)C4=CC(=O)CCC4(C)C3CCC12C,5.279700000000005
Nc1ncnc2nc[nH]c12,-0.0648999999999999
C[P](O)(O)=O,-0.2061
CC(C)N(C)C,0.9564
CCOC(=O)CO[N+]([O-])=O,-0.2421999999999997
CCOC(=O)CNC(=O)OCC,0.2955999999999999
CC(O)COC(=O)C=C,0.0964
CCCCCO[N+]([O-])=O,1.3849
CC1CCC(C)O1,1.5738
Cc1cc[n+]([O-])cc1,0.62842
CCNc1nc(N)nc(Cl)n1,0.5389999999999999
O=C1CCCCCCCCCN1,2.237
CCCCn1cnc2N(C)C(=O)N(C)C(=O)c12,0.2338
O=C1OC(=Nc2ccccc12)c3ccccc3,2.8550000000000004
ClC1C2OC2C3C1C4(Cl)C(=C(Cl)C3(Cl)C4(Cl)Cl)Cl,4.452700000000001
CN(C)[P](=O)(N(C)C)n1nc(nc1N)c2ccccc2,1.6066999999999994
OC(=O)CNc1c(cc(cc1[N+]([O-])=O)[N+]([O-])=O)[N+]([O-])=O,0.9077
CCCCCCCCOC(=O)c1cc(O)c(O)c(O)c1,3.320700000000003
C[Si](C)(O)O,-0.3272
N[S](=O)(=O)c1cc2c(NC(Cc3ccccc3)N[S]2(=O)=O)cc1C(F)(F)F,1.6254
OC(=O)CNC[P](O)(O)=O,-1.2042
S=C1NNC(=S)S1,1.86328
Fc1ccccc1Br,2.5882000000000005
Oc1cnn(c1)c2ccccc2,1.5779
CCCCCCCc1ccccc1,4.199500000000003
CCCCCCOC(=O)c1ccc(O)cc1,3.129300000000001
CCCCCCCOC(=O)c1ccc(O)cc1,3.5194000000000027
CN(C)[S](=O)(=O)N(SC(F)(Cl)Cl)c1ccccc1,3.006000000000001
CC(C)(C)C(=O)OCC(=O)C1(O)CCC2C3CCC4=CC(=O)C=CC4(C)C3C(O)CC12C,3.154600000000001
CCC1NC(=O)c2cc(c(Cl)cc2N1)[S](N)(=O)=O,0.8788
CSCC[C@@H](NC(C)=O)C([O-])=O,-1.0058999999999994
OCCN(CCO)N=O,-1.0456
CCCCCCCCN(CCCCCCCC)CCCCCCCC,8.369900000000007
CCCCC#CC,2.1999000000000004
CCCCCCCCCCC,4.537100000000004
CN(C)c1cc[nH+]cc1,0.5667
CCc1cccc(C)n1,1.95242
Cc1cc(Cl)cc(C)c1O,2.662440000000001
Clc1cnc2cncnc2n1,1.0731999999999997
Oc1ccc(CC=C)cc1O,1.8263
Cc1cc(N)n(n1)c2ccccc2,1.7629199999999998
Oc1ccc(cc1)C2CCCCC2,3.439900000000001
CCSC(=O)N(CC)C1CCCCC1,3.5141000000000027
Cl[Sn](Cl)(c1ccccc1)c2ccccc2,2.720600000000001
COC1[C@H](O)C(C)O[C@H](O[C@H]2CC[C@@]3(C=O)[C@H](CCC4C3CC[C@]5(C)[C@H](CC[C@]45O)C6=CC(=O)OC6)C2)C1O,2.2892
CCC(C(CC)C(O)=O)C(O)=O,1.208
N[C@@H]([C@@H](O)C(O)=O)C(O)=O,-2.156200000000001
CCN(CC)C(=O)N(CC)CC,1.79
CC(C)C[C@H](NC(C)=O)C(O)=O,0.6218000000000001
Oc1ccc(O)c(C=O)c1,0.9103
CC(NC(=O)c1ccccc1)C(O)=O,0.8895
COC(=O)CNC(=O)c1ccccc1,0.5893999999999995
CN1c2ccccc2Sc3ccccc13,3.919100000000002
CC1COCc2cc3c(cc12)C(C)(C)C(C)C3(C)C,4.525200000000004
Cc1c(C(O)=O)c(O)cc2C(=O)c3c(O)c(O)c([C@H]4O[C@H](CO)[C@@H](O)[C@H](O)[C@H]4O)c(O)c3C(=O)c12,-1.1940800000000005
CC(C)C(C)C(C)C(O)C#CC(C)C(C)O,2.2958000000000003
Cc1c(C(O)=O)c(O)cc2C(=O)c3c(O)c(O)c(C4OC(CO)C(O)C(O)C4O)c(O)c3C(=O)c12,-1.1940800000000005
C1CN(CCO1)C(c2ccccc2)(c3ccccc3)c4ccccc4,4.310700000000003
CC(C)(C)c1cc(cc(c1O)[N+]([O-])=O)[N+]([O-])=O,2.506100000000002
[O-][N+](=O)c1ccc(NN=C2C=CC(=O)C=C2)cc1,2.0578
NC(=O)c1ccccn1,0.1804999999999999
CC1CN(CC(C)O1)N=O,0.7769999999999999
Cc1ccc(C)c(C)n1,2.00686
Oc1ccc2CCCc2c1,1.8809
ClC\C=C/CCl,2.0202
CC[C@@H]1CCCCN1,1.5385
O=C1CCCCC1C2=CCCCC2,3.246100000000002
CC(=O)Oc1ccc(Br)cc1C(O)=O,2.0726
C#N,0.13978
COc1ccc(NC(N)=O)cc1,1.1857999999999995
COc1ccc(O)c(c1)[N+]([O-])=O,1.3089999999999995
CCCOCC(C)O,0.7938000000000001
C/C=C/C(C)O,0.9433
Cc1cc(Cl)ccc1O,2.3540200000000007
Cc1cc(Cl)cc(Cl)c1O,3.00742
NC(=O)c1cccc(c1)[S](N)(=O)=O,-0.5670999999999999
OC(=O)C=C(Br)Br,1.7022000000000002
CC(NC(N)=O)NC(N)=O,-1.3309999999999995
NC(=O)NN=C1CCCCC1,0.9748
OC(=O)CCC(=O)c1ccc2ccccc2c1,2.887300000000001
OCC(CO[N+]([O-])=O)(CO[N+]([O-])=O)CO[N+]([O-])=O,-1.4099999999999997
C=C\C=C/C#N,1.25218
CN(C)C1CSSC1,1.3116
CCOC(=O)CC(S[P](=O)(OC)OC)C(=O)OCC,2.0054
CCCCCCCS,2.886600000000002
CNC(=O)O\N=C\C(C)(C)[S](C)=O,0.4852999999999998
FC(F)(Cl)CCl,2.0568
CCCCCCCCCC(C)O,3.5079000000000025
CC(C)CCCCCO,2.1951000000000005
Cc1cnc2c(ccc3c(C)c(C)cnc23)c1C,4.016680000000003
CN(C)CC\C=C1/c2ccccc2COc3ccccc13,3.9624000000000033
OC(=O)c1cc(Cl)c(Cl)cc1Cl,3.3450000000000006
CCC1CCCCC1,2.976700000000002
CC1(C)C2CC3OC3(C)C1C2,2.2099
CC1(C)OC(=O)c2ccccc12,2.0921000000000003
O=C1C=CC(C=C1)=NNc2ccccc2,2.1495999999999995
Oc1c(Br)cc(cc1Br)C#N,2.78888
CCCCCCCC(=O)Oc1c(Br)cc(cc1Br)C#N,5.349180000000004
ClC1=C(Cl)C(=O)N(N=C1)c2ccccc2,2.5393
NC1=C(Cl)C(=O)N(N=C1)c2ccccc2,1.4680999999999995
OC(=O)c1nc(Cl)ccc1Cl,2.0866
CCN,-0.0349999999999998
Cc1cc2c3ccccc3ccc2c4ccccc14,5.454620000000004
CC(C)O[N+]([O-])=O,0.6031
CC(F)(Cl)Cl,2.1072
COc1ccc2Nc3cc(Cl)ccc3Sc2c1,4.556800000000002
CC(C)c1ccc2c(CC[C@H]3[C@@](C)(CCC[C@]23C)C(O)=O)c1,4.904900000000004
C1NNCN2CNNCN12,-2.448999999999998
O=C(Nc1ccccc1)c2cccnc2,2.3339
Nc1ccc2snnc2c1,1.2735
OCc1ccc(Cl)cc1Cl,2.4857000000000005
[O-][N+](=O)CCl,0.4593999999999999
C\C(NO)=C/N=O,0.5929
OCc1ccc(Cl)c(Cl)c1,2.4857000000000005
CCCCO[P+](=O)OCCCC,3.2772000000000023
Clc1ccc(Cl)c2ccccc12,4.146600000000002
CCN(CC)C(=O)CSc1ccc(Cl)nn1,2.0905
[O-][N+](=O)c1ccc(Oc2ccc(Cl)cc2Cl)cc1,4.693900000000002
[O-][N+](=O)c1ccc(Oc2c(Cl)cc(Cl)cc2Cl)cc1,5.3473000000000015
CCCC(O)C(C)CC,2.1935
Fc1ccc(cc1)C(CCCN2CCC3(CC2)N(CNC3=O)c4ccccc4)c5ccc(F)cc5,5.305400000000005
COC(=O)c1c(Cl)c(Cl)c(c(Cl)c1Cl)C(=O)OC,3.873400000000001
CC(O)COCc1c(Cl)ccc(Cl)c1Cl,3.544200000000002
Cc1cc(O)c(Cc2ccccc2)c(C)c1Cl,4.253240000000003
OCCNC(=O)C(=O)NCCO,-2.7965999999999984
Nc1ncnc2n(cnc12)[C@]3(CO)O[C@H](CO)[C@@H](O)[C@H]3O,-2.8334999999999986
Cc1ccccc1OCC(O)=O,1.45842
OC(=O)COc1ccccc1[N+]([O-])=O,1.0582
CC(C)(C)[S](=O)(=O)C(C)(C)C,1.9982
ClC(Cl)=C(Cl)C(Cl)(Cl)Cl,4.2421
CCN(CC)c1nc(Cl)nc(NC(C)C)n1,2.1915
Cc1oc(cc1)C(O)=O,1.28622
COCc1oc(C=O)cc1,1.2385
Nc1c(Cl)c(Cl)nc(C(O)=O)c1Cl,2.3222
CCCN(CCC)c1c(cc(C)cc1[N+]([O-])=O)[N+]([O-])=O,3.437820000000002
CNC(=O)Oc1c(cc(C)cc1C(C)(C)C)C(C)(C)C,4.308220000000004
Oc1ccc2Nc3ccccc3Sc2c1,3.6004000000000005
COC(=O)COc1ccc(Cl)cc1Cl,2.5452000000000004
CCCCCCCCOC(=O)COc1ccc(Cl)cc1Cl,5.2759000000000045
CCCOC(=O)COc1ccc(Cl)cc1Cl,3.325400000000002
COc1ccc(CCC(O)=O)cc1,1.7124
CCCCOCCOC(=O)COc1ccc(Cl)cc1Cl,3.732100000000002
C1CO1,0.0166
CNC(=O)Nc1sc2ccccc2n1,2.0476
[O-][N+](=O)C(Cl)([N+]([O-])=O)[N+]([O-])=O,-0.3334000000000001
CCCS[S](=O)CCC,2.2033000000000005
COc1c(cccc1C(O)=O)C(O)=O,1.0916
CCC(=O)Oc1ccc(cc1)[N+]([O-])=O,1.9102
CCCCC(=O)Oc1ccc(cc1)[N+]([O-])=O,2.690400000000001
CC(C)C(NC(=O)CN)C(O)=O,-0.829499999999999
BrC(Br)Br,2.4547
OCCNC(=O)CCCCC(=O)NCCO,-1.2361999999999986
NC(=O)Nc1ccc(Br)cc1,1.9397
CCc1ccccc1Br,3.0115000000000016
COc1c(Cl)cccc1Cl,3.0020000000000007
NC(=O)C=Cc1ccccc1[N+]([O-])=O,1.0933000000000002
CCSC(=O)N(CC(C)C)CC(C)C,3.4735000000000023
CCOC(=O)CCc1ccccc1,2.1823
CNC(=O)Oc1cc(C)c(SC)c(C)c1,2.743540000000001
CCCC1CCCC1,2.976700000000002
CC(O)C(N)=O,-1.1475000000000002
CCOC(=O)CCCCCC(=O)OCC,2.0631
CCOC(=O)CCCCCCC(=O)OCC,2.4532000000000007
Clc1ccc2ccccc2c1Cl,4.146600000000001
Clc1cccc2cccc(Cl)c12,4.146600000000001
COC(C)C(N)C(O)=O,-0.5668000000000002
OC(=O)c1ccc(Cl)cc1Cl,2.6916
CC(C)I,1.8298
C[C@@H](C[C@@H](C)C([O-])=O)C([O-])=O,-1.8514999999999997
N[S](=O)(=O)c1cc2c(CN(C3CCCCC3)C2=O)cc1Cl,2.2759
Brc1cccc(c1)N=C=S,3.1834000000000007
C[C@@H]1C[C@H]2[C@@H]3C[C@H](F)C4=CC(=O)C=C[C@]4(C)[C@@]3(F)[C@@H](O)C[C@]2(C)[C@@]1(O)C(=O)CO,1.8437
Oc1ccc(C2CCCCC2)c(O)c1,3.145500000000001
OC(=O)c1ccccc1C(=O)c2ccc(Br)cc2,3.378300000000001
CCNC1=NC(=O)N=C(NC(C)C)N1,0.4169999999999994
CC(C)N,0.3535
O=C1NC2=C(CCC2)C(=O)N1C3CCCCC3,1.5305
CC(=C)C(=O)Nc1ccc(Cl)c(Cl)c1,3.508000000000002
CC(C)COc1ccc2ccccc2c1,3.8746000000000023
Clc1ccc2ccc(Cl)cc2c1,4.146600000000001
CCOC(=O)c1[nH]c(C)cc1C,1.80824
COc1ccc(cc1C(O)=O)C(O)=O,1.0916
C[C@H]1CCCC[C@H]1C,2.832600000000001
IC(I)I,2.575
CCCCC(C)CCC,3.6128000000000022
COc1cccc2ccccc12,2.8484000000000007
CC1(C)[C@@H]2CC[C@@](C)(C2)[C@@H]1O,2.1935000000000007
CCC(CC)([S](=O)(=O)CC)[S](=O)(=O)CC,1.3721
Clc1ccc(Sc2cc(Cl)c(Cl)cc2Cl)cc1,6.451400000000001
ClC1=C(Cl)C(Cl)(C(=C1Cl)Cl)C2(Cl)C(=C(Cl)C(=C2Cl)Cl)Cl,7.725599999999999
O\N=C/1CCCC=C1,1.5567
CC1CN1,-0.0218999999999999
Clc1c(Cl)c(Cl)c2c(Cl)c(Cl)c(Cl)c(Cl)c2c1Cl,8.067
Nc1cccc(c1)C#N,1.1404800000000002
CCCCCCCCC#N,3.260580000000002
S=C=NCCc1ccccc1,2.3319
[O-]C(=O)C(Cl)=C(Cl)Cl,0.6217999999999999
FC(F)(F)c1[nH]c2cncnc2n1,1.3716999999999997
OC(=O)CCCCc1ccccc1,2.484000000000001
Cn1cnc2nc(Cl)nc(Cl)c12,1.6700999999999997
CO[P](=O)(OC)OC(=C\Cl)/c1ccc(Cl)cc1Cl,4.948100000000002
C[As](C)(O)=O,0.1109999999999999
CCO[P](=S)(OCC)SCC(=O)NC(C)C,2.5417000000000005
CNC(=O)CCSCCS[P](=O)(OC)OC,1.9898
OC(=O)c1c(O)ccc2ccccc12,2.2436
CC(C)N(C(C)C)C(=O)SC\C(Cl)=C\Cl,4.277400000000004
OC(=O)C1CCCCC1C(O)=O,0.9620000000000002
O=C1Nc2nc[nH]c2C=N1,-0.3538
CN1C(=O)N(C)C2=C(N(C)C(=O)N2C)C1=O,-1.725599999999999
CCO[P](=S)(OCC)SCN1C(=O)Oc2cc(Cl)ccc12,4.236100000000003
CCCCOC(=O)C1(O)c2ccccc2c3ccccc13,3.2462000000000018
CCN(CC)C(=O)CCl,1.0936
CCCOC(=O)c1ccccc1,2.2534
OCc1cc(Br)ccc1O,1.647
CCOC(=O)[C@H](Cc1ccccc1)NC(C)=O,1.2969
Fc1cc(F)c(F)c(F)c1,2.2430000000000003
CCCC(C)(C)CO,1.805
OC(=O)\C=C/c1ccc2OCOc2c1,1.5131
Cc1ccc2cc3ccc4ccccc4c3cc2c1,5.454620000000004
Cc1ccc2cc3c(ccc4ccccc34)cc2c1,5.454620000000004
Cc1c2ccccc2c3ccc4cccc5ccc1c3c45,6.045620000000003
S=C1Nc2ccccc2O1,2.4903900000000005
ClC1(Cl)C2(Cl)C3(Cl)C4(Cl)C(Cl)(Cl)C5(Cl)C3(Cl)C1(Cl)C5(Cl)C24Cl,6.222999999999999
Clc1cccc(c1)N=C=S,3.074300000000001
CCCCO[P](=O)(CC)OCCCC,3.8328000000000033
CCCCO[P](C)(=O)OCCCC,3.442700000000002
CCC(O)CN(CC(O)CC)CC(O)CC,0.6010999999999993
Cc1c2ccccc2cc3ccc4ccccc4c13,5.454620000000004
ClC(Cl)C(Cl)(Cl)SN1C(=O)C2CC=CCC2C1=O,3.520900000000001
CCCCOCC1CO1,1.2019
Cc1ncc2nccnc2n1,0.7282199999999999
Cc1ncnc2nccnc12,0.7282199999999999
Cc1ccc2nc3SC(=O)Sc3nc2c1,2.5746200000000004
COc1ccccc1C(N)=O,0.7941
OC(=O)CN(C[P](O)(O)=O)C[P](O)(O)=O,-1.3566000000000005
Nc1ccc(CC(=O)c2ccccc2)cc1,2.6942000000000013
Clc1ccc(Oc2ccc(Cl)cc2)cc1,4.785700000000003
CC(=O)Oc1c(cc(c(C)c1C(C)(C)C)[N+]([O-])=O)[N+]([O-])=O,3.034220000000002
OC(=O)CNC=O,-1.183
CCO[P](=S)(OCC)SCC[S](=O)(=O)CC,2.4518000000000004
Cc1c2ccccc2cc3c1cc(F)c4ccccc34,5.593720000000003
Cc1cccc2ccc3cc4ccccc4cc3c12,5.454620000000004
OC(=O)c1cc(Cl)ccc1[N+]([O-])=O,1.9464000000000004
CCCCO[P](=O)(OCCCC)Oc1ccccc1,4.806900000000004
COC(=O)C1(O)c2ccccc2c3ccc(Cl)cc13,2.729300000000001
CO[P](=S)(OC)SCC(=O)N(C)C=O,0.8516999999999999
Cc1c2ccccc2cc3c4ccccc4cc(F)c13,5.593720000000003
Cc1c2ccccc2cc3c4ccccc4ccc13,5.454620000000004
CC(C)(O)C#N,0.2808800000000001
OC(=O)CCCCCCCC=O,2.0006
ClC(Cl)C(=O)Nc1ccccc1,2.4288
CCC1OCCO1,0.7693
N\C(NO)=C(/N)N=O,-1.2244000000000002
Cc1cc(O)ccc1[N+]([O-])=O,1.60882
[O-][N+](=O)c1ccc(cc1)N=Nc2ccc(Nc3ccccc3)cc2,5.753800000000004
NC(N)=Nc1sc2ccccc2n1,1.2012
OC(=O)CCC=CC(O)=O,0.4920000000000001
CCO[P](=S)(OCC)SC[S](=O)CC,2.7432000000000016
CCO[P](=S)(OCC)SC[S](=O)(=O)CC,2.409300000000001
FC(F)(F)CCl,1.7875
CCOc1snc(n1)C(Cl)(Cl)Cl,2.7635000000000014
CCOC(=O)C(S[P](=S)(OC)OC)c1ccccc1,3.5413000000000023
C[Hg]C#N,0.59808
Cc1nc(C)c(cc1C(O)=O)C(O)=O,1.09484
CC(=O)Nc1ccc(OC(C)=O)cc1,1.5702999999999998
CN1C(=O)N(C)c2nc(C)c(C)nc2C1=O,-0.3559600000000003
Oc1ccc2ccccc2c1N=O,2.9433000000000007
C[C@@](CCC([O-])=O)(N=N[C@](C)(CCC([O-])=O)C#N)C#N,-0.936639999999999
CCO[P](=S)(OCC)SCN1N=Nc2ccccc2C1=O,2.779700000000001
Nc1cc2c3ccccc3ccc2c4ccccc14,4.728400000000002
CNC(=O)Oc1cc(cc(c1)C(C)(C)C)C(C)(C)C,3.999800000000003
COc1cc(Cl)c(OC)cc1Cl,3.010600000000002
CNCCC(O)=O,-0.3194999999999999
Clc1ccccc1Oc2ccccc2,4.1323000000000025
CCCCO[P](=O)(OCC)OCC,2.9842000000000013
OC(=O)C(CSSCC(NC(=O)Cc1ccccc1)C(O)=O)NC(=O)Cc2ccccc2,1.992
[O-]C(=O)C(Br)(Br)Br,0.5748
C1C[n+]2ccccc2c3cccc[n+]13,0.9422
COc1cc(Cl)c(Cl)cc1OC,3.010600000000002
COC1=COC(=CC1=O)CS[P](=O)(OC)OC,2.2825
CC(O)([P](O)(O)=O)[P](O)(O)=O,-0.9922000000000002
C[C@H]1C[NH2+][C@H](C)C[NH2+]1,-2.096199999999998
OC(=O)CCCCCCCCCCBr,3.976800000000003
CCC(N)C(O)=O,-0.1916999999999999
FC(Cl)C(F)(F)F,2.0831
CC(=O)C(C)(C)C,1.6215
COc1cccc(Cl)c1,2.3486
CCO[P](=S)(OCC)Oc1nc(Cl)c(Cl)cc1Cl,4.718100000000002
O=C1CCCC1C#N,0.87918
CCSC(=O)N(CC)CC,2.2013
C=CCO[P](=O)(OCC=C)c1ccccc1,2.910200000000001
CCCCO[P](=O)(CCCC)CCCC,4.6814000000000044
CC1=C(Cl)C(=O)C(=C(C)N1)Cl,2.29854
Oc1ccc(C=O)cc1Br,1.9672
OC(=O)COc1cccc(Cl)c1Cl,2.4568000000000003
CCOC(=O)C(C)OC(C)=O,0.5010999999999999
Nc1ccc(SC#N)cc1,1.84198
Nc1nc2nc[nH]c2c(n1)C(F)(F)F,0.9539
CCN(CC)c1nc(NC(C)C)nc(OC)n1,1.5466999999999995
CNc1nc(Cl)nc(NC(C)C)n1,1.3869999999999998
CC(Br)CCl,2.0086
CNc1nc(NC(C)C)nc(OC)n1,0.7421999999999997
NC1=C(Br)C(=O)N(N=C1)c2ccccc2,1.5772
CC(Cl)(Cl)C(O)=O,1.2648
CN[C@@H](CC(C)C)C(O)=O,0.7050999999999998
CC(C)C(NC(C)=O)C(O)=O,0.2316999999999998
C=CCCCC=C,2.5287000000000006
CC1CCCC(C)(C)C1,3.2227000000000023
CC[C@@H](C)[C@H](N)C(O)=O,0.4443999999999999
CC(C)(C)CCCO,1.805
NC(=O)C[C@H](NC(N)=O)C(O)=O,-2.0167
CN(C)C(=O)N(c1ccc(Cl)c(Cl)c1)C(=O)c2ccccc2,4.321800000000003
CC(O)C(Cl)(Cl)Cl,1.7374
NC(=O)NCl,-0.1914999999999999
CC(C)C[C@H](N)C(=O)NCC(=O)NCC(O)=O,-1.3231999999999968
OC(=O)C1=C/C(C=CC1=O)=N/Nc2ccccc2,1.6043999999999998
COc1ccc(cc1)C(=O)CCC(O)=O,1.7427
CCC(NC=NN)C(O)=O,-0.6587999999999994
OC1=CC=C(Br)C=CC1=O,1.5148999999999997
BrC1CCC(Br)C(Br)CCC(Br)C(Br)CCC1Br,6.921600000000004
[O-][N+](=O)c1cccc(Cl)c1Cl,2.901600000000001
BrCC(CBr)(CBr)CBr,3.5524000000000013
Cc1ccnc2c1ccc3c(C)ccnc23,3.399840000000002
CCC(=O)OOC(=O)CC,0.8077999999999999
CC(Oc1ccc(Cl)cc1)C(O)=O,2.1918999999999995
CN(C)C(N)=N,-0.5585299999999997
OC(=O)C1=CCCc2ccccc12,2.1008
OC(=O)C(F)(F)Cl,0.9026
O/N=C/1CCCC=C1,1.5567
C=CCCN=C=S,1.6653
Nc1nc(N)nc(Cl)n1,-0.3106000000000001
CCC(=O)NCCNC(=O)CC,0.0387999999999992
Clc1ccc(cc1)C(=C(Cl)Cl)c2ccccc2Cl,6.187900000000002
CN1C(=O)N(C)c2n[se]nc2C1=O,-1.9157999999999995
Oc1cc(Br)cc(C=O)c1,1.9672
CC1CCCCN1CCCOC(=O)c2ccc(Cl)c(Cl)c2,4.414700000000004
Clc1c(Cl)c(Cl)c2nccnc2c1Cl,4.2434
CC(C)CCC(C)(C)C,3.468700000000003
CCOC(=O)N(CC)CC,1.4847
Oc1cc(O)c(c(O)c1)C(=O)c2ccccc2,2.0343999999999998
OC[C@H]1OC2(COC3(CO2)O[C@H](CO)[C@@H](O)[C@@H]3O)[C@@H](O)[C@@H]1O,-4.348399999999995
CN(Cc1cc(Br)cc(Br)c1N)C2CCCCC2,4.558300000000004
FC(F)(Cl)C(Cl)(Cl)Cl,3.1882
CCCCCCCCCC(C(O)=O)C(O)=O,2.9125000000000005
FC(F)(F)c1[nH]c2ccc(Cl)c(Cl)c2n1,3.8885
CCC1(C(=O)NC(=O)NC1=O)C2=CC3CCC(C3)C2,1.4952
C[C@H](CC(O)=O)C(O)=O,0.1818
NC(C(O)C(O)C(O)CO)C(O)=O,-3.5267000000000004
CCc1ccc(NC(C)=O)cc1,2.2074
OCCCCCCCCCCC([O-])=O,1.2394999999999998
COc1cc(OC)c2C(=O)C3(Oc2c1)C(C)CC(=O)C=C3OC,2.1569000000000003
CCOC(C)C(=O)C=O,0.1794
FC(Cl)(Cl)C(F)(Cl)Cl,3.1882
Clc1ccc(cc1)C(C(=O)C2C(=O)c3ccccc3C2=O)c4ccccc4,4.736400000000003
Cc1cc2ccccc2c3ccc4ccccc4c13,5.454620000000004
Cc1c(C)c2c3ccccc3ccc2c4ccccc14,5.763040000000004
Cc1cc(C)c[n+]([O-])c1,0.93684
NCc1ccccn1,0.5403000000000001
CCO[P](=O)(OCC)SCC(=O)NC(C)(C)C#N,2.3190800000000005
CCO[P](=S)(OCC)Oc1ccc(N)cc1,2.945100000000001
Clc1cc(Cl)nc(n1)c2ccccc2,3.450400000000002
COc1cc(N[S](=O)(=O)c2ccc(N)cc2)nc(C)n1,1.17662
OC(=O)CN1C(=O)Sc2cccc(Cl)c12,1.8010000000000004
NNC(=O)CC(=O)NN,-2.6437
C[C@H]([NH3+])C(C)(C)C,0.6628999999999994
[nH]1c2ccccc2nc1c3occc3,2.8229000000000006
Brc1ccc2Nc3ccccc3Sc2c1,4.657300000000001
Ic1ccc2Nc3ccccc3Sc2c1,4.499400000000001
ClCC[S](=O)(=O)CC[S](=O)(=O)CCCl,0.2936000000000003
OC(=O)CN(CC(O)=O)Cc1cc2C(=O)c3ccccc3C(=O)c2c(O)c1O,0.8443999999999996
COC(=O)c1ccc(O)c(Cl)c1,1.8322
OC(=O)C[C@@H](Cl)C(O)=O,0.1531000000000001
OC(=O)COc1c(Cl)ccc(Cl)c1Cl,3.1102000000000007
CC1(C)C2CCC1(C)C(=O)C2,2.401700000000001
C\C=C/CO,0.5548
[O-][N+](=O)C(CCl)([N+]([O-])=O)[N+]([O-])=O,-0.2909000000000001
CCSc1nc(NC(C)C)nc(NC(C)C)n1,2.624200000000001
OC1(C(=O)NC(=O)NC1=O)C2(O)C(=O)NC(=O)NC2=O,-4.819399999999998
CCCCOC(=O)CCOC,1.3662
[O-][N+](=O)c1cc2cccnc2c3ncccc13,2.6912000000000003
CCC1=CNC(=O)NC1=O,-0.3744
OC(=O)c1ccccc1CC(=O)c2ccccc2C(O)=O,2.5084
OC(=O)c1ccc(c(c1)C(O)=O)[N+]([O-])=O,0.9912
Clc1ccc(cc1)N=Nc2ccccc2,4.7554000000000025
[O-][N+](=O)c1oc(cc1)\C=N\N2CCCOC2=O,1.364
O=C1Cc2c(O1)ccc3ccccc23,2.3013000000000003
CCCCCCCCCCC(C(O)=O)C(O)=O,3.302600000000001
Cc1ccc(O)c(CO)c1,1.1929199999999998
CCOC(=O)c1[nH]c(C=O)c(CC)c1C,1.87472
OC(=O)c1cccnc1Nc2cccc(c2)C(F)(F)F,3.542200000000001
CC(=O)CC1CCCCN1,1.1076
CC\C(NO)=C(\CC)N=O,1.7632
O=[P](N1CCOCC1)(N2CCOCC2)N3CCOCC3,0.0911000000000012
Cc1cnc(N[S](=O)(=O)c2ccc(N)cc2)nc1C,1.47644
CC(C)(CO)[N+]([O-])=O,0.0339999999999999
CC1CCC(C)(C)C1,2.832600000000001
CC1NC(=O)CNC1=O,-1.3790999999999998
CN(C=C)N=O,0.7431
O=C1NC=NC=C1,-0.2300999999999999
CC(=O)C1(C)CO1,0.3642999999999999
CCSC(=S)NCC(O)=O,0.6985999999999999
OC[C@H]1O[C@@H](O[C@@H]2[C@@H](CO)O[C@](O)(CO)[C@H]2O)[C@H](O)[C@@H](O)[C@H]1O,-5.395599999999993
CCN(CC)C(=O)OC,1.0946
OC(=O)CCC(=O)c1cccc2ccccc12,2.887300000000001
CC(Cl)C(Cl)(Cl)C(O)O,1.0982999999999998
N[P](N)(=O)c1ccccc1,0.4223999999999995
NCCCNc1ccccc1,1.4472999999999998
CCCN(CCC)c1c(cc(cc1[N+]([O-])=O)[S](C)(=O)=O)[N+]([O-])=O,2.5329000000000006
OC(=O)c1ccccc1C(=O)Nc2ccccc2,2.637100000000001
CCOC[C@H](N)C(O)=O,-0.5651999999999995
ClC1C=CC2C1C3(Cl)C(=C(Cl)C2(Cl)C3(Cl)Cl)Cl,5.2415
OC(=O)CCSSCCC(O)=O,1.3172
C/C=C/C#N,1.08608
CCCC(O)C=C,1.3334
CC(C)C(O)C=C,1.1893
CCC(O)\C=C\C,1.3334
OC(=O)C(=O)C(c1ccccc1)c2ccccc2,2.472200000000001
CN(C)C(=O)Nc1cccc(OC(=O)NC(C)(C)C)c1,2.6670000000000007
O=[P](Oc1ccccc1)(N2CCOCC2)N3CCOCC3,1.8378999999999996
COc1ccc2C[C@@H]3[C@@H]4C=C[C@H](O)[C@@H]5Oc1c2[C@]45CCN3C,1.5011
OC(=O)CC(SC(CC(O)=O)C(O)=O)C(O)=O,-0.4245999999999999
ClCC(=O)NC(=O)CCl,0.1067999999999998
C1CCC(CC1)N(Sc2sc3ccccc3n2)C4CCCCC4,6.270800000000006
CC(=O)Nc1ccc(OC(=O)c2ccccc2OC(C)=O)cc1,2.789500000000001
O=[S](=O)(N1CCCCC1)c2ccccc2,1.8612
CCN(CC)C(C#N)c1ccccc1,2.5930800000000005
CCOc1ccc2C[C@@H]3[C@@H]4C=C[C@H](O)[C@@H]5Oc1c2[C@]45CCN3C,1.8912
CCO[P](=S)(OCC)N1C(=O)c2ccccc2C1=O,2.5801000000000007
CCSC(=S)N[C@@H](CC(O)=O)C(O)=O,0.5419
ClCC[S](=O)(=O)CCOCC[S](=O)(=O)CCCl,0.3102000000000002
CC(=O)Nc1ccc(Cl)cc1C,2.606820000000001
CCCCC1=C(C)NC(=NC1=O)N(C)C,1.48692
CN1C2CCC1CC(C2)OC(=O)C(CO[S](O)(=O)=O)c3ccccc3,1.7579999999999998
OC(=O)CC1CCCCC1,2.0414000000000003
CCCCCCCCCCCCCCCCNC(=O)C(C)O,4.964700000000005
CCCCCNC(=O)C(C)O,0.6735999999999998
OCC(O)C1OC(Oc2ccccc2)C(O)C(O)C1O,-1.7738000000000005
O[P](O)(=O)c1cccc(c1)[N+]([O-])=O,0.3977999999999998
CC(C)CC(NC=O)C(O)=O,0.2316999999999998
OC(c1ccccc1)(c2ccccc2)c3ccccc3,3.970800000000003
CN1CCC=C1C,1.2257
NN[P](=S)(NN)c1ccccc1,-0.4519999999999993
Cc1cc(C)cc(OCC(O)=O)c1,1.76684
Clc1ccc2oc3ccc(Cl)cc3c2c1,4.892800000000002
CCCCCCNC(=O)C(C)O,1.0637
CC1(C(=O)NC(=O)NC1=O)c2ccccc2,0.3102999999999996
CCCCOC(=O)C(C)OC(C)=O,1.2813
CCc1nc2N(C)C(=O)N(C)C(=O)c2n1C,-0.4669000000000001
NC(N)=NC(N)=Nc1ccc2ccccc2c1,1.0594000000000003
OC(=O)CC1NC(=O)NC1=O,-1.3309000000000002
Cc1ccc(cc1O)[N+]([O-])=O,1.60882
NC(=O)SCC(=O)Nc1ccccc1,1.437
Cn1cnc2nc(Cl)nc(NN)c12,0.3022999999999998
CCOC(=O)C1=C(C)OC(=C(C(=O)OCC)C1=O)C,1.61004
OC(=O)CCC(N(CCC#N)CCC#N)C(O)=O,0.4337600000000001
CSCCC(N(CCC#N)CCC#N)C(O)=O,1.32206
CCCCCCCCOC(=O)C(C)O,2.2709000000000006
O=C1COc2ccccc2N1,1.0174999999999998
CCC\C(=C/C(O)=O)C(O)=O,0.8821000000000001
CCOC(=O)N1CCN(CC1)C(=O)OCC,0.9170000000000004
[O-][N+](=O)c1ccc2ccc3cccc4ccc1c2c34,4.492200000000002
CCN(/N=C/c1oc(cc1)[N+]([O-])=O)C(N)=O,0.9223
OC(=O)CCCCCc1ccccc1,2.874100000000001
CC(C)CC1(CC=C)C(=O)NC(=O)NC1=O,0.961
CCCCC(C)(O)CC,2.3376
CC1=C(CCC1(C)C)C(O)=O,2.2075
CC(C)(C)CC(=O)OCC(=O)[C@@]12OC(C)(C)O[C@@H]1C[C@H]3[C@@H]4CCC5=CC(=O)C=C[C@]5(C)[C@@]4(F)[C@@H](O)C[C@]23C,4.405900000000004
CCOC1CC1,1.1853
Cn1cnc2N(C)C(=O)N(CC([O-])=O)C(=O)c12,-2.816399999999999
C[C@@H]1NC(=O)[C@@H](C)NC1=O,-0.9906
O=C1CCC(N1)C(=O)Nc2ccccc2,0.9036999999999998
Oc1ccc(Sc2ccccc2)cc1,3.543400000000002
CCOCOCOCC,0.991
O=C1OCc2ccc3ccccc3c12,2.510200000000001
OC(=O)CNC(=O)c1occc1,0.0939999999999997
Nc1ccc(cc1)[S](=O)(=O)Nc2sc(cn2)C(O)=O,1.2243000000000002
CCC(CC)(CC(O)=O)C(O)=O,1.3521
CC=C(Cc1ccccc1)C(O)=O,2.26
OC(=O)c1ccc(NC(=O)c2cccnc2)cc1,2.0321
CCOC(OCC)C(C)=O,0.9745
CC(CO)(CO)[N+]([O-])=O,-0.9936
O=C1CCCCCNC(=O)CCCCCNC(=O)CCCCCNC(=O)CCCCCN1,2.706400000000001
CC(C)OC(=O)C(O)(c1ccc(Cl)cc1)c2ccc(Cl)cc2,4.180900000000003
OC1=C(C2CCCc3ccccc23)C(=O)c4ccccc4O1,3.966800000000002
CC(=O)OCCS,0.4793
CC1=C(Cl)C(=O)N(C(=O)N1)C(C)(C)C,1.25342
CO[P](=S)(OC)SS[P](=S)(OC)OC,3.402400000000002
NC(=O)NN=C[C@H](O)[C@@H](O)[C@H](O)CO,-3.2845
OC(=O)CC[P](O)(O)=O,-0.3612
OC[C@H]1O[C@@H](O[C@H]2[C@H](O)[C@@H](O)[C@H](O)O[C@@H]2CO)[C@H](O)[C@@H](O)[C@H]1O,-5.397199999999993
BrC1=CNC(=O)NC1=O,-0.1743000000000001
CCC(C)(O)CC,1.5574
CCN(c1c(cc(cc1[N+]([O-])=O)[N+]([O-])=O)[N+]([O-])=O)[N+]([O-])=O,1.4292000000000002
Nc1ccc(cc1)C#Cc2ccc(N)cc2,2.2508
OC(=O)c1ccccc1C(=O)c2ccccc2O,2.321400000000001
CCC(O)C(Cl)(Cl)Cl,2.127500000000001
CNCl,0.3596
O/N=C/c1oc(cc1)[N+]([O-])=O,0.9959
O=C1CCCCCN1C(=O)c2ccccc2,2.2294
CC1(C)C2CCC1(C)C(N)(C2)C(O)=O,1.6147
CCO[P](=O)(C#N)N(C)C,1.25868
CCCCCCCCNC(=O)C(C)O,1.8439
CCCCCCCCCCNC(=O)C(C)O,2.6241000000000008
CC(O)C(=O)OC(C)C(=O)OCC=C,0.0280999999999995
CNCC(O)C(O)C(O)C(O)CO,-3.3582999999999994
COC(=O)C(C)OC(C)=O,0.1109999999999999
OC(=O)CN(CCC#N)CCC#N,0.2003600000000001
CC(C)CC(C)CO,1.6609
NC(=O)c1ccc(cc1)[S](N)(=O)=O,-0.5670999999999999
CC1=CN(Cc2ccccc2)C(=O)NC1=O,0.8933199999999999
Cc1[nH]cnc1[S](O)(=O)=O,-0.0351799999999999
Cc1ccc2NC(=O)C(=O)Nc2c1,0.5248199999999997
OC(=O)c1ccc(Br)c(c1)[N+]([O-])=O,2.0555000000000003
CN1c2ccccc2C(O)(c3ccccc3)c4ccccc14,4.052100000000002
OC(=O)CC(N(CCC#N)CCC#N)C(O)=O,0.0436600000000002
CN(C)C(=O)c1ccccc1C(=O)N(C)C,1.0902
COc1cc(CC=C)ccc1OCC([O-])=O,0.5523999999999998
CCCCOC(=O)CC(CC(=O)OCCCC)(OC(C)=O)C(=O)OCCCC,3.0984000000000016
C\C=C/C(=O)O[C@@H]1C[C@H]2O[C@@H]3C=C(C)C(=O)C[C@]3(C)[C@]1(C)[C@@]24CO4,2.3461000000000007
OCc1cc(Cl)ccc1OCC(O)=O,1.2957
CNC(=O)Oc1cc(C)c(N(CC=C)CC=C)c(C)c1,3.200040000000002
Clc1cccc(Oc2ccccc2)c1,4.1323000000000025
Oc1ccc(cc1C(=O)Nc2ccc(Cl)cc2)[N+]([O-])=O,3.206100000000001
Oc1c(cccc1[N+]([O-])=O)C(=O)Nc2ccc(Cl)cc2,3.206100000000001
CC(C)C(Br)C(=O)NC(C)C(O)=O,0.9952
Cn1cnc2N(C)C(=O)N(CCCCC(C)=O)C(=O)c12,0.1929999999999996
CCCCCOC(=O)c1ccc(O)cc1,2.739200000000001
CC[C@]12CC[C@H]3[C@@H](CCC4=CC(=O)CC[C@H]34)[C@@H]1CC[C@@]2(O)C#C,3.8826000000000023
O=CCc1ccc2OCOc2c1,1.1567
OC(=O)C1CC(=O)c2ccccc2C1,1.5163000000000002
CCNc1nc(Cl)nc(NCC(=O)OCC)n1,0.9318
NC(CO)C(=O)NC(CO)C(O)=O,-3.1322999999999985
ONC1=C(CCC1)N=O,1.1271
CCOC(=O)CC(O)(CC(=O)OCC)C(=O)OCC,0.187
CC(C)OC(=O)c1cccc(c1C([O-])=O)[N+]([O-])=O,0.5235
CC(C)OC(=O)c1c(cccc1[N+]([O-])=O)C([O-])=O,0.5235
CC(C)(C)OC(=O)c1cccc(c1C([O-])=O)[N+]([O-])=O,0.9136
Cc1cc(C)c(c(C)c1)[PH](O)=O,1.70416
CCC(C)OC,1.4313
OCC(CO)OCC=C,-0.4578000000000002
CN(C(/N)=N/[N+]([O-])=O)[N+]([O-])=O,-1.3836999999999997
CCC(C)OC(=O)c1cccc(c1C([O-])=O)[N+]([O-])=O,0.9136
CCC(CO)(CO)CO,-0.6403000000000001
C[C@H]1CCCC[C@@H]1C,2.832600000000001
N[C@@H](CO)C(O)=O,-1.6094000000000002
NC(CCC(O)=O)C(O)=O,-0.7369000000000001
CC(=O)NC(NC(C)=O)c1ccccc1,0.9573999999999998
COc1c(Cl)c(Cl)cc(Cl)c1Cl,4.308800000000001
NC(=O)N\N=C\C(O)C(O)C(O)C(O)CO,-3.9236
[O-][N+](=O)OCC(CO[N+]([O-])=O)(CO[N+]([O-])=O)CO[N+]([O-])=O,-1.1939999999999995
CCCCOC(=O)c1cccnc1,2.0385
CNC(=O)Oc1ccccc1C2OCCO2,1.4502
CC(C)c1ccccc1Br,3.5725000000000025
CCCC[P](=O)(CCCC)OCC,3.901200000000003
CCC(C)(CC)OC(N)=O,1.6604
Cc1cc(O)c(cc1Cl)[N+]([O-])=O,2.262220000000001
COc1cc(cc(Cl)n1)C(Cl)(Cl)Cl,3.5703000000000005
CCOc1ccc(cc1)N(C(C)=O)C(C)=O,1.9847
CCCCO[P](=O)(OCC)OCCCC,3.764400000000003
CCCCO[P](=O)(OC)OCCCC,3.3743000000000025
OC(=O)c1cccc2ncccc12,1.933
COC(=O)c1cc(Cl)cc(N)c1Cl,2.3622
CCC(C)(O)C(C)(C)C,2.1935
CN(C)C(=O)CCC(=O)N(C)C,-0.0569999999999999
OC(=O)CC[Se][Se]CCC(O)=O,0.0958
Cc1ccc(O[P](=O)(Oc2ccc(C)cc2)Oc3ccc(C)cc3)cc1,6.256760000000005
OCN1CC(=O)N(CO)CC1=O,-2.443199999999999
CC(C)C1C(=O)NC(=O)NC1=O,-0.3754000000000001
O=[P](Oc1ccccc1)(Oc2ccccc2)N3CCOCC3,3.5847000000000024
ClC1(Cl)C2(Cl)C3C(CC4C3C1(Cl)C5(Cl)C4C25Cl)C=O,3.8087000000000018
O=[S]=O,-0.6701999999999999
CCNc1c(cc(cc1[N+]([O-])=O)[N+]([O-])=O)[N+]([O-])=O,1.843
Nc1sc2cccc(O)c2n1,1.5841
CC1(CCOC1=O)C(O)=O,0.0241999999999999
OC(=O)c1ccc2C(=O)c3ccccc3C(=O)c2c1C(O)=O,1.8584
NC1=NC(=O)N(C=C1)[C@H]2CC[C@@H](CO)O2,-0.5046000000000008
COC1(C)COC(C)(CO1)OC,0.7584
COc1cc(\C=C\C)ccc1OCC([O-])=O,0.857
O=C1CCCCCCCCCCCCN1,3.407300000000002
OCc1cc(Cl)c(Cl)c(Cl)c1,3.139100000000001
II,1.7714
Oc1cccc2cncnc12,1.3353999999999997
CCCCS[S](=O)CCCC,2.983500000000001
NCC(O)c1ccccc1,0.6787000000000001
CC(Cl)C(C)Cl,2.2410000000000005
ON(C(=O)c1occc1)c2ccccc2,2.3156000000000008
O[S](O)(=O)=O,-0.6527999999999998
CCCOC(=O)c1cccnc1,1.6484
CCCCC(NC(C)=O)C(O)=O,0.7659
CO[P](=O)(OC)OC(/C)=C/C(=O)OC(C)c1ccccc1,3.6121000000000025
OC(=O)c1c(Cl)ccc2ccccc12,3.1914000000000007
CCCOCCN(C(=O)CCl)c1c(CC)cccc1CC,3.8098000000000023
N#N,0.03016
O[As](O)(O)=O,-2.1706
O=O,0.067
ClCl,1.379
COC(=O)\C=C(/C)O[P](=O)(OC)OC,1.4807
CCC(Cl)(Cl)Cl,2.7666000000000013
CO[P](=S)(OC)SCc1nc(N)nc(N)n1,0.7865
CC(C)[C@@H](O)C#N,0.52688
CCC(CC)COC(C)=O,1.9857
ClC/C=C/Cl,1.9777
CC1CC1(C(O)=O)C(O)=O,0.1818
OC(=O)CC(C(O)=O)(c1ccccc1)c2ccccc2,2.532000000000001
NC(=O)C(Br)(Br)C#N,0.48138
CO[P](N)(=O)SC,1.0626
CC(C)CN1CCOCC1,0.9746
OC(=O)c1ccc2ncccc2c1,1.933
Nc1cc(ccc1Br)[N+]([O-])=O,1.9395
CCCCCCCCOCC(O)CO,1.7167
CCOC(=O)CCCOc1ccc(Cl)cc1C,3.3705200000000017
Cc1c(Cl)c(O)c(Cl)c(Cl)c1Cl,4.314220000000001
CCO[P](=O)(OC)OC,1.4238
CC(C)OC(=O)c1cc(cc(c1)[N+]([O-])=O)C(=O)OC(C)C,2.725200000000001
O[P](O)(=O)CCCl,0.4029
CCOc1cc(N=Nc2cc(cc(c2Br)[N+]([O-])=O)[N+]([O-])=O)c(NC(C)=O)cc1N(CCOC(C)=O)CCOC(C)=O,4.970600000000005
OC(=O)CC[Ge](=O)O[Ge](=O)CCC(O)=O,-0.2102000000000004
COc1ccc(cc1)C(O)(C2CC2)c3cncnc3,2.1311
CC(=O)c1ccc(O)c(c1)C([O-])=O,-0.0417
ClCC(Cl)(Cl)CCl,2.637900000000001
COC1[C@H](O)C(CO[C@@H]2C(O)C[C@@H](O)OC2C)O[C@@H](O[C@H]3CC[C@]4(C)C5CC[C@]6(C)[C@H](CC[C@]6(O)C5CC[C@]4(O)C3)C7=CC(=O)OC7)C1O,1.0785000000000022
CN(C)C(=O)c1ccc(cc1)C(=O)N(C)C,1.0902
BrCC(Br)Br,2.4972000000000003
O=C(Nc1ccccn1)c2cccnc2,1.7289
CCN(CC)C(=O)\C(Cl)=C(/C)O[P](=O)(OC)OC,2.7426000000000013
CCCS[P](=O)(OCC)SCCC,4.417400000000004
O=C1Nc2cncnc2N1,-0.3538
CN(CC(O)=O)N=O,-0.3157999999999999
NC(=N)NC(=N)Nc1cccc2ccccc12,1.6695400000000002
Nc1c(cc(Nc2ccc(c(Nc3nc(Cl)nc(Cl)n3)c2)[S](O)(=O)=O)c4C(=O)c5ccccc5C(=O)c14)[S](O)(=O)=O,3.5166000000000013
CCCCNCC,1.396
CN1C(=O)N(C)c2nccnc2C1=O,-0.9728000000000006
CC1(C)Cc2cccc(c2O1)[N+]([O-])=O,2.3083
CC(=O)N[C@@H](CSc1ccc(Cl)c(Cl)c1)C(O)=O,2.6748000000000003
IC1=CNC(=O)C=C1,0.9795
CCNc1nc(OC)nc(n1)N(CC)CC,1.1581999999999997
CCCCOC(=O)C(C)OC(=O)C(C)O,0.6421999999999999
NC(=O)NCNC(N)=O,-1.7195
CCC(O)CN,-0.2839999999999999
ClC1=C(Cl)C2(Cl)C3CCC4C(CCC3C1(Cl)C2(Cl)Cl)C5(Cl)C(=C(Cl)C4(Cl)C5(Cl)Cl)Cl,9.716199999999992
CCO[P](=S)(OCC)Oc1cnc2ccccc2n1,3.3061000000000016
CCCC1CCCNC1,1.7860999999999998
CC(CCl)O[P](=O)(OC(C)CCl)OC(C)CCl,4.026200000000004
CC(=O)OC1(CCC2C3C=C(Cl)C4=CC(=O)C=CC4(C)C3CCC12C)C(C)=O,4.527700000000004
CCC(C)N,0.7436
CN1c2ccccc2Sc3ccc(CC(O)=O)cc13,3.5462000000000016
C/C=C/CC1(C\C=C\C)C(=O)NC(=O)NC1=O,1.2712
CCOCCC(=O)OC,0.5860000000000001
CC(C)CN,0.6011000000000001
CCCCOC(=O)CCOCC,1.7563
CCCCCOC(=O)CCOCC,2.1464
CCCCCCOC(=O)CCOCC,2.536500000000001
CCCOCCC(=O)OCCC,1.7563
CCCCOCCC(=O)OCCCC,2.536500000000001
C1COc2ccccc2OCCOCCOc3ccccc3OCCO1,2.948800000000001
COc1ccc(Oc2ccc(NC(=O)N(C)C)cc2)cc1,3.581000000000002
FC(F)(F)c1nc2cc(Cl)c(Cl)cc2n1C(=O)Oc3ccccc3,5.409000000000001
CC(C)C(N)C(=O)NCC(O)=O,-0.829499999999999
CN(C)C(=O)c1cccc(c1)C(=O)N(C)C,1.0902
CCOC(=O)COc1ccc(Cl)cc1,2.2819000000000003
COC(=O)C(Cl)Cc1ccc(Cl)cc1,2.6629000000000005
Cc1ccccc1Oc2cccnn2,2.5773200000000003
CN1C(=O)NN(C1=O)c2ccccc2,-0.135700000000001
CC(C)C1NC(=O)CNC1=O,-0.7430000000000001
CC1(C)CCC2(CCC(C)(C)O2)O1,2.8607000000000014
Oc1ccccc1[S](=O)(=O)c2ccccc2O,1.9306000000000003
[O-]C(=O)[C@H](Cc1ccccc1)[NH2+]CCC#N,-1.1753199999999993
ClC(Cl)C(Cl)C(Cl)Cl,3.2012
COC(=O)c1ccc(O)c(I)c1,1.7834
CCOC(=O)c1ccc(O)c(I)c1,2.1735
CCCOC(=O)c1ccc(O)c(I)c1,2.563600000000001
CCCCOC(=O)c1ccc(O)c(I)c1,2.9537000000000013
C[C@@H](Oc1ccc(Cl)cc1Cl)C(O)=O,2.845300000000001
CNC(=O)O\N=C1/[C@@H](Cl)C2C[C@H](C#N)C1C2,1.48538
Ic1ccccc1C(=O)Nc2ccccc2,3.5435000000000008
[O-][N+](=O)c1ccc(Oc2ccc(cc2[N+]([O-])=O)C(F)(F)F)cc1,4.314100000000002
CC(OC(C)=O)C#N,0.4615799999999999
CCCCC(C)(C)CCC,4.002900000000003
OC(=O)CSSSSCC(O)=O,1.8334000000000004
CCCCOCCOC(N)=O,0.8984000000000001
ClCC(Cl)=C,1.9777
OCc1c(Cl)c(Cl)c(Cl)c(Cl)c1Cl,4.445900000000001
Cc1ccc(O)c(I)c1,2.3052200000000003
CCOC(=O)c1ccc(O)c(Cl)c1,2.2223
CC(=O)CCl,0.8142
CC(C)C[C@H](N)C(=O)N[C@@H](CCC(O)=O)C(O)=O,-0.2059999999999989
CCCC(=O)N(C)N=O,0.9263
C[C@@H](Oc1ccc(Cl)cc1C)C(O)=O,2.5003199999999994
C=COC1CC1,1.3089
CC1(CCN2CCCCC2)NC(=O)NC1=O,0.4605
CC(=O)O[C@H]1[C@H](O[C@@H]2OC(C)(C)O[C@H]12)[C@H]3COC(C)(C)O3,0.9459999999999992
NNC(=O)c1sccn1,-0.2534000000000002
CNC(=O)O\N=C(/C)SC,1.0388
COc1cc(Cl)c(Cl)c(Cl)c1OC,3.6640000000000015
CC(O)CN,-0.6741000000000001
Nc1ccc(cc1)[S](=O)(=O)Nc2scnn2,0.9211
CCOC(=O)CC1(C)CCC(=O)O1,1.0353
CCC(C(C(O)=O)c1ccccc1)C(O)=O,1.9656
CSc1ncc2nccnc2n1,1.1416999999999995
CC(C)C1(Br)C(=O)NC(=O)NC1=O,0.1421
N[S](=O)(=O)c1ccc(cc1)[S](N)(=O)=O,-1.0185999999999995
CNC[C@H](O)c1ccc(O)c(O)c1,0.3506000000000001
CCC(Cl)Cl,2.2001
Cc1cnnc2c(O)cccc12,1.6438199999999998
Oc1cncc2cccnc12,1.3354
NC(=O)NCC(=O)NCC(=O)NCC(O)=O,-3.028299999999999
CCNC(CC)C(O)=O,0.4591
NC(=O)NCC(=O)NCC(O)=O,-2.1445
N[C@@H](Cc1cc(c(O)c(c1)[N+]([O-])=O)[N+]([O-])=O)C(O)=O,0.1629999999999998
CC(C)=NNC(=O)Nc1ccc(cc1)[N+]([O-])=O,2.1121
OC(=O)CBr,0.4659
COc1c(cc(cc1C(O)=O)C(O)=O)C(O)=O,0.7898000000000001
CCC1OC(=O)c2ccccc12,2.3081000000000005
CC1Nc2cc(Cl)c(cc2C(=O)N1c3ccccc3C)[S](N)(=O)=O,2.7141199999999994
CN(C)C(CS[S](=O)(=O)c1ccccc1)CS[S](=O)(=O)c2ccccc2,3.160800000000002
CCC(CC#N)C#N,1.44986
OCCOC(=O)c1ccccc1C(O)=O,0.5339
Nc1cc(c(O)c(c1)[N+]([O-])=O)[N+]([O-])=O,0.7907999999999997
OC(=O)Cc1sc(nc1c2ccc(Cl)cc2)c3ccccc3,4.757600000000003
C=CCCCN=C=S,2.0554
Oc1cc(ccc1[N+]([O-])=O)c2ccccc2,2.9674000000000014
COc1c(C)c(C=O)ccc1O,1.5217199999999995
CC(C)OC(=O)c1ccc(N)cc1,1.834
C[Si](C)(C)CCCN,1.6733999999999998
NNC(=N)N[N+]([O-])=O,-1.83423
OCc1ccc(I)cc1,1.7835
CC1CCCC(=NO)C1=NO,1.4668
CC(C)C1CCC(=NO)C(C1)=NO,2.1029
C[C@H](NC(N)=O)C([O-])=O,-2.206899999999999
ON=C1CCCCCCCCC1=NO,2.781200000000001
COC(=O)C1=CO[C@@H](O[C@@H]2O[C@H](CO)[C@@H](O)[C@H](O)[C@H]2O)[C@@H]3[C@@H](C)[C@@H](O)C[C@H]13,-2.1507999999999976
CCS[S](=O)CC,1.4231
CC(C)(C)NCC(O)c1ccc(O)c(CO)c1,1.3059999999999998
CC1(C)OC2(C)CCC1CC2=O,1.9231
CNC(=O)N(C)c1sc2ccccc2n1,2.0719
CCCCC(O)C(C)C,2.1935
CCC(O)CCC(C)C,2.1935
OC(=O)C1CCC([Se]1)C(O)=O,0.2306
CC(C)CC(=O)Oc1ccc(cc1)[N+]([O-])=O,2.5463000000000005
CC(=O)OO,0.0224999999999999
CCc1nc2nc(N)nc(N)c2nc1CC,0.7089999999999999
CNc1ncc2nccnc2n1,0.4614999999999998
N[C@@H]([C@H](O)[C@@H](O)COC(N)=O)C(=O)N[C@@H]([C@H]1O[C@H](C(O)C1O)N2C=C(CO)C(=O)NC2=O)C(O)=O,-6.638099999999997
Brc1ccc2COC(=O)c2c1,2.1195
CCC(C)C(O)C(C)CC,2.4395000000000007
Oc1c(Cl)cc(Cl)cc1Cc2ccccc2,4.289800000000002
Clc1ccc2COC(=O)c2c1,2.0104
CCOc1ccc(C(O)=O)c2ccccc12,2.936700000000001
CCC(C)(O)C(O)c1ccccc1,1.881
CC(C)C[C@@H](NC(C)=O)C(O)=O,0.6218000000000001
OC(=O)C(Cl)Cl,0.8747
CC(CO)C(=O)O[C@H]1CC(=C/CCC(=C/[C@H]2OC(=O)C(=C)[C@H]12)/CO)/C,1.6732999999999998
CCNC(C)C,1.0043
Clc1c(Cl)c(Cl)c2ccccc2c1Cl,5.453400000000001
CCCCCCCCCCCCOC(=O)c1ccc(N)cc1,5.346500000000004
CCCCCN(N=Cc1oc(cc1)[N+]([O-])=O)C(N)=O,2.0926
ClC(Cl)(Cl)CC(=C)c1ccccc1,4.460100000000002
COc1ccc2n(c(C)c(CC(O)=O)c2c1)C(=O)\C=C\c3ccccc3,3.939020000000003
CCCCCO[P](=O)(OCC)OCC,3.3743000000000025
CCCCCC(O)CC,2.3376
CC[S](=O)(=O)CCS[P](=S)(OC)OC,1.6716
COCC(C)OCC(C)OCC(C)O,0.8238000000000001
CCCOc1ccc(NC(C)=O)cc1,2.4338000000000006
CC1(C)C2CCC1(C)C(=O)C2CO,1.6201
CN(C(N)=O)c1ccccc1C,1.5099200000000002
CCCCCCO[N+]([O-])=O,1.775
CCN(C(N)=O)c1ccccc1C,1.9000200000000005
OC(=O)CC1=CNC(=O)NC1=O,-1.3097
CC(C)(CO)C(O)C(=O)NCCC(O)=O,-1.0432999999999997
CCCCC(O)(CCCC)C(O)c1ccccc1,3.831500000000003
Cc1cc(C)c(C)c(C)n1,2.3152800000000004
C[C@H]1O[C@H](C[C@H](O)[C@@H]1O)O[C@H]2[C@@H](O)C[C@@H](O[C@@H]2C)O[C@H]3[C@@H](O)C[C@@H](O[C@@H]3C)O[C@H]4CC[C@@]5(C)[C@H](CC[C@@H]6[C@@H]5C[C@@H](O)[C@]7(C)[C@H](CC[C@]67O)C8=CC(=O)OC8)C4,2.218100000000001
Clc1ccc(NC(NC=O)C(Cl)(Cl)Cl)cc1Cl,3.847600000000001
S=C1NSC(=S)N1,1.86328
CC1CC(C)(C)c2cc(C(C)=O)c(C)cc2C1(C)C,4.792620000000005
CC(C#C)N(C(=O)CCl)c1ccccc1,2.2801
CCCC1=CC(=O)NC(=S)N1,1.38499
CC1(C)OC(=O)C[C@@H]1C([O-])=O,-0.922
CC(Cl)C(C)(C)O,1.3846
Oc1cc(c2ccccc2)c(cc1[N+]([O-])=O)[N+]([O-])=O,2.8756000000000013
CCO[P](=O)(OCC)N=C1SCS1,2.961000000000001
CCCC(O)CC(C)C,2.1935
[O-]C(=O)c1cc(Br)ccc1Cl,1.466
CCC(O)CNCC(O)CC,0.1177999999999995
CCCC(C)O[N+]([O-])=O,1.3833
CC(O)C(O)c1cnc2NC(=NC(=O)c2n1)N,-1.2905
CCOC(=O)C(C)N(C(=O)c1ccccc1)c2ccc(Cl)c(Cl)c2,4.591800000000004
CO[P](=O)(OC)OC(=C/Cl)/c1cc(Cl)c(Cl)cc1Cl,5.6015000000000015
CCOc1ccc(NC(=O)CO)cc1,1.0161
C[S](=O)(=O)N(SC(Cl)(Cl)C(F)(Cl)Cl)c1ccccc1,4.333100000000003
CNC(=O)Oc1cccc2OC(C)(C)Oc12,1.9121
COc1ccc(C[C@@H]2NC[C@@H](O)[C@@H]2OC(C)=O)cc1,0.5020999999999994
CCNc1nc(NC(C)C(C)C)nc(SC)n1,2.4817
CCn1cnc2N(C)C(=O)N(C)C(=O)c12,-0.5464000000000002
CN(C)C(=O)Oc1nc(nc(C)c1C)N(C)C,1.2198399999999998
CNC(=O)O\N=C(SC)\C(=O)N(C)C,0.1070999999999999
CN1C(=O)N(C)c2ncn(CCCO)c2C1=O,-1.1839000000000002
CC(C)c1sc(N[S](=O)(=O)c2ccc(N)cc2)nn1,2.0445
CCO[P](=S)(OCC)Oc1cc(C)nc(n1)N(CC)CC,3.307520000000002
CC(C)(CCC(C)(C)CC(O)=O)CC(O)=O,2.7684000000000006
CCCCCCOC(=O)c1cccnc1,2.818700000000001
O[P](O)(=O)CN(CCCCCCN(C[P](O)(O)=O)C[P](O)(O)=O)C[P](O)(O)=O,-0.3084000000000004
CN(C)c1[nH]c2cncnc2n1,0.4188999999999999
NC(=O)NN=C[C@H](O)[C@@H](O)[C@H](O)[C@H](O)CO,-3.9236
CC(C)(NC(=O)c1cc(Cl)cc(Cl)c1)C#C,3.1350000000000016
CCO[P](=S)(OCC)Oc1ncn(n1)c2ccccc2,2.9436000000000018
CC(=O)Nc1ccc(Br)cc1C,2.715920000000001
CC(C)COCN(C(=O)CCl)c1c(C)cccc1C,3.505340000000002
CCCCCC1C(CCC1=O)CC(=O)OC,2.725100000000001
CCC(C)(C)c1ccc(O)cc1,3.079800000000001
Cc1cccc(I)c1O,2.3052200000000007
Clc1ccc(Cl)c(Oc2ccccc2)c1,4.785700000000002
Clc1ccc(Oc2cc(Cl)cc(Cl)c2)cc1,5.4391000000000025
OC(=O)COc1ccc(cc1[N+]([O-])=O)[N+]([O-])=O,0.9664
CCCCC(CC)COC(=O)COc1ccc(Cl)cc1Cl,5.131800000000005
CCC\C=C\C,2.3626000000000005
CCC(O)OC(O)CC,0.4598
CCSC(=O)COc1ccc(Cl)cc1C,3.3069200000000016
CC(=O)C(=N\O)/c1ccccc1,1.4539
CNC(=O)N(C)c1sc(nn1)C(F)(F)F,1.3325
OC(=O)\C=C/c1cccc(O)c1,1.49
COCC(C)OCC(C)OC(C)CO,0.8238000000000001
CSC1=CC(=O)c2ccccc2C1=O,2.3125
CCCN(CC1CC1)c2c(cc(cc2[N+]([O-])=O)C(F)(F)F)[N+]([O-])=O,4.148200000000004
CNC(=O)O/N=C/C1(C)SCC(C)S1,1.9129
Cc1ccc(O[P](=O)(Oc2ccccc2)Oc3ccccc3)cc1,5.6399200000000045
Cc1ccc(O[P](=O)(Oc2ccccc2)Oc3ccccc3C)cc1,5.948340000000005
Clc1ccccc1c2c(Cl)c(Cl)c(Cl)c(Cl)c2Cl,7.274
CCO[P](=O)(OCC)OCC(C)C,2.8401000000000014
O=C(NC(=O)c1cccnc1)Nc2ccccc2,2.0435
CC(=O)C1CC[C@H]2[C@@H]3CCC4=CC(=O)CC[C@]4(C)[C@H]3[C@H](O)C[C@]12C,3.694300000000003
CCCCCCCCCCC(O)CCC,4.678200000000004
CNC1=C(Cl)C(=O)N(N=C1)c2cccc(c2)C(F)(F)F,2.946400000000001
Clc1c(Cl)c(Cl)c2C(=O)OCc2c1Cl,3.9706
CCOC(=O)Cc1[nH]nc2ccc(Cl)cc12,2.3219000000000003
ClC(Cl)C(=O)NC1=C(Cl)C(=O)c2ccccc2C1=O,2.4359
CC(C)CCCCCOC(=O)c1ccccc1C(=O)OCCCCCC(C)C,6.433000000000007
CCOC(C)C(=O)C(O)O,-0.7088
CN1C(c2ccc(Cl)cc2)[S](=O)(=O)CCC1=O,1.6155
CC(C)c1ccccc1O[P](=O)(Oc2ccccc2)Oc3ccccc3,6.454900000000006
Oc1ccc(c(c2ccccc2)c1[N+]([O-])=O)[N+]([O-])=O,2.875600000000002
CC(C)=CC1C(C(=O)OCc2coc(Cc3ccccc3)c2)C1(C)C,5.1520000000000055
OC(=O)[C@@H]1CC[C@@H](SS1)C(O)=O,1.0679999999999998
CN1C=C(C(=O)NC1=O)[N+]([O-])=O,-1.0181999999999998
CCN(OC(=O)c1ccccc1)C(=O)c2c(OC)ccc(Cl)c2OC,3.591300000000002
CC(C)NCC(O)COc1ccc(CC(N)=O)cc1,0.4521
CCC(CC)(C(N)=O)C(N)=O,-0.2366
COC(=O)N(C)C(=O)CS[P](C)(=S)OC,1.5301
CCCCCCCCCCCCC(O)CCC,5.458400000000006
ON(c1ccccc1)C(=O)c2cccc3ccccc23,3.8758000000000017
ON(C(=O)c1ccccc1)c2cccc3ccccc23,3.8758000000000026
CC(=O)c1c(C)c(c(c(c1C)[N+]([O-])=O)C(C)(C)C)[N+]([O-])=O,3.6199400000000033
ON(c1ccccc1)C(=O)c2cc(cc(c2)[N+]([O-])=O)[N+]([O-])=O,2.5390000000000006
OC(=O)CNC(=S)SCC(O)=O,-0.2366999999999999
O=C(NCCc1c[nH]cn1)c2ccccc2,1.3822
CC(C)CCCCCCCO[P](=O)(Oc1ccccc1)Oc2ccccc2,7.265700000000007
CCSCc1ccccc1OC(=O)NC,2.6579000000000006
CC[S](=O)(=O)c1sc(nn1)N(C)C(=O)NC,0.1073
C[C@H](CCC(O)=O)[C@H]1CC[C@H]2[C@@H]3[C@H](O)C[C@@H]4C[C@H](O)CC[C@]4(C)[C@H]3C[C@H](O)[C@]12C,3.4487000000000023
C[C@@H](Oc1cc(Cl)c(Cl)cc1Cl)C(O)=O,3.4987000000000013
CCC1CCC(O)O1,0.8937999999999999
C1O[C@H]1[C@H]2CO2,-0.2159999999999999
CC1=CN([C@H]2C[C@H](N=[N+]=[N-])[C@@H](CO)O2)C(=O)NC1=O,-0.1962800000000001
OCCOCCOC(=O)c1ccccc1Nc2cccc(c2)C(F)(F)F,3.6147000000000022
COc1ncnc2nccnc12,0.4283999999999998
CCO[P](=S)(OCC)SCN1C(=O)Oc2ccccc12,3.5827000000000018
C1c2ccccc2c3ccc4ccccc4c13,4.411000000000003
COC(=O)C(/C)=C/O[P](=S)(OC)OC,1.5970999999999995
CN(CCO)c1nc2N(C)C(=O)N(C)C(=O)c2n1C,-1.600799999999999
CC(C)CNC(=O)N1CCNC1=O,0.3772000000000003
CC1=CSC(=S)N1CC(O)=O,1.6721100000000002
CN(C(C)=O)c1c(I)c(NC(C)=O)c(I)c(C(=O)NC2[C@@H](O)OC(CO)[C@@H](O)C2O)c1I,-0.0288000000000004
CCCCC(C)C(C)O,2.1935000000000007
Cc1cc2cccc3ccc4c5ccccc5cc1c4c23,6.045620000000003
Clc1cc(Cl)c2c(Cl)c(Cl)c(Cl)c(Cl)c2c1Cl,7.4136
NC1N=C(N)NC(=O)C1=O,-2.7152000000000003
OC(=O)c1oc(Cl)c(Cl)c1Cl,2.938
CCCCCCC(C\C=C/CCCCCCCC(O)=O)O[S](O)(=O)=O,4.906400000000003
COc1ccc2NC(=O)C=C(C([O-])=O)c2c1,-0.0998000000000005
O[C@@H](C=O)[C@H]1OC(=O)[C@@H](O)[C@H]1O,-2.8066
NC(C(O)C(O)=O)C(N)=O,-2.755500000000001
CCC1=CNC(=O)N=C1N,-0.0855
Clc1ccc(cc1Cl)c2ccc(Cl)c(Cl)c2Cl,6.6206000000000005
OC(=O)[C@H]1CC[C@@H](SS1)C(O)=O,1.0679999999999998
Clc1cc(cc(Cl)c1Cl)c2cc(Cl)c(Cl)c(Cl)c2,7.274000000000001
CC12CC1(C)C(=O)N(C2=O)c3cc(Cl)cc(Cl)c3,3.2829000000000024
OC(=O)/C=C/c1cccc(Br)c1,2.546900000000001
CN(C=Nc1ccc(C)cc1C)C=Nc2ccc(C)cc2C,4.871880000000004
CCc1ccccc1NC(C)=O,2.2074
ClC1=C(Cl)C2(Cl)[C@@H]3CO[S](=O)OC[C@@H]3[C@@]1(Cl)C2(Cl)Cl,3.689800000000001
CCCN(CCCl)c1c(cc(cc1[N+]([O-])=O)C(F)(F)F)[N+]([O-])=O,3.977000000000003
Oc1ccc(cc1)C(c2ccc(O)cc2)c3ccccc3C(O)=O,3.976200000000002
Clc1cc(Cl)c(Cl)c(c2ccccc2)c1Cl,5.967200000000002
CCC(C)Nc1c(cc(cc1[N+]([O-])=O)C(C)(C)C)[N+]([O-])=O,4.010900000000003
CC(=O)c1cc(O)c(O)c(O)c1,1.0059999999999998
CCCN(CCC)c1c(cc(cc1[N+]([O-])=O)C(C)C)[N+]([O-])=O,4.252800000000004
NN[P](=O)(Oc1ccccc1)Oc2ccccc2,2.7158000000000007
COC(=O)C[S](=O)(=O)c1ccccc1,0.6333000000000001
CCSC(=S)N[C@@H](C)C(O)=O,1.0871
OC(=O)c1cc(Br)cc(C(O)=O)c1C(O)=O,1.5437
COc1ccc(cc1)C(C(C)[N+]([O-])=O)c2ccc(OC)cc2,3.5009000000000023
CN(C)C(=O)Nc1ccc(N2N=C(OC2=O)C(C)(C)C)c(Cl)c1,2.869900000000001
CC(C)c1cc(O[P](=O)(Oc2ccccc2)Oc3ccccc3)cc(c1)c4ccccc4,8.121900000000007
COC(C)COC(C)CO,0.4186999999999999
CCN(CC)C(=O)SCc1ccccc1Cl,4.035000000000004
CCCS[P](=S)(OCC)Oc1ccc(Cl)cc1Cl,5.776400000000003
CNC(=O)O\N=C(\C)C(C)SC,1.4698
Cc1ccc2C(=O)c3ccccc3C(=O)c2c1N,2.35262
CO[P](=O)(OC)OC1=C(Cl)CC2C=CC12,3.060200000000002
Clc1cc(Cl)c(cc1Cl)c2cc(Cl)c(Cl)c(Cl)c2Cl,7.9274
Clc1ccc(c(Cl)c1Cl)c2cc(Cl)c(Cl)c(Cl)c2Cl,7.9274
CC(Nc1ccccc1Cl)C(O)=O,2.225
CC(C)N(Cc1ccccc1)C(=O)C(C)(C)C,3.4697000000000022
OC(=O)CCCNC(=O)c1ccccc1,1.2812
CN(CCCl)CCCl,1.3958
O[S](=O)(=O)c1cccc2C(=O)c3cccc(c3C(=O)c12)[S](O)(=O)=O,0.9554000000000002
CCCS[P](=S)(OCC)Oc1ccc(SC)cc1,5.191500000000004
Cc1cc(O)c(cc1Cl)C(O)=O,2.05222
Clc1ccc(C(Cn2ccnc2)OCC=C)c(Cl)c1,4.133800000000003
C[C@H](NC(=O)[C@H](C)NC(=O)[C@@H](N)CC[P](C)(O)=O)C(O)=O,-1.301999999999997
CN1C(=C(/O)Nc2ccccn2)/C(=O)c3ccccc3[S]1(=O)=O,1.7376
OC(=O)CCC(=O)c1ccc(cc1)c2ccccc2,3.4011000000000022
CCO[P](=O)(Oc1ccc(Cl)cc1Cl)Oc2ccc(Cl)cc2Cl,6.902600000000002
Clc1ccc(c(Cl)c1)c2cccc(Cl)c2Cl,5.967200000000002
CCC#CC(C)C,2.0558
CO[P](=S)(OC)SCCSC(C)C,3.3785000000000016
CCCCCCC(CC=CCCCCCCCC(O)=O)O[S](O)(=O)=O,4.906400000000003
CC(C)NC(=O)N1CC(=O)N(C1=O)c2cc(Cl)cc(Cl)c2,2.880000000000001
CCC(C)N(C(C)CC)C(=O)SCc1ccccc1,4.938800000000005
NC(=O)c1cc(Cl)cc(Cl)c1N,1.6745
NC(=O)c1ncn(n1)[C@@H]2O[C@H](CO)[C@@H](O)[C@H]2O,-3.0114999999999994
CN1CCN(CC1)C(c2ccccc2)c3ccccc3,3.0234000000000014
CCCCCCCCCOC(=O)c1ccc(N)cc1,4.176200000000003
COCCc1ccc(OCC(O)CNC(C)C)cc1,1.6132
ON(c1ccccc1)C(=O)c2ccccc2I,3.327200000000002
NCC[C@H](O)C(=O)N[C@@H]1C[C@H](N)[C@@H](O[C@H]2O[C@H](CN)[C@@H](O)[C@H](O)[C@H]2O)[C@H](O)[C@H]1O[C@H]3O[C@H](CO)[C@@H](O)[C@H](N)[C@H]3O,-8.424200000000015
O=C1N=CNc2cccnc12,0.3181
Clc1cc(Cl)cc(c1)c2ccccc2Cl,5.313800000000002
ClC(Cl)C(=O)N(CC=C)CC=C,1.9907
C[C@@H](CCl)[N+]([O-])=O,0.8904000000000001
Brc1cc(Br)c(OCCOc2c(Br)cc(Br)cc2Br)c(Br)c1,7.719400000000003
Clc1cc2Oc3c(Cl)c(Cl)c(Cl)c(Cl)c3Oc2c(Cl)c1Cl,8.1584
COCCO[Si](CCCl)(OCCOC)OCCOC,1.1531
Cc1cc(ccc1N[S](=O)(=O)C(F)(F)F)[S](=O)(=O)c2ccccc2,3.0893200000000016
CCOC(=O)C1=CNC(=S)NC1=O,0.6091899999999999
CC(C)C[C@H](N)C(=O)N[C@H](CCC(N)=O)C(O)=O,-0.8052999999999981
CC(O)(CO)C(O)[C@@]12NC(=O)[C@@](O)(NC1=O)C(=C)CCO2,-3.301999999999995
CCOc1cc(O[P](=S)(OC)OC)nc(CC)n1,2.3338
NC1=CC(=NC(=N)N1O)N2CCCCC2,0.1723699999999992
CC(C)(C)NC[C@@H](O)COc1ccccc1C2CCCC2,3.472000000000002
Clc1ccc(Cl)c(c1Cl)c2cc(Cl)c(Cl)cc2Cl,7.274000000000001
Clc1ccc(c(Cl)c1Cl)c2c(Cl)ccc(Cl)c2Cl,7.274000000000001
Clc1ccc(cc1Cl)c2cc(Cl)c(Cl)c(Cl)c2Cl,7.274
Clc1ccc(Cl)c(c1Cl)c2cc(Cl)c(Cl)c(Cl)c2Cl,7.9274
Clc1cccc(c1)c2c(Cl)cccc2Cl,5.313800000000001
CC([S](C)(=O)=O)[S](C)(=O)=O,-0.5783999999999998
CC(C)(NC(N)=O)C(O)=O,-0.4821000000000002
C[C@H]1C[C@H]2[C@@H]3CC[C@](O)(C(=O)CO)[C@@]3(C)C[C@H](O)[C@@H]2[C@@]4(C)C=CC(=O)C=C14,1.8036
CCOc1ccccc1\C=C/C(O)=O,2.1831
CCOC(=O)CN(C(=O)CCl)c1c(CC)cccc1CC,2.9463000000000017
CC(C)S[S](=O)C(C)C,2.2001
Clc1ccc2Oc3ccc(Cl)cc3Oc2c1,4.891400000000002
Clc1c(Cl)c(Cl)c2c(oc3c(Cl)c(Cl)c(Cl)c(Cl)c23)c1Cl,8.813199999999998
OC(=O)C(I)=CBr,1.7423000000000002
CNC(=O)O\N=C(\CSC)C(C)(C)C,2.1075
C[C@H](CCC(O)=O)[C@H]1CC[C@H]2[C@@H]3CC[C@@H]4C[C@H](O)CC[C@]4(C)[C@H]3C[C@H](O)[C@]12C,4.477900000000005
C/C=C/C(=O)Oc1c(cc(cc1C(C)(C)CC(C)(C)C)[N+]([O-])=O)[N+]([O-])=O,4.698300000000004
Clc1ccc(c(Cl)c1)c2c(Cl)cc(Cl)cc2Cl,6.620600000000001
CC(C)=CC1C(C(=O)OC(C#N)c2cccc(Oc3ccccc3)c2)C1(C)C,5.825180000000005
CCC(CCC(O)=O)C(C)=O,1.4664
CNC(=O)N(C)C(=O)CC#N,-0.3021200000000001
CC(=O)NCC(=O)Nc1ccccc1,0.7611999999999997
CC(C)(C)C1=NN(C(=O)O1)c2cc(OCC#C)c(Cl)cc2Cl,3.4418000000000024
CCN1C(=O)N(C)c2ncn(C)c2C1=O,-0.5464000000000007
CCOC(=O)C(NC=O)=CC=Cc1ccccc1,1.8928
ClCCC(Cl)O[P](=O)(OC(Cl)CCCl)OC(Cl)CCCl,5.725700000000003
Clc1cc(Cl)c(Cl)c(c1)c2c(Cl)cc(Cl)c(Cl)c2Cl,7.9274
Clc1cc(Cl)c(c(Cl)c1Cl)c2c(Cl)c(Cl)cc(Cl)c2Cl,8.580799999999998
CCC(CC)Nc1c(cc(C)c(C)c1[N+]([O-])=O)[N+]([O-])=O,3.720340000000003
COC(C)(C)CCCC(C)C\C=C\C(C)=C\C(=O)OC(C)C,5.062000000000006
CN(C)c1ncc2nccnc2n1,0.4857999999999998
Fc1ccc(cc1)N2C(=O)C(=C(Cl)C2=O)Cl,2.388100000000001
NC(=O)NN=C[C@@H](O)[C@@H](O)[C@H](O)[C@H](O)CO,-3.9236
Clc1ccc(cc1Cl)c2c(Cl)cccc2Cl,5.967200000000001
Clc1ccc(Cl)c(c1Cl)c2ccccc2Cl,5.967200000000002
CCCCc1c(C)nc(NCC)nc1O[S](=O)(=O)N(C)C,1.74462
CCOc1ccc(NC(C)=O)c(C)c1,2.35212
Cc1cccc2sc3nncn3c12,2.25242
COc1cc2OC[C@H]3Oc4c5C[C@@H](Oc5ccc4C(=O)[C@H]3c2cc1OC)C(C)=C,3.703300000000002
COc1cc(C=O)c(C)cc1O,1.5217199999999995
CC(C)(C)NCC(O)COc1cccc2C[C@@H](O)[C@@H](O)Cc12,0.6347999999999998
COC(=O)c1cc(Oc2ccc(Cl)cc2Cl)ccc1[N+]([O-])=O,4.480500000000003
CC(C)CCCC(C)C\C=C\C(C)=C\C(=O)OCC#C,4.517800000000005
Cc1ccc(NC(=O)NC(C)(C)c2ccccc2)cc1,4.051820000000003
CN(C(=O)NC(C)(C)c1ccccc1)c2ccccc2,3.767700000000003
Clc1cc(Cl)c(c(Cl)c1Cl)c2cc(Cl)c(Cl)c(Cl)c2Cl,8.580799999999998
CCOc1cc(Oc2ccc(cc2Cl)C(F)(F)F)ccc1[N+]([O-])=O,5.458000000000003
CC(=O)O[C@]1(CC[C@H]2[C@@H]3CCC4=CC(=O)CC[C@@H]4[C@H]3CC[C@]12C)C#C,4.063300000000004
O[P](O)(=O)O[C@H]1[C@H](O[P](O)(O)=O)[C@@H](O[P](O)(O)=O)[C@H](O[P](O)(O)=O)[C@@H](O[P](O)(O)=O)[C@H]1O[P](O)(O)=O,-3.132600000000001
CCCOCC(O)COCCC,1.2005
CC(=O)C(=O)Nc1ccccc1,1.2141
CN(CCCCC(O)=O)[S](=O)(=O)c1ccccc1,1.562
CCCCCOC(=O)c1cccnc1,2.4286000000000003
NCCc1ccc(O)c(c1)[N+]([O-])=O,0.8015999999999999
CN1C(=O)NC(=O)c2nc(C)c(C)nc12,-0.3663600000000004
CC(C)OC(=O)C(C(=O)OC(C)C)=C1SCCS1,2.581200000000001
CCO[P](C)(=O)SCCN(C(C)C)C(C)C,3.697800000000002
CCCCCC(=O)NCCNC(=O)CCCCC,2.3794000000000004
CC(=O)O[C@@H](C(O)=O)c1ccccc1,1.3754000000000002
Cn1c2ccccc2c(C(N)=O)c1C(N)=O,0.3761000000000001
OC(=O)c1ccc(c(c1)C(O)=O)[S](O)(=O)=O,0.3297
c1ccc(cc1)c2ccccc2c3ccccc3,5.020600000000004
CCc1cccc(C)c1N(C(C)COC)C(=O)CCl,3.1641200000000014
CCCCNC1(CCCCC1)[P](=O)(OCCCC)OCCCC,5.863000000000006
COC(CN(C)C(=O)Nc1sc(nn1)C(C)(C)C)OC,1.9182
CNC(=O)Oc1ccccc1OC(CCl)OC,1.9949
COc1ccc2nccc(C(=O)C3CC4CCN3CC4C=C)c2c1,3.3225000000000025
Clc1ccc(Oc2ccccc2)c(Cl)c1,4.785700000000003
Clc1cc(Cl)c(Cl)c(c1)c2cc(Cl)c(Cl)cc2Cl,7.274000000000001
CCN1C=C(C(O)=O)C(=O)c2cnc(nc12)N3CCNCC3,-0.0807999999999991
O=C1CC=NC=N1,0.0158
NC(=O)C1(CCCCC1)N2C(=O)c3cccc(Cl)c3C2=O,2.1242
OC(=O)CSC1CCCCC1,2.1369
CCC1(C)OC(=O)NC1=O,0.4215
CC(Oc1ccc2ccccc2c1)C(=O)Nc3ccccc3,4.245800000000003
Oc1ccc2C(=O)c3cc(O)ccc3C(=O)c2c1,1.8732
Clc1cccc(c1Cl)c2ccc(Cl)c(Cl)c2Cl,6.620600000000001
Clc1ccc(Cl)c(c1)c2c(Cl)c(Cl)cc(Cl)c2Cl,7.274000000000001
Clc1ccc(Cl)c(c1Cl)c2c(Cl)c(Cl)cc(Cl)c2Cl,7.9274
Clc1ccc(Cl)c(c1Cl)c2c(Cl)cc(Cl)c(Cl)c2Cl,7.9274
Clc1cc(Cl)c(Cl)c(c1)c2c(Cl)c(Cl)cc(Cl)c2Cl,7.9274
Clc1ccc(c(Cl)c1Cl)c2c(Cl)c(Cl)cc(Cl)c2Cl,7.9274
Clc1cc(Cl)c(Cl)c(c1)c2cc(Cl)c(Cl)c(Cl)c2Cl,7.9274
Clc1cc(c(Cl)c(Cl)c1Cl)c2c(Cl)c(Cl)cc(Cl)c2Cl,8.580799999999998
Clc1ccc(c(Cl)c1Cl)c2c(Cl)c(Cl)c(Cl)c(Cl)c2Cl,8.580799999999998
Clc1cccc(c1Cl)c2c(Cl)c(Cl)cc(Cl)c2Cl,7.274000000000001
Clc1ccc(Cl)c(c1)c2cc(Cl)c(Cl)c(Cl)c2Cl,7.274000000000001
O=C(Oc1ccccc1)c2ccccc2C(=O)Oc3ccccc3,4.125000000000003
COC(=O)C(C)N(C(=O)c1ccccc1)c2ccc(F)c(Cl)c2,3.687400000000003
CCCN(CCC)C(=O)SCc1ccccc1,4.161800000000003
CC1(C)[C@@H](C=C(Br)Br)[C@H]1C(=O)O[C@H](C#N)c2cccc(Oc3ccccc3)c2,6.490180000000005
CCCCC(O)CN(\N=C/c1oc(cc1)[N+]([O-])=O)C(N)=O,1.4535
Clc1cccc2c(Cl)c(Cl)c(Cl)cc12,5.4534
Clc1cc(Cl)c2cc(Cl)cc(Cl)c2c1,5.453400000000001
CC(C)Cc1ccc(cc1)C(C)C(=O)NO,2.494
CC(=O)Nc1cc(N[S](=O)(=O)C(F)(F)F)c(C)cc1C,2.52334
COCCOc1c(OC)cc(Cc2cnc(N)nc2N)cc1OC,1.2742
Ic1ccc2COC(=O)c2c1,1.9616
C\C=C(/Cl)C(O)=O,1.2136000000000002
N[C@@H](C(=O)N[C@H]1[C@H]2SCC(=C(N2C1=O)C(O)=O)Cl)c3ccccc3,0.6213000000000004
CC(C)(NC(=O)c1ccccc1)C(N)=O,0.6803000000000001
CCCCC(=O)NCCNC(=O)CCCC,1.5991999999999993
CCCCCCCCCCOC(=O)c1ccccc1C(=O)OCCCCCCCCCC,8.281600000000006
CCO[P](=S)(OCC)OC(Cl)C(Cl)(Cl)Cl,4.2356000000000025
O=NN1CCCC1=O,0.2902
CC[C@H](C)[C@@H](NC(C)=O)C(O)=O,0.6218000000000001
CSc1cc(O)cc(O)c1,1.8197
CCCCSc1cc(O)cc(O)c1,2.990000000000002
CC(C)(C)C(O)C(Oc1ccc(cc1)c2ccccc2)n3cncn3,3.929700000000002
Clc1ccccc1c2c(Cl)cc(Cl)c(Cl)c2Cl,6.6206000000000005
CC(C)(C)C(O)C(Oc1ccc(Cl)cc1)n2cncn2,2.916100000000001
CCCn1cnc2N(C)C(=O)N(CCCCC(C)=O)C(=O)c12,1.0659999999999998
COc1c2C=CC(=O)Oc2cc3OC(C)(C)C=Cc13,2.985800000000002
O=C1CN(CC2N1CCc3ccccc23)C(=O)C4CCCCC4,2.5349000000000004
CC1=C(C)[S](=O)(=O)CC[S]1(=O)=O,0.0809999999999999
Clc1ccccc1c2cc(Cl)c(Cl)c(Cl)c2Cl,6.6206000000000005
CCCO[P](=O)(OCC)OCCC,2.9842000000000013
OC(=O)COc1nc(Cl)c(Cl)cc1Cl,2.5052000000000003
CCCCCCCCSC(=O)Oc1cc(Cl)nnc1c2ccccc2,6.389500000000006
Clc1ccc(Oc2ccccc2)cc1Cl,4.785700000000003
CC(=O)S[C@@H]1CC2=CC(=O)CC[C@]2(C)[C@H]3CC[C@@]4(C)[C@@H](CC[C@@]45CCC(=O)O5)[C@H]13,4.852300000000005
CN1C(=O)N(C)c2nc(Cl)[nH]c2C1=O,-0.3863000000000005
Clc1ccc(c2ccccc2)c(Cl)c1Cl,5.313800000000001
Clc1ccc2cc(Cl)cc(Cl)c2c1,4.800000000000001
Clc1ccc(Cl)c2cc(Cl)c(Cl)cc12,5.453400000000001
CC(C)Oc1cccc(NC(=O)c2ccccc2C)c1,4.034520000000002
CCC(=O)N(c1ccccc1)C2(CCN(CCc3sccc3)CC2)COC,4.214800000000004
Clc1ccc(c(Cl)c1)c2c(Cl)cc(Cl)c(Cl)c2Cl,7.274000000000001
CCCC(C)CC(C)O,2.1935000000000007
CC(C)C(O)(c1ccc(OC(F)(F)F)cc1)c2cncnc2,3.267100000000002
OC(=O)c1ccccc1C(=O)c2ccc(Cl)cc2,3.269200000000001
O=CC(=O)Cc1ccccc1,0.9971
Clc1cc(Cl)c(c(Cl)c1)c2c(Cl)cccc2Cl,6.620600000000001
Clc1cc(Cl)c(c(Cl)c1)c2ccc(Cl)c(Cl)c2,6.620600000000001
Clc1cc(Cl)c(c(Cl)c1)c2cc(Cl)cc(Cl)c2,6.620600000000001
FC1=CN(C(=O)NC1=O)C(=O)Nc2ccccc2,0.7558999999999999
CC(C)(C)c1ccc(O[P](=O)(Oc2ccccc2)Oc3ccccc3)cc1,6.629000000000006
CO[P](=S)(OC)Oc1c(Cl)cc(C)cc1Cl,4.197920000000002
COc1c(O)cc(Cl)c(Cl)c1Cl,3.3610000000000007
Clc1cc2oc3c(Cl)c(Cl)c(Cl)cc3c2cc1Cl,6.853
O=C1CCc2cccc3CCN1c23,1.5219
CCN(C(=O)Oc1cccc(NC(=O)OC(C)C)c1)c2ccccc2,4.668800000000004
FC(F)(F)c1cccc(c1)C(n2cncn2)(c3ccccc3)c4ccccc4,5.137100000000003
CN(CCOC(=O)c1ccccc1)C(C)=O,1.3217
COC(=O)C(C)N(C(=O)c1occc1)c2c(C)cccc2C,3.1047400000000023
Cc1cccc(NC(=O)c2ccccc2C(O)=O)c1,2.945520000000001
Cc1ccc(cc1)N=Nc2cc(C)ccc2N,4.301040000000003
CCC1(CC)C(=NC(=O)NC1=O)N,0.3998000000000001
CC1OC(=O)c2cc(ccc12)[N+]([O-])=O,1.8262
Nc1c(Br)cc(Br)c(c1Br)[S](O)(=O)=O,2.803000000000001
CC(N(c1ccc(F)c(Cl)c1)C(=O)c2ccccc2)C(O)=O,3.599000000000002
Cc1cccc(C)c1N(C2CCOC2=O)C(=O)CCl,2.19074
COC1OC(CNC(=O)N(CCCl)N=O)C(O)C(O)C1O,-1.6277999999999992
Clc1ccc(Oc2ccc(Cl)cc2Cl)cc1,5.4391000000000025
CCCO[P](=O)(OC)OC,1.8139
Clc1cc(Cl)c(c(Cl)c1)c2ccc(Cl)c(Cl)c2Cl,7.274000000000001
CSC(/C)=N/OC(=O)N(C)SN(C)C(=O)O\N=C(/C)SC,3.079200000000002
CCOc1ccccc1\C=C\C([O-])=O,0.8483999999999998
Clc1ccc(Cl)c(c1)c2c(Cl)cc(Cl)cc2Cl,6.620600000000001
Clc1cc(Cl)c(c(Cl)c1)c2cc(Cl)c(Cl)c(Cl)c2Cl,7.9274
CC(C)([S](C)(=O)=O)[S](C)(=O)=O,-0.1882999999999999
Nc1ccc(c2ccc(cc12)[S](O)(=O)=O)[S](O)(=O)=O,0.9154000000000002
C[C@H](O)C(=O)Nc1c(I)c(C(=O)NC(CO)CO)c(I)c(C(=O)NC(CO)CO)c1I,-1.0143000000000004
Clc1ccc(c(Cl)c1)C2(Cn3cncn3)OCCO2,2.484700000000001
CCCC1COC(Cn2cncn2)(O1)c3ccc(Cl)cc3Cl,3.653400000000003
CCC1COC(Cn2cncn2)(O1)c3ccc(Cl)cc3Cl,3.263300000000002
OC(=O)[C@H]1CC[C@@H]([Se][Se]1)C(O)=O,-0.1501999999999999
O[S](=O)(=O)c1c[nH]cn1,-0.3435999999999998
CC(Br)C(=O)NCC(=O)NCC(O)=O,-0.9131999999999998
NC(=S)NC#N,-0.6993199999999999
Clc1ccc(Oc2ccccc2Cl)cc1Cl,5.4391000000000025
CCC(=O)OC(C)C(=O)OC,0.5010999999999999
CC(C)(SC(=O)N1CCCCC1)c2ccccc2,4.260800000000003
CC(C)Cc1[nH]ccn1,1.6082
N#CC(c1ccccc1)c2ccccc2,3.342080000000002
CN1C=CSC1=Nc2ccc(C)cc2C,2.9358400000000016
CSC(=NC)N(C)C,0.8968
Clc1cccc(c1Cl)c2c(Cl)cc(Cl)c(Cl)c2Cl,7.274000000000001
OCCNC(=O)c1cc(O)ccc1O,-0.1800999999999999
Nc1c2cc(ccc2c(cc1[S](O)(=O)=O)[S](O)(=O)=O)[S](O)(=O)=O,0.1620999999999999
CNC(=O)OCc1cccc(Cl)c1Cl,2.849400000000001
Clc1cc(Cl)c(c(Cl)c1)c2ccccc2Cl,5.967200000000002
CN(C)C(=O)SCCCCOc1ccccc1,3.2604000000000024
CCCC(Br)(CCC)C(N)=O,2.2056
COC(=O)[C@@H](C)N(C(=O)c1ccccc1)c2ccc(F)c(Cl)c2,3.687400000000003
CC(C)OC(=O)[C@@H](C)N(C(=O)c1ccccc1)c2ccc(F)c(Cl)c2,4.466000000000005
ClCCN(Cl)CCCl,1.9198
CCOc1ccc(cc1)C2(CC2(Cl)Cl)C(=O)OC(C#N)c3cccc(Oc4ccccc4)c3,6.501080000000004
CCOC(=O)N1CCN(CC1)CN2CCN(CC2)C(=O)OCC,0.4921000000000013
CCCCNC(=O)N1C=C(F)C(=O)NC1=O,0.0334999999999999
CO[P](=S)(OC)SCC(=O)N(C(C)C)c1ccc(Cl)cc1,4.331900000000004
CCSC1=NN=C(C(=O)N1N)C(C)(C)C,0.7615999999999996
FC(F)(F)Oc1ccc(NC(=O)NC(=O)c2ccccc2Cl)cc1,4.200500000000002
NC(=O)COC(=O)c1ccccc1,0.3286999999999997
COc1cc(C=O)cc(OC)c1OC,1.5248999999999997
CCNC(=O)COC(=O)c1ccccc1,0.9794999999999998
CN1C(=O)C(N)C(=S)N(C)C1=O,-0.8350999999999993
Clc1ccc(c(Cl)c1)c2ccc(Cl)c(Cl)c2Cl,6.620600000000001
S=C1N=CNc2nccnc12,1.0823899999999995
CC(=O)OCC(C(OC(C)=O)c1ccccc1)[N+]([O-])=O,1.4992
CC(=O)OC[C@H]([C@@H](OC(C)=O)c1ccccc1)[N+]([O-])=O,1.4992
CC(C)CCOC(=O)c1ccccc1O,2.5951000000000017
CCCC(Cn1cncn1)c2ccc(Cl)cc2Cl,4.168800000000003
CC(C)Oc1cccc(NC(=O)c2ccccc2C(F)(F)F)c1,4.744900000000003
Clc1cccc(Oc2ccc(Cl)c(Cl)c2)c1,5.439100000000002
CN(C)C1CCCC=CCC1,2.4369000000000005
CNC(=O)Sc1ccc(O[S](C)(=O)=O)cc1,1.4565
CC1(CCCC1=O)C#N,1.26928
Cc1cccc(C)c1N(Cn2cccn2)C(=O)CCl,2.729440000000001
CCC(CC)(CC)NC(N)=O,1.6235
CC(CN1CC(C)OC(C)C1)Cc2ccc(cc2)C(C)(C)C,4.271900000000004
CC1(C)[C@@H](C=C(Cl)Cl)[C@H]1C(=O)OC(C#N)c2cccc(Oc3ccccc3)c2,6.177980000000004
CC(CN1C[C@H](C)O[C@H](C)C1)Cc2ccc(cc2)C(C)(C)C,4.271900000000004
Brc1cc2oc3cc(Br)c(Br)cc3c2cc1Br,6.636000000000001
CCCN(CCOc1c(Cl)cc(Cl)cc1Cl)C(=O)n2ccnc2,4.602400000000004
CCOC(=O)CN(N=O)C(N)=O,-0.3884000000000002
Brc1ccc(Br)c(c1)c2cc(Br)c(Br)cc2Br,7.166100000000003
CC(=O)N[C@@H](Cc1c[nH]c2ccccc12)C([O-])=O,-0.0350000000000003
O=C1NC=Cc2cccnc12,0.9231
Clc1cc(Cl)c(cc1OCC#C)N2N=C3CCCCN3C2=O,2.6891000000000007
Clc1cc(NC(=O)Nc2ccccc2)ccn1,3.3790000000000004
Clc1ccc(c(Cl)c1)c2cc(Cl)cc(Cl)c2Cl,6.620600000000001
Clc1cc(Cl)cc(c1)c2c(Cl)ccc(Cl)c2Cl,6.620600000000001
Clc1cc(Cl)cc(c1)c2cc(Cl)c(Cl)cc2Cl,6.620600000000001
Clc1ccc(Cl)c(c1)c2c(Cl)cc(Cl)c(Cl)c2Cl,7.274000000000001
Clc1cc(c(Cl)c(Cl)c1Cl)c2c(Cl)cccc2Cl,7.274000000000001
CC[S](=O)(=O)Oc1ccc2OCC(C)(C)c2c1,2.0851
CN(C)C(=O)Oc1cc(C)nn1c2ccccc2,2.2411200000000004
Clc1ccc(Oc2ccccc2Cl)c(Cl)c1,5.4391000000000025
Nc1c(Cl)c(F)nc(OCC(O)=O)c1Cl,1.5731
CC(C)C(Nc1ccc(cc1Cl)C(F)(F)F)C(=O)OC(C#N)c2cccc(Oc3ccccc3)c2,7.395680000000005
OCC(Cl)(Cl)Br,1.505
CC(CC(C)(C(O)=O)C(O)=O)C(O)=O,0.2727
OC(=O)c1occ(Cl)c1Cl,2.2846
Clc1cc(Cl)cc(c1)c2c(Cl)c(Cl)c(Cl)c(Cl)c2Cl,7.9274
COC(=O)C(C)Oc1ccc(Oc2ncc(cc2Cl)C(F)(F)F)cc1,4.486400000000002
CCCCOC(=O)C(C)Oc1ccc(Oc2ccc(cn2)C(F)(F)F)cc1,5.003300000000004
COC(=O)c1cc(C)ccc1C2=NC(C)(C(C)C)C(=O)N2,2.07272
CC(C)C(C(=O)OC(C#N)c1cccc(Oc2ccccc2)c1)c3ccc(OC(F)F)cc3,6.627980000000005
Clc1ccccc1c2cc(Cl)c(Cl)cc2Cl,5.967200000000001
Cc1cccc(Cl)c1O,2.3540200000000007
Clc1ccc(Cl)c(c1)c2cc(Cl)c(Cl)c(Cl)c2,6.620600000000001
CCSC(=S)NC(C)C(O)=O,1.0871
ClCCN(CCCl)[P]1(=O)NCCCCO1,2.2741
CCCc1sc(N[S](=O)(=O)c2ccc(N)cc2)nn1,1.8736
CCOC(=O)[C@@H](C)Oc1ccc(Oc2oc3cc(Cl)ccc3n2)cc1,4.603900000000003
Cn1nc(C)c(C(=O)c2ccc(Cl)cc2Cl)c1OCC(=O)c3ccccc3,4.528020000000003
COC(=O)C(C)N(C(=O)Cc1ccccc1)c2c(C)cccc2C,3.440640000000002
CC1(C)C(C=C(Cl)Cl)C1C(=O)OC(C#N)c2cccc(Oc3ccccc3)c2,6.177980000000004
NC(=O)C(=NO)C(N)=O,-2.2128
Oc1cccc(O)c1O,0.8033999999999997
OC(=O)C(Br)=C(Br)Br,2.4248000000000003
OC(=O)C(Br)=C(Br)I,2.4649
CC[S](=O)(=O)N[S](=O)(=O)CC,-0.7245999999999999
CCOC(=O)NCCOc1ccc(Oc2ccccc2)cc1,3.6038000000000014
CCCCN(CCOC(C)=O)c1ccc(N=Nc2c(cc(cc2C#N)[N+]([O-])=O)C#N)c(C)c1,5.231580000000005
FC(F)(F)c1nc(Cl)sc1C(=O)OCc2ccccc2,4.172300000000003
CN(C(=O)COc1sc2ccccc2n1)c3ccccc3,3.3381000000000016
Clc1cccc(c1)c2cc(Cl)c(Cl)cc2Cl,5.967200000000001
Clc1ccccc1c2c(Cl)c(Cl)cc(Cl)c2Cl,6.6206000000000005
Clc1ccc(c(Cl)c1Cl)c2c(Cl)cccc2Cl,6.620600000000001
CCCCCCOC(=O)C(C)OC(=O)C(C)O,1.4224
Cc1cc(C)nc(n1)C(N)=O,0.19234
Fc1ccc(cc1)C(=O)C2CCN(CC2)CCN3C(=O)Nc4ccccc4C3=O,2.4238
Nc1c(Cl)c(Oc2ccccc2)ccc1[N+]([O-])=O,3.622700000000001
CCOc1ccc(NC(=O)NN)cc1,1.0804999999999998
Clc1ccccc1c2nnc(nn2)c3ccccc3Cl,3.907400000000001
Brc1c(Br)c(Br)c(Br)c(Br)c1Br,6.261600000000001
COC(=O)c1ccccc1[S](=O)(=O)NC(=O)Nc2nc(C)cc(C)n2,1.39044
Clc1cccc(c1)c2ccc(Cl)c(Cl)c2Cl,5.967200000000001
Clc1ccc(cc1)c2cc(Cl)c(Cl)c(Cl)c2Cl,6.6206000000000005
Clc1ccc(cc1)c2c(Cl)cc(Cl)c(Cl)c2Cl,6.6206000000000005
Clc1ccc(cc1Cl)c2c(Cl)cc(Cl)c(Cl)c2Cl,7.274
Clc1ccc(cc1Cl)c2c(Cl)c(Cl)cc(Cl)c2Cl,7.274
Clc1ccc(Cl)c(c2cc(Cl)c(Cl)c(Cl)c2)c1Cl,7.274000000000001
Clc1cc(Cl)cc(c1)c2c(Cl)c(Cl)cc(Cl)c2Cl,7.274000000000001
ClN1C(=O)N(Cl)C(=O)N(Cl)C1=O,-0.8226000000000001
Clc1ccc(c(Cl)c1)c2c(Cl)c(Cl)c(Cl)c(Cl)c2Cl,7.9274
Clc1cc(Cl)c(c2cc(Cl)c(Cl)c(Cl)c2)c(Cl)c1Cl,7.9274
Clc1cc(Cl)c(c(Cl)c1)c2c(Cl)c(Cl)c(Cl)c(Cl)c2Cl,8.580799999999998
Clc1cc(cc(Cl)c1Cl)c2c(Cl)c(Cl)c(Cl)c(Cl)c2Cl,8.580799999999998
Clc1cc(Cl)c(c(Cl)c1)c2c(Cl)c(Cl)cc(Cl)c2Cl,7.9274
Brc1ccc(Br)c(C=O)c1,3.0241000000000007
O[S](=O)(=O)C(Cl)[S](O)(=O)=O,-0.7155999999999996
Clc1cccc(c1Cl)c2c[nH]cc2C#N,3.8601800000000015
CC(C)(C)C(O)C(Cc1ccc(Cl)cc1Cl)n2cncn2,3.7757000000000014
CCO[P](=O)(Cc1ccc(cc1)c2sc3ccccc3n2)OCC,5.7294000000000045
CCN1CC(=O)N=C1N,-0.8367999999999998
OC(=O)c1c(Cl)c(Cl)c(Cl)c(Cl)c1C(=O)Nc2cccc(Cl)c2Cl,6.5575
CCOC(=O)[C@H](C)NC(=O)CCl,0.293
CSCOC(=O)c1ccccc1OC(C)=O,2.0892
CC(=O)Oc1ccccc1C(=O)OC[S](C)=O,1.1047
CC(=O)Oc1ccccc1C(=O)OC[S](C)(=O)=O,0.7708
CC(Oc1ccccc1Cl)C(O)=O,2.1919
CC(Oc1ccc(Oc2cnc3cc(Cl)ccc3n2)cc1)C(O)=O,3.927400000000002
OC(Cn1cncn1)(c2ccc(F)cc2)c3ccccc3F,2.492400000000001
Clc1cccc(c2cc(Cl)c(Cl)c(Cl)c2)c1Cl,6.620600000000001
CCOC(=O)N(C)CC,1.0946
CCCS[P](=O)(OCC)Oc1cnn(c1)c2ccc(Cl)cc2,5.192300000000004
Oc1c(Cl)cc(Cl)cc1Cl,3.3523999999999994
CCOC(=O)COC(=O)c1cc(Oc2ccc(cc2Cl)C(F)(F)F)ccc1[N+]([O-])=O,4.779200000000003
CCOC(CC(C)O)OCC,1.1564
COCC(=O)N(N1CCOC1=O)c2c(C)cccc2C,1.6500399999999995
CCCCCCNC(=O)c1cccnc1,2.3917
C[C@H]1C(SC(=O)N1C(=O)NC2CCCCC2)c3ccc(Cl)cc3,4.980700000000004
CCCCOC(=O)[C@@H](C)Oc1ccc(Oc2ccc(cn2)C(F)(F)F)cc1,5.003300000000004
CC(=O)c1sccc1,1.9507
COC(=O)c1sccc1[S](=O)(=O)NC(=O)Nc2nc(C)nc(OC)n2,0.5471199999999999
Cc1c(F)c(F)c(COC(=O)C2C(\C=C(/Cl)C(F)(F)F)C2(C)C)c(F)c1F,5.551820000000002
CCC(CC)C(=O)N(CC)CC,2.2910000000000004
CCC(C)(C)C(=O)O[C@H]1C[C@@H](C)C=C2C=C[C@H](C)[C@H](CC[C@@H]3C[C@@H](O)CC(=O)O3)[C@@H]12,4.585600000000005
CCCCC(O)(Cn1cncn1)c2ccc(Cl)cc2Cl,3.662900000000002
CC(C)c1cc(Oc2ccccc2)cc(C(C)C)c1NC(=S)NC(C)(C)C,6.810600000000006
CCCCCCCCCNC(=O)c1cccnc1,3.562000000000002
CCCCCCCCCCCNC(=O)c1cccnc1,4.342200000000004
CCCCCCCCCCCCNC(=O)c1cccnc1,4.732300000000004
CC1(C)CON(Cc2ccccc2Cl)C1=O,2.640000000000001
COc1nc(C)nc(NC(=O)N[S](=O)(=O)c2ccccc2OCCCl)n1,1.3166199999999997
ON=C1C=CC(=NO)c2ncccc12,1.008
CC(C)(C)[C@H](O)[C@H](Oc1ccc(Cl)cc1)n2cncn2,2.916100000000001
CCC(C)(CC)c1cc(NC(=O)c2c(OC)cccc2OC)on1,4.0218000000000025
CCOC(C)CCO,0.7938000000000001
Cc1c(COC(=O)C2C(\C=C(/Cl)C(F)(F)F)C2(C)C)cccc1c3ccccc3,6.662420000000005
Cn1nc(C)c(C(=O)c2ccc(Cl)c(C)c2Cl)c1OCC(=O)c3ccc(C)cc3,5.144860000000005
OC(=O)C(I)=C(Br)I,2.5050000000000003
CC(C)(C)[C@H](O)\C(=C/c1ccc(Cl)cc1)n2cncn2,3.3366000000000025
CC(C)(C)C(O)\C(=C/c1ccc(Cl)cc1)n2cncn2,3.3366000000000025
CC(C)(C)C(O)\C(=C/c1ccc(Cl)cc1Cl)n2cncn2,3.990000000000003
CCCC(=O)N(CS[P](=S)(OC)OC)c1ccccc1Cl,4.681100000000004
OC(=O)c1ccc(c2cccnc12)[N+]([O-])=O,1.8411999999999995
CCOC(=O)C1(C)OC(=O)N(C1=O)c2cc(Cl)cc(Cl)c2,2.798400000000001
Nc1ncc2ncn(COCCO)c2n1,-0.6251000000000002
CC(Oc1ccc(Cl)c(C)c1Cl)C(=O)Nc2ccccc2,4.7078200000000034
CCC(C)c1cc(cc(c1O)[N+]([O-])=O)[N+]([O-])=O,2.7221000000000024
COCCCCC=O,1.002
CCC(=O)OCc1ccc(Cl)cc1Cl,3.446600000000002
CCN(C(C)C(C)C)C(=O)SCc1ccccc1,4.406200000000004
COC(=O)c1ccccc1[S](=O)(=O)NC(=O)Nc2nc(OC(F)F)cc(OC(F)F)n2,1.9764
Clc1ccc(CSC(Cn2cncn2)=Nc3ccc(Cl)cc3Cl)cc1,5.901900000000002
CCc1cccc(C)c1N(COC(C)C)C(=O)CCl,3.511720000000002
CCOc1ccc(NC(=O)OC(C)C)cc1OCC,3.440900000000002
CCOCCOC(=O)C(C)Oc1ccc(Oc2ncc(cc2Cl)C(F)(F)F)cc1,4.893100000000004
CCCCCOC(=O)COc1cc(N2C(=O)C3=C(CCCC3)C2=O)c(F)cc1Cl,4.335100000000004
COCC(C)N(C(=O)CCl)c1c(C)scc1C,2.9716400000000016
CC(Oc1ccc(Oc2ncc(Cl)cc2Cl)cc1)C(=O)N3CCCO3,4.111900000000003
CC(C)C12CCC(C)(O1)C(C2)OCc3ccccc3C,4.247820000000004
FC(F)(F)C(=N/OCC1OCCO1)/c2ccc(Cl)cc2,2.9959000000000016
OC(=O)C(Br)=C(Cl)Br,2.2687000000000004
CC(O)C([N+]([O-])=O)[N+]([O-])=O,-0.7533000000000001
CN1C(=O)N=CC2=C1NC(=O)N2,-1.0501000000000005
C[C@@H](CCO)CCC=O,0.984
CN1C=C2N=CC=NC2=NC1=O,-0.2765000000000002
O=C1OCc2ccc(cc12)C#N,1.22868
COc1c(N)c(C=O)ccc1O,0.7955000000000001
COC(=O)c1ccc(cc1C([O-])=O)[N+]([O-])=O,-0.2551000000000002
OC(=O)CC[C@H](NCCC#N)C(O)=O,-0.1923199999999998
CCCCCCC(O)C(O)C(O)=O,0.7631999999999999
Cc1cnc2c(ccc(Cl)c2C(O)=O)c1,2.89482
CC[C@H](C)[C@H](NCCC#N)C(O)=O,0.98898
CCc1nc2cnc(O)nc2nc1CC,1.2501999999999998
CC(C)(OC1CCCCC1)C(O)=O,2.1989
COC(CC(O)=O)c1ccccc1,1.8488
[O-][N+](=O)C1C(=O)CC(CC1=O)c2ccccc2,1.3475
OC(O)(C(=O)Nc1ccccc1)C(=O)Nc2ccccc2,0.9446999999999998
CCCO[P](=O)(OC)OCCC,2.594100000000001
CN1C=NC2=C(N(C)C(=O)N(C)C2=O)C1=O,-1.6690999999999991
[O-]C(=O)CN[S](=O)(=O)c1ccc2ccccc2c1,-0.1319999999999996
CCCCc1c2ccccc2cc3ccc4ccccc4c13,6.488800000000005
CCC(Br)(Br)C(O)=O,1.9671
CCOC(=O)c1cnn(C)c1[S](=O)(=O)NC(=O)Nc2nc(OC)cc(OC)n2,-0.0855999999999987
OC(=O)Cc1ccccc1C(O)=O,1.0119
OC(=O)CNC(=O)CN[S](=O)(=O)c1ccc2ccccc2c1,0.3189000000000006
CC(C1CC1)C(O)(Cn2cncn2)c3ccc(Cl)cc3,2.865400000000001
COCCOc1ccccc1[S](=O)(=O)NC(=O)Nc2nc(OC)nc(OC)n2,0.4244000000000001
CCO[P](=O)(SC(C)CC)SC(C)CC,5.194400000000004
OC(=O)COC1CCCC1,1.0301999999999998
CC(C)(C)N1N=CC(=C(Cl)C1=O)SCc2ccc(cc2)C(C)(C)C,5.241500000000005
COc1ccsc1CN(C(=O)CCl)c2c(C)cccc2C,4.145540000000003
CNC1=C(C(=O)C(O1)c2ccccc2)c3cccc(c3)C(F)(F)F,3.934000000000003
Nc1ccc(Cl)cc1[N+]([O-])=O,1.8304
CCCCCCCCCCCCCCNC(=O)C(C)O,4.184500000000003
COC(=O)C1(CC1)[S](=O)(=O)c2ccccc2,1.1659
ClC(Cl)C(=O)N(CC=C)CC(=O)NCC=C,1.1068999999999998
CSC(=O)c1c(CC(C)C)c(C(=O)SC)c(nc1C(F)F)C(F)(F)F,5.242900000000003
COc1nsc(N)n1,0.1288999999999999
CCOc1nsc(N)n1,0.519
CC(=O)OCC(S)CS,0.7776999999999998
CCCCC(=CC)C(N)=O,1.6082
O=C(Nc1ncccn1)c2cnccn2,0.5188999999999999
Oc1ccc(Cl)cc1[N+]([O-])=O,1.9538
Cc1ccn2nc(nc2n1)[S](=O)(=O)Nc3c(F)cccc3F,1.51172
Cc1ccnc(NC(=O)c2cnccn2)n1,0.8273199999999998
C[S](=O)(=O)c1ccc(c(Cl)c1)C(=O)C2C(=O)CCCC2=O,1.8645000000000005
CC1(C)OC(=O)c2cc(ccc12)[N+]([O-])=O,2.0003
CCC1OC(=O)c2cc(ccc12)[N+]([O-])=O,2.2163000000000004
Cc1ncnc2c(O)cccc12,1.6438199999999998
OCC(O)C(O)C1OC(=O)C(O)C1O,-3.6523
NC(=O)C1CCCC(N1)C(N)=O,-1.532299999999999
CCC(C)(C)C1CCC(=NO)C(C1)=NO,2.8831000000000007
CCCc1ncnc2c(O)cccc12,2.2879000000000005
[NH3+][C@H](CC([O-])=O)c1cccc2ccccc12,0.2628000000000008
CCOC(=O)[C@@H](C)Oc1ccc(Oc2cnc3cc(Cl)ccc3n2)cc1,4.405900000000004
COC(=O)c1c(Cl)nn(C)c1[S](=O)(=O)NC(=O)Nc2nc(OC)cc(OC)n2,0.1776999999999995
CCOc1ccc(NC(C)=O)c2cccnc12,2.5919000000000008
CC(C)c1cc(Cl)c(C)cc1O,3.4774200000000026
CCCCO[P](=O)(OCCCC)OCCCCOCC,4.561200000000004
CC1(C)[C@@H](\C=C/C(=O)OC(C(F)(F)F)C(F)(F)F)[C@H]1C(=O)O[C@H](C#N)c2cccc(Oc3ccccc3)c2,6.451580000000004
COC(=O)c1ccccc1[S](=O)(=O)NC(=O)N(C)c2nc(C)nc(OC)n2,0.5099199999999997
OC(=O)C(Cl)(Cl)CCCl,1.8738
COC(=O)c1cc(ccc1C([O-])=O)[N+]([O-])=O,-0.2551
NCCCCCCNCCCCCCCCCCC(O)=O,3.6906000000000017
CCC(N(Cc1occc1)C(=O)n2ccnc2)C(=O)OCCCC=C,3.2344000000000017
COc1ncc2nccnc2n1,0.4283999999999998
CN1C(=O)N=Cc2nccnc12,-0.2765000000000004
CCCC\C(=C\C)C(=O)NC(N)=O,1.3178
COC(C)C(C)Cl,1.6485999999999998
COc1cc(Br)c2COC(=O)c2c1OC,2.1367000000000003
CCOC(=O)c1nn(c2ccc(Cl)cc2Cl)c(n1)C(Cl)(Cl)Cl,4.5775000000000015
Fc1cc2OCC(=O)N(CC#C)c2cc1N3C(=O)C4=C(CCCC4)C3=O,1.9281
NC(CS)C(O)=O,-0.6719000000000002
COC/C(=N/OCC(=O)OC)c1cc(Oc2ccc(cc2Cl)C(F)(F)F)ccc1[N+]([O-])=O,4.599400000000004
CCOc1ccc(cc1)[Si](C)(C)CCCc2ccc(F)c(Oc3ccccc3)c2,6.564900000000007
C[C@@H](Oc1ccc(Oc2ncc(Cl)cc2F)cc1)C(=O)OCC#C,3.6101000000000023
CC(CCC(O)=O)NC(=O)c1ccccc1,1.6697000000000002
CNC(=O)COC(=O)c1ccccc1,0.5893999999999995
CCCNC(=O)COC(=O)c1ccccc1,1.3696
CC(C)(C)NC(=O)COC(=O)c1ccccc1,1.7581
NC(=O)CNC(=O)COC(=O)c1ccccc1,-0.5550999999999997
CCCN(CCC)C(=O)COC(=O)c1ccccc1,2.492000000000001
CCCCN(CCCC)C(=O)COC(=O)c1ccccc1,3.2722000000000024
C=CCN(CC=C)C(=O)COC(=O)c1ccccc1,2.044
CN(CC(O)=O)C(=O)COC(=O)c1ccccc1,0.3864
O=C(COC(=O)c1ccccc1)N2CCCCC2,1.8559
O=C(COC(=O)c1ccccc1)N2CCOCC2,0.7022000000000002
CCC(NC=O)C(O)=O,-0.4044000000000001
CC(C)(C)C(O)(CCc1ccc(Cl)cc1)Cn2cncn2,3.3415000000000017
N[S](=O)(=O)c1ccc(SCCO)cc1,0.4184000000000002
N[S](=O)(=O)c1ccc(SCCCO)cc1,0.8085000000000002
CC(O)(CCC(C)(O)C(O)=O)C(O)=O,-0.5622000000000003
CCCc1nc(N)c(CC)c(CCC)n1,2.526200000000001
C\C(=N/NC(=O)Nc1cc(F)cc(F)c1)c2ncccc2C(O)=O,2.603700000000001
O=C1CCCCCCCCCCCCCCCCCN1,5.357800000000005
Cn1nc(C)c(\C=N\OCc2ccc(cc2)C(=O)OC(C)(C)C)c1Oc3ccccc3,5.026820000000005
Brc1cccc2ccccc12,3.6023000000000014
CC(C)(COCc1cccc(Oc2ccccc2)c1)c3ccc(OC(F)(F)Br)cc3,7.297300000000005
CCOC(=O)CSc1nc(nn1C(=O)N(C)C)C(C)(C)C,1.7605
CC(C)(C)N(NC(=O)c1ccc(Cl)cc1)C(=O)c2ccccc2,3.925700000000002
CC(Oc1ccc(Oc2oc3cc(Cl)ccc3n2)cc1)C(O)=O,4.125400000000002
O=C(COC(=O)c1ccccc1)N2CCC2,1.0757
C1CCN2C[C@@H]3C[C@@H](CN4CCCC[C@H]34)[C@@H]2C1,2.3451000000000004
O=C(COC(=O)c1ccccc1)N2CCCCCC2,2.2460000000000004
OC1CCN(CC1)C(=O)COC(=O)c2ccccc2,0.8266999999999998
COC(=O)[C@@H]1CCCN1C(=O)COC(=O)c2ccccc2,1.0073999999999992
CN(C)C(=O)CCOC(=O)c1ccccc1,1.3217
CN(C)C(=O)CCCOC(=O)c1ccccc1,1.7117999999999998
CN(C(C)=O)C(=O)COC(=O)c1ccccc1,0.8482999999999998
CC(C)NC(=O)COC(=O)c1ccccc1,1.3679999999999997
CCCCNC(=O)COC(=O)c1ccccc1,1.7596999999999998
CCCCCCNC(=O)COC(=O)c1ccccc1,2.539900000000001
CC(NC(=O)COC(=O)c1ccccc1)C(N)=O,-0.1666000000000002
Clc1ccc(c(Cl)c1)C2(CC(Br)CO2)Cn3cncn3,3.664200000000003
FC(OC(F)(F)F)C(F)(F)Oc1ccc(NC(=O)NC(=O)c2c(F)cccc2F)cc1Cl,5.383700000000002
CCNC(C)CC,1.3944
NCCCCC(NC(=O)c1ccccc1)C(O)=O,0.9985999999999996
COC(=O)CSc1cc(N=C2SC(=O)N3CCCCN23)c(F)cc1Cl,2.795100000000001
O[C@@H]([C@@H](O)[C@@H](O)C(O)=O)[C@@H](O)C(O)=O,-3.4008
COC(=O)c1c(CC(C)C)c(C2=NCCS2)c(nc1C(F)F)C(F)(F)F,4.516500000000003
CCCN(CC)CC1COC2(CCC(CC2)C(C)(C)C)O1,4.066300000000004
OCC1OC(=O)C(O)C(O)C1O,-3.0132
CC1OC(=O)c2cc(N)ccc12,1.5002
CC1(C)[C@H](C=C(Cl)Cl)[C@H]1C(=O)OCc2c(F)c(F)cc(F)c2F,4.877400000000002
COc1ccc(cc1)C(=O)c2csc(c2)[S](N)(=O)=O,1.6351
N[S](=O)(=O)c1scc(c1)C(=O)c2ccc(O)cc2,1.3321000000000005
COc1ccc(cc1)C(=O)c2coc(c2)[S](N)(=O)=O,1.1666
Cc1ccc(cc1)C(=O)c2csc(c2)[S](N)(=O)=O,1.93492
NC(=O)c1nn(c2ccc(Cl)c(COCC(F)(F)C(F)(F)F)c2)c(n1)c3ccccc3,4.400800000000002
CCc1nn(C)c(C(=O)NCc2ccc(cc2)C(C)(C)C)c1Cl,3.863400000000003
CC(Oc1ccc(Oc2cnc3cc(Cl)ccc3n2)cc1)C(=O)OCC4CCCO4,4.565000000000004
CN(C)c1ccc(cc1)C(=O)c2ccc(cc2)N(C)C,3.0496000000000016
Nc1n(nc(C#N)c1[S](=O)C(F)(F)F)c2c(Cl)cc(cc2Cl)C(F)(F)F,4.279179999999999
COc1cc(OC)nc(NC(=O)N[S](=O)(=O)c2n(C)ncc2c3nnn(C)n3)n1,-1.0717999999999983
CCN(Cc1ccc(Cl)nc1)\C(NC)=C\[N+]([O-])=O,1.8519
CC(C)(C)c1ccc(CCOc2ncnc3ccccc23)cc1,4.548800000000004
COc1ccc(NCC(O)CO)cc1,0.4602999999999998
CC1(C)OC(CN1C(=O)C(Cl)Cl)c2occc2,2.7193000000000014
COc1cc(OC)nc(NC(=O)N[S](=O)(=O)c2n3ccccc3nc2Cl)n1,1.3052999999999997
CC1=NNC(=O)N(C1)\N=C\c2cccnc2,0.8166
CCOC(=O)c1ccc(OC)c(OC)c1C([O-])=O,0.244
Fc1ccc(Oc2ccnc3cc(Cl)cc(Cl)c23)cc1,5.473000000000002
CC1(C)CCC(Cc2ccc(Cl)cc2)C1(O)Cn3cncn3,3.3415000000000017
CC(C)C1CCC(Cc2ccc(Cl)cc2)C1(O)Cn3cncn3,3.587500000000002
CCN(CC)C(=O)n1cnc(n1)[S](=O)(=O)c2c(C)cc(C)cc2C,2.3460600000000005
CC=CC(=O)Nc1ccc(O)cc1,1.9068
CCOc1ccccc1O[S](=O)(=O)NC(=O)Nc2nc(OC)cc(OC)n2,1.3377999999999997
CCOC(=O)C(Cl)Cc1cc(N2N=C(C)N(C(F)F)C2=O)c(F)cc1Cl,3.2430200000000022
CCC1=C(C(O)=O)C(=O)C=NN1c2ccc(Cl)cc2,2.1465000000000005
Cc1sc(C(=O)Nc2c(Br)cc(OC(F)(F)F)cc2Br)c(n1)C(F)(F)F,6.146220000000002
FC1(F)Oc2cccc(c2O1)c3c[nH]cc3C#N,2.87488
CC1(OC(=O)N(Nc2ccccc2)C1=O)c3ccc(Oc4ccccc4)cc3,4.700000000000004
CO\C=C(C(=O)OC)/c1ccccc1Oc2cc(Oc3ccccc3C#N)ncn2,4.093180000000004
CNC(=O)C(=N/OC)\c1ccccc1Oc2ccccc2,2.5754
c1ccc2nccnc2c1,1.6297999999999997
CSC(=O)c1cccc2nnsc12,2.194500000000001
CN(Cc1ccc(Cl)nc1)C(C)=NC#N,2.06628
N[S](=O)(=O)c1ccc(SCCCCO)cc1,1.1986
N[S](=O)(=O)c1ccc(CCCO)cc1,0.2588999999999997
N[S](=O)(=O)c1ccc(CCCCO)cc1,0.6489999999999998
N[S](=O)(=O)c1ccc(CCCCCO)cc1,1.0391
CO\N=C(/C)c1cccc(Oc2nc(OC)cc(OC)n2)c1C(=O)OC,2.4431000000000003
Fc1ccc2N=C(n3cncn3)N(C(=O)c2c1)c4ccc(Cl)cc4Cl,3.412300000000001
Nc1ccc2ccccc2c1,2.4220000000000006
COc1cc(OC)nc(NC(=O)N[S](=O)(=O)Nc2ccccc2C(=O)C3CC3)n1,1.5648999999999995
[O-][N+](=O)NC1=NCCN1Cc2ccc(Cl)nc2,0.6879
COc1cc(OC)n2nc(nc2n1)[S](=O)(=O)Nc3c(Cl)ccc(C)c3Cl,2.55752
C[S](=O)(=O)c1cc(ccc1C(=O)c2cnoc2C3CC3)C(F)(F)F,3.205300000000002
CC[S](=O)(=O)c1nc2ccccn2c1[S](=O)(=O)NC(=O)Nc3nc(OC)cc(OC)n3,0.4454999999999994
CC(C)N(C(=O)COc1sc(nn1)C(F)(F)F)c2ccc(F)cc2,3.516400000000002
Cc1cc(C)nc(NC(=O)N[S](=O)(=O)c2ccccc2C(=O)OC3COC3)n1,1.1594399999999998
COC(=O)C1(CC1)[S](=O)(=O)c2ccc(C)cc2,1.47432
CCOC(=O)C1(CC1)[S](=O)(=O)c2ccc(C)cc2,1.86442
COC(=O)C1(CC1)[S](=O)(=O)c2ccc(Cl)cc2,1.8193
CC(C)OC(=O)C1(CC1)[S](=O)(=O)c2ccc(Cl)cc2,2.597900000000001
CC(C)(C)OC(=O)C1(CC1)[S](=O)(=O)c2ccc(Cl)cc2,2.9880000000000013
COC(=O)C1(CC1)[S](=O)(=O)c2ccc(cc2)[N+]([O-])=O,1.0741
CC(C)OC(=O)C1(CC1)[S](=O)(=O)c2ccc(cc2)[N+]([O-])=O,1.8527
CCOc1nc(F)cc2nc(nn12)[S](=O)(=O)Nc3c(Cl)cccc3C(=O)OC,1.9029
COc1ccc(cc1NNC(=O)OC(C)C)c2ccccc2,3.8237000000000014
CN(C)CCN(Cc1sccc1)c2ccccn2,2.7113000000000014
CCOc1cc(ccc1C2COC(=N2)c3c(F)cccc3F)C(C)(C)C,5.1791000000000045
CCN(C1CCCCC1)C(=O)N2N=NN(C2=O)c3ccccc3Cl,2.7051000000000007
CC(C)OC(=O)C1(CCC1)[S](=O)(=O)c2ccc(cc2)[N+]([O-])=O,2.2428
CC(C)OC(=O)C1(CCCCC1)[S](=O)(=O)c2ccc(cc2)[N+]([O-])=O,3.023000000000001
COC(=O)C1(CCC1)[S](=O)(=O)c2ccc(Br)cc2,2.3185
COC(=O)C1(CCC1)[S](=O)(=O)c2ccc(Cl)cc2,2.2094000000000005
CC(C)OC(=O)C1(CCCC1)[S](=O)(=O)c2ccc(Cl)cc2,3.3781000000000025
Oc1ccc(cc1O)c2ccccc2,2.764800000000001
COC(=O)C1(CCCC1)[S](=O)(=O)c2ccccc2,1.9461
CC(C)C(C(=O)OC(C#N)c1cccc(Oc2ccc(Br)cc2)c1)c3ccc(OC(F)F)cc3,7.390480000000005
COc1cccc(C(=O)NN(C(=O)c2cc(C)cc(C)c2)C(C)(C)C)c1C,4.206160000000003
CCOC(=O)C(NC=O)=Cc1cocc1,0.9296000000000002
c1ccc(cc1)c2cccc(c2)c3ccccc3,5.020600000000004
CC(C)C(C)C,2.2984
CCC(C)CC,2.442500000000001
CC1CCCC1,2.1965000000000003
CCCCCCCC,3.3668000000000022
CCCCCCC,2.976700000000002
CC(C)(C)C,2.0524
c1ccc2c(c1)cc3ccc4cccc5ccc2c3c45,5.737200000000003
c1ccc2c(c1)ccc3cc4c(ccc5ccccc45)cc23,6.299400000000003
Cc1ccc2cc3c(ccc4ccccc34)c5CCc1c25,5.553220000000004
c1ccc2cc3c(ccc4ccccc34)cc2c1,5.146200000000003
c1ccc2c(c1)ccc3ccccc23,3.993000000000002
Oc1cc2ccccc2cc1O,2.251000000000001
s1c2ccccc2c3ccccc13,4.054500000000002
c1cc2cccc3C=Cc(c1)c23,3.3236000000000017
CCN(CCO)c1ccccc1,1.5052
c1ccc2cc3c4ccccc4c5ccccc5c3cc2c1,6.299400000000003
c1ccc2c(c1)ccc3c4ccccc4ccc23,5.146200000000003
c1ccc2c(c1)ccc3cc4ccc5ccccc5c4cc23,6.299400000000003
C1c2ccccc2c3cc4ccccc4cc13,4.411000000000002
Cc1ccc2cc3ccccc3cc2c1,4.301420000000002
Nc1ccc2cc3ccc(N)cc3nc2c1,2.5524000000000004
Cc1c2ccccc2c(C)c3ccccc13,4.609840000000004
Cc1cccc2c1ccc3ccccc23,4.301420000000003
Cc1cccc2c1Cc3ccccc23,3.566220000000002
Cc1ccc2c(ccc3ccccc23)c1,4.301420000000003
CCc1ccc2cc3ccccc3cc2c1,4.555400000000003
CC(C)(C)c1ccccc1,2.984100000000001
CC(C)c1ccccc1,2.8100000000000014
ClC(Cl)C(c1ccc(Cl)cc1)c2ccccc2Cl,5.929000000000003
CC(=O)c1ccc(cc1)c2ccccc2,3.5562000000000022
C(Cc1ccccc1)c2ccccc2,3.4718000000000018
CCCc1ccccc1,2.639100000000001
[O-][N+](=O)c1ccc(cc1)c2ccccc2,3.261800000000002
CCc1ccccc1CC,2.811400000000001
Cc1cccc(C)c1C,2.611860000000001
CCCCCc1ccccc1,3.4193000000000024
CC(C)Cc1ccccc1,2.8851000000000013
COc1ccc(OC)c(C=O)c1,1.5163
CCc1ccccc1C,2.5574200000000005
Cc1ccc(cc1)c2ccc(C)cc2,3.970440000000002
CCc1ccc(C)cc1,2.5574200000000005
Cc1cc(C)c(C)c(C)c1C,3.2287000000000017
CCCCCCCCc1ccccc1,4.589600000000004
[O-][N+](=O)c1c(Cl)c(Cl)c(Cl)c(Cl)c1Cl,4.8618
Cc1ccccc1Cl,2.6484200000000007
Brc1ccc(Br)cc1,3.2116000000000007
Cc1ccc(Br)cc1,2.7575200000000013
Clc1ccc(Br)cc1,3.102500000000001
Brc1cccc(Br)c1,3.2116000000000007
[O-][N+](=O)c1c(Cl)c(Cl)cc(Cl)c1Cl,4.2084
Fc1ccc(CCl)cc1,2.5645000000000007
Fc1ccc(F)cc1,1.9648
Brc1ccccc1Br,3.2116000000000007
Cc1cccc(Br)c1,2.7575200000000013
Fc1cccc(Cl)c1,2.4791000000000007
Clc1ccc(Cl)c(Cl)c1Cl,4.3002
[O-][N+](=O)c1cc(Cl)c(Cl)c(Cl)c1Cl,4.2084
Fc1cccc(Br)c1,2.5882000000000005
[O-][N+](=O)c1c(Cl)cc(Cl)cc1Cl,3.5550000000000006
CN(C)C,0.1777999999999999
Cc1ccc2ccc(C)nc2c1,2.8516400000000006
CCN(CC)c1ccccc1,2.532800000000001
N(c1ccccc1)c2ccccc2,3.430200000000002
Nc1cc(Cl)cc(Cl)c1,2.575600000000001
Oc1c(Cl)c(Cl)c(Cl)c(Cl)c1Cl,4.6592
OC(=O)CCCOc1cc(Cl)c(Cl)cc1Cl,3.8904000000000014
CCc1ccccc1O,1.9546
COc1ccccc1O,1.4008
COc1cccc(OC)c1O,1.4093999999999998
Oc1ccc(cc1)c2ccccc2,3.059200000000001
Oc1cc(Cl)c(Cl)cc1Cl,3.3524000000000003
Cc1ccc(O)c(C)c1,2.00904
Oc1ccc(Br)cc1,2.1547
COc1ccc(O)cc1,1.4008
Cc1cc(C)c(O)c(C)c1,2.3174600000000005
Oc1cccc(Cl)c1Cl,2.699
Oc1cccc(Br)c1,2.1547
Oc1cc(Cl)cc(Cl)c1,2.699
Oc1ccc(Br)cc1Br,2.9172
CC(C)C(O)=O,0.727
CCC(Br)C(O)=O,1.2445000000000002
OC(=O)Cc1cccc2ccccc12,2.4669000000000008
CCC(CC)C(O)=O,1.5072
CC(C)COC(=O)c1ccc(N)cc1,2.0816
OC(=O)CCCCCC(O)=O,1.1061
CCOc1ccc(cc1)C(=O)OCCN(CC)CC,2.5839000000000008
OC(=O)COc1ccccc1,1.15
OC(=O)COc1ccc(Cl)cc1,1.8034
OC(=O)\C=C\c1ccccc1,1.7844
CCCCC(CC)C(O)=O,2.2874
CCCCCCCCCCCCCC(O)=O,4.772100000000004
OC(=O)COc1ccc(Cl)c(Cl)c1,2.4568000000000003
COc1ccc(\C=C\C(O)=O)cc1,1.793
OC(=O)c1cccc2ccccc12,2.538000000000001
OC(=O)c1occc1,0.9778
OC(=O)c1ccccc1I,1.9894
OC(=O)c1ccc2ccccc2c1,2.5380000000000003
Cc1cccc(c1)C(O)=O,1.69322
CCCCOC(=O)COc1ccc(Cl)cc1Cl,3.715500000000002
Cc1ccccc1C(O)=O,1.69322
OC(=O)c1cccc(F)c1,1.5239
OC(=O)c1ccc(F)cc1,1.5239
OC(=O)c1cccc(Cl)c1,2.0382
Cc1cc(Cl)ccc1OCCCC(O)=O,2.8920200000000005
OC(=O)c1cccc(Br)c1,2.1473000000000004
OC(=O)c1ccc(Br)cc1,2.1473000000000004
OC(=O)c1cccc(I)c1,1.9894
OC(=O)c1ccc(I)cc1,1.9894
CC(C)(C)CO,1.0248
Clc1ccc(OCCOC(=O)c2ccccc2)c(Cl)c1,4.229200000000002
CCC(C)O,0.7771999999999999
OCc1ccccc1,1.1789
CCCCCCCO,1.9491
CCCC(O)C(CC)CO,1.1659
OCCCc1ccccc1,1.6115
CCCCCC(C)O,1.9475
CCC(O)CC,1.1673
Cc1ccc(CO)cc1,1.48732
CCCCC(O)CC,1.9475
CC1CCC(O)CC1,1.5574
CCCC(O)CC,1.5574
CCC(CC)C(=O)OCCOCCOCCOC(=O)C(CC)CC,2.978400000000001
CBr,1.0111
CCBr,1.4012
C\C(NO)=C(/C)N=O,0.983
CCI,1.4413
ICI,1.8139
CC(C)Cl,1.6336
CC(Cl)Cl,1.81
FC(F)F,1.1785
Cc1ccc(N)cc1C,1.88564
FC(Cl)(Cl)Cl,2.2836
ClC(Cl)C(Cl)(Cl)Cl,3.1603000000000003
FC(F)(Cl)C(F)(Cl)Cl,2.9189
ClC(Cl)C(Cl)Cl,2.5938
BrC1CCCCC1,2.7140000000000004
Oc1ccc(Cl)c(Cl)c1,2.6990000000000007
CCCCCCCBr,3.351700000000002
CCCCCCCCl,3.1956000000000016
O=Cc1occc1,1.0921
CCOC(=O)C(=O)OCC,0.1126
O=Cc1ccc2OCOc2c1,1.2278
[O-][N+](=O)c1ccc(C=O)cc1,1.4073
CCOC(=O)C(C)=C,1.1256000000000002
OCC(Br)CBr,1.1371
CCOC(=O)NC,0.3623
CCOC(=O)CCC(=O)OCC,0.8927999999999999
CC(=O)OCc1ccccc1,1.7496999999999998
CCC(N)CO,-0.2840000000000001
CCOC(=O)CC(C)=O,0.5286
CCC(=O)OC,0.5694
CC(C)OC(=O)c1ccccc1C(=O)OC(C)C,2.817000000000001
CC(=O)OCCBr,0.9444
OCC(O)CCl,-0.4216
CCC(=O)CC,1.3755
CC(C)CCC(C)=O,2.0116
CC\C(C)=N\O,1.2465
CC(C)C(C)=O,1.2314
CCCCCCCCC(C)=O,3.3260000000000023
CCC#N,0.91998
C=CC#N,0.6959799999999999
CCCC#N,1.31008
Clc1cccc(Cl)c1C#N,2.8650800000000007
CC1CCCO1,1.1853
CCCCCCC=C,3.142800000000002
CCCCCCCC=C,3.5329000000000024
C1C=CC=CC=C1,2.0587
CCCCC=C,2.3626000000000005
C=CCCC=C,2.1386000000000003
C1C=CCC=C1,1.8926
Cc1c[nH]c2ccccc12,2.4763200000000003
[nH]1nc2ccccc2n1,0.9579
s1ccc2ccccc12,2.901300000000001
[nH]1ncc2ccccc12,1.5629
o1cnc2ccccc12,1.8278
C1Cc2ccccc2C1,2.1753
Cc1occc1,1.58802
COCc1oc(cc1)[N+]([O-])=O,1.3342
Cc1[nH]c2ccccc2n1,1.87132
CSc1sc2ccccc2n1,3.018200000000001
Cc1cscc1,2.05652
CCc1sccc1,2.3105
S=C1NCCN1,-0.5359000000000003
FC(F)=C,1.3966
ClC1=C(Cl)C(Cl)(Cl)C(=C1Cl)Cl,4.5523
BrCC=C,1.5673
BrCCC=C,1.9574
Cc1cccc2ccccc12,3.148220000000002
Clc1cccc2ccccc12,3.4932000000000016
Cc1ccc2ccccc2c1,3.148220000000001
CCC(O)(COC(N)=O)c1ccccc1,1.3795000000000002
CN1CCC[C@H]1c2cccnc2,1.8483
CC(C)N(CCO)C(C)C,1.0975
Clc1ccc2ccccc2c1,3.4932000000000016
Nc1cccc2ccccc12,2.4220000000000006
S=C=Nc1cccc2ccccc12,3.5741000000000014
Cc1ccc(C)c2ccccc12,3.456640000000002
Cc1cc(C)c2ccccc2c1,3.456640000000002
Cc1ccc2cc(C)ccc2c1,3.456640000000002
CC(C)[C@H](NC(C)=O)C(O)=O,0.2316999999999998
Cc1ccc2cc(C)c(C)cc2c1,3.7650600000000023
CCc1ccc2ccccc2c1,3.402200000000001
OCc1cccc2ccccc12,2.3321000000000005
O1c2ccccc2Oc3ccccc13,3.584600000000001
Clc1ccc2Oc3ccccc3Oc2c1,4.238000000000001
Cc1ccccc1[N+]([O-])=O,1.90322
COc1ccccc1[N+]([O-])=O,1.6033999999999995
[O-][N+](=O)c1cc(cc(c1)[N+]([O-])=O)[N+]([O-])=O,1.4112
[O-][N+](=O)c1cccc(c1)[N+]([O-])=O,1.503
COc1ccc(cc1)[N+]([O-])=O,1.6033999999999995
[O-][N+](=O)c1ccc(cc1)[N+]([O-])=O,1.503
Cc1c(cc(cc1[N+]([O-])=O)[N+]([O-])=O)[N+]([O-])=O,1.7196200000000006
[O-][N+](=O)c1ccccc1[N+]([O-])=O,1.503
Cc1c(cccc1[N+]([O-])=O)[N+]([O-])=O,1.8114200000000005
CCOC(N)=O,0.1016000000000002
CCCC(N)=O,0.2718000000000001
Oc1c(Cl)cc(Cl)cc1Sc2cc(Cl)cc(Cl)c2O,5.862600000000001
CCCC[N+]([O-])=O,1.0632
CCCCC[N+]([O-])=O,1.4533
[O-][N+](=O)OCCO[N+]([O-])=O,-0.597
CCCC#C,1.4197
CCOCC,1.0428000000000002
CCCOCCC,1.823
CCCCCCOCCO,1.5756
CCCCOCCOCCCC,2.619800000000001
CCCCOCCCC,2.603200000000001
FC(F)OC(F)(F)C(F)Cl,2.3528
FC(F)OC(Cl)C(F)(F)F,2.3528
O=NN(c1ccccc1)c2ccccc2,3.5061000000000018
Oc1c(ccc2ccccc12)N=O,2.9433000000000007
CC(C)N(N=O)C(C)C,1.7866
CCCCN(CCCC)N=O,2.570000000000001
CCCCN(C)N=O,1.3997
CCCC(C)C(O)=O,1.5072
Brc1ccc(cc1)c2ccccc2,4.116100000000002
Cc1ccc(cc1)c2ccccc2,3.662020000000002
Clc1cccc(c1)c2cccc(Cl)c2,4.660400000000002
Clc1ccccc1c2ccccc2,4.007000000000002
CCOC(=O)C(C)O,-0.0697
Clc1ccc(cc1Cl)c2ccccc2,4.660400000000002
Clc1ccccc1c2ccccc2Cl,4.660400000000002
Clc1cccc(c2ccccc2)c1Cl,4.660400000000003
Clc1c(Cl)c(Cl)c(c2ccccc2)c(Cl)c1Cl,6.620600000000001
Clc1cccc(c1)c2ccccc2Cl,4.660400000000002
Clc1ccc(cc1Cl)c2cc(Cl)c(Cl)cc2Cl,6.6206000000000005
Clc1ccc(Cl)c(c1)c2ccc(Cl)c(Cl)c2,5.967200000000002
Clc1ccc(c(Cl)c1)c2ccccc2,4.660400000000003
Clc1ccc(Cl)c(c1)c2ccccc2,4.660400000000003
CC(C)COC(=O)C(C)C,1.8416
Clc1ccc(cc1)c2ccccc2Cl,4.660400000000002
Clc1ccc(c(Cl)c1Cl)c2cc(Cl)c(Cl)cc2Cl,7.274000000000001
Brc1ccc(c(Br)c1Br)c2ccc(Br)c(Br)c2Br,7.928600000000003
Clc1ccc(c(Cl)c1)c2ccccc2Cl,5.313800000000002
Clc1ccc(Cl)c(c1)c2cc(Cl)c(Cl)cc2Cl,6.620600000000001
Clc1ccc(Cl)c(c1)c2c(Cl)ccc(Cl)c2Cl,6.620600000000001
Clc1ccc(c(Cl)c1)c2cc(Cl)c(Cl)cc2Cl,6.620600000000001
Clc1ccc(cc1Cl)c2c(Cl)ccc(Cl)c2Cl,6.6206000000000005
Clc1ccc(Cl)c(c1Cl)c2c(Cl)ccc(Cl)c2Cl,7.274000000000001
Clc1ccccc1c2c(Cl)cccc2Cl,5.313800000000001
Clc1ccc(cc1)c2c(Cl)cccc2Cl,5.313800000000001
Clc1ccc(cc1Cl)c2ccccc2Cl,5.313800000000001
Clc1ccc(cc1)c2ccc(Cl)c(Cl)c2,5.313800000000001
Clc1cccc(c1Cl)c2cccc(Cl)c2Cl,5.967200000000002
Clc1ccc(Cl)c(c1)c2cccc(Cl)c2Cl,5.967200000000002
Clc1ccc(c(Cl)c1Cl)c2ccccc2Cl,5.967200000000002
Clc1ccc(Cl)c(c1)c2cc(Cl)cc(Cl)c2Cl,6.620600000000001
Clc1cc(Cl)c(Cl)c(c1)c2c(Cl)ccc(Cl)c2Cl,7.274000000000001
Clc1cccc(c1Cl)c2cc(Cl)c(Cl)c(Cl)c2Cl,7.274000000000001
NC(=O)c1ccccc1,0.7855000000000001
CC1=CC(=O)c2ccccc2C1=O,2.0119
ClCc1ccccc1,2.4254000000000007
CSc1ccccc1,2.4085
S=C=Nc1ccccc1,2.4209000000000005
CC(=O)Nc1ccccc1Cl,2.2984
S=C=NCc1ccccc1,2.2894000000000005
Oc1ccc2CCCCc2c1,2.271
NC(=O)c1c(Cl)cccc1Cl,2.0923
CC(C)(C)c1ccc(O)c(O)c1,2.395300000000001
Cc1cccc(Oc2ccc(cc2)[N+]([O-])=O)c1,3.695520000000003
CCNCNC(=O)c1ccccc1,0.9833999999999996
O=NN1CCCCC1,1.1537
c1ccc(cc1)N=Nc2ccccc2,4.102000000000002
COC(=O)[C@H]1[C@H](CC2CCC1N2C)OC(=O)c3ccccc3,1.8676999999999997
CO[P](=O)(OC)OC,1.0337
NC(=O)NCc1ccccc1,0.8548999999999998
N[S](=O)(=O)c1ccccc1,0.3340000000000002
Cc1cccc(c1)[S](N)(=O)=O,0.6424200000000001
ClCCN(CCCl)[P]1(=O)NCCCO1,1.884
Clc1ccc(cc1)C(c2ccc(Cl)cc2)C(Cl)(Cl)Cl,6.495500000000002
CO[P](=S)(OC)Oc1ccc(SC)c(C)c1,3.6130200000000015
Clc1ccc(cc1)C(=C(Cl)Cl)c2ccc(Cl)cc2,6.187900000000002
OC(=O)COc1ccc(Cl)cc1Cl,2.4568000000000003
CCO[P](=S)(OCC)Oc1ccc(Cl)cc1Cl,4.669700000000003
CC(C)OC(=O)Nc1cccc(Cl)c1,3.2969000000000017
CN(C)C(=O)Nc1ccccc1,1.7801
CC(CCl)OC(C)CCl,2.2576
CC1=CC[C@@H](CC1)C(C)(C)O,2.5037000000000007
OC(c1ccc(Cl)cc1)(c2ccc(Cl)cc2)C(Cl)(Cl)Cl,5.599500000000002
CC(Oc1ccc(Cl)cc1Cl)C(O)=O,2.845300000000001
CC(C)OC(=O)Nc1ccccc1,2.6435000000000013
CCO[P](=S)(OCC)SCSCC,3.727700000000003
CCO[P](=S)(OCC)SCCSCC,3.770200000000002
OCC1OC(CC1O)N2C=C(I)C(=O)NC2=O,-1.2181
Cl[S](=O)(=O)c1ccc(I)cc1,2.2187
CO[P](=S)(OC)Oc1cc(Cl)c(Cl)cc1Cl,4.542900000000002
CO[P](=S)(NC(C)C)Oc1ccc(Cl)cc1Cl,4.241100000000003
CO[P](=O)(OC)OC(Br)C(Cl)(Cl)Br,3.651200000000001
CCO[P](=O)(OCC)Oc1ccc(cc1)[N+]([O-])=O,3.154700000000002
CN(C)C(=O)Nc1ccc(Cl)c(Cl)c1,3.0869000000000018
CON(C)C(=O)Nc1ccc(Cl)c(Cl)c1,3.0185000000000013
CCO[P](=O)(OCC)OC(=C\Cl)/c1ccc(Cl)cc1Cl,5.728300000000004
CCCCN(C)C(=O)Nc1ccc(Cl)c(Cl)c1,4.257200000000004
CCCCOC(N)=O,0.8818000000000001
COC(N)=O,-0.2884999999999999
CCC(=O)Nc1ccc(Cl)c(Cl)c1,3.3419000000000016
CO[P](=S)(OC)SCSc1ccc(Cl)cc1,4.640100000000003
CNC(=O)Oc1cccc(C)c1,1.71322
CC(O)c1ccccc1,1.7399
Clc1c(Cl)c(C#N)c(Cl)c(C#N)c1Cl,4.043560000000001
CCO[P](=S)(Oc1ccc(cc1)[N+]([O-])=O)c2ccccc2,3.645100000000002
CO[P](=S)(OC)Oc1cc(Cl)c(Br)cc1Cl,4.652000000000002
CN(C)C(=O)Nc1cccc(c1)C(F)(F)F,2.7989000000000006
CCCC(C)C(=O)Nc1ccc(C)c(Cl)c1,4.023120000000003
CNC(=O)Oc1ccccc1C(C)C,2.528200000000001
CO[P](=S)(OC)Oc1ccc(cc1)C#N,2.4543800000000005
CON(C)C(=O)Nc1ccc(Br)cc1,2.4742000000000006
CO[P](=S)(OC)Oc1ccc(Sc2ccc(O[P](=S)(OC)OC)cc2)cc1,5.630000000000004
CO[P]1(=S)OCc2ccccc2O1,2.466500000000001
OC(=O)c1ccccn1,0.7797999999999999
CCCC(C)(C)C(=O)Nc1ccc(Cl)cc1,4.104800000000003
CCCO[P](=O)(OCCC)Oc1ccc(SC)cc1,4.748600000000004
CCO[P](=S)(Oc1ccc(cc1)C#N)c2ccccc2,3.6085800000000017
CCO[P](=S)(OCC)SCSC(C)(C)C,4.506300000000004
CON(C)C(=O)Nc1ccc(Br)c(Cl)c1,3.127600000000002
CN(C)C(=O)Nc1ccc(C)c(Cl)c1,2.741920000000001
CCO[P](=O)(Sc1ccccc1)Sc2ccccc2,5.715600000000004
CO[P](=S)(OC)Oc1cc(Cl)c(I)cc1Cl,4.494100000000002
CO[P](=S)(Oc1cc(Cl)c(Br)cc1Cl)c2ccccc2,5.416100000000004
OCc1ccccc1O[C@@H]2O[C@H](COC(=O)c3ccccc3)[C@@H](O)[C@H](O)[C@H]2O,0.2222999999999998
CCO[P](=O)(NC(C)C)Oc1ccc(SC)c(C)c1,4.238320000000003
CCO[P](=S)(NC(C)C)Oc1ccccc1C(=O)OC(C)C,3.8896000000000033
CC(C)O[P](=O)(OC(C)C)SCc1ccccc1,4.877900000000004
CCN(CC)C(=O)SCc1ccc(Cl)cc1,4.035000000000004
CCCN,0.3551000000000001
CN(C)N=O,0.2293999999999999
[O-][n+]1ccccc1,0.3200000000000002
CSSC,1.6274
Nc1c(Cl)cc(cc1Cl)[N+]([O-])=O,2.4838000000000005
Cc1cccnc1C,1.69844
Cc1ccc(C)nc1,1.69844
Cc1ccncc1C,1.69844
Cc1cncc(C)c1,1.69844
C=Cc1ccncc1,1.7246
c1ccc(nc1)c2ccccn2,2.1435999999999997
c1cc(ccn1)c2ccncc2,2.1435999999999997
OC(=O)C1=CC(=O)C=C(O1)C(O)=O,0.0361999999999999
c1cnc2c(c1)ccc3ncccc23,2.7830000000000004
c1ccc2c(c1)ccc3ncccc23,3.388000000000001
c1ccc2nc(ccc2c1)c3ccc4ccccc4n3,4.450000000000003
c1ccc2cnncc2c1,1.6297999999999997
CCO[P](=S)(OCC)Oc1cc(C)nc(n1)C(C)C,3.5847200000000026
CC(=C)C1CC=C(C)C(=O)C1,2.4879000000000007
CCCCCCc1ccc(O)cc1O,3.2206000000000023
CC\C(c1ccc(O)cc1)=C(\CC)c2ccc(O)cc2,4.828600000000004
Nc1ccc(cc1Cl)c2ccc(N)c(Cl)c2,3.8248000000000006
Nc1ccc(N)cc1,0.8510000000000002
COc1cc(ccc1N)c2ccc(N)c(OC)c2,2.535200000000001
Cc1ccc(cc1)[S](C)(=O)=O,1.39852
CCN(CC)C=O,0.4845999999999999
CCOC(=O)[C@H](Cc1c[nH]c2ccccc12)N(C)C=O,1.7303
C=C[S](=O)(=O)Nc1ccccc1,1.5718
Cc1ccc(NO)cc1,1.7961199999999995
ONc1ccccc1,1.4876999999999998
CC[S](=O)CCS[P](=S)(OC)OC,2.0055
ClCC[S](=O)CCCl,1.2127
CCO[P](=S)(OCC)SC[S](=O)(=O)C(C)(C)C,3.1879000000000017
CC[S](=O)(=O)CC,0.441
CC[S](=O)(=O)CI,0.8136000000000001
CO[S](=O)(=O)c1ccccc1,1.0217
Cn1nc(C)c(C(=O)c2ccc(Cl)cc2Cl)c1O[S](=O)(=O)c3ccc(C)cc3,4.342440000000003
Nc1ccc(cc1)[S](=O)(=O)c2ccc(Cl)cc2,2.755000000000001
Nc1ccc(N)c(c1)[S](=O)(=O)c2ccccc2C(O)=O,1.3820000000000006
CC(=O)Nc1ccc(cc1)[S](=O)(=O)c2ccc(N)cc2,2.06
CCC(CC)COC(=O)N[S](N)(=O)=O,0.3523000000000004
CCCCOC(=O)N[S](N)(=O)=O,-0.2837999999999999
CCCCC(CC)COC(=O)N[S](N)(=O)=O,1.1325
OC(=O)C(=O)c1ccc2OCOc2c1,0.6826
O=C1C(=O)c2ccccc2c3ccccc13,2.7326000000000006
OC(=O)C(=O)c1c(cccc1C(O)=O)C(O)=O,0.3503000000000001
CC(=O)CC1=NCCS1,1.1108
C[Si](C)(C)CN,0.8225
CC(C)C1=CCC(=CC1)C,3.308900000000002
CC[Si](CC)(CC)CC,3.514800000000003
Cc1ccc(c(C)c1)[P](O)(O)=O,1.10644
O[P](O)(=O)c1cccc2ccccc12,1.6427999999999996
CCCCOC(=O)N(C)SN(C)C(=O)Oc1cccc2CC(C)(C)Oc12,4.262400000000004
CCOC(=O)CCN(SN(C)C(=O)Oc1cccc2CC(C)(C)Oc12)C(C)C,4.057500000000004
CCCCN(CCCC)SN(C)C(=O)Oc1cccc2CC(C)(C)Oc12,5.296100000000005
CC(=O)O[Hg]c1ccccc1,0.8725
C=O,-0.1849
C#CC#C,0.2528
O=C1CC=CS1,1.1636
CO[S](=O)(=O)OC,-0.476
OC(=O)c1ccc(cc1)C(O)=O,1.083
CC(=O)C(=O)c1ccccc1,1.4583000000000002
CC(=O)C(C)=O,0.1644000000000001
CCC(=O)C(C)=O,0.5545
SC(=O)CCCCC(S)=O,1.4596
CCO[P](=S)(OCC)O/N=C(C#N)/c1ccccc1Cl,3.8817800000000022
NC(=S)c1c(Cl)cccc1Cl,2.627600000000001
CC(=O)CSC#N,0.78968
CCN(CC)CCO,0.3205
N#CSCC(CSC#N)SC#N,1.99784
O[S](=O)(=O)c1c(Br)c(Br)c(Br)c(Br)c1Br,4.7458
[O-][S](=O)(=O)c1ccc2oc3ccccc3c2c1,2.490100000000001
O=C=O,-0.5835
ClC1=C(Cl)C2(Cl)C3CO[S](=O)(=O)OCC3C1(Cl)C2(Cl)Cl,3.355900000000001
ClC1=C(Cl)C2(Cl)[C@H]3CO[S](=O)OC[C@H]3[C@]1(Cl)C2(Cl)Cl,3.689800000000001
O=[S]1OCCO1,-0.3881
CCO[P](=S)(OCC)O[P](=S)(OCC)OCC,3.5980000000000025
OC(=S)c1cccnc1,1.3151
CCOC(=S)SC(C)C(O)=O,1.5141
Brc1cc(Br)cc(Br)c1,3.974100000000001
Oc1c(Br)cc(Br)cc1Br,3.6797
Nc1c(Cl)cc(Cl)cc1Cl,3.229
N#Cc1ccncc1,0.95328
OCC(C(O)=O)c1ccccc1,0.8471000000000002
OC(=O)c1ccccc1c2ccccc2C(O)=O,2.75
OCc1ccccc1O,0.8844999999999998
CCCCCCCCBr,3.741800000000003
N#Cc1cccnc1,0.95328
CC(=O)c1ccc(N)cc1,1.4714
CN(C)c1nc(nc(n1)N(C)C)N(C)C,0.0696000000000001
NC(=S)Nc1cccc2ccccc12,2.4953000000000003
NC(=S)Nc1ccccc1,1.3421
Clc1c(Cl)c(Cl)c2Oc3c(Cl)c(Cl)c(Cl)c(Cl)c3Oc2c1Cl,8.8118
Clc1cc(Cl)c2Oc3cc(Cl)cc(Cl)c3Oc2c1,6.198200000000002
Clc1ccc2Oc3cc(Cl)ccc3Oc2c1,4.891400000000002
Clc1cc2Oc3c(Cl)c(Cl)c(Cl)c(Cl)c3Oc2cc1Cl,7.505000000000001
Clc1ccc2Oc3c(Cl)c(Cl)c(Cl)c(Cl)c3Oc2c1,6.851600000000001
Clc1cc2oc3cc(Cl)c(Cl)cc3c2cc1Cl,6.1996
Clc1ccc2Oc3c(Cl)c(Cl)c(Cl)cc3Oc2c1,6.198200000000002
Clc1cccc(c1Cl)c2c(Cl)ccc(Cl)c2Cl,6.620600000000001
Oc1ccccc1C(=O)Nc2ccccc2,2.6445000000000007
OCC1CCCCO1,0.5478000000000001
O=C(OOC(=O)c1ccccc1)c2ccccc2,2.615400000000001
CCC1(C(=O)NCNC1=O)c2ccccc2,0.5378999999999994
CN1CC(=O)N=C1N,-1.2268999999999994
C[C@H]1C[C@H](C)C(=O)[C@@H](C1)[C@H](O)CC2CC(=O)NC(=O)C2,1.0415
[O-][N+](=O)C(Cl)(Cl)Cl,1.5908
CCN1CCOCC1,0.3385
CCC1(CCC(=O)NC1=O)c2ccccc2,1.771
[O-][N+](=O)O[C@H]1CO[C@@H]2[C@@H](CO[C@H]12)O[N+]([O-])=O,-1.0622000000000005
O=C1NNC(=O)C=C1,-0.9368000000000004
Cc1cc(N)nc(C)n1,0.6756399999999999
CC(C)(S)[C@@H](N)C(O)=O,0.1066999999999998
OC1(CCN(CCCC(=O)c2ccc(F)cc2)CC1)c3ccc(Cl)cc3,4.425600000000004
OCC(NC(=O)C(Cl)Cl)C(O)c1ccc(cc1)[N+]([O-])=O,0.909
CN(C)C1=C(C)N(C)N(c2ccccc2)C1=O,1.55042
OCCN1CCN(CCCN2c3ccccc3Sc4ccc(Cl)cc24)CC1,3.942700000000003
CN1N(C(=O)C=C1C)c2ccccc2,1.48442
CC(Oc1cccc(Cl)c1)C(O)=O,2.1919
[O-][N+](=O)c1sc(nc1)N2CCNC2=O,0.5808999999999997
OCCN1CCN(CCCN2c3ccccc3Sc4ccc(cc24)C(F)(F)F)CC1,4.308100000000003
Nc1ncnc2n(ccc12)C3OC(CO)C(O)C3O,-1.3750000000000009
Cn1cnc2N(C)C(=O)NC(=O)c12,-1.0397
O=C1NC(=O)c2ccccc12,0.5702
CN1CCN(CCCN2c3ccccc3Sc4ccc(cc24)C(F)(F)F)CC1,4.945600000000004
COc1cc(N[S](=O)(=O)c2ccc(N)cc2)nc(OC)n1,0.8768
CCCCC1C(=O)N(N(C1=O)c2ccc(O)cc2)c3ccccc3,3.493400000000002
Cc1sc(N[S](=O)(=O)c2ccc(N)cc2)nn1,1.22952
CN[C@@H](C)[C@H](O)c1ccccc1,1.3279
O=C1N=CN=C2NNC=C12,-0.4022000000000001
CCCCNC(=O)N[S](=O)(=O)c1ccc(N)cc1,1.0568
COc1cc2N3C4[C@@H]5C(CC3=O)OCC=C6CN7CC[C@]4([C@@H]7C[C@H]56)c2cc1OC,2.1097
Nc1ccc(cc1)[S](=O)(=O)Nc2ccnn2c3ccccc3,2.2553
Oc1cc(O)c2C(=O)C[C@H](Oc2c1)c3ccc(O)c(O)c3,2.2155000000000005
COc1cnc(N[S](=O)(=O)c2ccc(N)cc2)nc1,0.8681999999999999
COc1cc(Cc2cnc(N)nc2N)cc(OC)c1OC,1.2575999999999998
CC(=O)OCC(=O)[C@H]1CC[C@H]2[C@@H]3CCC4=CC(=O)CC[C@]4(C)[C@H]3CC[C@]12C,4.266700000000004
C[C@]12C[C@H](O)[C@@]3(F)[C@@H](CCC4=CC(=O)C=C[C@]34C)[C@@H]1C[C@@H](O)[C@]2(O)C(=O)CO,0.6204999999999998
CCCCC(=O)O[C@@]1([C@@H](C)C[C@H]2[C@@H]3CCC4=CC(=O)C=C[C@]4(C)[C@@]3(F)[C@@H](O)C[C@]12C)C(=O)CO,3.636800000000003
Nc1ccccc1O,0.9744
Nc1cc(cc(c1O)[N+]([O-])=O)[N+]([O-])=O,0.7907999999999997
Nc1ccc(cc1)[N+]([O-])=O,1.177
Oc1ccc(cc1[N+]([O-])=O)[N+]([O-])=O,1.2086000000000003
Oc1ccc(C=O)cc1,1.2047
Oc1cc(ccc1[N+]([O-])=O)[N+]([O-])=O,1.2086000000000003
Oc1cc(F)ccc1[N+]([O-])=O,1.4395
Cc1cc(cc(c1O)[N+]([O-])=O)[N+]([O-])=O,1.5170200000000005
Oc1cccc(O)c1[N+]([O-])=O,1.006
Oc1ccc(cc1[N+]([O-])=O)c2ccccc2,2.9674000000000014
CCC(C)c1ccc(O)c(c1)[N+]([O-])=O,2.813900000000001
Nc1ccc(C(O)=O)c(O)c1,0.6726000000000001
Nc1cccc(c1)C(O)=O,0.967
OC(=O)c1ccc(O)c(O)c1,0.7959999999999998
COc1cc(ccc1O)C(O)=O,1.099
Nc1cc(Cl)cc(C(O)=O)c1Cl,2.2738
Nc1ccc(cc1)C(O)=O,0.967
OC(=O)c1c(O)cccc1O,0.7959999999999998
CCCCOC(=O)c1ccc(O)cc1,2.349100000000001
CCc1cc(CC)cc(CC)c1,3.373800000000002
COC(=O)c1ccccc1O,1.1787999999999998
Nc1ccc(c(O)c1)C(=O)Oc2ccccc2,2.1936
COC(=O)c1ccc(N)cc1,1.0554
CCCCCOC(=O)c1ccc(N)cc1,2.6158
CCCCCCCOC(=O)c1ccc(N)cc1,3.3960000000000017
CCCCCCCCOC(=O)c1ccc(N)cc1,3.786100000000002
CCOC(C)OCC,1.4054
CCN(CC)CN(CC)CC,1.6275
CC1OC(C)OC(C)O1,1.0878
CCOCOCC,1.0169
C[C@@H]1C[C@H]2[C@@H]3CCC4=CC(=O)C=C[C@]4(C)[C@@]3(F)[C@@H](O)C[C@]2(C)[C@@]1(O)C(=O)CO,1.8957
CC(=O)OCC(=O)[C@@]1(O)CC[C@H]2[C@@H]3CCC4=CC(=O)CC[C@]4(C)[C@H]3[C@@H](O)C[C@]12C,2.3524000000000003
C[C@]12C[C@H](O)[C@H]3[C@@H](CCC4=CC(=O)CC[C@]34C)[C@@H]1CC[C@@H]2C(=O)CO,2.666700000000002
CC(=O)OCC(=O)[C@@]1(O)CC[C@H]2[C@@H]3CCC4=CC(=O)C=C[C@]4(C)[C@H]3[C@@H](O)C[C@]12C,2.1284
CC(O)CN(CCN(CC(C)O)CC(C)O)CC(C)O,-0.8863999999999979
C[C@]12CCC(=O)C=C1CC[C@H]3[C@@H]4CC[C@](O)(C(=O)CO)[C@@]4(C)CC(=O)[C@H]23,1.9898
CC(=O)[C@H]1CC[C@H]2[C@@H]3CCC4=CC(=O)CC[C@]4(C)[C@H]3CC[C@]12C,4.723500000000005
C[C@]1(O)CC[C@H]2[C@@H]3CCC4=CC(=O)CC[C@]4(C)[C@H]3CC[C@]12C,4.269300000000004
C[C@]12CC[C@H]3[C@@H](CCC4=CC(=O)CC[C@]34C)[C@@H]1CC[C@@H]2O,3.879200000000003
C[C@]12CC[C@H]3[C@@H](CCC4=CC(=O)CC[C@]34C)[C@@H]1CCC2=O,4.087400000000003
CC(=O)OCC(=O)[C@@]1(O)[C@@H](C[C@H]2[C@@H]3CCC4=CC(=O)C=C[C@]4(C)[C@@]3(F)[C@@H](O)C[C@]12C)OC(C)=O,1.7620999999999996
CC(=O)[C@@]1(O)CC[C@H]2[C@@H]3CCC4=CC(=O)CC[C@]4(C)[C@H]3CC[C@]12C,3.8384000000000023
C[C@]12C[C@H](O)[C@@]3(F)[C@@H](CCC4=CC(=O)CC[C@]34C)[C@@H]1CC[C@]2(O)C(=O)CO,1.8737
C=CCN(CC=C)CC=C,1.8464
C[C@H]1C[C@H]2[C@@H]3CC[C@](O)(C(C)=O)[C@@]3(C)C[C@H](O)[C@]2(F)[C@@]4(C)C=CC(=O)C=C14,2.923300000000001
FC1=CNC(=O)NC1=O,-0.7977000000000001
CC1=CNC(=O)NC1=O,-0.6283800000000002
CN1C=CC(=O)NC1=O,-0.9264
CCC1(C(=O)NC(=O)NC1=O)C2=CCCCC2,1.2492
C=CCC1(CC=C)C(=O)NC(=O)NC1=O,0.491
CCC1(CCC(C)C)C(=O)NC(=O)NC1=O,1.1849999999999998
CC(C)C1(CC=C)C(=O)NC(=O)NC1=O,0.5709000000000001
Oc1cccnc1,0.7871999999999999
[O-]c1cccc2[nH+]cccc12,0.7275
Oc1ccc2ncccc2c1,1.9404
Clc1nc(Cl)nc(Nc2ccccc2Cl)n1,3.575400000000001
CCNc1nc(NC(C)(C)C)nc(SC)n1,2.2357
CCCCN(CCCC)CCCC,3.6887000000000025
CCNc1nc(Cl)nc(n1)N(CC)CC,1.803
CSc1nc(NC(C)C)nc(NC(C)C)n1,2.2341
CCNc1nc(Cl)nc(NC(C)(C)C#N)n1,1.6708799999999997
CCNc1nc(NC(C)(C)C)nc(OC)n1,1.5223999999999998
Brc1ccccn1,1.8441
OC(=O)c1cccc(c1)C(O)=O,1.083
OC(=O)c1ccnc(c1)C(O)=O,0.478
OC(=O)c1ccc(nc1)C(O)=O,0.478
OC(=O)c1cccc(n1)C(O)=O,0.4779999999999998
OC(=O)c1ccncc1C(O)=O,0.478
OC(=O)c1cccnc1,0.7797999999999999
CCCCCCCC[S](=O)(=O)N[S](=O)(=O)CCCCCCCC,3.956600000000003
NC(=O)CCl,-0.2895000000000001
NC(=O)CBr,-0.1333999999999999
CCC(Cl)(CC)C(N)=O,1.2693
NC(=O)C(Cl)CCl,0.3178999999999999
CN(C(C)=O)c1ccccc1,1.6693
CC(C)N(C(=O)CCl)c1ccccc1,2.666800000000001
CNCc1ccccc1,1.406
CCOCN(C(=O)CCl)c1c(C)cccc1CC,3.1232200000000017
CC(=O)Nc1ccc(C)cc1,1.95342
NCCCC(O)=O,-0.1900999999999997
CC(=O)Nc1ccc(cc1)/C=N/NC(N)=S,0.8120999999999998
Cc1ccc(cc1)[S](O)(=O)=O,1.24172
CCOCCOC(=O)/C=C/c1ccc(OC)cc1,2.2881
OCC(O)COc1ccc(Cl)cc1,1.072
CCCCCCCCCCc1ccccc1,5.369800000000005
OCC1CCC(CO)O1,-0.4814000000000002
C[C@@]12[C@H]3CC[C@H](O3)[C@]1(C)C(=O)OC2=O,0.6436
CCCC(O)C#C,0.7806
CCOC(=O)CCl,0.7883
COC(=O)CC(C)=O,0.1384999999999998
CCC(C)OC(C)=O,1.348
CCCC(=O)OCCOC(=O)CCC,1.6729999999999998
COCCOC(=O)CCCCC(=O)OCCOC,0.926
CCCCCCCC(=O)OCC,2.910000000000001
CCCCC(=O)CC,2.1557000000000004
CC(O)C(O)=O,-0.5482
O=C1CNC(=O)CN1,-1.7675999999999992
CC(O)COC(C)CO,-0.2354
CCCCCC(=O)CC,2.5458000000000007
COC(=O)CCCCCCCCC(=O)OC,2.4532000000000007
BrCC#C,1.0145
CCC#C,1.0295999999999998
CCO[P](=S)(OCC)Oc1ccc2C(=C(Cl)C(=O)Oc2c1)C,4.431120000000004
ClCCBr,1.6201
ClCC=C,1.4112
NCC=C,0.1311
NCCN,-1.0962
OCC=C,0.1646999999999999
OCCO,-1.029
O=CC=O,-0.6158000000000001
NCC[S](O)(=O)=O,-1.1670999999999996
OCC[S](O)(=O)=O,-1.1334999999999995
CC(O)CC(C)(C)O,0.5282
CC(C)O[P](C)(F)=O,2.2038
CCO[P](=O)(OCC)O[P](=O)(OCC)OCC,3.3652000000000024
C[Si](C)(C)O[Si](C)(C)O[Si](C)(C)C,3.391200000000002
NC(=O)OCC(Cl)(Cl)Cl,1.4519
COC(C)(C)CC(C)=O,1.3905
CC(C)CCBr,2.4274000000000004
CC(O)CCO,-0.2503999999999999
NC(=O)CC#N,-0.6146200000000002
CCCC(O)=O,0.8711
CNCC(O)=O,-0.7096000000000002
CN(C)CCO,-0.4597000000000001
CC(C)CC(C)C,2.688500000000001
CC(=O)OC(C)=O,0.096
C=C1OC(=O)C=C1,0.6131
CC1OC(C)OC(C)OC(C)O1,1.4504
CCOC(=O)CC(C)C,1.5956
NCCCCC(N)C(O)=O,-0.4726999999999995
Cc1ccncc1,1.39002
Sc1ccccc1,1.9753
CN1CCOCC1,-0.0516
CC1CNCCN1,-0.4323000000000001
Cc1cnccn1,0.7850199999999998
CCCCOC(=O)CCCCCCCCC(=O)OCCCC,4.7938000000000045
CCOCCOC(=O)CCCCC(=O)OCCOCC,1.7062
CCC#CC(C)O,0.7806
CC(C)COC=C,1.8025
BrCCCBr,2.166300000000001
OCC(O)CO[P](O)(O)=O,-1.5511
CC\C=C/C,1.9725
CCCCN,0.7452000000000001
OCCC#N,-0.10762
CCCCS,1.7163
NNCCO,-1.5579999999999998
CC(C)=NNC(N)=O,0.0505000000000001
CCCCCCCCCC(=O)OCC,3.6902000000000026
CCOC(=O)CCCCCCCCC(=O)OCC,3.2334000000000023
CC(C)CCOC=O,1.2055
COCCOC(C)=O,0.1959000000000001
C[C@]12CC[C@H]3[C@@H](CCc4cc(O)ccc34)[C@@H]1CC[C@@H]2O,3.609200000000002
CCCCCN,1.1353
CCOCCO,0.0152
CN(C)N,-0.5783
C1COCCN1,-0.3938000000000001
CC[C@H](C)[NH2+][C@H](C)CC,1.1468
OC(=O)COCC(O)=O,-0.8277999999999999
CCCCCCC(O)=O,2.0414
OC(=O)CCCCCCCCC(O)=O,2.2764
[O-][N+](=O)OCCOCCOCCO[N+]([O-])=O,-0.5638000000000001
NCCNCCN,-1.506599999999999
COCCOCCO,-0.3583
CCCCCCCCC,3.7569000000000026
CCOCCOCCO,0.0317999999999998
OC[C@@H](O)[C@@H](O)[C@H](O)C(=O)CO,-3.3772
CCCCOCCOC(C)=O,1.3662
ClCCOCCOCCCl,1.4972
CCCCOCCOCCO,0.812
COCCOCCOCCO,-0.3417
CCOCCOCCOCC,1.076
CCOCCOCCOCCO,0.0483999999999998
OC[C@H]1O[C@H](O[C@]2(CO)O[C@H](CO)[C@@H](O)[C@@H]2O)[C@H](O)[C@@H](O)[C@@H]1O,-5.395599999999993
CCCCCCOCCOCCO,1.5922
CCCCCCCCCCCCCCCCCCCC,8.048000000000007
CNC(=O)Oc1ccccc1OC(C)C,2.192
CC(O)CO,-0.6405000000000001
CC(N)(CO)CO,-1.3116
CCC(CC)(CO)CO,0.7773999999999999
CCCCCCCCO[P](=O)(Oc1ccccc1)Oc2ccccc2,6.629600000000007
CO[P](=O)(Oc1ccccc1)Oc2ccccc2,3.898900000000002
ClCCO[P](=O)(OCCCl)OCCCl,2.8607000000000014
CCNC(=O)CS[P](=S)(OC)OC,1.373
CNC(=O)O\N=C\C(C)(C)SC,1.4698
COC(C)=C,1.1664
CC1(C)N(CO)C(=O)NC1=O,-0.7334
Clc1ccc(cc1)[S](=O)(=O)c2cc(Cl)c(Cl)cc2Cl,5.133000000000001
Nc1ccc(O)c2C(=O)c3ccccc3C(=O)c12,1.7498
O[S](=O)(=O)c1cccc2C(=O)c3c(cccc3[S](O)(=O)=O)C(=O)c12,0.9554000000000002
C[C@]12CC[C@H]3[C@@H](CCc4cc(O)ccc34)[C@@H]1CC[C@@]2(O)C#C,3.612600000000002
COCCOC(=O)c1ccccc1C(=O)OCCOC,1.293
CCNc1cccc2ccccc12,3.271600000000001
CC1(C)N(Cl)C(=O)N(Cl)C1=O,1.3368
NC(N)=N[S](=O)(=O)c1ccc(N)cc1,-0.7690999999999999
[O-][N+](=O)c1ccc(Cl)cc1C(F)(F)F,3.2670000000000003
CCO[P](=S)(OCC)OC1=NN(C(=O)C=C1)c2ccccc2,2.908800000000001
Oc1ccc(Nc2ccc(cc2[N+]([O-])=O)[N+]([O-])=O)cc1,2.9522000000000004
CC(C)n1nc(C)cc1OC(=O)N(C)C,1.83282
Cc1cc(Cc2cc(C)cc(c2O)C(C)(C)C)c(O)c(c1)C(C)(C)C,5.900440000000006
CCCCN(CCN(CCCC)C(=O)N1CCOCC1)C(=O)N2CCOCC2,2.095000000000001
OC(c1ccccc1)c2ccc(Cl)cc2,3.421700000000002
OC(=O)c1c(Cl)cccc1Cl,2.691600000000001
ClC1CC2C(C1Cl)C3(Cl)C(=C(Cl)C2(Cl)C3(Cl)Cl)Cl,5.682800000000001
CNc1ccccc1C(O)=O,1.4265
Cc1cc(ccc1N)c2ccc(N)c(C)c2,3.1348400000000014
COc1ccc(C=O)cc1OC,1.5162999999999998
CCOc1ccc(C=O)cc1OC,1.9064
[nH]1cnc2ncncc12,0.3529
S(Sc1sc2ccccc2n1)c3sc4ccccc4n3,5.705400000000002
CC(C)=C[C@@H]1[C@@H](C(=O)O[C@H]2CC(=O)C(=C2C)C\C=C/C=C)C1(C)C,4.558200000000005
CCC(=O)O[C@H]1CC[C@H]2[C@@H]3CCC4=CC(=O)CC[C@]4(C)[C@H]3CC[C@]12C,4.840100000000005
COC(=O)C(/C)=C/[C@@H]1[C@@H](C(=O)O[C@H]2CC(=O)C(=C2C)C\C=C/C=C)C1(C)C,3.711300000000003
CCCOC(=O)c1cc(O)c(O)c(O)c1,1.3702
[O-][N+](=O)N1CN(CN(C1)[N+]([O-])=O)[N+]([O-])=O,-1.6463999999999996
CN(C)C(=O)OC1=CC(=O)CC(C)(C)C1,1.9576
N(Nc1ccccc1)c2ccccc2,3.1256000000000013
OCCNc1ccccc1,1.0908
OC(=O)CCC(=O)OOC(=O)CCC(O)=O,-0.2826000000000004
CCCCCCCCC(=O)OCC,3.3001000000000023
CC(C)=CCCC(=C)C=C,3.4750000000000023
CC(=O)CC(C)(C)O,0.7363999999999999
C[C@]12CC[C@H]3[C@@H](CCc4cc(O)ccc34)[C@@H]1CC[C@H]2O,3.609200000000002
CCCCCCCCOC(=O)CCCCC(=O)OCCCCCCCC,6.354200000000008
CC(C)CCOC(C)=O,1.5956
CCCCCCCC=O,2.5458000000000007
CCCCOCCOCCOC(C)=O,1.3828
CCCCCCCCCC,4.147000000000004
CN=C1CN(O)C(=C2C=C(Cl)C=CC2=N1)c3ccccc3,1.8492
CCCCCCCCCCCCN,3.8660000000000014
C[As](O)(O)=O,-1.0298
CC(C)(N)CO,-0.2840000000000001
FC(F)(Br)C(F)(F)Br,2.9618
CC1(C)[C@H](CC[C@@]1(C)C([O-])=O)C([O-])=O,-1.071299999999999
CC(=O)OC[C@H]1O[C@H](O[C@]2(COC(C)=O)O[C@H](COC(C)=O)[C@@H](OC(C)=O)[C@@H]2OC(C)=O)[C@H](OC(C)=O)[C@@H](OC(C)=O)[C@@H]1OC(C)=O,-0.8291999999999908
CN1CCN(CCCN2c3ccccc3Sc4ccc(Cl)cc24)CC1,4.580200000000004
OCC(CO)(CO)COCC(CO)(CO)CO,-3.070399999999999
BrCC(Br)CO[P](=O)(OCC(Br)CBr)OCC(Br)CBr,5.619500000000003
CCO[P](=O)(OCC)SCCSCC,3.653800000000002
CC1(C)CC(=O)CC(=O)C1,1.3347
CCCC1OC1(CC)C(N)=O,0.8193999999999999
NC(=O)NO,-0.9561000000000002
CN1C(=O)OC(C)(C)C1=O,0.3735999999999999
Nc1ccc(cc1)[S](=O)(=O)NC(=O)c2ccccc2,1.3875
BrN1C(=O)CCC1=O,0.4453
C[C@H](CCC(O)=O)[C@H]1CC[C@H]2[C@@H]3[C@@H](O)C[C@@H]4C[C@H](O)CC[C@]4(C)[C@H]3CC[C@]12C,4.477900000000004
COc1ccc2[C@H](OC(=O)c2c1OC)[C@@H]3N(C)CCc4cc5OCOc5c(OC)c34,2.881800000000001
OC(=O)c1c(cc(cc1[N+]([O-])=O)[N+]([O-])=O)[N+]([O-])=O,1.1094000000000002
Oc1ccc(Cl)c2cccnc12,2.5938000000000008
Oc1c(cc(cc1[N+]([O-])=O)[N+]([O-])=O)C2CCCCC2,3.256300000000002
OC(=O)c1cc(nc2ccccc12)c3ccccc3,3.6000000000000014
Oc1cc(O)c2ccccc2c1,2.2509999999999994
ClC(Cl)(Cl)SN1C(=O)C2CC=CCC2C1=O,2.913500000000001
OC(=O)CCCc1c[nH]c2ccccc12,2.5752000000000006
Cc1cc(O)c(Cl)c(C)c1Cl,3.315840000000001
OC(=O)c1cc(I)cc(I)c1O,2.2996000000000003
Nc1ccc(cc1)c2ccc(Cl)cc2,3.5892000000000017
N(N=Nc1ccccc1)c2ccccc2,3.7974000000000014
CCOc1ccc(cc1N)[N+]([O-])=O,1.5757
Cc1cc(C)c(N)cc1C,2.1940600000000003
CCCCOC(=O)C(C)O,0.7104999999999999
NNc1cccc(c1)[S](O)(=O)=O,0.2189
NCc1ccc(cc1)[S](N)(=O)=O,-0.2072999999999999
OC[C@H]1O[C@@H](Oc2ccccc2CO)[C@H](O)[C@@H](O)[C@@H]1O,-1.6424000000000003
OC(=O)CN(CC(O)=O)CC(O)=O,-1.457799999999999
Oc1ccc(C=O)cc1O,0.9103
OC(=O)c1c(Cl)ccc(Cl)c1Cl,3.3450000000000006
CCN(CC)C(=O)c1cccnc1,1.5636
NC(Cc1sccc1)C(O)=O,0.7024999999999999
CC[NH+](CCO)CCO,-2.1241999999999983
CCNC(=O)Nc1sc(cn1)[N+]([O-])=O,1.1927
C(CNCc1ccccc1)NCc2ccccc2,2.5660000000000007
COc1ccc(CC=C)cc1,2.4237
CCCCOC(=O)CCC(=O)OCCCC,2.4532000000000007
CCOC(=O)\C=C/C(=O)OCC,0.6688
CCOC(=O)CCCCC(=O)OCC,1.673
CO[P](=O)(OC)OC(/C)=C/C(=O)N(C)C,1.3959
OC(=O)CCI,0.8961000000000001
OC(=O)CC(O)=O,-0.4543
Nc1ccc(cc1)[S](=O)(=O)Nc2cnc3ccccc3n2,2.0128
O=C1CSC(=S)N1,0.1343
O=C1NC(=S)NC=C1,0.4324899999999999
O=C1NC=CC=C1,0.3749
CC(=O)NCCO,-0.8852
NC(=S)NNC(N)=S,-1.4322
CCCCCCOC(C)=O,2.1298000000000004
CCCCCCNCCCCCC,3.736600000000003
CCCCOCCOCCOCCO,0.8286
OC(=O)CC1(CC(O)=O)OCOC1=O,-0.7944999999999998
CC(O)C(N)C(O)=O,-1.2208999999999997
N[S](=O)(=O)c1cc2c(NC=N[S]2(=O)=O)cc1C(F)(F)F,0.4953000000000004
OC(=O)c1cc(O)c(O)c(O)c1,0.5015999999999998
Cc1cc(O)ccc1Cl,2.35402
CCOc1ccc(NC(N)=O)cc1,1.5759
CN(C)[P](=O)(O[P](=O)(N(C)C)N(C)C)N(C)C,1.4655999999999998
NC1=NC(=O)C(=C(N)N1)O[C@@H]2O[C@H](CO)[C@@H](O)[C@H](O)[C@H]2O,-3.886999999999999
C1COC2(C1)CCCO2,1.3035
c1ccc2c(c1)c3ccc4ccc5cccc6cc2c3c4c56,6.2314000000000025
[nH]1c2ccc3ccccc3c2c4c1ccc5ccccc45,5.627500000000004
c1ccc2c(c1)ccc3ccc4ccccc4c23,5.146200000000003
c1ccc2c(c1)ccc3c2cc4cccc5c6ccccc6c3c45,6.793600000000004
c1ccc2c(c1)ccc3c4cccc5cccc(c45)c23,5.640400000000003
c1ccc2c(c1)cc3c4ccccc4c5cccc2c35,5.640400000000003
c1ccc2cc3c4cccc5cccc(c3cc2c1)c45,5.640400000000003
OCC(S)CS,0.2069
N1c2ccc3ccccc3c2Sc4c1ccc5ccccc45,6.201200000000003
N1c2ccccc2Sc3ccc4ccccc4c13,5.048000000000002
N1c2ccccc2Sc3c1ccc4ccccc34,5.048000000000003
c1ccc2c(c1)ccc3nc4c(ccc5ccccc45)cc23,5.694400000000004
c1ccc2c(c1)cnc3ccccc23,3.388000000000001
[nH]1nc2cncnc2n1,-0.2521000000000001
o1cccn1,0.6746000000000001
OCC1OC(O[P](O)(O)=O)C(O)C(O)C1O,-3.1044
c1cncnc1,0.4765999999999999
C1CCCCCC1,2.730700000000001
CCO[P](=S)(OCC)Oc1cnccn1,2.1529
CCN(CC)C(=O)/C(Cl)=C(/C)O[P](=O)(OC)OC,2.7426000000000013
O=NN1CCOCC1,0.0
N[C@@H](Cc1cc(Br)c(O)c(Br)c1)C(O)=O,1.8716
CC[S](=O)CCS[P](=O)(OC)OC,1.8891
NN,-1.1812
CCN1C[C@]2(COC)[C@H](O)C[C@H](OC)[C@@]34[C@@H]5C[C@]6(O)[C@@H](OC)[C@H](O)[C@](OC(C)=O)([C@@H]([C@H](OC)[C@H]23)C14)[C@H]5[C@H]6OC(=O)c7ccccc7,0.6481000000000052
O=C1CCC(N2C(=O)c3ccccc3C2=O)C(=O)N1,0.0877999999999999
NC(Cc1ccc(O)c(O)c1)C(O)=O,0.0521999999999999
CCO[P](=O)(OCC)O\C=C\Cl,2.8941000000000017
CCC(C)N1C(=O)NC(=C(Br)C1=O)C,1.57852
CC(C)N1C(=O)NC(=C(Br)C1=O)C,1.1884199999999998
CNC(=O)Oc1cc(C)c(N(C)C)c(C)c1,2.08764
CCC(C)C(N)C(O)=O,0.4443999999999999
OC(=O)c1cc(Cl)ccc1O,1.7437999999999998
Fc1cccc2ccccc12,2.978900000000001
CC(=O)Nc1ccc(F)cc1C,2.0925199999999995
CC(=O)Nc1ccc(C)cc1F,2.0925199999999995
Fc1cc(F)c(F)cc1F,2.2430000000000003
CCCC[C@H](N)C(O)=O,0.5884999999999998
O[C@@H]1C[C@](O)(C[C@@H](OC(=O)\C=C\c2ccc(O)c(O)c2)[C@@H]1O)C(O)=O,-0.6459000000000004
CC(C)CC(N)C(O)=O,0.4443999999999999
C[P](F)(=O)OC1CCCCC1,3.1281000000000017
Fc1ccccc1Cl,2.4791000000000007
CCF,0.9758
Cn1cncc1C[C@H](N)C(O)=O,-0.6255000000000002
OCCF,-0.0518
CC(C)N[P](F)(=O)NC(C)C,2.06
CC(O)C(F)(F)F,0.9295
FC(F)(F)C(F)(Cl)Cl,2.6496
C[C@]12CC(=O)[C@H]3[C@@H](CCC4=CC(=O)CC[C@]34C)[C@@H]1CCC2=O,3.2664000000000017
CCCc1cc(F)ccc1O,2.483800000000001
NC(=O)N(CCO)/N=C/c1oc(cc1)[N+]([O-])=O,-0.1052999999999996
OC(=O)c1ccccc1C(F)(F)F,2.403600000000001
C[C@]12CCC(=O)C=C1CC[C@@H]3[C@@H]2CC[C@@]4(C)[C@H]3CC[C@@]4(O)C#C,3.8826000000000023
C[C@H](CCC(O)=O)[C@H]1CC[C@H]2[C@@H]3CC[C@@H]4C[C@H](O)CC[C@]4(C)[C@H]3CC[C@]12C,5.507100000000006
C[C@]12CC[C@H]3[C@@H](CCC4=CC(=O)CC[C@H]34)[C@@H]1CC[C@@H]2O,3.4891000000000028
C[C@H]1C[C@H]2OC(=O)[C@@H](C)[C@H]2[C@H](O)C3=C(C)C(=O)C[C@H]13,1.4703
CC(=O)NCc1c(I)c(NC(C)=O)c(I)c(C(O)=O)c1I,2.793100000000001
CC[C@H](C)[C@@H](N)C(O)=O,0.4443999999999999
Nc1ncc2[nH]cnc2n1,-0.0649000000000001
OC(=O)c1ccc(F)c(c1)[N+]([O-])=O,1.4320999999999997
NCCCCCC(O)=O,0.5901000000000001
Fc1cccc(CCl)c1,2.5645000000000007
COCC(F)F,0.8979000000000001
NC(N)=NC#N,-1.2591199999999998
Nc1cccnc1,0.6638000000000001
NC(=O)NCCC(O)=O,-0.8706
CC1(C)C2CCC1(C)[C@@H](O)C2,2.1935
CC1(C)[C@H]2CC[C@@]1(C)C(=O)C2,2.401700000000001
CC[C@@]12CCCN3CC[C@@]4([C@@H](CC1)N(C(C)=O)c5c(OC)cccc45)[C@@H]23,3.7264000000000026
OC(=O)[C@@]1(O)c2ccccc2c3ccccc13,1.9875000000000005
ClCC[S](=O)(=O)CCCl,0.8788
CN=C(N)N,-1.1103999999999996
Nc1ccc(cc1)[S](=O)(=O)c2sc(N)nc2,1.1403
CC(=O)C1CC(CC(O)=O)C1(C)C,1.7124
C[C@H](CCC(O)=O)[C@H]1CC[C@H]2[C@@H]3[C@H](O)C[C@@H]4C[C@H](O)CC[C@]4(C)[C@H]3CC[C@]12C,4.477900000000004
CC(N)=O,-0.5084000000000002
C[C@]12CC[C@H]3C(=CCc4cc(O)ccc34)[C@@H]1CCC2=O,3.7375000000000025
Oc1ccc2c(OCC3(O)CC4=CC(=O)C(=CC4=C23)O)c1O,1.3296
COc1cc(cc(OC)c1OC)[C@H]2[C@H]3[C@H](COC3=O)[C@@H](O)c4cc5OCOc5cc24,2.4092
C1Cc2c3ccc4ccccc4c3cc5cccc1c25,5.244800000000003
OC[C@H]1O[C@@H](O[C@@H]2OC=C[C@H]3[C@H](O)C=C(CO)[C@@H]23)[C@H](O)[C@@H](O)[C@@H]1O,-2.8014999999999985
Cc1cc(C)c(c(C)c1)C(O)=O,2.31006
Cc1cc(O)c(C(O)=O)c(O)c1,1.1044199999999995
C[C@H]1[C@@H]2CC[C@@]3(C)C=CC(=O)C(=C3[C@H]2OC1=O)C,2.419600000000001
C[C@]12CC[C@H](O)C[C@@H]1CC[C@@H]3[C@@H]2CC[C@@]4(C)[C@H]3CCC4=O,3.959100000000003
CN1C(=O)N(C)c2nncnc2C1=O,-1.5778
COc1ccc2C=CC(=O)Oc2c1CC=C(C)C,3.3103000000000016
CCC(C)c1cc(cc(c1OC(=O)C=C(C)C)[N+]([O-])=O)[N+]([O-])=O,3.888100000000004
ClC1=C(Cl)C2(Cl)C3C4CC(C5OC45)C3C1(Cl)C2(Cl)Cl,4.481400000000002
O[C@H]1CCN2C(=O)c3ccccc3N=C12,0.8336000000000001
CN1C[C@@H]2C[C@@H](C1)C3=CC=CC(=O)N3C2,0.8972
O=C1NC(=O)c2nccnc2N1,-0.9936000000000004
CC1=C(CCC(O)=O)C(=O)NC1=O,-0.1758999999999999
O[C@@H]1C[C@@H](O)[C@H](O)C(O)[C@H]1O,-2.8054
CC(C)c1ccc(C)c2ccc(C)c2c1,4.531640000000004
COC(=O)c1ccccc1OC2OC(COC3OCC(O)C(O)C3O)C(O)C(O)C2O,-2.884799999999998
ClC1=C(Cl)C(=C(Cl)C(=C1)Cl)C2=C(Cl)C(=CC(=C2Cl)Cl)Cl,8.580799999999998
CCC1OC(=O)C(C)C(OC2CC(C)(OC)C(O)C(C)O2)C(C)C(OC3OC(C)CC(C3O)N(C)C)C(C)(CC(C)C(=O)C(C)C(O)C1(C)O)OC,2.4397000000000046
CC(=O)NC1=C(N[S](=O)(=O)C2=CC=C(C=C2)[N+]([O-])=O)C=NC=C1,1.7489999999999997
CCCCCN1C(=O)CCC(N2C(=O)C3=C(C=CC=C3)C2=O)C1=O,1.9904
CC1=CN(C2CC(N=[N+]=[N-])C(COC(=O)C3=CC=NC=C3)O2)C(=O)NC1=O,1.0634199999999998
COC1=CC=C2C(=CC1=O)C(CCC3=C2C(=C(OC)C(=C3)OC)OC)NC(C)=O,2.871600000000001
C1=CC2=C3C=CC=C4C=CC5=CC=CC(=C2C=C1)C5=C34,5.737200000000003
COC1=CC2=C(N)N=C(N=C2C(=C1OC)OC)N3CCN(CC3)C(=O)OCC(C)(C)O,1.2672999999999996
COC1=C2C(=O)C3=C(C=CC=C3)N(C)C2=C4C=CC(C)(C)OC4=C1,3.8845000000000023
ClC1=C(Cl)C(=C(Cl)C(=C1)C2=C(Cl)C(=C(Cl)C(=C2Cl)Cl)Cl)Cl,9.2342
O=[P](OC1=CC=CC=C1)(OC2=CC=CC=C2)OC3=CC=CC=C3,5.331500000000003
CC1=NN=C2CN=C(C3=CC=CC=C3Cl)C4=C(C=CC(=C4)Cl)[N]12,4.233520000000003
COC1=CC2=C(C=C1OC)C3C(CO2)OC4=C(C=CC5=C4CC(O5)C(C)=C)C3=O,3.703300000000002
CN1C(CCl)NC2=C(C=C(C(=C2)Cl)[S](N)(=O)=O)[S]1(=O)=O,0.5982999999999998
CC(OC1=CC=C(OC2=NC3=C(C=C(Cl)C=C3)N=C2)C=C1)C(=O)OC4CCCO4,4.522500000000004
N[S](=O)(=O)C1=C(Cl)C=C2NC(N[S](=O)(=O)C2=C1)C(Cl)Cl,0.8210000000000002
CCOC(=O)C1=CC=CC=C1[S](=O)(=O)NC(=O)NC2=NC(=CC(=N2)OC)Cl,1.8257
CN1C(=C(O)C2=C(C=CC=C2)[S]1(=O)=O)C(=O)NC3=CC=CC=N3,1.5810000000000002
CC1=CC=C(C=C1)C2=CC(=N[N]2C3=CC=C(C=C3)[S](N)(=O)=O)C(F)(F)F,3.5139200000000006
CN(C)C1C2C(O)C3C(=C(O)C2(O)C(=O)C(=C1O)C(N)=O)C(=O)C4=C(C=CC=C4O)C3(C)O,-1.243599999999999
OC1=C(CC2=C(O)C3=CC=CC=C3OC2=O)C(=O)OC4=C1C=CC=C4,2.9014000000000006
CN1C(=C(O)C2=CC=CC=C2[S]1(=O)=O)C(=O)NC3=NC=C(C)S3,1.95092
CC(C)(C)C1=CC(=CC(=C1SC(C)(C)SC2=C(C=C(O)C=C2C(C)(C)C)C(C)(C)C)C(C)(C)C)O,9.908299999999995
CCOC(=O)NC1=CC2=C(SC3=C(C=CC=C3)N2C(=O)CCN4CCOCC4)C=C1,4.106600000000005
FC1=C(NC(=O)NC(=O)C2=C(F)C=CC=C2F)C=CC(=C1)OC3=CC=C(C=C3Cl)C(F)(F)F,6.530300000000003
CN(CC1=NC2=C(N=C1)N=C(N)N=C2N)C3=CC=C(C=C3)C(=O)NC(CCC(O)=O)C(O)=O,0.2684000000000003
C1=CC2=C3C4=C1C=CC5=C4C6=C(C=C5)C=CC7=C6C3=C(C=C2)C=C7,6.919200000000003
ClC1=CC=C(Cl)C=C1,2.993400000000001
COC1=C(C=C(NC(C)=O)C(=C1)N=NC2=C(Br)C=C(C=C2[N+]([O-])=O)[N+]([O-])=O)N(CCC#N)CC=C,5.553980000000005
COC1=CC(=CC(=C1O)OC)C2C3C(COC3=O)C(OC4OC5COC(C)OC5C(O)C4O)C6=C2C=C7OCOC7=C6,1.3385999999999991
CCC1NC(=O)C(C(O)C(C)C\C=C\C)N(C)C(=O)C(C(C)C)N(C)C(=O)C(CC(C)C)N(C)C(=O)C(CC(C)C)N(C)C(=O)C(C)NC(=O)C(C)NC(=O)C(CC(C)C)N(C)C(=O)C(NC(=O)C(CC(C)C)N(C)C(=O)CN(C)C1=O)C(C)C,3.269000000000003
N#CCC#N,0.42366
C[S](C)(=O)=O,-0.3391999999999999
CCC1(CC)C(=O)NC(=O)NC1=O,0.1587999999999999
CC(=C\CO)/C=C/C=C(C)/C=C/C1=C(C)CCCC1(C)C,5.510300000000005
O=C1C=CC(=O)C=C1,0.2505999999999999
OC1=CC(=CC=C1)Cl,2.0456
CCC(CC)(C(=O)NC(N)=O)C(=O)OC,0.1607000000000001
CCOC(=O)C(CC)(CC)C(=O)NC(N)=O,0.5508000000000004
CC1(CC=C)C(=O)NC(=O)NC1=O,-0.0652
OC(=O)C1C2CCC(O2)C1C(O)=O,-0.0508000000000002
CCOC1=CC=C(O)C=C1,1.7908999999999995
CC1=NC=C([NH]1)[N+]([O-])=O,0.62632
CCC(CC)(C(=O)NC(N)=O)C(=O)OCOC,0.1348000000000001
ClCCN(N=O)C(=O)NC1CCCCC1,2.250900000000001
OC1=CC=CC(=C1)C=O,1.2047
COC(=O)C(CC=C)(CC=C)C(=O)NC(N)=O,0.4928999999999998
CC1=C(Cl)C(=CC(=C1)O)C,2.662440000000001
OCNC(=O)C1=CC=CC=C1,0.3662000000000001
C[N]1C(=NC=C1[N+]([O-])=O)C,0.6367199999999997
CCC1=CC=C(C=C1)C(O)=O,1.9472
COC1=CC=C(C=C1)C(N)=O,0.7941
COC1=CC=CC(=C1)C(N)=O,0.7941
CC(C)(C)C(=O)OCN1C=C(F)C(=O)N(COC(=O)C(C)(C)C)C1=O,1.2426999999999997
CN(C)CNC(=O)C1=CC=CC=C1,0.9354999999999996
OC1=CC=C(I)C=C1,1.9968
CC(=O)OCN1C=C(F)C(=O)N(COC(C)=O)C1=O,-0.8097000000000008
CCOC(=O)C(C)(C(=O)NC(=O)NC)C1=CCCCC1,1.5117999999999996
CC(C)C1=NC=C([N]1C)[N+]([O-])=O,1.4517
CNC(=O)OC1=CC(=C(C)C=C1)C,2.02164
CC(O)C[N]1C(=NC=C1[N+]([O-])=O)C,0.4805199999999999
CC1=CC2=C(C=CC=C2)C=N1,2.54322
CCC(C)C1=C(OC(=O)NC)C=CC=C1,2.918300000000001
CCC(CC)(C(=O)NC(N)=O)C(=O)OCC(=O)OC,-0.2960999999999985
S=C1NC=NC2=C1N=C[NH]2,1.0154899999999998
CNC(=O)N1C=C(F)C(=O)NC1=O,-1.1368
CCC(=O)N1C(=O)NC=C(F)C1=O,-0.2740999999999999
COC(=O)N1C=C(F)C(=O)NC1=O,-0.7098
CC(=O)OCN1C=C(F)C(=O)NC1=O,-0.8037000000000001
COC(=O)C1=CC=CC=C1OC(C)=O,1.3985
CC(=O)OCN1C(=O)NC=C(F)C1=O,-0.8037000000000003
CCNC1=NC(=NC(=N1)Cl)NC(C)(C)C,2.1672
CCNC1=NC(=NC(=N1)NCC)SC,1.4570999999999998
CCC(C)([S](=O)(=O)CC)[S](=O)(=O)CC,0.9820000000000002
CCNC(=O)N1C=C(F)C(=O)NC1=O,-0.7466999999999999
NC1=[N+]([O-])C(=NC(=C1)N2CCCCC2)N,-0.1303000000000006
CCOC(=O)OCN1C(=O)NC=C(F)C1=O,-0.1936999999999999
CC(C)NCC(O)COC1=C(OCC=C)C=CC=C1,1.9891
OC1=CC(=CC(=C1)O)O,0.8033999999999997
COC1=NC(=NC(=N1)NC(C)C)NC(C)C,1.5208
CCOC(=O)N1C=C(F)C(=O)NC1=O,-0.3197
CN(C)C(=O)N1C=C(F)C(=O)NC1=O,-0.7946
CCC(=O)OCN1C=C(F)C(=O)NC1=O,-0.4135999999999999
CCC(C)(C)C(=O)OC1CC(C)C=C2C=CC(C)C(CCC3CC(O)CC(=O)O3)C12,4.585600000000005
CC(C)(C)C(=O)OCN1C=C(F)C(=O)NC1=O,0.2224999999999999
CCCC(=O)OCN1C=C(F)C(=O)NC1=O,-0.0235
O=C(COC(=O)C1=CC=CC=C1)N2CCCC2,1.4658
CC(C)(C)NCC(O)COC1=C(C=CC=C1)C2CCCC2,3.472000000000002
CCCC1(CC)C(=O)NC(=O)NC1=O,0.5489
CN(C)C(=O)COC(=O)C1=C(O)C=CC=C1,0.6372
COCCN(C(=O)CCl)C1=C(C)C=CC=C1C,2.5216400000000005
CC(C)COC(=O)N1C=C(F)C(=O)NC1=O,0.3164
CCN(CCO)C(=O)COC(=O)C1=CC=CC=C1,0.684199999999999
FC1=CN(C(=O)NC1=O)C(=O)OCCCl,-0.1008
CN1CCC23CCCCC2C1CC4=C3C=C(O)C=C4,3.080400000000002
COC(=O)NC1=NC2=CC=CC=C2[NH]1,1.7411999999999996
CCC(C)C(=O)OC1CC(O)C=C2C=CC(C)C(CCC3CC(O)CC(=O)O3)C12,2.920300000000001
CC(C)N(C(C)C)C(=O)COC(=O)C1=CC=CC=C1,2.4888000000000003
OCCN(CCO)C(=O)COC(=O)C1=CC=CC=C1,-0.3434000000000003
CCCCCCOC(=O)N1C=C(F)C(=O)NC1=O,1.2407
CCN(CC)C(=O)COC(=O)C1=C(O)C=CC=C1,1.4173999999999998
COC1=CC2=C(CC3C4CCCCC24CCN3C)C=C1,3.383400000000002
CNC1=CC=C(C=C1)[S](=O)(=O)N(C)C,0.9786
OCC(CO)(CO)NC(=O)COC(=O)C1=CC=CC=C1,-1.3246999999999995
CN(CC(N)=O)C(=O)COC(=O)C1=CC=CC=C1,-0.2128999999999994
CCCCCCCCNC(=O)N1C=C(F)C(=O)NC1=O,1.5939
CC1CCCC(C)N1C(=O)COC(=O)C2=CC=CC=C2,2.632900000000001
CCC1(CC=C)C(=O)NC(=O)NC1=O,0.3249000000000001
COCCN(CCOC)C(=O)COC(=O)C1=CC=CC=C1,0.9648000000000004
CC(=O)OC1=CC=CC=C1C(=O)OCC(N)=O,0.2540000000000001
CON(C1CCCCC1)C(=O)C2=C(C)OC(=C2)C,3.2327400000000024
OC(=O)C1=C(C=CC=C1)C2=CC=CC=C2,3.051800000000001
CCOC(=O)CN(C)C(=O)COC(=O)C1=CC=CC=C1,0.8648999999999991
CC(=O)OC[N]1N=CC2=C1N=CNC2=O,-0.3597999999999998
OC(=O)C1CCN1C(=O)COC(=O)C2=CC=CC=C2,0.5288999999999999
FC(F)(F)C1=CC=CC(=C1)N2CC(CCl)C(Cl)C2=O,3.514400000000002
CCNC(=O)COC(=O)C1=CC=CC=C1OC(C)=O,0.9047999999999998
CN(C)C(=O)COC(=O)C1=CC=CC=C1OC(C)=O,0.8568999999999998
CN(C)[S](=O)(=O)C1=CC=C(C=C1)N(C)C=O,0.5295000000000001
CC(=O)OCCOC[N]1C=NC2=C1N=C(N)N=C2,-0.0543000000000001
NC(=O)C1CCCN1C(=O)COC(=O)C2=CC=CC=C2,0.3197000000000001
CN1CCC23C4OC5=C(O)C=CC(=C25)CC1C3C=CC4O,1.1981
OC(=O)C1CCCN1C(=O)COC(=O)C2=CC=CC=C2,0.9189999999999998
CCCC(=O)OC[N]1C=C2C(=O)NC=NC2=N1,0.4203999999999999
CC(=O)NC1=NC2=C(C=N1)N=C[N]2COCCO,-0.2489
COCC(=O)N(C(C)C(=O)OC)C1=C(C)C=CC=C1C,1.84434
CCN(CC)C(=O)COC(=O)C1=CC=CC=C1OC(C)=O,1.6370999999999998
CCC1(CC)C(=O)NC(=O)N(C)C1=O,0.5009999999999999
CC(C)(C)C(=O)OC[N]1C=C2C(=O)NC=NC2=N1,0.6663999999999999
CC(C)(C)C(=O)OC[N]1N=CC2=C1N=CNC2=O,0.6663999999999999
ClC1=C(Cl)C(=CC(=C1)OC2=CC=CC=C2)Cl,5.4391000000000025
O=C1NC(=O)C2(CCCCC2)C(=O)N1,0.3029
CC(=O)OCCOC[N]1C=NC2=C1N=C(N)NC2=O,-0.7609999999999995
CCC(=O)N(C)C1=CC=C(C=C1)[S](=O)(=O)N(C)C,1.3097
ClC1=CC(=C(OC2=CC=CC=C2)C=C1Cl)Cl,5.4391000000000025
CC(=O)OC1=CC=CC=C1C(=O)OCC(=O)N2CCOCC2,0.6275
CCCCCCC(C)OC(=O)COC1=NC(=C(Cl)C(=C1Cl)N)F,4.390600000000004
CC1=CC(=NC(=N1)NN=C(C)C2=CC=CC=C2C)C,3.237960000000002
CCCC(=O)N(C)C1=CC=C(C=C1)[S](=O)(=O)N(C)C,1.6998
CC(C)N(C(C)C)C(=O)COC(=O)C1=CC=CC=C1OC(C)=O,2.4141000000000004
CC(=O)NC1=NC2=C(N=C[N]2COCCO)C(=O)N1,-0.9556
CC1=C(NC2=CC=CC=C2C(O)=O)C=CC=C1Cl,4.090220000000002
CCN1C=C(C(=O)OC)C(=O)C2=C1N=C(C)C=C2,1.51142
FC1=CN(C(=O)NC1=O)C(=O)OCC2=CC=CC=C2,0.8606000000000003
CC1C(SC(=O)N1C(=O)NC2CCCCC2)C3=CC=C(Cl)C=C3,4.980700000000004
FC1=CN(C(=O)NC1=O)C(=O)OC2=CC=CC=C2,0.7228000000000002
CCN(CC)CC(=O)OC[N]1N=CC2=C1N=CNC2=O,-0.0379000000000002
NC1=NC2=C(N=C[N]2C3OC(CO)C(O)C3O)C(=O)N1,-2.6867000000000005
CC1=CC=C(C=C1)C(O)=O,1.69322
CCCCCC(=O)N(C)C1=CC=C(C=C1)[S](=O)(=O)N(C)C,2.4800000000000004
CC(C)(C)C(O)C(CC1=CC=C(Cl)C=C1)[N]2C=NC=N2,3.122300000000001
CCOC(=O)CNC(=O)COC(=O)C1=CC=CC=C1OC(C)=O,0.4479999999999999
ClC1=CC(=C(OC2=CC=C(Cl)C=C2Cl)C=C1)Cl,6.092500000000002
CCCCCCC(=O)N(C)C1=CC=C(C=C1)[S](=O)(=O)N(C)C,2.8701000000000016
CCCCCCC(=O)N(C)[S](=O)(=O)C1=CC=C(C=C1)N(C)C,2.8701000000000016
CCCCCCCC(=O)N(C)C1=CC=C(C=C1)[S](=O)(=O)N(C)C,3.260200000000002
COC1=CC=C2C=C(C=CC2=C1)C(C)C(=O)OCC(N)=O,1.9804
CO[P](=O)(OC)SCN1C(=O)OC2=CC(=CN=C12)Cl,2.7345000000000006
OC1=C2OC3C(=O)CCC4(O)C5CC(=C2C34CCN5CC=C)C=C1,1.3014
CCOC(=O)NC1=CC(=CC=C1)OC(=O)NC2=CC=CC=C2,3.8659000000000017
CC(C(O)=O)C1=CC=C(C=C1)N2CC3=C(C=CC=C3)C2=O,3.0351000000000017
CC(=O)NC1=NC2=C(N=C[N]2COCCOC(C)=O)C(=O)N1,-0.3847999999999997
[O-][N+]1=NC(=NC2=C1C=C(Cl)C=C2)[N]3C=CN=C3,1.1022999999999998
CC1=C(C)N=C(N[S](=O)(=O)C2=CC=C(N)C=C2)O1,1.67444
OC(=O)C(=C)CC(=O)C1=CC=C(C=C1)C2=CC=CC=C2Cl,4.220600000000003
CCN(CC)C(=O)CCC(=O)OC[N]1N=CC2=C1N=CNC2=O,0.2688999999999993
COC1=CC=C2C=C(C=CC2=C1)C(C)C(=O)OCC(=O)N(C)C,2.5833000000000004
CO[P](=O)(OC)OC(=C\Cl)/C1=C(Cl)C=C(Cl)C(=C1)Cl,5.601500000000002
OC1=CC(=C2C(=O)CC(OC2=C1)C3=CC=C(O)C(=C3)O)O,2.2155000000000005
CCCC(=O)OC[N]1C=C2C(=O)N(COC(=O)CCC)C=NC2=N1,1.1945999999999994
CCN1C=C(C(=O)OCOC(=O)CC)C(=O)C2=C1N=C(C)C=C2,1.79232
CCO[P](=S)(OCC)OC1=CC=C(C=C1)[S](C)(=O)=O,2.766400000000001
CCN(CC)C(=O)COC(=O)C(C)C1=CC2=CC=C(OC)C=C2C=C1,3.363500000000002
COC1=CC=C2C=C(C=CC2=C1)C(C)C(=O)OCC(=O)N(C)CCO,1.9458
CC(C)(C)C(=O)OC[N]1C=C2C(=O)N(COC(=O)C(C)(C)C)C=NC2=N1,1.6865999999999994
CC(C)OC1=C(Cl)C=C(Cl)C(=C1)N2N=C(OC2=O)C(C)(C)C,4.217000000000003
ClC1=CC=C(OC2=C(Cl)C(=C(Cl)C(=C2)Cl)Cl)C=C1Cl,7.399300000000001
ClC1=CC(=C(OC2=CC(=C(Cl)C=C2Cl)Cl)C=C1Cl)Cl,7.399300000000001
CC(C)(C)C(=O)OCN1C=NC2=C(C=N[N]2COC(=O)C(C)(C)C)C1=O,1.6866
ClC1=C(Cl)C(=C(OC2=CC(=C(Cl)C=C2Cl)Cl)C=C1)Cl,7.399300000000001
ClC1=C(Cl)C(=C(OC2=CC=C(Cl)C(=C2Cl)Cl)C=C1)Cl,7.399300000000001
ClC1=CC=C(OC2=C(Cl)C(=C(Cl)C(=C2)Cl)Cl)C(=C1)Cl,7.399300000000001
NC(=O)OCC1=CC=CC=C1,1.2819000000000005
ClC1=CC(=C(OC2=C(Cl)C=C(Cl)C(=C2)Cl)C(=C1)Cl)Cl,7.399300000000001
CCN1C=C(C(=O)OCOC(=O)C(C)C)C(=O)C2=C1N=C(C)C=C2,2.03832
ClC1=CC(=C(OC2=C(Cl)C(=C(Cl)C=C2)Cl)C(=C1)Cl)Cl,7.399300000000001
ClC1=CC=C(OC2=C(Cl)C(=C(Cl)C(=C2Cl)Cl)Cl)C=C1,7.399300000000001
CC(OC1=CC=C(OC2=NC=C(Cl)C=C2F)C=C1)C(=O)OCC#C,3.6101000000000023
CN1CCN(CC1)C2=NC3=C(NC4=C2C=CC=C4)C=CC(=C3)Cl,3.7227000000000015
COC1=CC=C2C=C(C=CC2=C1)C(C)C(=O)OCC(=O)N(CCO)CCO,1.3083
CCN(CC)C(=O)COC(=O)C1=CN(CC)C2=C(C=CC(=N2)C)C1=O,1.7500199999999997
COC1=CC=C2C=C(C=CC2=C1)C(C)C(=O)OCC(=O)N(C)CC(N)=O,1.4388
CCCOC(=O)[N]1C2=C(C=CC=C2)N=C1C3=CSC=N3,3.5545000000000027
OC1=C(C2CCCC3=CC=CC=C23)C(=O)OC4=CC=CC=C14,3.9668000000000023
CCCCNC(=O)OC1=C(O)C(=CC(=C1)\C=C(C#N)/C(=O)N(CC)CC)[N+]([O-])=O,2.9642800000000014
ClC1=C(Cl)C=C(OC2=C(Cl)C(=C(Cl)C(=C2)Cl)Cl)C(=C1)Cl,8.0527
CCN(CC)C(=O)\C(=C/C1=CC(=C(O)C(=C1)[N+]([O-])=O)OC(=O)NC(C)(C)C)C#N,2.962680000000001
ClC1=C(Cl)C=C(OC2=C(Cl)C(=CC(=C2Cl)Cl)Cl)C(=C1)Cl,8.0527
ClC1=CC=C(OC2=C(Cl)C(=CC(=C2Cl)Cl)Cl)C(=C1Cl)Cl,8.0527
ClC1=CC=C(Cl)C(=C1Cl)OC2=C(Cl)C(=C(Cl)C(=C2)Cl)Cl,8.0527
CO[P](=O)(OC1=C(Cl)C=C(Br)C(=C1)Cl)C2=CC=CC=C2,5.299700000000003
ClC1=C(Cl)C=C(OC2=C(Cl)C(=C(Cl)C(=C2Cl)Cl)Cl)C(=C1)Cl,8.7061
NNC(=O)C1=CC=NC=C1,-0.3149000000000006
ClC1=C(Cl)C(=C(OC2=C(Cl)C(=C(Cl)C(=C2Cl)Cl)Cl)C=C1)Cl,8.7061
ClC1=C(Cl)C(=C(Cl)C(=C1)Cl)OC2=C(Cl)C(=C(Cl)C(=C2)Cl)Cl,8.7061
CO\N=C(C)/C1=CC=CC(=C1C(=O)OC)OC2=NC(=CC(=N2)OC)OC,2.4431000000000003
COC1=CC2=C([NH]C(=N2)[S](=O)CC3=C(C)C(=C(C)C=N3)OC)C=C1,2.8997400000000013
CCOC(=O)C(C)OC1=CC=C(OC2=NC3=C(C=C(Cl)C=C3)N=C2)C=C1,4.405900000000004
CCC(C)C1(CC)C(=O)NC(=O)NC1=O,0.7948999999999999
FC(F)C(F)(F)OC1=C(Cl)C=C(NC(=O)NC(=O)C2=C(F)C=CC=C2F)C=C1Cl,5.470200000000001
OC1=C(Br)C=C(\C=N\OC2=C(C=C(C=C2)[N+]([O-])=O)[N+]([O-])=O)C=C1Br,4.146500000000002
CC1COC(C[N]2C=NC=N2)(O1)C3=C(Cl)C=C(OC4=CC=C(Cl)C=C4)C=C3,4.665500000000004
O=C1C2=C(SC(=C(S2)C#N)C#N)C(=O)C3=C1C=CC=C3,2.1513400000000003
OC(=O)C1=C(F)C=CC=C1,1.5239
C1CCCNCC1,1.15
CC(C)(C)C(C)(C)C,3.0786000000000016
CC1CNC(C)CN1,-0.0438
CCCC(=O)CCC,2.1557000000000004
CC(C)C1(C(C)C)C(=O)NC(=O)NC1=O,0.6507999999999999
CCC(CO)NCCNC(CC)CO,-0.292599999999999
N[C]12C[CH]3[CH2]C([CH2][CH](C3)C1)C2,1.9139
I\C=C\I,2.3276000000000003
CC(\C=N\O)=N/O,0.2965
CCCC(N)C(O)=O,0.1983999999999999
CCC(Br)(CC)C(N)=O,1.4253999999999998
CC(=N\O)\C(C)=N\O,0.6866
CC(CC(O)=O)C(O)=O,0.1818
C\C(I)=C\C(O)=O,1.4098000000000002
CCCCCCCCCCCCCCC(O)=O,5.162200000000004
NCC(=O)NCC(O)=O,-1.8541
CC(CCC(O)=O)CC(O)=O,0.962
NC1=C(C=CC=C1)C(O)=O,0.967
CN(C)C(=O)NC1CCCCCCC1,2.3705
OC1CC(=CC(O)C1O)C(O)=O,-1.5162000000000004
CC12C3CCC(O3)C1(C)C(=O)OC2=O,0.6436
CCCCCCCCCCCCCCCCC(O)=O,5.9424000000000055
OC(=O)\C=C\C=C\C(O)=O,0.2680000000000002
OC(C(O)=O)C(Cl)(Cl)Cl,0.8021
CCCCCCCCCCCCCCCCCC(O)=O,6.332500000000007
O=C1CCC(=O)N1,-0.577
CC(=O)OC1CC2CCC1(C)C2(C)C,2.7643000000000013
NC1CONC1=O,-1.624900000000001
OC(=O)/C(S)=C/C1CCCCC1,2.4650000000000007
OC(=O)CCCCCCCCCCCC(O)=O,3.4467000000000017
CC1=CC=CC=C1CO,1.48732
OC(=O)C1=CC(=CC=C1)O,1.0904
NC1=CC=CN=C1N,0.2460000000000001
CCCCCCCCCCCCCCCCCC(=O)OC=C,6.934600000000008
CC1=CNC(=O)N=C1N,-0.3394800000000001
CCC(CC=C)(C(=O)NC(N)=O)C(=O)OC,0.3268000000000001
CCCCCC1(CC)C(=O)NC(=O)NC1=O,1.3291
OCC(O)C(O)C(O)C(=O)CO,-3.3772
NC1=CNC(=O)NC1=O,-1.3546000000000002
N#CC1=C(C=CC=C1)C#N,1.42996
CN(C)C(CSC(N)=O)CSC(N)=O,0.5404000000000007
OC(=O)C1=CC=C(Cl)O1,1.6312
O=CC1=CC=CC=C1C=O,1.3116
CCCCNC(=O)OCC(C)(CCC)COC(N)=O,2.4144
OC(=O)CCCC1=CC=CC=C1,2.0939
O=C1NC(=O)C2(CCCCCC2)C(=O)N1,0.6929999999999998
NCCC1=CC(=C(O)C=C1)O,0.5989999999999998
CCC(=O)NC1=CC=CC=C1,2.0351
CC12CCC3C(CCC4CC(=O)CCC34C)C1CC=C2,4.764300000000005
CC1=C(C)C=C(C=C1)C(O)=O,2.00164
CC1=CC(=C(C=C1)C(O)=O)C,2.00164
CC1=CC(=C(C)C=C1)C(O)=O,2.00164
CNC(=O)C1=CC=C(N)C=C1,0.6284000000000001
OC1=CC=CC(=C1)N=C=S,2.1265
CC12CCC3C(CCC4=CC(=O)CCC34)C1CCC2O,3.4891000000000028
CC1C(=O)NC(=O)NC1=O,-1.0115
CC1NC(=O)C(C)NC1=O,-0.9906
CC(C)C1=CC2=CCC3C(C)(CCCC3(C)C(O)=O)C2CC1,5.206200000000004
OC(=O)C(=O)C1=CC=CC=C1,0.9539
CC12CCC(O)CC1CCC3C4CCC(=O)C4(C)CC(O)C23,2.9299000000000017
OC(=O)C1=CC(=CC=C1)C#N,1.2564799999999998
CNC(=O)NC(=O)C(C)(C(=O)OC)C1=CCCCC1,1.1216999999999997
CCCCCC1(CC)C(=O)NC(=S)NC1=O,1.494
OCNC(=S)C1=CC=CC=C1,0.9015
OC(=O)CCCNC(=O)N[C]12C[CH]3[CH2]C([CH2][CH](C3)C1)C2,2.1191999999999998
CC1=CC=CC(=C1O)C(O)=O,1.3988200000000002
CC1=CC=CC(=C1C(O)=O)O,1.39882
CNC(=O)C(C)SCCS[P](=O)(OC)OC,1.9882
OC(=O)C1=C(Br)C=CO1,1.7403000000000002
CN(C)C1=C(C)N=C(Cl)N=C1,1.50442
CCCCCCC1(CC)C(=O)NC(=S)NC1=O,1.8841
CCNC(=O)NC(=O)C(=N/OC)/C#N,-0.6419199999999998
O=C1NC(=O)C2(CCCCCCCCC2)C(=O)N1,1.8633
CC12CCC3C(CC=C4CC(CCC34C)OC=O)C1CCC2=O,4.059900000000003
OC(=O)C1=CC=C(O)C=C1O,0.7959999999999998
CC(C)CC1NC(=O)CNC1=O,-0.3529000000000004
OC(=O)/C=C/C=C/C1=CC=CC=C1,2.3406
CC12CCC(=O)CC1CCC3C4CCC(OC=O)C4(C)CCC23,4.139800000000004
OC1=CC=C(C=C1)[N+]([O-])=O,1.3003999999999998
CCOC1=CC=C(C=C1)N=C=S,2.819600000000001
CNC(=O)NC(=O)C(C)(C(=O)OCOC)C1=CCCCC1,1.0957999999999997
COC1=CC=C(C=C1)C(=O)NCO,0.3747999999999998
OC(=O)/C=C(Cl)/C1=CC=CC=C1,2.3509
COC1=CC=CC(=C1)C(=O)NCO,0.3747999999999998
NC1=C(C=CC=C1)[N+]([O-])=O,1.177
CCCCCCC1=CC=C(C=C1)C(O)=O,3.507600000000002
CC1=NC2=C([NH]1)C=NC=N2,0.6613199999999998
BrC1=CC=C(C=C1)N=C=S,3.1834000000000007
CN1C(=O)C23CC4=CC=CC(O)C4N2C(=O)C1(CO)SS3,-0.3036999999999995
CC12CCC3C(CCC4=CC(=O)CCC34C)C1CCC2OC=O,4.0599000000000025
CC(=O)C1=CC=C(C=C1)N=C=S,2.623500000000001
NC1=NC2=C([NH]1)N=CN=C2,-0.0649000000000001
OC(=O)/C(S)=C/C1=CC=CC=C1,2.0419
OC(=O)C(S)CC1=CC=CC=C1,1.6121
OC(=O)CCCOC1=CC=C(Cl)C=C1,2.583600000000001
OC(=O)C1=CC=CN=C1C(O)=O,0.478
CC1=C(C)C(=C(C)C(=C1C)C)C,3.5371200000000025
O=C(NCN1CCCCC1)C2=CC=CC=C2,1.8598
CC(=O)OC1=CC=C(C=C1)C(C)=O,1.8145
CC(=O)OC1=CC=C(C=C1)C(N)=O,0.7108000000000001
CC(=O)N1C=C(F)C(=O)NC1=O,-0.6642000000000001
[O-][N+](=O)C1=CC=CC(=C1)N=C=S,2.3291000000000004
NCCC1=C[NH]C2=C1C=CC=C2,1.6691
CC(CCC(O)=O)C1CCC2C3CCC4CC(O)CCC4(C)C3CCC12C,5.507100000000006
CC(=O)N1C(=O)NC=C(F)C1=O,-0.6641999999999999
CC(CCC(O)=O)C1CCC2C3C(O)CC4CCCCC4(C)C3CCC12C,5.507100000000006
S=C=NC1=CC=CC(=C1)N=C=S,3.1552000000000007
CC(=O)OC1CCC2(C)C3CCC4(C)C(CCC4=O)C3CC=C2C1,4.450000000000004
OC1=CC=CC(=C1)NN=C(C#N)C#N,1.2072599999999998
CCC1=CC(=CC(=C1)OC(=O)NC)CC,2.5296000000000003
OC1=CC(=CC=C1)[N+]([O-])=O,1.3003999999999998
CCOC(=O)C1=CC(=C(O)C=C1)OC,1.5774999999999997
CC(=O)NC1=CC=CC(=C1)N=C=S,2.3793000000000006
COC1=NC=NC2=C1[NH]C=N2,0.3614999999999999
OCC1=NC2=C([NH]1)C=NC=N2,-0.1548
COC(=O)C1=CC=C(NC(C)=O)C=C1,1.4315999999999998
CC1=NC2=C(C=NC=N2)N=C1,0.7282199999999999
ClC1=CC=C(NN=C(C#N)C#N)C=C1,2.15506
CC(=O)OC1CCC2C3CCC4CC(=O)CCC4(C)C3CCC12C,4.529900000000004
OC(=O)CC(C(CC(O)=O)C(O)=O)C(O)=O,-0.6625999999999994
OC(=O)C1=CC=C(O)C(=C1)C(O)=O,0.7886
COC(=O)C1=CC=C(OC(C)=O)C=C1,1.3985
CCCCCOC(=O)CCCNC(=O)NC1CCCCC1,3.1319000000000017
CCC(=O)OC1CCC2(C)C3CCC4(C)C(CCC4=O)C3CC=C2C1,4.840100000000005
NC1=NC2=C(C=NC=N2)N=C1,0.0019999999999998
NC1=NC2=C(N=CN=C2)N=C1,0.002
OC(=O)C1=C(O)C(=CC=C1)C(O)=O,0.7886
CCC1(CC=C(C)C)C(=O)NC(=O)NC1=O,1.1050999999999995
NC1=NC2=C(N=C[NH]2)C(=N1)N,-0.4827000000000003
CCNC1=NC(=NC(=O)N1)N(CC)CC,0.4428999999999996
IC1=CC=CC(=C1)N=C=S,3.0255
NC1=NC=NC2=C1N=CC=N2,0.0019999999999998
O=C1NC2=C(C=NC=N2)N=C1,-0.2869000000000001
O=C1NC2=C(C=N1)N=CC=N2,-0.2869000000000001
CCCCCC(O)/C=C/C1C(O)CC(O)C1C\C=C\CCCC(O)=O,3.0429000000000013
OC(=O)C1=CC=CC(=C1C(O)=O)O,0.7886
CCCNC1=NC(=NC(=N1)Cl)NC(C)C,2.1672
NC1=NC(=O)NC2=C1N=C[NH]2,-0.7716000000000003
O=C1NC2=C(N1)C=NC(=O)N2,-1.0605000000000002
CC1=CCC(CC1)C(C)(C)O,2.5037000000000007
O=C1NC2=C(N1)C(=O)NC=N2,-1.0605000000000004
CC(=O)OC(C(O)=O)C1=CC=CC=C1,1.3754000000000002
OC(=O)COC1=C(Cl)C=CC=C1Cl,2.4568000000000003
CN(C)C1=NC=NC2=C1N=C[NH]2,0.4188999999999999
CCCC(=O)N1C(=O)NC=C(F)C1=O,0.1160000000000001
CCC(=O)OC1=CC=C(NC(C)=O)C=C1,1.9604
CCC(=O)NC1=NC(=C(Cl)S1)C,2.4534200000000004
CC(CCC(O)=O)C1CCC2C3C(O)C(O)C4CC(O)CCC4(C)C3CCC12C,3.4487000000000023
ClC1=NC2=C(C=N1)N=CC=N2,1.0731999999999997
CCCCC(=O)OC1CCC2(C)C3CCC4(C)C(CCC4=O)C3CC=C2C1,5.620300000000007
CNC(=S)N(C)C1=C(C)C=C(Cl)C=C1,2.5889200000000008
O[S](=O)(=O)C1=CC=C(C=C1)[N+]#N,1.41788
O=C1NC(=S)NC(=O)C12CCCCC2,0.4677999999999995
CC1=C(CCCO1)C(=O)NC2=CC=CC=C2,2.709500000000001
CCCOC(=O)C1=CC=C(NC(C)=O)C=C1,2.2118
CCC(=O)OCN1C(=O)NC=C(F)C1=O,-0.4135999999999999
COC1=NC2=C(N=CN=C2)N=C1,0.4283999999999998
COC1=NC2=C(C=NC=N2)N=C1,0.4283999999999998
CCCCCC(=O)NNC(=O)C1=CC=NC=C1,1.4229
COC(=O)C(N)CC1=CC(=C(O)C=C1)O,0.1405999999999997
CC1=NC2=C(N=CN=C2)N=C1C,1.0366399999999998
S=C1NC2=C(C=NC=N2)N=C1,1.08239
C[N+](C)(C)C(CC1=CN=C(S)[NH]1)C([O-])=O,-0.9344
OCC1OC(C(O)C1O)N2C=CC(=O)CC2=O,-2.259499999999999
CCCC(=O)OC1=CC=C(NC(C)=O)C=C1,2.3505000000000003
CN1C(=O)C=NC2=C1N=CN=C2,-0.2765000000000002
CN1C=NC2=C(N=CC=N2)C1=O,-0.2765000000000002
OCC1OC(OCC2OC(OC3(CO)OC(CO)C(O)C3O)C(O)C(O)C2O)C(O)C(O)C1O,-7.571399999999989
NC1=NC2=C(N=C[NH]2)C(=S)N1,0.5976899999999998
CC12CC(=O)C3C(CCC4=CC(=O)CCC34C)C1CCC2=O,3.2664000000000017
CC(C)(C)C(=O)OC1(CCC2C3CCC4=CC(=O)CCC4C3CCC12C)C#C,5.0895000000000055
CC(C)(C)C(=O)OC1=C(C=CC=C1)C(O)=O,2.3363
CCCCCCC(=O)NNC(=O)C1=CC=NC=C1,1.813
CC1=NC2=C(N=C1)C(=O)NC=N2,0.0215199999999998
CCCCOC(=O)C1=CC=C(NC(C)=O)C=C1,2.6019000000000005
CC1=NC2=C(N=CNC2=O)N=C1,0.0215199999999999
NC1=NC2=C(N=CC=N2)C(=N1)N,-0.4158000000000003
CCCC(=O)OC1CCC2C3CCC4=CC(=O)CCC4(C)C3CCC12C,5.230200000000005
CC(=O)C1=CC=C(NN=C(C#N)C#N)C=C1,1.70426
NC1=NC(=O)NC2=C1N=CC=N2,-0.7047000000000003
NC1=NC(=O)C2=C(N1)N=CC=N2,-0.7047000000000003
CCCCCCC1(CC)C(=O)NC(=O)NC1=O,1.7191999999999998
O=C1NC2=C(N=C1)C(=O)NC=N2,-0.9936000000000004
CN(C)C1=NC2=C(C=NC=N2)N=C1,0.4857999999999997
O=C1NC2=C(N=CNC2=O)N=C1,-0.9936000000000004
CCCCC(=O)OC1CCC2C3CCC4=CC(=O)CCC4(C)C3CCC12C,5.620300000000007
CCCCN(CC)C1=NC(=NC(=N1)N=[N+]=[N-])N,2.022
[O-][N+](=O)C1=CC=C(N2CC2)C(=C1)[N+]([O-])=O,1.323
CCCOC(=O)OC1=CC=C(NC(C)=O)C=C1,2.570400000000001
CCCCC(=O)OCN1C(=O)NC=C(F)C1=O,0.3665999999999998
CSC1=NC(=NC(=N1)N=[N]#N)NC(C)C,2.3556
CCCCCC(=O)OC1=CC=C(NC(C)=O)C=C1,3.130700000000001
CCCCCCCCC(=O)NNC(=O)C1=CC=NC=C1,2.5932000000000004
CCC(CC)C(=O)OC1=C(C=CC=C1)C(O)=O,2.726400000000001
O=C(COC(=O)C1=CC=CC=C1)NC2CCCCC2,2.2923
O=C1NC(=O)C2(CCCCCCC2)C(=O)N1,1.0831
[O-][N+](=O)C1=C(NN=C(C#N)C#N)C=CC=C1,1.40986
O=C(C1=CC=CC=C1)C2=NC=CC=C2,2.3126
CCCCCCCCCCNC(=O)N[C]12C[CH]3[CH2]C([CH2][CH](C3)C1)C2,5.395100000000005
CCCC(=N\OCC)/C1=C(O)CC(CC1=O)C2CCCSC2,4.113400000000003
CCCCOC(=O)OC1=CC=C(NC(C)=O)C=C1,2.960500000000001
CC(=O)OC1=CC2=C(C=CC=C2)C=C1,2.765100000000001
CCCCCCCCC(=O)OC1CCC2C3CCC4=CC(=O)CCC4C3CCC12C,6.790600000000008
CCN(CC)C(=O)C(C)OC(=O)C1=CC=CC=C1,2.1003
CCC1(CCC(=O)N(CO)C1=O)C2=CC=CC=C2,1.4332
CC1=CC=C(OC2=CC=C(C)C=C2)C=C1,4.095740000000003
COCCOC(=O)OC1=CC=C(NC(C)=O)C=C1,1.8068
CC(=O)[N]1N=CC2=C1N=CNC2=O,-0.2202999999999998
ClC1=CC(=CC(=C1)C2(CO2)CC(Cl)(Cl)Cl)Cl,4.9792000000000005
CC1=NC2=C(N=C1C)C(=O)NC=N2,0.3299399999999999
CC12CCC(=O)C=C1C=CC3C2CCC4(C)C3CCC4(O)CCC(O)=O,3.8902000000000023
CC(=O)OC1=CC2=C(NC(=O)C2)C=C1,1.1065
CC/C=C(C)/C1(CC)C(=O)NC(=O)NC1=O,1.1050999999999995
CCC1=NC2=C(N=CN=C2)N=C1CC,1.5445999999999998
NC(=N)NC(=O)C1=NC(=C(N)N=C1N)Cl,-1.082330000000001
ClCC(=O)C1=CC=C(NN=C(C#N)C#N)C=C1,1.92316
CCC(CC)(C(=O)NC(N)=O)C(=O)OCC1=CC=CC=C1,1.7310999999999994
CN(C1CCCCC1)C(=O)COC(=O)C2=CC=CC=C2,2.634500000000001
NC1=NC(=O)C2=C(N1)N=CC(=O)N2,-1.4114000000000009
O=C1NC(=O)C2=C(N1)NC(=O)C=N2,-1.7003
CCC1CCCCN1C(=O)COC(=O)C2=CC=CC=C2,2.634500000000001
CCCCCCCC(=O)OCN1C(=O)NC=C(F)C1=O,1.5369000000000002
O=C1NC=NC2=C1NC(=O)C(=O)N2,-1.7003000000000004
CC12CCC3C(=CCC4=C3C=CC(=C4)O)C1CCC2=O,3.7375000000000025
[NH]1C=CC2=C1C=CC=C2,2.1678999999999995
CCC(C(=O)NC(N)=O)(C(=O)OC)C1=CC=CC=C1,0.7023000000000003
COCC(C)OC(=O)OC1=CC=C(NC(C)=O)C=C1,2.1953
CCCCCCOC(=O)OC1=CC=C(NC(C)=O)C=C1,3.740700000000002
OCN1C=NC2=C(C=N[N]2CO)C1=O,-1.5074
CCC(=O)[N]1N=CC2=C1N=CNC2=O,0.1697999999999999
CC(C)CN(CC(C)C)C(=O)COC(=O)C1=CC=CC=C1,2.9840000000000018
CCCCCCC(=O)OC1(CCC2C3CCC4=CC(=O)CCC4C3CCC12C)C#C,6.013800000000007
CCC(C)C1(CC=C)C(=O)NC(=O)NC1=O,0.961
C[N]1C=NC2=C1C(=NC(=O)N2)NCCO,-0.9392000000000004
CC(O)CN(CC(C)O)C(=O)COC(=O)C1=CC=CC=C1,0.4335999999999996
CCCCCCCCCC(=O)OC1=CC=C(NC(C)=O)C=C1,4.691100000000004
CCC1(C(=O)NC(=S)NC1=O)C2=CC=CC=C2,0.8652999999999996
S=C=NC1=CC=C(C=C1)C2=CC=CC=C2,4.087900000000002
NC1=CC(=C(C=C1)C(O)=O)[S](O)(=O)=O,0.2136999999999999
NC(CC1=CC(=C(O)C=C1)O)C(=O)OC2CCCCC2,1.8435
OC(=O)COC1=C(Cl)C(=C(Cl)C=C1Cl)Cl,3.7636
CCC1=NC2=C(N=C1CC)C(=NC=N2)N,1.1267999999999998
CCN(CC)[S](=O)(=O)C1=CC=C(N)C=C1,1.2993
CC(=O)OC1=CC=C(C=C1)C2=CC=CC=C2,3.278900000000002
CC(C)(C)NC(=O)C1CCC2C3CC=C4C=C(CCC4(C)C3CCC12C)C(O)=O,5.101000000000004
CC1(C)SC2C(N=CN3CCCCCC3)C(=O)N2C1C(O)=O,1.4062
CC(C)COC(N)=O,0.7377
OCC1OC(CC1O)N2C=C(C(=O)NC2=O)C(F)(F)F,-0.8039000000000005
CN1C(=O)N(C)C2=C([N](CO)C=N2)C1=O,-1.6165000000000005
CCC1(C(=O)NC(=O)N(CO)C1=O)C2=CC=CC=C2,0.3625999999999995
O=C1NC(=O)C2=C(N1)NC(=O)C(=O)N2,-2.4070000000000005
CC12CCC3C(CCC4CC(=O)CCC34C)C1CCC2O,3.9591000000000034
CNC(/NCCSCC1=CC=C(CN(C)C)O1)=C/[N+]([O-])=O,1.459
CC12CC(=O)C3C(CCC4=CC(=O)C=CC34C)C1CCC2(O)C(=O)CO,1.7658
OC1CCN2C(=O)C3=C(C=CC=C3)N=C12,0.8336
CCC[N]1C=NC2=C1C(=O)N(C)C(=O)N2C,-0.1563000000000001
CCC1=C(NC(=O)N1)C(=O)C2=CC=NC=C2,0.8914000000000001
CC(=O)NC(CC1=CC=C(OC(C)=O)C=C1)C(N)=O,0.1443999999999999
CC1=NC=C([N]1CCO[P](O)(O)=O)[N+]([O-])=O,0.2090199999999997
CC#CC1=NC(=NC(=C1)C)NC2=CC=CC=C2,2.9000200000000005
CCC(=O)OCSC1=NC=NC2=C1N=C[NH]2,1.3557
CC1(C)SC2C(NC(=O)C3(N)CCCCC3)C(=O)N2C1C(O)=O,0.2797000000000011
CC1=CC=CC(=C1)NC2=CC=CC=C2C(O)=O,3.436820000000001
CCC1=NC2=C(N=C1CC)C(=NC(=O)N2)N,0.4200999999999998
CCC1=NC2=C(N=C1CC)C(=O)NC(=N2)N,0.4200999999999998
CCC1=NC2=C(N=C1CC)C(=O)NC(=O)N2,0.1311999999999998
COC1=C(OC2OC(CO)C(O)C(O)C2O)C=CC(=C1)\C=C\CO,-1.1205999999999998
OC(=O)COC1=C(Cl)C(=C(Cl)C(=C1Cl)Cl)Cl,4.417
ClC1=CC2=C(C(=CC=C2Cl)Cl)C(=C1)Cl,5.453400000000001
COCC1(C)OC(=O)N(C1=O)C2=CC(=CC(=C2)Cl)Cl,2.8817000000000013
NC(=O)C1=C[N](CC2=C(F)C=CC=C2F)N=N1,0.7035000000000001
OC(=O)C1=CC=CC=C1NC2=CC(=CC=C2)O,2.834000000000001
COC(=O)C1CCCN1C(=O)COC(=O)C2=CC=CC=C2,1.0073999999999992
OC(=O)C1=C(Cl)C=CC2=C1N=CC(=C2)Cl,3.2398000000000007
O=C(NNC(=O)C1=CC=NC=C1)C2=CC=CC=C2,1.1564
OC1=C(C(=C(C=C1[N+]([O-])=O)[N+]([O-])=O)O)[N+]([O-])=O,0.8224000000000007
BrC1=C(C=CC2=CC=CC=C12)N=C=S,4.3366000000000025
CC(=O)NC1=CC=C(C=C1)[S](=O)(=O)NC(C)=O,0.4697999999999998
CC(COC1=CC=CC=C1)NC(C)C(O)C2=CC=C(O)C=C2,2.871200000000001
CC(=O)NC1=CC=CC(=C1)O,1.3505999999999998
O=C(COC(=O)C1=CC=CC=C1)N(C2CCCCC2)C3CCCCC3,4.337400000000004
CN1C(=O)N(C)C2=C([N](C=N2)C(C)=O)C1=O,-0.9062000000000004
S=C(NNC1=CC=CC=C1)N=NC2=CC=CC=C2,3.6719000000000017
CCCCC(=O)OCSC1=NC=NC2=C1N=C[NH]2,2.1359
O=C(C1=CC=CC=C1)C2=CC=CC(=C2)N=C=S,3.651900000000001
OC(=O)C1=CC=CC=C1NC2=CC(=CC=C2)Cl,3.7818000000000014
CC1=C(CC(O)=O)SC2=C1C=CC(=C2)Cl,3.4902200000000017
O=C(CC1=CC=CC=C1)NNC(=O)C2=CC=NC=C2,1.0853000000000002
NC1=CC2=C(C=C1)C=CC(=C2)[S](O)(=O)=O,1.6687
CC1=NC(=C(S1)C(=O)NC2=CC=CC=C2)C,3.012240000000001
ClC1=CC=C(OC2=C(Cl)C=CC=C2Cl)C=C1,5.4391000000000025
NC1=CC=CC2=C1C=CC(=C2)[S](O)(=O)=O,1.6687
ClC1=CC(=C(OC2=CC=CC=C2)C(=C1)Cl)Cl,5.4391000000000025
COC1=CC=C2C3CC4=C5C(=C(OC)C=C4)OC1C25CCN3C,2.4245
CC1=C(C=CC=C1)C(=O)NNC(=O)C2=CC=NC=C2,1.46482
COC1=CC(=CC=C1)C(O)=O,1.3934
CCC(C)C1=C(OC(C)=O)C(=CC(=C1)[N+]([O-])=O)[N+]([O-])=O,2.941800000000001
CCC(=O)[N]1C=NC2=C1C(=O)N(C)C(=O)N2C,-0.5161
NC1=CC2=C(C=C1)C(=CC=C2)[S](O)(=O)=O,1.6687
CC12CCC3=C(C=CC4=C3C=CC(=C4)O)C1CCC2O,3.7362000000000033
CC(=C)C1CC=C(C)C(O)C1,2.2797
CC(N(O)C(N)=O)C1=CC2=C(S1)C=CC=C2,2.732200000000001
NC1=CC=CC2=C1C=CC=C2[S](O)(=O)=O,1.6687
NC1=CC=C(C2=C1C=CC=C2)[S](O)(=O)=O,1.6687
O=C1COC2(CCN(CCC3=C[NH]C4=C3C=CC=C4)CC2)CN1,1.6913999999999996
CCNC(=O)C1=CC(=C(C=C1[N+]([O-])=O)[N+]([O-])=O)N2CC2,1.0727
CSC(=O)C1(OC(C)=O)C(C)CC2C3CCC4=CC(=O)C=CC4(C)C3(F)C(O)CC12C,3.7947000000000033
CC(=O)OC1=CC=C(NC(=O)C2=CC=CC=C2)C=C1,2.864200000000001
CC1CN(C)C(C)C2=NC3=C(C=CC=C3)C(=O)N12,1.9639
NC1=CC=CC2=C1C(=CC=C2)[S](O)(=O)=O,1.6687
OC(=O)C1=CC(=O)C2=C(O1)C=C3CCCCC3=C2,2.37
O=C(OC1=CC=CC(=C1)N=C=S)C2=CC=CC=C2,3.640100000000002
COC(=O)[N]1C=NC2=C1C(=O)N(C)C(=O)N2C,-0.9518000000000006
CC(C)CC1=CC=C(C=C1)C(C)C(=O)OCC(=O)N(C)CC(N)=O,1.4754999999999998
CN1C(=O)N(C)C2=C([N](COC(C)=O)C=N2)C1=O,-1.0457
CCN(CC1=CC=NC=C1)C(=O)C(CO)C2=CC=CC=C2,2.2062
O=C(OC1=CC=CC(=C1)N=C=S)C2=CC=CN=C2,3.0351000000000017
CCCCCCCC(=O)OCSC1=NC=NC2=C1N=C[NH]2,3.3062000000000014
CCCN1CCN2C(=O)C3=C(C=CC=C3)N=C2C1C,2.1831000000000005
CC(CN1CC(=O)NC(=O)C1)N2CC(=O)NC(=O)C2,-2.708299999999996
CCCC(=O)[N]1C=NC2=C1C(=O)N(C)C(=O)N2C,-0.1260000000000001
CC(=O)OCC(=O)C1(O)CCC2C3CCC4=CC(=O)C=CC4(C)C3C(=O)CC12C,2.3366
CCCNC(=O)C1=CC(=C(C=C1[N+]([O-])=O)[N+]([O-])=O)N2CC2,1.4628
CC12CCC3=C(C=CC4=C3C=CC(=C4)O)C1CCC2=O,3.9444000000000026
CC1=C(N2C(SC1)C(NC(=O)C(N)C3=CCC=CC3)C2=O)C(O)=O,0.3486000000000002
CCOC(=O)OC[N]1C=NC2=C1C(=O)N(C)C(=O)N2C,-0.4357
CC(C)NC(=O)C1=CC(=C(C=C1[N+]([O-])=O)[N+]([O-])=O)N2CC2,1.4611999999999996
ClC1=CC(=C(Cl)C(=C1)Cl)C2=CC=CC=C2Cl,5.967200000000002
CCOC(=O)[N]1C=NC2=C1C(=O)N(C)C(=O)N2C,-0.5617000000000001
CCC(=O)OC[N]1C=NC2=C1C(=O)N(C)C(=O)N2C,-0.6555999999999995
OCN1C(=O)CN(/N=C/C2=CC=C(O2)[N+]([O-])=O)C1=O,-0.2643000000000002
CC(=O)C1=CC=CC(=C1)NC2=CC=CC=C2C(O)=O,3.3310000000000004
OCCN1C=CC(=O)C(=C1C(O)C2=CC=CC=C2)O,0.6278999999999999
ClC1=C(Cl)C=C(OC2=CC=C(Cl)C(=C2)Cl)C=C1,6.092500000000002
CCC1=CC=CC2=C1[NH]C3=C2CCOC3(CC)CC(O)=O,3.383000000000002
C[S](=O)(=O)NC1=NN=C(S1)[S](N)(=O)=O,-1.4429999999999996
CNC1CCC(C2=CC(=C(Cl)C=C2)Cl)C3=C1C=CC=C3,5.179600000000004
N#CC(=NNC1=CC=C(C=C1)N=NC2=CC=CC=C2)C#N,3.917060000000002
ClC1=CC=C(OC2=CC(=C(Cl)C(=C2)Cl)Cl)C=C1,6.092500000000002
ClC1=CC(=CC(=C1)OC2=CC=C(Cl)C(=C2)Cl)Cl,6.092500000000002
ClC1=CC=C(OC2=CC(=C(Cl)C=C2)Cl)C(=C1)Cl,6.092500000000002
ClC1=CC=C(OC2=CC(=C(Cl)C=C2Cl)Cl)C=C1,6.092500000000002
[O-][N+](=O)C1=C(Cl)C2=C(C=CC=C2)C(=C1)[N+]([O-])=O,3.309600000000001
CC(C)CNC(=O)C1=CC(=C(C=C1[N+]([O-])=O)[N+]([O-])=O)N2CC2,1.7088
COC1=CC=CC=C1C(O)=O,1.3934
ClC1=CC=C(Cl)C(=C1)OC2=CC=C(Cl)C(=C2)Cl,6.092500000000002
ClC1=CC=C(OC2=CC=C(Cl)C(=C2Cl)Cl)C=C1,6.092500000000002
CCC(=O)OCC1OC(CC1O)N2C=C(I)C(=O)NC2=O,-0.2571999999999998
ClC1=C(Cl)C=C(OC2=CC=CC(=C2Cl)Cl)C=C1,6.092500000000002
CN1C(=O)N(C)C2=C([N](COC(=O)C(C)(C)C)C=N2)C1=O,-0.0195000000000009
ClC1=CC=CC(=C1)OC2=CC(=C(Cl)C=C2Cl)Cl,6.092500000000001
ClC1=CC=C(OC2=C(Cl)C=C(Cl)C=C2Cl)C=C1,6.092500000000002
OC(=O)C1=CC=CC=C1NC2=CC(=CC=C2)[N+]([O-])=O,3.036600000000001
ClC1=CC=CC(=C1)OC2=CC=C(Cl)C(=C2Cl)Cl,6.092500000000001
ClC1=CC=C(OC2=C(Cl)C=CC(=C2)Cl)C(=C1)Cl,6.092500000000002
CCCOC(=O)[N]1C=NC2=C1C(=O)N(C)C(=O)N2C,-0.1715999999999999
ClC1=C(Cl)C=C(OC2=C(Cl)C=CC=C2Cl)C=C1,6.092500000000002
ClC1=CC(=C(OC2=CC=CC(=C2Cl)Cl)C=C1)Cl,6.092500000000002
CCCN1CC(C)N2C(=O)C3=C(C=CC=C3)N=C2C1C,2.7441000000000013
ClC1=CC=C(OC2=C(Cl)C=CC(=C2Cl)Cl)C=C1,6.092500000000002
CC(C)(C)NC(=O)C1=CC(=C(C=C1[N+]([O-])=O)[N+]([O-])=O)N2CC2,1.8513
ClC1=C(OC2=CC(=C(Cl)C=C2Cl)Cl)C=CC=C1,6.092500000000001
NC(CC1=CC(=C(O)C(=C1)I)I)C(O)=O,1.5558
ClC1=CC=C(OC2=C(Cl)C=CC=C2)C(=C1Cl)Cl,6.092500000000002
CC1CN(CCO1)[S](=O)(=O)NC(=O)NCC2CC3CC2C=C3,0.4633000000000009
ClC1=C(Cl)C(=C(Cl)C(=C1)OC2=CC=CC=C2)Cl,6.092500000000001
CCN(CC)C(=O)C1=CC(=C(C=C1[N+]([O-])=O)[N+]([O-])=O)N2CC2,1.805
OC1C(O)C(O)C2C(NC(=O)C3=C(O)C4=C(OCO4)C=C23)C1O,-2.2263000000000006
ClC1=C(Cl)C(=C(OC2=CC=CC=C2)C(=C1)Cl)Cl,6.092500000000002
ClC1=C(Cl)C(=C(Cl)C(=C1)Cl)OC2=CC=CC=C2,6.092500000000002
CCCCOC(=O)[N]1C=NC2=C1C(=O)N(C)C(=O)N2C,0.2184999999999999
CCCCC(=O)OC[N]1C=NC2=C1C(=O)N(C)C(=O)N2C,0.1246
CN(CC(=O)NC1=NN=C(S1)[S](N)(=O)=O)C(N)=N,-2.050729999999999
OC(=O)CCC(=O)OCN1C(=O)OC2=CC=C(Cl)C=C12,1.6134
[O-][N+](=O)C1=C(C=C(C(=O)N2CCCCC2)C(=C1)[N+]([O-])=O)N3CC3,1.9491
CC1=C2C=CC3=C(C=CC=C3)C2=CC4=C1CCCC4,5.180220000000004
CCCCCC(=O)OC[N]1C=NC2=C1C(=O)N(C)C(=O)N2C,0.5146999999999997
CC(=O)OCSC1=NC=NC2=C1N=C[N]2COC(C)=O,0.9596
CN1N=C(SC1=N[S](C)(=O)=O)[S](N)(=O)=O,-2.010699999999998
ClC1=CC(=C(Cl)C(=C1)C2=C(Cl)C(=CC=C2)Cl)Cl,6.620600000000001
CCCN1C(=O)N(CCC)C2=C([NH]C(=N2)C3CCCC3)C1=O,2.3639
CC1=CC=C(C=C1)C(=O)C2=CC(=C(O)C(=C2)O)[N+]([O-])=O,2.5454200000000013
CC1=C(C)C(=NO1)N[S](=O)(=O)C2=CC=C(N)C=C2,1.67444
CCCCCCOC(=O)[N]1C=NC2=C1C(=O)N(C)C(=O)N2C,0.9986999999999996
ClC1=CC=C(OC2=CC(=C(Cl)C(=C2)Cl)Cl)C=C1Cl,6.745900000000002
CC12CCC3C(CCC4=CC(=O)CCC34)C1CCC2(OC(=O)C5=CC=CC=C5)C#C,5.357200000000005
ClC1=CC=C(OC2=C(Cl)C=C(Cl)C(=C2)Cl)C=C1Cl,6.745900000000002
CC1CC2C3CCC(O)(C(=O)COC(=O)CCC(O)=O)C3(C)CC(O)C2C4(C)C=CC(=O)C=C14,2.2193
ClC1=CC=C(OC2=CC(=C(Cl)C(=C2)Cl)Cl)C(=C1)Cl,6.745900000000002
O=C1NC=NC2=C1C=N[N]2C(=O)C3=CC=CC=C3,0.8081000000000003
ClC1=CC=C(C=C1)C(C2=C(Cl)C=CC=C2)C(Cl)(Cl)Cl,6.495500000000002
ClC1=CC(=CC(=C1)Cl)OC2=C(Cl)C=C(Cl)C(=C2)Cl,6.745900000000001
ClC1=CC(=C(Cl)C(=C1)Cl)OC2=CC=C(Cl)C(=C2)Cl,6.745900000000001
ClC1=CC(=CC(=C1)Cl)OC2=C(Cl)C(=C(Cl)C=C2)Cl,6.745900000000001
ClC1=CC(=C(OC2=CC=C(Cl)C(=C2)Cl)C(=C1)Cl)Cl,6.745900000000002
NC1=CC=C(C=C1)[S](=O)(=O)NC2=NC(=O)NC=C2,0.1528999999999997
ClC1=CC=C(Cl)C(=C1)OC2=C(Cl)C=C(Cl)C(=C2)Cl,6.745900000000002
CCCCCCCCC1(CC)C(=O)NC(=O)NC1=O,2.4994
ClC1=CC=C(OC2=C(Cl)C(=CC=C2Cl)Cl)C=C1Cl,6.745900000000002
ClC1=CC=C(OC2=C(Cl)C(=C(Cl)C=C2Cl)Cl)C=C1,6.745900000000002
CCCCCCCC(=O)OC[N]1C=NC2=C1C(=O)N(C)C(=O)N2C,1.2949
ClC1=CC=C(OC2=C(Cl)C=C(Cl)C=C2Cl)C(=C1)Cl,6.745900000000002
ClC1=C(Cl)C(=CC=C1)OC2=C(Cl)C=C(Cl)C(=C2)Cl,6.745900000000002
ClC1=CC=C(Cl)C(=C1)OC2=C(Cl)C(=C(Cl)C=C2)Cl,6.745900000000002
ClC1=C(Cl)C(=CC=C1)OC2=C(Cl)C(=C(Cl)C=C2)Cl,6.745900000000002
ClC1=CC=C(OC2=C(Cl)C(=CC(=C2Cl)Cl)Cl)C=C1,6.745900000000002
ClC1=CC=C(C=C1)N2N=NC3C4CC(C5N=NC45)C23,3.117100000000001
ClC1=CC=C(OC2=C(Cl)C(=CC=C2Cl)Cl)C(=C1)Cl,6.745900000000002
ClC1=CC=CC(=C1OC2=C(Cl)C=C(Cl)C(=C2)Cl)Cl,6.745900000000001
ClC1=C(Cl)C(=C(OC2=C(Cl)C=CC=C2Cl)C=C1)Cl,6.745900000000002
COC1=CC=C2C=C(C=CC2=C1)C(C)C(=O)OCCOC(=O)CN,1.997
CN(C)[S](=O)(=O)NC1=NN=C(S1)[S](N)(=O)=O,-1.5961999999999987
ClC1=C(Cl)C(=C(OC2=CC=CC=C2)C(=C1Cl)Cl)Cl,6.745900000000001
CCC(=O)OCSC1=NC=NC2=C1N=C[N]2COC(=O)CC,1.7397999999999998
CC(OC1=CC=C(OC2=C(Cl)C=C(Cl)C=C2)C=C1)C(O)=O,4.637600000000003
CC(C(O)=O)C1=CC2=C(C=C1)C3=C([NH]2)C=CC(=C3)Cl,4.162600000000002
COC1=CC=C2C=C(C=CC2=C1)C(C)C(=O)OC(C)OC(=O)CN,2.343
OC1=CC=CC2=C1C(=O)C3=C(C=CC=C3O)C2=O,1.8732
CN1C=CC(=NC1=O)N[S](=O)(=O)C2=CC=C(N)C=C2,0.1632999999999999
[O-][N+](=O)C1=CC=CC(=C1)C=O,1.4073
CC(=O)NC1=CC=C(C=C1)C(=O)NC2=CC=C(OC(C)=O)C=C2,2.8226000000000013
CCCN1C(=O)N(CCC)C2=C([NH]C(=N2)C(C3CC3)C4CC4)C1=O,2.609900000000001
CCCC1=C2OC(=CC(=O)C2=C(O)C3=C1CCCC3)C(O)=O,3.028100000000001
CC1(C)SC2C(NC(=O)C(N)C3=CC=CC=C3)C(=O)N2C1C(O)=O,0.3181000000000002
CC(C)C1(O)CCN2CC3C4=C(CCC5=C3C(=CC=C5)C2C1)C=CC=C4,4.454700000000004
CC1C\C=C\C=C\C=C\C=C\C(CC2OC(O)(CC(O)CC3OC3/C=C/C(=O)O1)CC(O)C2C([O-])=O)OC4OC(C)C(O)C([NH3+])C4O,-1.931799999999992
CCN1C=C(C(O)=O)C(=O)C2=C1C=C(N3CCNCC3)C(=C2)F,1.2683
CCCC(=O)OCSC1=NC=NC2=C1N=C[N]2COC(=O)CCC,2.5200000000000005
CC1=C(N2C(SC1)C(NC(=O)C(N)C3=CC=CC=C3)C2=O)C(O)=O,0.4448999999999989
CC(C)(C)OC(N)=O,0.8802000000000001
CC(=O)NC1=CC=C(C=C1)[S](=O)(=O)NC2=NC=CC=N2,1.2357999999999998
CCCN1C(=O)N(CCC)C2=C([NH]C(=N2)C3CCC(=O)C3)C1=O,1.5428999999999995
ClC1=C(Cl)C(=C(OC2=CC(=C(Cl)C(=C2)Cl)Cl)C=C1)Cl,7.399300000000001
CC(C)C1(C)N=C(NC1=O)C2=NC3=C(C=CC=C3)C=C2C(O)=O,2.2241
CC(=O)OCN1C=C(F)C(=O)N(C1=O)C(=O)C2=CC=CC=C2,0.3581999999999993
CC1=NC=C([N]1CCOC(=O)C2=CC=C(CN3CCOCC3)C=C2)[N+]([O-])=O,1.7889199999999998
COC1=C(N[S](=O)(=O)C2=CC=C(N)C=C2)C=C(N)C=C1,1.6604
CCN1C=C(C(O)=O)C(=O)C2=C1N=C(N3CCNCC3)C(=C2)F,0.6633000000000002
CCCC(C)C1(CC)C(=O)NC(=S)NC1=O,1.3499
CN(C)[S](=O)(=O)N=C1SC(=NN1C)[S](N)(=O)=O,-2.163899999999998
ClC1=CC(=C(Cl)C(=C1)Cl)OC2=CC(=C(Cl)C=C2Cl)Cl,7.3993
ClC1=CC(=C(OC2=C(Cl)C(=C(Cl)C=C2Cl)Cl)C=C1)Cl,7.399300000000001
CC(=O)OC1=CC=C(CC(NC(=O)C2=CC=CC=C2)C(N)=O)C=C1,1.4382999999999997
ClC1=CC=C(Cl)C(=C1Cl)OC2=C(Cl)C=C(Cl)C(=C2)Cl,7.3993
CN(CC(=O)NCCC(=O)NC1=NN=C(S1)[S](N)(=O)=O)C(N)=N,-2.5444299999999984
CN1C(=O)N(C)C2=C([NH]C(=N2)\C=C\C3=CC=CC=C3)C1=O,1.1306999999999998
ClC1=C(Cl)C(=C(OC2=C(Cl)C=CC(=C2Cl)Cl)C=C1)Cl,7.399300000000001
CCC(CC1=C(I)C(=C(I)C=C1I)N)C(O)=O,3.7359000000000018
CN1N=C(SC1=N[S](=O)(=O)C(F)(F)F)[S](N)(=O)=O,-1.1206999999999996
CN1C(=O)N(C)C2=C([N](C)C(=N2)C3=CC=CC=C3)C1=O,0.6376999999999997
NC1=CC=C(C=C1)[S](=O)(=O)NC2=NC(=O)N(CC=C)C=C2,0.8122999999999996
CC(=O)NC1=CC=C(C=C1)[S](=O)(=O)NC2=NC=CS2,1.9023
CC(C)N1C=CC(=NC1=O)N[S](=O)(=O)C2=CC=C(N)C=C2,1.2071999999999996
CCCCC(=O)OCSC1=NC=NC2=C1N=C[N]2COC(=O)CCCC,3.300200000000002
COC1=CC=C(N[S](=O)(=O)C2=CC=C(C=C2)[N+]([O-])=O)C=C1,2.4042000000000003
CC1(C)SC2C(NC(=O)C(N)C3=CC=C(O)C=C3)C(=O)N2C1C(O)=O,0.0236999999999995
CCCN1C(=O)N(CCC)C2=C([NH]C(=N2)[C]34CC5[CH2]C(C[CH]3C5)C4)C1=O,2.7840000000000007
COC1=CC=C2C=C(C=CC2=C1)C(C)C(=O)OCCOC(=O)C(N)CC(C)C,3.411700000000001
CCCCN1C=CC(=NC1=O)N[S](=O)(=O)C2=CC=C(N)C=C2,1.4263999999999997
CCC(C)C(N)C(=O)OCCOC(=O)C(C)C1=CC2=CC=C(OC)C=C2C=C1,3.411700000000001
FC1=C(C2SCC3=NC4=C(C=CC=C4)[N]23)C(=CC=C1)F,4.108200000000003
CCN(CC)C(=O)CCC(=O)OC[N]1C=NC2=C1C(=O)N(C)C(=O)N2C,-0.4169999999999982
CC(C)CN1C=CC(=NC1=O)N[S](=O)(=O)C2=CC=C(N)C=C2,1.2822999999999996
CCCC(=O)OCN1C=C(F)C(=O)N(C1=O)C(=O)C2=CC=CC=C2,1.1383999999999996
CNN1C=C(C(O)=O)C(=O)C2=C1C=C(N3CCN(C)CC3)C(=C2)F,0.7638999999999998
CCC(C)N1C=CC(=NC1=O)N[S](=O)(=O)C2=CC=C(N)C=C2,1.5973
CCC1C(=O)NC(=O)NC1=O,-0.6214000000000002
COC1=CC2=CC=C(C=C2C=C1)C(C)C(=O)OCCOC(=O)CN3CCOCC3,2.3705
ClC1=CC=C(C=C1Cl)C2=C(Cl)C(=C(Cl)C(=C2Cl)Cl)Cl,7.9274
CCCOC(=O)N1C2CN3C4=C(C(COC(N)=O)C3(OC)C12)C(=O)C(=C(C)C4=O)N,-0.3921999999999969
CCC(C)C(N)C(=O)OCCCCOC(=O)C(C)C1=CC2=CC=C(OC)C=C2C=C1,4.191900000000003
ClC1=CC(=CC(=C1Cl)Cl)OC2=C(Cl)C(=C(Cl)C(=C2)Cl)Cl,8.052699999999998
C1CC2=CC3=CC4=C(C=CC=C4)C=C3C5=C2C1=CC=C5,5.244800000000003
CC(C)OC1=CC=C(C=C1)C(=O)N[S](=O)(=O)C2=CC=C(N)C=C2,2.1747000000000005
CSC1=CC=C2OC3=C(C=C(C=C3)C(O)=O)C(=O)C2=C1,3.3663000000000025
CCN1C=C(C(O)=O)C(=O)C2=C1C(=C(N3CCNC(C)C3)C(=C2)F)F,1.7958999999999998
OC(=O)CCC1=NC(=C(O1)C2=CC=CC=C2)C3=CC=CC=C3,4.025800000000003
NC1=CC(=C(O)C=C1)C(O)=O,0.6726000000000001
CC(=O)NC1=C(I)C=C(I)C(=C1I)C(O)=O,3.157000000000001
CCN(CC)C(=O)NC1CN(C)C2CC3=C(Br)[NH]C4=C3C(=CC=C4)C2=C1,3.603900000000002
O=C1OC(C2=CC=CC=C2)(C3=CC=CC=C3)C4=C1C=CC=C4,4.148900000000003
CN1CC2CC1CN2C3=CC4=C(C=C3F)C(=O)C(=CN4C5CC5)C(O)=O,2.0664
OC1=CC2=C(C(=C1)O)C(=O)C=C(O2)C3=CC(=C(O)C=C3)O,2.2823999999999995
CCCC1=C(O)N2N(C1=O)C3=CC(=CC=C3N=C2N(C)C)C,1.97972
CCCCC1=CC2=C(C=C1)C=C3C=CC4=C(C=CC=C4)C3=C2,6.488800000000005
COC1=C(N2C(SC1)C(NC(=O)C(N)C3=CCC=CC3)C2=O)C(O)=O,-0.0673999999999995
CC1=C2C=CC3=C(C=CC=C3)C2=CC4=CC=C(Cl)C=C14,6.108020000000003
CC(C)OC(=O)CC(C(=O)OC(C)C)[S](=O)(=O)C1=CC=C(C=C1)[N+]([O-])=O,2.0304
CN1CCN(CC1)C2=C(F)C3=C(C=C2F)C(=O)C(=CN3CCF)C(O)=O,1.6992
CC1CCC2=C(N3CCC(O)CC3)C(=CC4=C2N1C=C(C(O)=O)C4=O)F,2.3071
CONC(=O)C1=CN(C)C(=O)C(=C1NC2=CC=C(Br)C=C2F)C,2.6301200000000007
S=C=NC1=CC=CC(=C1)C#N,2.29258
OCC(CO)C(=O)OCN1C(=O)NC(C1=O)(C2=CC=CC=C2)C3=CC=CC=C3,0.5834999999999999
CC(C(=O)OCC(=O)N(C)CC(N)=O)C1=CC(=CC=C1)C(=O)C2=CC=CC=C2,1.508
ClC1=CC(=C(Cl)C(=C1Cl)Cl)OC2=CC(=C(Cl)C(=C2Cl)Cl)Cl,8.7061
NC1=CC=C(C=C1)[S](=O)(=O)NC2=CC=C(C=C2Br)[N+]([O-])=O,2.7403000000000013
C[S](=O)C1=CC=C2OC3=C(C=C(C=C3)C(O)=O)C(=O)C2=C1,2.3817999999999997
CSC1=CC=C(C=C1)C(=O)C2=CC(=CC3=C2OC=C3)CC(O)=O,4.012800000000002
COC1=NC(=NC(=N1)NC(=O)N[S](=O)(=O)C2=CC=CC=C2Cl)C,1.3524199999999995
N[S](=O)(=O)C1=NN=C(N[S](=O)(=O)C2=CC=CC=C2)S1,-0.0136999999999993
CCONC(=O)C1=CN(C)C(=O)C(=C1NC2=CC=C(Br)C=C2F)F,2.850900000000001
COC(=O)C1=CC=C(OC)C=C1,1.4818
OC1=CC2=C(C(=C1)O)C(=O)C(=C(O2)C3=CC=C(O)C(=C3)O)O,1.9879999999999995
ClC1=CC(=C(COC(C[N]2C=CN=C2)C3=CC=C(Cl)C=C3Cl)C=C1)Cl,6.454800000000002
N[S](=O)(=O)C1=NN=C(N[S](=O)(=O)CC2=CC=CC=C2)S1,0.1274000000000008
COC(=O)\C(=C\C1=CC=CC=C1)[S](=O)(=O)C2=CC=C(C=C2)[N+]([O-])=O,2.5826
CC1(O)CC(C2=CC=C(Cl)C=C2)C3=C(O1)C4=C(OC3=O)C=CC=C4,4.069300000000003
CN1C=C(C(=O)NOCCO)C(=C(C)C1=O)NC2=C(F)C=C(Br)C=C2,1.99262
NCC(=O)NCC(=O)OCCOC1=CC2=C(C=C1)N=C(S2)[S](N)(=O)=O,-1.0593999999999997
CC1=CC=C(C=C1)[S](=O)(=O)NC2=NN=C(S2)[S](N)(=O)=O,0.29472
CCCCNC1=C(OC2=CC=CC=C2)C(=CC(=C1)C(O)=O)[S](N)(=O)=O,3.0365
CC1CN(CC(C)N1)C2=C(F)C3=C(C(=C2F)N)C(=O)C(=CN3C4CC4)C(O)=O,2.0815999999999995
OCC(O)COC(=O)C1=C(NC2=C3C=CC(=CC3=NC=C2)Cl)C=CC=C1,3.141800000000001
NC1=CC=C(C=C1)[S](=O)(=O)NC2=NN=C(S2)[S](N)(=O)=O,-0.4315000000000001
CCCCCCCCCC1(CC)C(=O)NC(=O)NC1=O,2.8895
CCC(/C1=CC=CC=C1)=C(\C2=CC=CC=C2)C3=CC=C(OCCN(C)C)C=C3,5.996100000000007
CC1=NC=C2CN=C(C3=C(F)C=CC=C3)C4=C(C=CC(=C4)Cl)[N]12,4.324220000000003
CCCN(CCC)C1=C(C=C(C=C1[N+]([O-])=O)[S](=O)(=O)N=[S](C)C)[N+]([O-])=O,2.8796000000000017
CC1(C)SC2C(NC(=O)C(N)C3=CC=C(N)C=C3)C(=O)N2C1C4=NN=N[NH]4,-0.2984999999999992
N[S](=O)(=O)C1=NN=C(NC(=O)C2=C(F)C(=C(F)C(=C2F)F)F)S1,1.1332999999999998
COC(=O)CCCNC(=O)N[C]12C[CH]3[CH2]C([CH2][CH](C3)C1)C2,2.2076
N[S](=O)(=O)C1=NN=C(N[S](=O)(=O)C2=CC=C(Cl)C=C2)S1,0.6397000000000004
N[S](=O)(=O)C1=CC=C(CNC(=S)NC(C(O)C2=CC=CC=C2)C(O)=O)C=C1,0.4849000000000003
COC1=CC=C(C=C1)[S](=O)(=O)NC2=NN=C(S2)[S](N)(=O)=O,-0.0050999999999997
COC1=CC2=C(C=C1OC)C(=NC(=N2)N3CCN(CC3)C(=O)C4=CC=CO4)N,1.7845999999999995
CN1N=C(SC1=N[S](=O)(=O)C2=CC=C(C)C=C2)[S](N)(=O)=O,-0.2729799999999994
COC1=CC=C2C=C(C=CC2=C1)C(C)C(=O)OCCOC(=O)C(N)CC3=CC=CC=C3,3.6083000000000016
OCC1OC2OC3C(O)C(O)C(OC3CO)OC4C(O)C(O)C(OC4CO)OC5C(O)C(O)C(OC5CO)OC6C(O)C(O)C(OC6CO)OC7C(O)C(O)C(OC7CO)OC1C(O)C2O,-13.054800000000023
NC1=CC=C(C=C1)[S](=O)(=O)NC2=NC(=O)N(CC3=CC=CC=C3)C=C2,1.6745999999999994
CCN(C1CC(C)[S](=O)(=O)C2=C1C=C(S2)[S](N)(=O)=O)C(=O)CNC,0.0704000000000011
CN1N=C(SC1=N[S](=O)(=O)C2=CC=C(N)C=C2)[S](N)(=O)=O,-0.9991999999999988
CN1N=C(SC1=N[S](=O)(=O)C2=CC=CC(=C2)N)[S](N)(=O)=O,-0.9991999999999988
CC1=CC(=C(C(=C1)C)[S](=O)(=O)NC2=NN=C(S2)[S](N)(=O)=O)C,0.91156
CC1CC2=C(C=CC=C2)N1NC(=O)C3=CC(=C(Cl)C=C3)[S](N)(=O)=O,2.0834
CC1C(NC(=O)C(=N\OC(C)(C)C(O)=O)/C2=CSC(=N2)N)C(=O)N1[S](O)(=O)=O,-1.172499999999998
COC1=CC=C2C=C(C=CC2=C1)C(C)C(=O)OC(C)OC(=O)C(N)CC3=CC=CC=C3,3.9543000000000026
N[S](=O)(=O)C1=NN=C(N[S](=O)(=O)C2=CC=C(Br)C=C2)S1,0.7488000000000004
COC1=CC2=C(C=C1OC)C(=NC=N2)N3CCN(CC3)C(=S)NCC4=CC=CO4,2.4367
COC1=CC2=C(C=C1OC)C(=NC=N2)N3CCN(CC3)C(=O)NC4=CSC=C4,3.062600000000001
N[S](=O)(=O)C1=CC=C(NC2=NC(=NC=C2)NC(=O)C3=CC=CN=C3)C=C1,1.5149
CC(=O)NC1=C(I)C(=C(I)C(=C1I)C(O)=O)NC(C)=O,3.1154
CC12CCC3C(CCC4=CC(=O)CCC34)C1CCC2(OC(=O)C5=CC=C(OC6=CC=CC=C6)C=C5)C#C,7.149500000000008
COC1=CC=C(C=C1)[S](=O)(=O)N=C2SC(=NN2C)[S](N)(=O)=O,-0.5727999999999993
N[S](=O)(=O)C1=NN=C(N[S](=O)(=O)C2=CC=C(C=C2)[N+]([O-])=O)S1,-0.1054999999999997
NCC(=O)NCC(=O)NC1=C(Cl)C(=C(C=C1[S](N)(=O)=O)[S](N)(=O)=O)Cl,-1.6983999999999997
CN(C)C1C2CC3CC4=C(C=CC(=C4C(=O)C3=C(O)C2(O)C(=O)C(=C1O)C(N)=O)O)N(C)C,0.1866000000000018
N[S](=O)(=O)C1=NN=C(N[S](=O)(=O)C2=CC(=CC=C2)[N+]([O-])=O)S1,-0.1055000000000001
OC(=O)C1=CC(=CC=C1O)O,0.7959999999999998
CC(C)C1=C(SC2=C(C=C(\C=C\C(=O)N3CCN(CC3)C(C)=O)C=C2)[N+]([O-])=O)C=CC=C1,4.573300000000005
N[S](=O)(=O)C1=NN=C(N[S](=O)(=O)C2=C(C=CC=C2)C(O)=O)S1,-0.3154999999999997
CC(=O)NC1=CC=C(C=C1)[S](=O)(=O)NC2=NN=C(S2)[S](N)(=O)=O,-0.0552999999999999
CC(=O)N1CCN(CC1)C(=O)/C=C/C2=CC(=C(SC3=CC4=C([NH]C=C4)C=C3)C=C2)Cl,4.676400000000004
CN1N=C(SC1=N[S](=O)(=O)C2=C(C)C=C(C)C=C2C)[S](N)(=O)=O,0.3438600000000004
COC1=NC(=NC(=C1)OC)NC(=O)N[S](=O)(=O)C2=NC=CC=C2C(=O)N(C)C,0.1010000000000004
N[S](=O)(=O)C1=NN=C(N[S](=O)(=O)C2=CC=C(I)C=C2)S1,0.5909000000000002
COC1=CC=C(C=C1)C2SC3=CC=CC=C3N(CCN(C)C)C(=O)C2OC(C)=O,3.368500000000002
CN1N=C(SC1=N[S](=O)(=O)C2=CC=C(Br)C=C2)[S](N)(=O)=O,0.1811000000000006
COC(=O)C1=C(C=CS1)[S](=O)(=O)NC(=O)NC2=NC(=NC(=N2)OC)OC,0.2472999999999999
CN1CCC(C(O)C1)C2=C(O)C=C(O)C3=C2OC(=CC3=O)C4=C(Cl)C=CC=C4,3.304600000000001
FC1=CC=C(C=C1)C([N]2C=CN=C2)(C3=CC=CC=C3)C4=C(F)C=CC=C4,5.001500000000003
CN1C(=C(O)C2=C(C=CS2)[S]1(=O)=O)C(=O)NC3=NC=CC=C3,1.6425
CN1N=C(SC1=N[S](=O)(=O)C2=CC=CC(=C2)[N+]([O-])=O)[S](N)(=O)=O,-0.6731999999999998
CN1CCN(CC1)C2=CC3=C(C=C2F)C(=O)C(=CN3C4=CC=C(F)C=C4)C(O)=O,2.7189000000000005
CN1N=C(SC1=N[S](=O)(=O)C2=CC=C(NC(C)=O)C=C2)[S](N)(=O)=O,-0.6229999999999989
CN1N=C(SC1=N[S](=O)(=O)C2=C(C=CC=C2)C(O)=O)[S](N)(=O)=O,-0.8831999999999987
CCCCC(=O)N(CC1=CC=C(C=C1)C2=C(C=CC=C2)C3=NN=N[NH]3)C(C(C)C)C(O)=O,4.161700000000002
CN1N=C(SC1=N[S](=O)(=O)C2=CC=CC=C2[N+]([O-])=O)[S](N)(=O)=O,-0.6731999999999998
N[S](=O)(=O)C1=NN=C(N[S](=O)(=O)C2=CC(=C(Cl)C=C2)[N+]([O-])=O)S1,0.5479000000000007
CC(C)=CCC1(C(=O)NC(=O)NC1=O)C(C)(C)C,1.7412
OC(=O)C1=CC=CC=C1C2=C3C=CC(=O)C=C3OC4=C2C=CC(=C4)O,3.9686000000000017
CC1=NN=C(SCC2=C(N3C(SC2)C(NC(=O)C[N]4C=NN=N4)C3=O)C(O)=O)S1,-0.6360799999999995
CC(C)(C)NC(=O)C1N(CSC1(C)C)C(=O)C(O)C(CC2=CC=CC=C2)NC(=O)C3=CC=CC=C3,2.9834000000000005
N[S](=O)(=O)C1=NN=C(N[S](=O)(=O)C2=C(F)C(=C(F)C(=C2F)F)F)S1,0.6818
C[N]1N=NN=C1SCC2=C(N3C(SC2)C(NC(=O)C(O)C4=CC=CC=C4)C3=O)C(O)=O,-0.2256000000000007
CC1=C(C(O)=O)C2=CC(=CC=C2N=C1C3=CC=C(C=C3)C4=C(F)C=CC=C4)F,5.853620000000003
FC(F)(F)N=C1SC(=NC2=CC=CC=C2)N(C3=CC=CC=C3)C1=NC(F)(F)F,5.764100000000004
CC(C)(C)NC(=O)C1N(CSC1(C)C)C(=O)C(O)C(CC2=CC=CC=C2)NC(=O)CC3=CC=CC=C3,2.912300000000001
CC1=CC=C(C=C1)C(=O)NC(CC2=CC=CC=C2)C(O)C(=O)N3CSC(C)(C)C3C(=O)NC(C)(C)C,3.2918200000000013
NC1C2CN(CC12)C3=NC4=C(C=C3F)C(=O)C(=CN4C5=CC=C(F)C=C5F)C(O)=O,1.8945
CN1N=C(SC1=N[S](=O)(=O)C2=CC(=C(Cl)C=C2)[N+]([O-])=O)[S](N)(=O)=O,-0.0197999999999994
OCC1OC2OC3C(O)C(O)C(OC3CO)OC4C(O)C(O)C(OC4CO)OC5C(O)C(O)C(OC5CO)OC6C(O)C(O)C(OC6CO)OC7C(O)C(O)C(OC7CO)OC8C(O)C(O)C(OC8CO)OC1C(O)C2O,-15.23060000000003
N[S](=O)(=O)C1=CC=C(NC2=CC=NC(=N2)N[S](=O)(=O)CC3=CC=CC=C3)C=C1,1.8095
CC(=O)NC1=CC=C(C=O)C=C1,1.4574999999999998
N[S](=O)(=O)C1=NN=C(N[S](=O)(=O)C2=C(C=C(C=C2)[N+]([O-])=O)[N+]([O-])=O)S1,-0.1972999999999996
COC1=CC=C(C=C1)C(=O)NC(CC2=CC=CC=C2)C(O)C(=O)N3CSC(C)(C)C3C(=O)NC(C)(C)C,2.992000000000001
NCC(=O)NCC(=O)NC1=CC=C(C=C1)[S](=O)(=O)NC2=NN=C(S2)[S](N)(=O)=O,-2.0002999999999997
CC(C)(C)NC(=O)C1N(CSC1(C)C)C(=O)C(O)C(CC2=CC=CC=C2)NC(=O)C3=CC=C(C=C3)[N+]([O-])=O,2.8916000000000004
NC1=CC=C(C=C1)[S](=O)(=O)NC2=NC(=CS2)C3=CC=C(C=C3)C4=CC=CC=C4,4.860100000000003
N[S](=O)(=O)C1=CC=C(NC2=NC(=NC=C2)N[S](=O)(=O)C3=CC=C(Br)C=C3)C=C1,2.4309000000000003
CC1=CC=C(C=C1)[S](=O)(=O)NC(=O)NC2=NC(=CC=N2)NC3=CC=C(C=C3)[S](N)(=O)=O,1.6864199999999998
COC1=C(F)C=C(C=C1)C2=C(Cl)N=C[N]2C3=CC=C(C=C3)[S](=O)(=O)N[P](O)(O)=O,2.711400000000002
N[S](=O)(=O)C1=CC=C(NC2=CC=NC(=N2)N[S](=O)(=O)C3=CC(=CC=C3)C(F)(F)F)C=C1,2.6872000000000007
N[S](=O)(=O)C1=CC=C(NC2=CC=NC(=N2)NC(=O)N[S](=O)(=O)C3=CC=C(Cl)C=C3)C=C1,2.0314
COCCNC(=O)C(NC(=O)C(CC(O)C(CC1=CC=CC=C1)NC(=O)OC(C)(C)C)CC2=CC(=C(OC)C(=C2)OC)OC)C(C)C,3.661500000000004
N[S](=O)(=O)C1=CC=C(NC2=NC(=NC=C2)N[S](=O)(=O)C3=C(F)C(=C(F)C(=C3F)F)F)C=C1,2.363900000000001
CCCOC1=CC=C2C(C(C(C3=CC=C(OC)C=C3OCC(O)=O)C2=C1)C(O)=O)C4=CC5=C(OCO5)C=C4,4.654300000000003
CC(C)C1(NC(=O)C2CC3C(CC4=C[NH]C5=C4C3=CC=C5)N(C)C2)OC6(O)C7CCCN7C(=O)C(CC8=CC=CC=C8)N6C1=O,2.7172
COC1C(CC2CN3CCC4=C([NH]C5=C4C=CC(=C5)OC)C3CC2C1C(=O)OC)OC(=O)C6=CC(=C(OC)C(=C6)OC)OC,4.171100000000004
OC(CC(C1=CC=CC=C1)C2=C(O)C3=C(OC2=O)C=CC=C3)C4=CC=C(C=C4)C5=CC=C(Br)C=C5,7.183700000000007
CC(C)CCCC(C)C1CCC2C3CCC4CC(C)(CCC=C(C5=CC(=C(O)C(=C5)C(O)=O)Cl)C6=CC(=C(O)C(=C6)C(O)=O)Cl)CCC4(C)C3CCC12C,13.140499999999976
CC(C)CC(NC(=O)C(CC1=C[NH]C=N1)NC(=O)C(CC2=CC=CC=C2)NC(=O)OC(C)(C)C)C(O)CC(=O)NC(CC(C)C)C(=O)NCCCN(CCO)CCO,1.1787000000000047
CC(C)C1=C(Br)C(=C(C)C=C1C2(O[S](=O)(=O)C3=C2C=CC=C3)C4=CC(=C(O)C(=C4C(C)C)Br)C)O,7.497240000000009
CC(C)CC(NC(=O)C(CC1=C[NH]C=N1)NC(=O)C(CC2=CC=CC=C2)NC(=O)OC(C)(C)C)C(O)CC(=O)NC(CC(C)C)C(=O)NCC3=CC=[N+]([O-])C=C3,2.335600000000004
CC(C)CC(NC(=O)C(CC1=C[NH]C=N1)NC(=O)C(CC2=CC=CC=C2)NC(=O)OC(C)(C)C)C(O)CC(=O)NC(CC(C)C)C(=O)NCC3=CC=CC(=C3)CN,3.1609000000000043
CC(C)CC(NC(=O)C(CC1=C[NH]C=N1)NC(=O)C(CC2=CC=CC=C2)NC(=O)OC(C)(C)C)C(O)CC(=O)NC(CC(C)C)C(=O)NCC(N)C3=CC=CC=N3,2.597000000000004
OC(=O)C1=C(I)C(=C(I)C=C1I)NC(=O)CCCCC(=O)NC2=C(I)C=C(I)C(=C2I)C(O)=O,6.848200000000001
CC(C)CC(NC(=O)CC(O)C(CC1CCCCC1)NC(=O)C(CC2=C[NH]C=N2)NC(=O)C(CC3=CC=CC=C3)NC(=O)OC(C)(C)C)C(=O)NCC4=CC=CC(=C4)CN,4.085200000000007
CC(C)CC(NC(=O)C(CC1=C[NH]C=N1)NC(=O)C(CC2=CC=CC=C2)NC(=O)OC(C)(C)C)C(O)CC(=O)NC(CC(C)C)C(=O)NC(C(O)=O)C3=CC=CC=C3,3.327900000000004
CCC(C)C1NC(=O)C(CC2=CC=CC=C2)NC(=O)C3CCCN3C(=O)C(CC4=CC=CC=C4)N(C)C(=O)C5CCCCN5C(=O)C6CCCCN6C1=O,3.0813000000000037
CC(C)CC(NC(=O)C(CC1=C[NH]C=N1)NC(=O)C(CC2=CC=CC=C2)NC(=O)OC(C)(C)C)C(O)CC(=O)NC(CC(C)C)C(=O)NC(CC3=CC(=CC=C3)CN)C(O)=O,2.6566000000000054
CCC(C)C1NC(=O)C(CC2=CC=CC=C2)NC(=O)C3CCCN3C(=O)C(CC4=CC=CC=C4)N(C)C(=O)C(CCCN)NC(=O)C5CCC=NN5C1=O,1.519600000000007
CCC(C)C1NC(=O)C(CC2=CC3=C(C=CC=C3)C=C2)NC(=O)C4CCCN4C(=O)C(CC5=C[NH]C=N5)NC(=O)C6CCCCN6C(=O)C7CCCCN7C1=O,2.615400000000004
CCC(C)C1NC(=O)C(CC2=C[NH]C3=C2C=CC=C3)NC(=O)C4CCCN4C(=O)C(CC5=CC=CC=C5)N(C)C(=O)C6CNCCN6C(=O)C7CCCCN7C1=O,1.981900000000005
CCC(C)C1NC(=O)C(CC2=C[NH]C3=C2C=CC=C3)NC(=O)C4CCCN4C(=O)C(CC5=C[NH]C=N5)NC(=O)C6CCCCN6C(=O)C7CCC=NN7C1=O,1.539200000000005
CCC(C)C1NC(=O)C(CC2=CC=CC=C2)NC(=O)C3CCCN3C(=O)C(CC4=CC=CC=C4)N(C)C(=O)C5CCC=NN5C(=O)C6CCC=NN6C1=O,2.272700000000004
CCC1(C(=O)NC(=O)NC1=O)C2=CCCCCC2,1.6392999999999998
CCCOC(=O)C1=CC=C(O)C=C1,1.959
O=C1NC(=O)C2(CCCCCCCCCC2)C(=O)N1,2.2534
CN(C)C1=CC=C(C=C1)N=C=S,2.4869000000000003
CC12CCC3C(CCC4=CC(=O)CCC34)C1CCC2(O)C#C,3.4925000000000024
N#CC(=NNC1=CC=CC=C1)C#N,1.50166
CCCCCC(O)/C=C/C1C(O)CC(=O)C1CCCCCCC(O)=O,3.475100000000002
OC1=C(F)C(=C(F)C(=C1F)F)F,2.0877
CN(C)C=NC1=C(C)C=C(Cl)C=C1,2.8698200000000016
O=C1NC(=O)C2(CCCCCCCCCCC2)C(=O)N1,2.6435000000000004
CCCCCC(O)/C=C/C1C(O)CC(=O)C1C\C=C\CCCC(O)=O,3.251100000000002
OCC1OC(O)C(O)C(O)C1O,-3.2214000000000005
ClC1=C(Cl)C2(Cl)C3C4CC(C=C4)C3C1(Cl)C2(Cl)Cl,5.270200000000002
CC12CCC3C(CCC4=CC(=O)CCC34C)C1CCC2=O,4.087400000000003
CCC1=C(CCCC1)C2(CC)C(=O)NC(=O)NC2=O,2.0293999999999994
C1=NC2=C(N=C1)N=CN=C2,0.4197999999999998
CCNC(=S)NCC,0.4903
OC(=O)CNC(=O)C1=CC=CC=C1,0.5009999999999994
CN(C)C(=O)NC1=CC=C(Cl)C=C1,2.4335000000000004
OC(=O)C1=C(C=CC=C1)[N+]([O-])=O,1.293
C\C=C\C=C\C(O)=O,1.2033
OC(=O)C1=CC=C(C=C1)N=C=S,2.1191
OC(=O)C1=CC(=CC=C1)N=C=S,2.1191
CCNC1=NC(=NC(=N1)Cl)NCC,1.3885999999999998
NC(CO)C(O)=O,-1.6094000000000002
CCCCCOC(=O)CCCNC(=O)N[C]12C[CH]3[CH2]C([CH2][CH](C3)C1)C2,3.7680000000000025
OCC(O)C1OC(=O)C(=C1O)O,-1.4074
C1=CC=C(C=C1)C2=CC=CC=C2,3.353600000000002
CC(CCC(O)=O)C1CCC2C3C(O)CC4CC(O)CCC4(C)C3CCC12C,4.477900000000004
IC1=CC=C(C=C1)N=C=S,3.0255
CC(=O)C1CCC2C3CCC4=CC(=O)CCC4(C)C3CCC12C,4.723500000000005
NC(=O)N/N=C/C1=CC=C(O1)[N+]([O-])=O,0.1899999999999998
CC(C)NC1=NC(=NC(=N1)Cl)NC(C)C,2.1655999999999995
ClC(Cl)(Cl)C(NC=O)N1CCN(CC1)C(NC=O)C(Cl)(Cl)Cl,1.4885999999999997
CON(C)C(=O)NC1=CC=C(Cl)C=C1,2.365100000000001
CC(CCC(O)=O)C1CCC2C3C(O)CC4CC(O)CCC4(C)C3CC(O)C12C,3.4487000000000023
CC1=CC=C(C)C2=C1C=CC=C2C,3.7650600000000023
ClC(Cl)(Cl)C(Cl)(Cl)Cl,3.7268
NNC1=NN=CC2=C1C=CC=C2,0.9153999999999998
CC(=O)C1CCC2C3CCC4=CC(=O)CCC4(C)C3C(O)CC12C,3.694300000000003
ClCC#CCOC(=O)NC1=CC(=CC=C1)Cl,3.130700000000001
C[S](=O)(=O)OCCCCO[S](C)(=O)=O,-0.2809999999999997
OC(CCN1CCCC1)(C2CCCCC2)C3=CC=CC=C3,3.940400000000003
OC(=O)CCCC(O)=O,0.3259
CNC(=O)OC1=C2OC(C)(C)CC2=CC=C1,2.1183
OC(CCN1CCCCC1)(C2CCCCC2)C3=CC=CC=C3,4.330500000000004
ClC1=CC2=C(C=CC=C2)C=C1Cl,4.146600000000002
OCC1OC(OC2=CC=CC=C2CO)C(O)C(O)C1O,-1.6424000000000003
ClC1=CC=CC2=C1C=CC=C2Cl,4.146600000000002
OC(=O)CCC(O)=O,-0.0641999999999998
CC12CC(O)C3C(CCC4=CC(=O)CCC34C)C1CCC2C(=O)CO,2.666700000000002
CC(C)(S)C(N)C(O)=O,0.1066999999999998
OC(=O)COC1=C(Cl)C=C(Cl)C(=C1)Cl,3.1102000000000007
OC(=O)COC1=C(Cl)C(=C(Cl)C=C1)Cl,3.1102000000000007
CC12CCC3C(CCC4=CC(=CC=C34)O)C1CCC2O,3.609200000000002
CCC(C)C(=O)OC1CC(C)C=C2C=CC(C)C(CCC3CC(O)CC(=O)O3)C12,4.195500000000004
CC1=C(SCCO1)C(=O)NC2=CC=CC=C2,2.620000000000001
CN1C2CCC1CC(C2)OC(=O)C(CO)C3=CC=CC=C3,1.9309
CC(=O)N[S](=O)(=O)C1=CC=C(N)C=C1,0.0935999999999998
OC(=O)COC1=CC2=C(C=CC=C2)C=C1,2.3032000000000004
CC(C)NCC1CCC2=C(N1)C=C(C(=C2)CO)[N+]([O-])=O,1.8117999999999996
CC1CC2C3CCC(O)(C(=O)CO)C3(C)CC(O)C2C4(C)C=CC(=O)C=C14,1.8036
OC(=O)CCCCC(O)=O,0.7160000000000002
CC12CCC3C(CCC4=CC(=CC=C34)O)C1CCC2(O)C#C,3.612600000000002
CN1C2CC(CC1C3OC23)OC(=O)C(CO)C4=CC=CC=C4,0.9180999999999993
CCN(CC)CCNC(=O)C1=CC(=C(N)C=C1OC)Cl,2.0024
NC(CC1=CC=C(C=C1)N(CCCl)CCCl)C(O)=O,1.925
COC(=O)N[S](=O)(=O)C1=CC=C(N)C=C1,0.3134999999999998
CC(=O)OCC(=O)C1CCC2C3CCC4=CC(=O)CCC4(C)C3CCC12C,4.266700000000004
NC1=NC2=C(N=C[N]2COCCO)C(=O)N1,-1.3318000000000003
COC1=CC=C2C3CCC4(C)C(CCC4(O)C#C)C3CCC2=C1,3.915600000000003
CC12CCC(=O)C=C1CCC3C4CCC(O)(C(=O)CO)C4(C)CC(=O)C23,1.9898
NC1=NC(=C(C=C1)N=NC2=CC=CC=C2)N,2.6613999999999995
COC(=O)C[S](=O)(=O)C1=CC=C(Cl)C=C1,1.2867
OC1=C(C=C(C=C1[N+]([O-])=O)[N+]([O-])=O)[N+]([O-])=O,1.1168000000000005
CN1N(C2=CC=CC=C2)C(=O)C(=C1C)N,1.06662
CC12CC(O)C3(F)C(CCC4=CC(=O)C=CC34C)C1CC(O)C2(O)C(=O)CO,0.6204999999999998
OCC1CCC(O1)[N]2C=NC3=C2N=CNC3=O,-0.2105
CC1=CC(=NO1)C(=O)NNCC2=CC=CC=C2,1.41762
C1=CC2=C(C=C1)N=C3C=CC=CC3=N2,2.7830000000000004
O=C(NC1=CN=NS1)NC2=CC=CC=C2,2.1821
CC1=NC(=NC(=C1)C2CC2)NC3=CC=CC=C3,3.4060200000000016
CC(=O)OCC(=O)C1(O)CCC2C3CCC4=CC(=O)CCC4(C)C3C(O)CC12C,2.3524000000000003
CCOC(=O)C1=CN=C[N]1C(C)C2=CC=CC=C2,2.669100000000001
CC1N(C)CN2C(=O)C3=C(C=CC=C3)N=C12,1.3604000000000005
ClC1=CC=C(C=C1)C2=C(Cl)C=C(Cl)C=C2,5.313800000000001
CC(C)OC(=O)C[S](=O)(=O)C1=CC=C(Cl)C=C1,2.0653
CC1=CN(C2CC(N=[N+]=[N-])C(CO)O2)C(=O)NC1=O,-0.1962800000000001
CC(C)OC(=O)C1(CCC1)[S](=O)(=O)C2=CC=C(C)C=C2,2.643020000000001
OC1=CC=CC=C1,1.3922
NC(=O)C1=CC(=C(C=C1[N+]([O-])=O)[N+]([O-])=O)N2CC2,0.4219
COC(=O)C[S](=O)(=O)C1=CC=C(Br)C=C1,1.3958
N[S](=O)(=O)C1=CC2=C(SCCC2O)S1,0.9247000000000004
CN1N=C(SC1=NC(C)=O)[S](N)(=O)=O,-1.4237999999999995
ClC1=CC=C(Cl)C(=C1Cl)C2=CC=CC=C2,5.313800000000002
NC(CCC(N)=O)C(O)=O,-1.3361999999999998
CO[P](=S)(OC)OC1=CC=C(C=C1)[N+]([O-])=O,2.490900000000001
CC1=NC(=O)C(=C(NCC2=CN=CC=C2)N1)C#N,0.9570999999999998
CCOC1OC2=CC=C(O[S](C)(=O)=O)C=C2C1(C)C,2.0576
NC1=NC=NC2=C1N=C[N]2C3OC(CO)C(O)C3O,-1.9800000000000009
CC(C(O)=O)C1=CC=C(C(=C1)F)C2=CC=CC=C2,3.6808000000000014
CC1(C)OC2CC3C4CCC5=CC(=O)C=CC5(C)C4(F)C(O)CC3(C)C2(O1)C(=O)CO,2.4188000000000005
CCCSC1=CC2=C([NH]C(=N2)NC(=O)OC)C=C1,3.2433000000000005
CCCN1CN2C(=O)C3=C(C=CC=C3)N=C2C1C,2.1406
CCCCC(C[N]1C=NC=N1)(C#N)C2=CC=C(Cl)C=C2,3.583280000000002
CN1CCC23C4CCC(=O)C2OC5=C(O)C=CC(=C35)CC14,1.6303
N[S](=O)(=O)C1=CC2=C(SCCC2=O)S1,1.0740000000000005
N[S](=O)(=O)C1=CC2=C(S1)C(=O)CCS2,1.0740000000000005
NC1=C(C2=CC=CC=C2C=C1)[S](O)(=O)=O,1.6687
C[N]1C(=CC=C1C(=O)C2=CC=C(C)C=C2)CC(O)=O,2.19162
ClC1=CC(=C(C=C1)C2=CC=C(Cl)C=C2Cl)Cl,5.967200000000002
ClC1=CC(=C(C=C1)C2=CC(=CC=C2Cl)Cl)Cl,5.967200000000002
NC(CCCNC(N)=N)C(O)=O,-1.338429999999999
ClC1=CC(=C(Cl)C=C1)C2=CC(=CC=C2Cl)Cl,5.967200000000002
ClC1=CC(=C(Cl)C(=C1Cl)Cl)C2=CC=CC=C2,5.967200000000002
CCN(CC)C(=O)\C(=C/C1=CC(=C(O)C(=C1)[N+]([O-])=O)O)C#N,1.78138
[O-][N+](=O)C1=C(C=C(C(=O)NC2CC2)C(=C1)[N+]([O-])=O)N3CC3,1.2152
CC1=NC2=C(C=C(Cl)C=C2)[S](=O)(=O)N1,1.6818
CNC(=O)O\N=C(\C)SC,1.0388
OC1=C(Br)C(=C(Br)C(=C1Br)Br)Br,5.204700000000001
CC(C)(C)C(=O)OCC1OC(CC1O)N2C=C(I)C(=O)NC2=O,0.3789000000000001
[O-][N+](=O)OC1COC2C(COC12)O[N+]([O-])=O,-1.0622000000000005
CN1CCN=C(C2=CC=CC=C2)C3=C1C=CC(=C3)Cl,3.627200000000003
NC(=O)N1C2=C(C=CC=C2)C=CC3=C1C=CC=C3,3.3872000000000018
CCCN(CCC)C1=C(C=C(C=C1[N+]([O-])=O)C(F)(F)F)[N+]([O-])=O,4.148200000000004
CC(C)OC(=O)C1(CCCCCC1)[S](=O)(=O)C2=CC=C(Cl)C=C2,4.158300000000003
N[S](=O)(=O)C1=CC2=C(S1)[S](=O)CCC2O,-0.0597999999999995
CC(C)C(=O)OCC1OC(CC1O)N2C=C(I)C(=O)NC2=O,-0.0111999999999997
CCC(=O)N(C1CCN(CC1)CCC2=CC=CC=C2)C3=CC=CC=C3,4.136700000000003
COC(=O)C1CC1[S](=O)(=O)C2=CC=C(C=C2)[N+]([O-])=O,0.9300000000000002
CC12CCC3C(CCC4=CC(=O)CCC34C)C1CCC2OC(=O)CCC5=CC=CC=C5,6.062900000000006
C1=CC2=C(C=C1)C3=C4C(=CC=C3)C=CC=C24,4.487200000000003
CC12CCC3C(CCC4=CC(=O)CCC34C)C1CCC2OC(=O)CCCC5=CC=CC=C5,6.453000000000007
CCCCC(=O)OCC1OC(CC1O)N2C=C(I)C(=O)NC2=O,0.523
ClC1=CC=C(C=C1Cl)C2=CC(=C(Cl)C(=C2)Cl)Cl,6.6206000000000005
CC1(C)C(=O)NC(=O)NC1=O,-0.6214000000000002
CCN1CCCC1CNC(=O)C2=C(OC)C=CC(=C2)[S](N)(=O)=O,0.5567000000000012
ClC1=CC(=C(C=C1)C2=CC(=C(Cl)C(=C2)Cl)Cl)Cl,6.620600000000001
OC(=O)CC1=CC=CC=C1OC2=C(Cl)C=C(Cl)C=C2,4.4128000000000025
ClC1=NC=CC=C1N[S](=O)(=O)C2=CC=CC=C2,2.535800000000001
COC1=CC=C2N=CC=C(C(O)C3CC4CCN3CC4C=C)C2=C1,3.1732000000000014
ClC1=CC=CN=C1N[S](=O)(=O)C2=CC=CC=C2,2.5358
NC1=CC(=CC=C1)N,0.851
COC12C(COC(N)=O)C3=C(N1CC4NC24)C(=O)C(=C(N)C3=O)C,-1.6511999999999964
ClC1=CC2=C(OC3=C(O2)C=CC=C3)C=C1Cl,4.891400000000002
COC1=CC2=C(C=CN=C2C=C1)C(O)C3CN4CCC3C(C4)C=C,3.0307000000000013
ClC1=CC(=C(Cl)C=C1)C2=C(Cl)C(=C(Cl)C=C2)Cl,6.620600000000001
N[S](=O)(=O)C1=CC2=C(S1)[S](=O)(=O)CCC2,0.1154000000000003
CCOC1=CC2=C(C=C1)N=C(S2)[S](N)(=O)=O,1.3423999999999998
CC(C)(C)C1CCC(CC1)CC2=C(O)C(=O)C3=C(C=CC=C3)C2=O,5.120300000000005
CCC1=CC=C(N[S](=O)(=O)C2=CC=C(N)C=C2)C=C1,2.632000000000001
NC1=CC=C(C=C1)[S](=O)(=O)NC2=CC=C(Cl)C=C2,2.7230000000000008
COC1=CC=C(N[S](=O)(=O)C2=CC=C(N)C=C2)C=C1,2.0782
NC1=CC=C(C=C1)[S](=O)(=O)NC2=CC=C(C=C2)C#N,1.94128
CCC(=O)OC(CC1=CC=CC=C1)(C(C)CN(C)C)C2=CC=CC=C2,4.275500000000004
O=C1NC(=O)C(C(=O)N1)(C2=CC=CC=C2)C3=CC=CC=C3,1.3386999999999998
[O-][N+](=O)C1=CC=C(N[S](=O)(=O)C2=CC=CC=C2)C=C1,2.395600000000001
COC1=CC=C(N[S](=O)(=O)C2=CC=C(N)C=C2)N=N1,0.8681999999999999
O=C1NC(=O)C2(CC2)C(=O)N1,-0.8674000000000002
CC1=C(C(=O)NC2=CC=CC=C2)[S](=O)(=O)CCO1,1.3016
CC1=C(N[S](=O)(=O)C2=CC=C(N)C=C2)C=CC(=C1)Cl,3.0314200000000007
CC(=O)OCC(=O)C1(O)C(CC2C3CCC4=CC(=O)C=CC4(C)C3(F)C(O)CC12C)OC(C)=O,1.7620999999999996
ClC1=CC=CC(=C1Cl)N[S](=O)(=O)C2=CC=CC=C2,3.794200000000002
CC1=C(C=CC(=C1)N)[S](=O)(=O)NC2=CC=C(Cl)C=C2,3.0314200000000007
CC1=CC=CC=C1N2C(=NC3=C(C=CC=C3)C2=O)C,3.002540000000001
ClC1=CC=C(C2=CC(=C(Cl)C(=C2)Cl)Cl)C(=C1Cl)Cl,7.274
CC1=C(N[S](=O)(=O)C2=CC=C(N)C=C2)C=C(Cl)C=C1,3.0314200000000007
CC1=CC(=C(N[S](=O)(=O)C2=CC=C(N)C=C2)C=C1)Cl,3.0314200000000007
CCCCCCCCCCNC(=O)NC1CCCCC1,4.759000000000004
[O-][N+](=O)C1=CC=CC=C1N[S](=O)(=O)C2=CC=CC=C2,2.395600000000001
ClC1=C(Cl)C(=C(C=C1)C2=CC=C(Cl)C(=C2Cl)Cl)Cl,7.274000000000001
CC1=C(C=CC(=C1)N)[S](=O)(=O)NC2=C(Cl)C=CC=C2,3.0314200000000007
NCC(O)=O,-0.9703
ClC1=CC(=C(C(=C1)Cl)C2=C(Cl)C=C(Cl)C=C2Cl)Cl,7.274000000000001
CCCC(=O)OCN1C=NC2=C(C=N[N]2COC(=O)CCC)C1=O,1.1946
CC(C)(C)CC(=O)OCC(=O)C12OC(C)(C)OC1CC3C4CCC5=CC(=O)C=CC5(C)C4(F)C(O)CC23C,4.405900000000004
CCC1=CC=C(O)C=C1,1.9546
CCN1C=CC(=NC1=O)N[S](=O)(=O)C2=CC=C(N)C=C2,0.6461999999999999
CC1=CC=C(N[S](=O)(=O)C2=CC=C(C=C2)[N+]([O-])=O)N=C1,2.0990199999999994
CC1OC(CC(O)C1O)OC2C(O)CC(OC2C)OC3C(O)CC(OC3C)OC4CCC5(C)C(CCC6C5CCC7(C)C(CCC67O)C8=CC(=O)OC8)C4,3.247300000000002
NC1=CC=C(C=C1)[S](=O)(=O)NC2=CC=C(C=C2)[N+]([O-])=O,1.9778
CNC1=NC2=CC=C(Cl)C=C2C(=[N+]([O-])C1)C3=CC=CC=C3,2.950700000000001
NC1=CC=C(C(=C1)Cl)[S](=O)(=O)NC2=CC=C(Cl)C=C2,3.376400000000001
NC1=CC=C(C=C1)[S](=O)(=O)NC2=CC(=CC=C2Cl)Cl,3.376400000000001
NC1=CC=C(C=C1)[S](=O)(=O)NC2=CC=CC(=C2Cl)Cl,3.376400000000001
CCN1C=C(C(O)=O)C(=O)C2=C1C=C(N3CCN(C)CC3)C(=C2)F,1.6105000000000005
CC1=C(N=C2C=C(O)C(=O)C3=C2C=CC=C3)C(=NO1)C,3.050440000000001
CCCN(CCC)C1=C(C=C(C=C1[N+]([O-])=O)[S](N)(=O)=O)[N+]([O-])=O,1.7768000000000002
NC1=CC(=C(C=C1)[S](=O)(=O)NC2=CC=CC=C2Cl)Cl,3.376400000000001
COC1=C(N[S](=O)(=O)C2=CC=C(N)C=C2)C=CC=C1Cl,2.731600000000001
CN1CCN(CC1)C2=NC3=C(OC4=C2C=C(Cl)C=C4)C=CC=C3,3.7714000000000025
CC(=O)OCN1C(=O)NC(C1=O)(C2=CC=CC=C2)C3=CC=CC=C3,2.0025999999999997
NC1=CC=C(C=C1)[S](=O)(=O)NC2=CC=C(I)C=C2,2.674200000000001
CO[P](=S)(OC)SCN1N=NC2=CC=CC=C2C1=O,1.9995
COC(=O)NC1=NC2=CC(=CC=C2[NH]1)C(=O)C3=CC=CC=C3,2.972200000000001
CCC1=C(N=C2C=C(O)C(=O)C3=C2C=CC=C3)C(=NO1)C,3.304420000000001
ClC1=CC(=C(C=C1Cl)C2=C(Cl)C=C(Cl)C(=C2Cl)Cl)Cl,7.9274
CCOC1=CC=C(N[S](=O)(=O)C2=CC=C(C=C2)[N+]([O-])=O)C=C1,2.7943000000000007
CCC(=O)OCN1C(=O)NC(C1=O)(C2=CC=CC=C2)C3=CC=CC=C3,2.3927000000000005
CC1=C(C=CC(=C1)N)[S](=O)(=O)NC2=C(C=CC=C2)[N+]([O-])=O,2.28622
CC1=C2C=CC3=C(C=CC=C3)C2=C(C)C4=C1C=CC=C4,5.763040000000004
FC1=C(C(=CC=C1)F)C2=NN=C(N=N2)C3=C(Cl)C=CC=C3,3.5322000000000022
C1CN(CCN1C\C=C\C2=CC=CC=C2)C(C3=CC=CC=C3)C4=CC=CC=C4,5.107000000000005
CCCC1=C(N=C2C=C(O)C(=O)C3=C2C=CC=C3)C(=NO1)C,3.6945200000000025
NC1=CC=C(C=C1)[S](=O)(=O)NC2=C(Cl)C=C(Cl)C(=C2)Cl,4.029800000000001
N[S](=O)(=O)C1=CC2=C(C=C1Cl)N=CN[S]2(=O)=O,-0.0608999999999999
CN(C)CC\C=C/1C2=C(SC3=C1C=C(Cl)C=C3)C=CC=C2,5.188000000000005
CCCCC(=O)OCN1C(=O)NC(C1=O)(C2=CC=CC=C2)C3=CC=CC=C3,3.172900000000002
N[S](=O)(=O)C1=CC2=C(S1)C(=O)CC[S]2(=O)=O,-0.2443999999999997
N[S](=O)(=O)C1=CC2=C(S1)C(O)CC[S]2(=O)=O,-0.3936999999999999
CCCN1C(=O)CCC(N2C(=O)C3=C(C=CC=C3)C2=O)C1=O,1.2102
N[S](=O)(=O)C1=CC2=C(S1)[S](=O)(=O)CCC2=O,-0.2443999999999995
CC1(O)CC(C2=CC=CC=C2)C3=C(O1)C4=C(OC3=O)C=CC=C4,3.415900000000001
CC(=O)OCC1=C(N2C(SC1)C(NC(=O)CC3=CC=CS3)C2=O)C(O)=O,0.5922999999999998
CCC1OC(=O)C(C)C(OC2CC(C)(OC)C(O)C(C)O2)C(C)C(OC3OC(C)CC(C3O)N(C)C)C(C)(O)CC(C)C(=O)C(C)C(O)C1(C)O,1.785600000000004
CCCCCC1=C(N=C2C=C(O)C(=O)C3=C2C=CC=C3)C(=NO1)C,4.474720000000004
CCO/N=C(OC(=O)C1=CC=CC=C1)/C2=C(OC)C(=CC=C2OC)Cl,3.912300000000004
CC1COC2=C(N3CCN(C)CC3)C(=CC4=C2N1C=C(C(O)=O)C4=O)F,1.5440000000000005
CCN1C(=C(N=NC2=C(C=C(Cl)C=C2)[N+]([O-])=O)C(=C(C#N)C1=O)C)O,3.730900000000003
COC1=CC2=C(SC3=C(C=CC=C3)N2CC(C)CN(C)C)C=C1,4.495600000000004
CCOC=C,1.1664
CNc1cccc2C(=O)c3ccccc3C(=O)c12,2.5037000000000003
COc1cc(N)c2C(=O)c3ccccc3C(=O)c2c1N,1.635
CCN(CCO)c1ccc(cc1)N=Nc2ccc(cc2)[N+]([O-])=O,3.828800000000003
Cc1cc(ccc1N=Nc2ccc(cc2Cl)[N+]([O-])=O)N(CCO)CCO,3.763020000000004
[O-][N+](=O)c1cc(ccc1Nc2ccccc2)[S](=O)(=O)Nc3ccccc3,4.1392000000000015
OCCN(CCC#N)c1ccc(cc1)N=Nc2ccc(cc2Cl)[N+]([O-])=O,4.375980000000003
CC1=C(O)C(=O)C=CO1,0.6538199999999998
OCC(O)C1OC(=C(O)C1=O)O,-1.4074
CN1[C@@H]2CC(C[C@H]1C3OC23)OC(=O)[C@H](CO)c4ccccc4,0.9180999999999993
C[C@]12CC[C@@H](O)C[C@@H]1CC[C@@H]3[C@@H]2CC[C@@]4(C)[C@H]3CCC4=O,3.959100000000003
C[C@]12CC[C@H]3[C@@H](CC=C4C[C@@H](O)CC[C@]34C)[C@@H]1CCC2=O,3.879200000000002
CCO[S](C)(=O)=O,-0.0175
OC(=O)CC(S)C(O)=O,-0.1558999999999999
CCC(=O)c1ccc(N)cc1,1.8615
ClC=C,1.3687
FC=C,1.0994000000000002
FC(F)(F)C(F)(F)Cl,2.3803
FC(F)(F)C(F)(F)C(F)(F)F,2.7463
OC1CC(O)(CC(O)C1O)C(O)=O,-2.3214
CC(C)CBr,2.0373
CCC(C)C,2.0524
CC(C)[N+]([O-])=O,0.6715
Nc1ccc(cc1)[S](=O)(=O)c2ccc(NCCO)cc2,1.5058
CC(C)(O)C1CCC(C)(O)CC1,1.6985
CCC(C(CC)c1ccc(O)cc1)c2ccc(O)cc2,4.785200000000005
C/C=C(c1ccc(O)cc1)/C(=C/C)c2ccc(O)cc2,4.604600000000003
OC(=O)c1cccc(c1O)[N+]([O-])=O,0.9986
Nc1ccc2ccccc2c1N=Nc3ccccc3,4.837400000000002
CN1C2CCC1CC(C2)OC(=O)C(O)c3ccccc3,1.8884
OC1C(O)C(O)C(O)C(O)C1O,-3.834600000000001
[O-][N+](=O)c1cc(c(Cl)c(c1)[N+]([O-])=O)[N+]([O-])=O,2.064600000000001
OC(=O)c1cc(C(O)=O)c(cc1C(O)=O)C(O)=O,0.4794000000000001
ClCC(Br)CBr,2.3836000000000004
ClC(Cl)(Cl)c1ccccc1,3.513300000000002
OC(=O)/C=C/c1[nH]cnc1,0.5075
CCCOC(=O)CCC,1.7397
CCCC(C)C,2.442500000000001
NC(=S)NCC=C,0.0056
C=COC=C,1.29
NCCNCCNCCN,-1.916999999999998
NCCNCCNCCNCCN,-2.327399999999997
CC[S](=O)(=O)C(C)(C)[S](=O)(=O)CC,0.5919000000000003
FC1(F)C(F)(F)C(F)(F)C1(F)F,2.5412
COC1=CC=C2[C@H]3Cc4ccc(OC)c5O[C@@H]1[C@]2(CCN3C)c45,2.4245
COc1ccc(cc1[N+]([O-])=O)[N+]([O-])=O,1.5116
FC(Br)C(F)(F)F,2.2391999999999994
CC(=O)C1C(=O)C=C2Oc3c(C(C)=O)c(O)c(C)c(O)c3C2(C)C1=O,1.49982
CC(=O)[C@H]1CC[C@H]2[C@@H]3CC=C4C[C@@H](O)CC[C@]4(C)[C@H]3CC[C@]12C,4.515300000000004
Fc1ccccc1F,1.9648
CC1OC(O[C@H]2CC[C@]3(C)[C@H]4CC[C@]5(C)[C@H](CC[C@]5(O)[C@@H]4CCC3=C2)C6=COC(=O)C=C6)C(O)C(O)C1O,3.013800000000002
O=C1C=CC=C2[C@@H]3CNC[C@H](C3)CN12,0.5549999999999999
C\C(=C/C(O)=O)C(O)=O,0.1018999999999999
O[S](=O)(=O)C[S](O)(=O)=O,-1.2804999999999995
CC(C)(C)Cl,2.0237
Oc1cc(O)c(c(O)c1)C(=O)c2ccc(O)c(O)c2,1.4455999999999998
CC(=O)C1C(=O)OC(=CC1=O)C,0.2212999999999999
COC1=C(C#N)C(=O)N(C)C=C1,0.2655799999999999
OC[C@H](O)[C@@H](O)C(O)[C@H](O)[C@H](O)CO,-4.224499999999998
CC(=O)c1ccc(O[C@@H]2O[C@H](CO)[C@@H](O)[C@H](O)[C@H]2O)cc1,-0.9321000000000006
CC(C)(C)c1sc(N[S](=O)(=O)c2ccc(N)cc2)nn1,2.2186000000000003
CCc1cccnc1,1.644
CN1C2CCC1CC(C2)OC(=O)c3ccccc3,2.4686000000000003
CCOC(=O)NCC(C)C,1.3885
CCCCCOC(=O)CCC,2.5199000000000007
CC(=O)NCC(O)=O,-0.7929000000000002
COC(=O)C1=CO[C@@H](O[C@@H]2O[C@H](CO)[C@@H](O)[C@H](O)[C@H]2O)[C@@H]3[C@@H](C)CC(=O)[C@H]13,-1.942599999999998
OC(=O)c1cccc(C(O)=O)c1C(O)=O,0.7811999999999999
CCCOC(=O)CN1C=C(I)C(=O)C(=C1)I,2.0107
Brc1ccc(I)cc1,3.053700000000001
CC1=CCC(=O)O1,0.8371
CC(C)(C)C(C)(C)O,1.8034
CC(=O)O[C@@]1(CC[C@H]2[C@@H]3C=C(C)C4=CC(=O)CC[C@]4(C)[C@H]3CC[C@]12C)C(C)=O,4.575300000000004
CC(C)(C(O)=O)C(O)=O,0.1818
CC(C)(CC(O)=O)C(O)=O,0.5719
O=C1C=CNc2ccccc12,1.5281
Ic1ccccc1I,2.8958000000000004
CC[NH+](C)CC,-0.4591
CCCC(C)Cl,2.4138
CCCCCCCC(C)O,2.727700000000002
OC(=O)c1ccnc(C(O)=O)c1C(O)=O,0.1762
Clc1ccccc1Br,3.1025
OC(=O)CC(Br)C(O)=O,0.3092
[O-][N+](=O)c1ccc(Nc2ccccc2)c(c1)[N+]([O-])=O,3.2466000000000017
CCOc1ccc(N[S](=O)(=O)c2ccc(N)cc2)nn1,1.2582999999999998
CC12CCC3C(CCC4CC5SC5CC34C)C1CCC2O,4.483900000000005
C#CCCCC#C,1.4231
CC(C)CCCCCCO,2.5852000000000017
OC(=O)C1(O)c2ccccc2c3ccc(Cl)cc13,2.640900000000001
CC(=C)[C@@H]1[C@H]2OC(=O)[C@@H]1[C@]3(O)[C@H]4O[C@H]4[C@]5(CO5)[C@]3(C)[C@@H]2O,-0.6178000000000003
CCCCCCCC#C,2.980100000000002
CC(=C)C1(O)[C@H]2OC(=O)[C@@H]1[C@]3(O)[C@H]4O[C@H]4[C@]5(CO5)[C@]3(C)[C@@H]2O,-1.5028999999999997
CCCCCC(O)CCC,2.7277000000000013
CC(C)=C[C@@H]1[C@@H](C(=O)OCN2C(=O)C3=C(CCCC3)C2=O)C1(C)C,2.964900000000002
C[C@H]([C@H](C)C([O-])=O)C([O-])=O,-2.241599999999999
COC(=O)Nc1cccc(OC(=O)Nc2cccc(C)c2)c1,3.784220000000002
CCCC(CC)(CC)CO,2.5852000000000017
CN1CC[C@]23[C@H]4Oc5c(OCc6ccccc6)ccc(C[C@@H]1[C@@H]2C=C[C@@H]4O)c35,3.0715000000000017
OCC(O)[C@H]1OC2O[C@@H](O[C@@H]2[C@H]1O)C(Cl)(Cl)Cl,-0.4628999999999993
CC(C)OC(=O)C(O)(c1ccc(Br)cc1)c2ccc(Br)cc2,4.3991000000000025
CCCCOCN(C(=O)CCl)c1c(CC)cccc1CC,4.157400000000004
CCNc1nc(NC(C)CC)nc(OC)n1,1.5223999999999998
CC(Cl)=CCl,2.3253000000000004
OC(=O)c1cccc(Cl)c1C(O)=O,1.7364000000000002
CNC(=O)N(C)c1sc(nn1)C(C)(C)C,1.6112
CCO[P](=S)(NC(C)CC)Oc1cc(C)ccc1[N+]([O-])=O,3.931120000000004
CC\1=C(CC(O)=O)c2cc(F)ccc2C1=C\c3ccc(cc3)[S](C)=O,4.365500000000004
COC(=O)[C@@H]1C2CC(C=C2)[C@@H]1C(=O)OC,0.7706999999999999
CCOC(=O)\C=C(C)\C=C\CC(C)CCCC(C)C,4.904500000000005
CC(C)OC(=O)[C@H](C)N(C(=O)c1ccccc1)c2ccc(F)c(Cl)c2,4.466000000000005
Nc1nc(N)nc(NC2CC2)n1,-0.3897000000000006
CCO[P](=S)(OCC)O\N=C(C#N)\c1ccccc1,3.2283800000000014
CSC1=NN=C(C(=O)N1N)C(C)(C)C,0.3714999999999997
CCO[P](=O)(OCC)SCN1N=Nc2ccccc2C1=O,2.6633000000000004
COC(=O)C(C)Oc1ccc(Oc2ccc(Cl)cc2Cl)cc1,4.726000000000004
CC1(C)[C@@H](C=C(Cl)Cl)[C@H]1C(=O)OCc2cccc(Oc3ccccc3)c2,6.113300000000004
COC(=O)c1ccccc1[S](=O)(=O)NC(=O)Nc2nc(C)nc(OC)n2,0.4856199999999998
FC(F)(F)c1ccccc1,2.705400000000001
Oc1ccc(cc1[N+]([O-])=O)C(F)(F)F,2.3192000000000004
OC(=O)C(Cl)(Cl)Cl,1.4412
BrC=C,1.5248
CCCCCCCCCCCCN1CCCC1=O,4.529700000000004
CCCCCCCCCCCCN1CC(CC1=O)C(O)=O,3.8404000000000025
CN1CC(CC1=O)C(O)=O,-0.4506999999999999
COC(=O)C1CN(C)C(=O)C1,-0.3623
CCCCCCN1CC(CC1=O)C(=O)OC,1.5882
CCc1ccccn1,1.644
Cc1cccc(C)n1,1.69844
CCCCC,2.1965000000000003
CCCCCCCC,3.3668000000000022
BrCCBr,1.7762
c1cc(O)c2C(=O)C3=C(O)C4(O)C(=O)C(C(=O)N)=C(O)C(N(C)C)C4CC3C(O)c2c1Cl,0.2649000000000002
c1ccc2Sc3ccc(C(#N))cc3N(CCCN4CCC(O)CC4)c2c1,4.007780000000002
C1C(OC(=O)C)CC2=CCC3C4CCC(=O)C4(C)CCC3C2(C)C1,4.450000000000004
CC(=O)OCC(=O)C3(O)CCC4C2CCC1=CC(=O)CCC1(C)C2C(=O)CC34C,2.560600000000001
C1C(O)CC2=CCC3C4CCC(C(=O)C)C4(C)CCC3C2(C)C1,4.515300000000004
O=C(N)C(=C(O)C(N(C)C)C(C1(O)C(O)=C(C2C(O)(c(c3c(O)cc4)c4Cl)C)C3=O)C2)C1=O,0.4390000000000013
CC3C2C(O)C1C(N(C)C)C(=C(C(N)=O)C(=O)C1(O)C(=C2C(=O)c4c(O)cccc34)O)O,-0.3475999999999986
O=C(OC(C(C(C(C(C(C(=CC(=O)C1)C2)(C1)C)C3)C2)C4)(C3)C)C4)CC,4.840100000000005
ClC(Cl)(Cl)C,2.3765
O=C1C=C2C(Cl)=CC3C4CCC(C(=O)C)(OC(=O)C)C4(C)CCC3C2(C)C=C1,4.527700000000004
CC(=O)OCCN4CCN(CCCN2c1ccccc1Sc3ccc(Cl)cc23)CC4,4.513500000000004
c12C(=O)C3=C(O)C4(O)C(=O)C=C(O)C(N(C)C)C4CC3C(O)(C)c1cccc2,1.2244999999999997
C1C(=O)C=C2CCC3C4CCC(O)(C(=O)COC(=O)CC(C)(C)C)C4(C)CC(O)C3C2(C)C1,3.7687000000000026
O1C(C)C(O)C(N)C(O)C1OC2C=CC=CC=CC=CCC(C)OC(=O)C=CC(O3)C3CC(O)CC4(O)OC(C(C(=O)O)C(O)C4)C2,0.1197000000000034
ClC(Cl)CCl,2.0289
CC(C)CC(C)C,2.688500000000001
CCCC=C,1.9725
C1CC=CCC1,2.1166
C=CCC=C,1.7485
CCCCCCC#C,2.5900000000000007
c1c(C)cc(C)cc1C,2.611860000000001
c(c(ccc1)CC2)(c1)C2,2.1753
c1ccccc1CC(C)C,2.8851000000000013
ClC(Cl)(Cl)CCl,2.5954000000000006
c1ccccc1CCCCCC,3.809400000000003
c1ccccc1CCc2ccccc2,3.4718000000000018
c1ccc2ccccc2c1CC,3.4022000000000023
c1c(C)cc2ccccc2c1C,3.456640000000002
c(c(ccc1)cc(c2ccc3)c3)(c1)c2,3.993000000000002
Cc2c1ccccc1c(C)c3ccccc23,4.609840000000004
c(c(cc(c1ccc2)c2)cc(c3ccc4)c4)(c1)c3,5.146200000000003
c1ccc2ccc3c4ccccc4ccc3c2c1,5.146200000000003
c1ccc2ccc3nccnc3c2c1,2.7830000000000013
Nc3cc2c1ccccc1ccc2c4ccccc34,4.728400000000002
c(c(ccc1C)cc(c2ccc3cccc4)c34)(c1CC5)c25,5.553220000000004
BrCBr,1.7337
ClC(Cl)(Cl)Cl,2.5529
ClCCCl,1.464
CCCCl,1.6352
CC(I)C,1.8298
BrCC(Br)C,2.1647
BrCCCC,2.1814
ClC(Cl)(F)C(F)(F)Cl,2.9189
BrCCC(C)C,2.4274000000000004
CCCCCCCCBr,3.741800000000003
CCCCCCCBr,3.351700000000002
c1ccccc1Br,2.4491000000000005
c1cccc(Cl)c1Br,3.102500000000001
c1cc(Br)cc(Br)c1Br,3.9741
c1ccc(F)cc1F,1.9648
c1ccccc1c2ccc(Cl)cc2,4.007000000000002
c1cccc(Cl)c1c2c(Cl)ccc(Cl)c2,5.313800000000002
c1cc(Cl)c(Cl)cc1c2c(Cl)cccc2,5.313800000000002
c1ccccc1c2c(Cl)c(Cl)c(Cl)c(Cl)c2,5.967200000000001
c1c(Cl)ccc(Cl)c1c2c(Cl)cccc2Cl,5.967200000000002
c1c(Cl)ccc(Cl)c1c2c(Cl)c(Cl)c(Cl)cc2,6.620600000000001
Clc1c(Cl)c(Cl)c(Cl)c(Cl)c1c2ccccc2,6.620600000000001
CC(Cl)C,1.6336000000000002
c1c(Cl)ccc(Cl)c1c2c(Cl)c(Cl)c(Cl)c(Cl)c2,7.274000000000001
c1cc(Cl)c(Cl)c(Cl)c1c2c(Cl)c(Cl)c(Cl)cc2,7.274000000000001
Clc1c(Cl)cc(Cl)c(Cl)c1c2c(Cl)c(Cl)cc(Cl)c2Cl,8.580799999999998
c(c(ccc1Br)ccc2)(c2)c1,3.6023000000000023
CCCC(O)C,1.1673
OCC(C)(C)C,1.0248
CC(C)C(C)CO,1.2708
CC(C)CCCO,1.4149
OC(C(C)(C)C)C,1.4133
CCCBr,1.7913
OC(CCCCC)C,1.9475
OCC(C)CC(C)C,1.6609
CC(C)C(O)(C)CC,1.8034
CC(O)(C)C(C)(C)C,1.8034
CCC(C)(O)CCCC,2.3376
OCCCCCCCCCC,3.119400000000001
OCc(ccc(c1)C)c1,1.48732
Oc(c(O)ccc1)c1,1.0978
Oc(c(ccc1C)C(C)C)c1,2.824020000000001
Oc(ccc(c1ccc2)c2)c1,2.5454
CCCC=O,0.9854
O=CCCCCCCCC,2.935900000000001
O=CC(OC=C1)=C1,1.0921
O=C(CCCC1)C1,1.5196
C1(=O)C=CC(=O)C=C1,0.2505999999999999
O=C(c(cccc1)c1)c(cccc2)c2,2.917600000000001
O=C(O)CCC(=O)O,-0.0642
CCCCCCCCCC(=O)O,3.2117000000000013
C1CCCCCC1,2.730700000000001
CCCI,1.8314
O=C(O)c(cccc1C)c1,1.69322
O=C(O)C=Cc(cccc1)c1,1.7844
O=C(O)Cc(c(c(ccc1)cc2)c1)c2,2.4669000000000008
O=C(O)C(c(cccc1)c1)c(cccc2)c2,2.903100000000001
O=COCC,0.1793
O=C(OCC)CC,0.9595
O=C(OCC)CCC,1.3496
O=C(OCCC)CCC,1.7397
ClCCCCl,1.8541
O=C(OCC)CCCCCCCC,3.3001000000000023
O=C(OC)c(cccc1)c1,1.4732
O=C(OCCCC)c(c(ccc1)C(=O)OCCCC)c1,3.600400000000003
CCOCC,1.0428000000000002
CCCOC(C)C,1.8214
c1ccccc1OC,1.6952
CCCCOCCO,0.7953999999999999
O=C1C=C2CCC3C4CCC(O)(C(=O)COC(=O)C)C4(C)CC(O)C3C2(C)C=C1,2.1284
C1C(=O)C=C2CCC3C4CCC(C(=O)CO)C4(C)CCC3C2(C)C1,3.695900000000002
CC12CC(O)C3(F)C(CCC4=CC(=O)CCC43C)C2CCC1(O)C(=O)CO,1.8737
O=C(O)c(c(O)ccc1)c1,1.0903999999999998
Oc(c(ccc1)Cl)c1,2.0456
O=C(O)c(ccc(c1)Cl)c1,2.0382
ClC4=C(Cl)C5(Cl)C3C1CC(C2OC12)C3C4(Cl)C5(Cl)Cl,4.481400000000002
CCCCCCN,1.5254
BrCCCCl,2.0102
CCCCCCCCN,2.3056
c1ccccc1NC,1.7283
c1c(C)ccc(C)n1,1.69844
O=C(O)c(cccn1)c1,0.7797999999999999
n1c(C)nc(N)cc1C,0.67564
c1c(O)cc2cccnc2c1,1.9404
O=C(OC(CC(N(C1C2)C)C2)C1)C(c(cccc3)c3)CO,1.9309
NS(=O)(=O)c2cc(C(O)=O)c(NCc1ccco1)cc2Cl,1.8907
OCCN4CCN(CCCN2c1ccccc1Sc3ccc(Cl)cc23)CC4,3.942700000000003
CN1CCC=C(C(=O)OC)C1,0.4213
C(C)(C)C1(CC)C(=O)NC(=O)NC1(=O),0.4047999999999999
COc2ccc(NS(=O)(=O)c1ccc(N)cc1)nn2,0.8681999999999999
N(C(=S)SSC(N(CC)CC)=S)(CC)CC,3.621200000000002
BrCC(Br)CCl,2.3836000000000004
COC1=CC(=O)CC(C)C13Oc2c(Cl)c(OC)cc(OC)c2C3=O,2.8103000000000007
c1cc(N)ccc1S(=O)(=O)Nc2nnc(C)s2,1.22952
O=C(N(c(c(C1(C(N(C2)CC(C3C4C5OC6)=C6)C3)C2)cc(OC)c7OC)c7)C14)C5,2.1097
Nc1ccc(cc1)S(=O)(=O)Nc2ccnn2c3ccccc3,2.2553
Cc1cc(NS(=O)(=O)c2ccc(N)cc2)no1,1.3660199999999998
c1ccccc1NC(=O)C2=C(C)OCCS2(=O)=O,1.3016
O=C(c(cccc1C(C(=O)O)C)c1)c(cccc2)c2,3.105700000000001
CN1C(=O)N(C)c2ncn(C)c2C1(=O),-1.029300000000001
CC1CC(C)C(=O)C(C1)C(O)CC2CC(=O)NC(=O)C2,1.0415
ClCC(Cl)CCl,2.0714
N(CCNC1)C1,-0.8208000000000002
O=C(NCC1=O)N1,-1.1742
O=C1CCCN1C,0.2386
c1cccc(N)c1O,0.9744
O=C(OCC)N,0.1016000000000001
O=C(Oc(c(c(ccc1)cc2)c1)c2)NC,2.558
O=C(N)C=C,-0.3423
O=C(Nc(ccc(O)c1)c1)C,1.3505999999999998
CC(C)N(=O)=O,0.6715
O=N(=O)c(c(c(ccc1)cc2)c1)c2,2.748
O=C(O)c(ccc(N(=O)=O)c1)c1,1.293
N#Cc(c(c(c(c1C#N)Cl)Cl)Cl)c1Cl,4.043559999999999
CN1C=C(c2ccccc2)C(=O)C(c3cc(C(F)(F)F)ccc3)=C1,4.738100000000003
CCC(=O)Nc1ccc(Cl)c(Cl)c1,3.3419000000000016
CCc1cccc(CC)c1N(COC)C(=O)CCl,2.9871000000000016
NC(=S)N,-0.8113000000000001
CC(Cl)CC,2.0237
COP(=S)(OC)Oc1ccc(SC)c(C)c1,3.6130200000000015
COP(=S)(OC)Oc1ccc(N(=O)=O)c(C)c1,2.7993200000000007
C1C(O)CC2C(O)C(O)C3C4CCC(C(C)CCC(=O)O)C4(C)CCC3C2(C)C1,3.4487000000000023
O=C(Nc(ccc(c1)Cl)c1)C,2.2984
O=C(Nc(ccc(c1)N(=O)=O)c1)C,1.5532
ICCCC,2.2215
O=C3CN=C(c1ccccc1)c2cc(ccc2N3)N(=O)=O,2.3843
Oc(c(cc(c1)Cl)Cc(c(O)ccc2Cl)c2)c1,3.995400000000001
Nc1c(Cl)c(Cl)nc(C(O)=O)c1Cl,2.3222
O=C(O)C(N)Cc(ccc(O)c1)c1,0.3465999999999995
CC(C)N(C(C)C)C(=O)SCC(Cl)=CCl,4.277400000000004
O=C(OCCCC)c(ccc(O)c1)c1,2.349100000000001
O=C(OCCC)c(cc(O)c(O)c1O)c1,1.3702
c(c(cccc1)c1)(ccc(c(cccc2)c2)c3)c3,5.020600000000004
O=C(Nc(c(ccc1)Cl)c1)C,2.2984
C1CCCCCCC1,3.120800000000002
CC(C)CCl,1.8812
N(C(CCC1)CC)C1,1.5385
O(c(ccc(c1)CC=C)c1)C,2.4237
O=C(NC(=S)S1)C1,0.1342999999999999
N1C(=O)N=C(N)C=C1,-0.6479000000000004
O=C(O)C(N)CC(=O)N,-1.7262999999999993
CCS(=O)(=O)CC,0.441
n1ccc(O)cc1,0.7871999999999999
N1C(=O)NC(=O)C=C1C,-0.6283800000000004
CC(C)CBr,2.0373
c1cnc2c(S)ncnc2n1,0.7084999999999999
N(C(=S)SSC(N(C)C)=S)(C)C,2.0608
N1C(C)CNC(C)C1,-0.0438
O=C(O)c(cccc1I)c1,1.9894
c1cnc2c(OC)ncnc2n1,0.4283999999999998
N1C(=S)NC(=O)C=C1CCC,1.38499
Clc1c(Cl)c(Cl)c2nccnc2c1Cl,4.2434
O=C(O)COc(c(cc(c1)Cl)Cl)c1,2.4568000000000003
ClC(Cl)CCC,2.5902000000000003
O=C(OC)c(c(O)ccc1)c1,1.1787999999999998
O=C(O)c(c(NC)ccc1)c1,1.4265
c1ccccc1OCC,2.0853
CC(C)CC(=O)CC(=O)C,1.5807
OC(=O)CN1C(=O)Sc2cccc(Cl)c12,1.8010000000000004
OC(=O)C(Oc1cc(Cl)ccc1)C,2.1919000000000004
O=C(OC)c(ccc(OC)c1)c1,1.4818
CCOc1ccc(NC(N)=O)cc1,1.5759
CCCCCCl,2.415400000000001
O=C(O)CCCCCCCC,2.821600000000001
c1ccccc1N2C(=O)C(Cl)=C(N)C=N2,1.4680999999999995
O=S(=O)(Nc(nccc1)n1)c(ccc(N)c2)c2,0.8596000000000001
Oc1cc2CCCCc2cc1,2.271
Oc(c(ccc1C(C)C)C)c1,2.824020000000001
O=C(C(CCC1C)C(C)C)C1,2.6477000000000013
n(c(c(c(c1)C)ccc2)c2)c1C,2.851640000000001
CCN(CC)c1c(cc(c(N)c1N(=O)=O)C(F)(F)F)N(=O)=O,2.9502000000000006
CC(Cl)CCC,2.4138
C1=CC(C2)C(C(=O)OC)C(C(=O)OC)C12,0.7706999999999999
c1ccccc1S(=O)(=O)NC(=O)NCCCC,1.4746
CCCCc1c(C)nc(NCC)nc1O,2.2650200000000003
c1ccc2C(=O)C(Cl)=C(NC(=O)C(Cl)Cl)C(=O)c2c1,2.4359
O=C1C=CC(c2cc(ccc2O)O)(C=C1)O,0.9804999999999996
Oc(c(ccc1O)CCCCCC)c1,3.220600000000001
Ic1ccccc1C(=O)Nc2ccccc2,3.5435000000000008
CCCCN(CC)c1c(cc(cc1N(=O)=O)C(F)(F)F)N(=O)=O,4.148200000000004
Clc1ccc(cc1)C(c2ccccc2Cl)C(Cl)(Cl)Cl,6.495500000000002
CCC(Cl)CC,2.4138
O=C(O)c(c(c(c(ccc1)C(=O)O)c1)ccc2)c2,2.750000000000001
c1ccccc1C(=O)Oc2ccccc2,2.905800000000001
O=C(C(C(=O)c(c1ccc2)c2)C1=O)C(C)(C)C,2.2970000000000006
CN(C)CCN(Cc1cccs1)c2ccccn2,2.7113000000000005
NS(=O)(=O)c3cc2c(NC(Cc1ccccc1)NS2(=O)=O)cc3C(F)(F)F,1.6254
CCc1cccc(C)c1N(C(C)COC)C(=O)CCl,3.1641200000000014
O=C1C=C2CC3(O)COc4c(O)c(O)ccc4C3=C2C=C1O,1.3295999999999997
n(cc(C(O)(c(ccc(c1)Cl)c1)c(c(ccc2)Cl)c2)cn3)c3,4.067600000000002
N1CCN=C1CN(c2ccccc2)Cc3ccccc3,2.6949000000000005
c1cc(O)ccc1C(C=C)C(C=C)c2ccc(O)cc2,4.337200000000004
c12ccccc1nccc2C(O)C3N(C4)CCC(C4CC)C3,3.388600000000002
C1(S5)C5CC2CCC3C4CCC(O)C4(C)CCC3C2(C)C1,4.483900000000005
CN4CCN(CCCN2c1ccccc1Sc3ccc(Cl)cc23)CC4,4.580200000000004
C1C(=O)C=C2CCC3C4CCC(O)(C#C)C4(C)CCC3C2(C)C1,3.8826000000000023
c1ccc2OC(=O)C(C(C(=O)OCC)C3=C(O)c4ccccc4OC3=O)=C(O)c2c1,3.005600000000001
NCCC(O)C(=O)NC2CC(N)C(OC1OC(CN)C(O)C(O)C1O)C(O)C2OC3OC(CO)C(O)C(N)C3O,-8.424200000000015
CC(C)(Cl)C(Cl)C,2.631100000000001
c1c(Cl)ccc(OC)c1C(=O)NCCc2ccc(S(=O)(=O)NC(=O)NC3CCCCC3)cc2,3.641700000000002
C1C(O)CC2=CCC3C4CC5OC6(OCC(C)CC6)C(C)C5C4(C)CCC3C2(C)C1,5.713900000000006
Clc1ccc(Cl)c(c1)c2cc(Cl)c(Cl)cc2Cl,6.620600000000001
O=C(OCC)c(ccc(N)c1)c1,1.4455
O=C(Oc(c(ccc1)C(=O)O)c1)C,1.3100999999999998
c1ccccc1N2C(=O)C=C(C)N2C,1.48442
n(c(nc(n1)NC(C)C)NCC)c1Cl,1.7770999999999997
CCC1(C(=O)NC(=O)NC1=O)c2ccccc2,0.7003999999999997
O=C(N(C)C)Nc(ccc(c1Cl)Cl)c1,3.0869000000000018
O=C(N(N=CC(OC(N(=O)=O)=C1)=C1)CC2=O)N2,0.0734999999999999
CCCCCCCl,2.805500000000001
O=C1NC(=O)C(N1)(c2ccccc2)c3ccccc3,1.7695999999999998
O=C(N(c(c(cc(c1)Cl)C(=N2)c(cccc3)c3)c1)C)C2,3.1538000000000013
C1C(=O)C=C2CCC3C4CCC(O)C4(C)CCC3C2(C)C1,3.879200000000004
C(C(C(C(C1Cl)Cl)Cl)Cl)(C1Cl)Cl,3.644400000000001
CCOP(=S)(OCC)Oc1ccc(cc1)N(=O)=O,3.2711000000000023
O(P(OCC)(Oc(nc(nc1C)C(C)C)c1)=S)CC,3.5847200000000026
O=C(OC(c1cccc2)(c(ccc(O)c3)c3)c(ccc(O)c4)c4)c12,3.560100000000001
CCOC(=O)CC(SP(=S)(OC)OC)C(=O)OCC,2.1218000000000004
CCOP(=S)(OCC)Oc1nc(Cl)c(Cl)cc1Cl,4.718100000000002
CCCCCC(O)C=CC1C(O)CC(=O)C1CC=CCCCC(=O)O,3.251100000000002
c(ccc(c1)Cl)(c1)C(c(ccc(c2)Cl)c2)C(Cl)(Cl)Cl,6.495500000000002
ClC1CC2C(C1Cl)C3(Cl)C(=C(Cl)C2(Cl)C3(Cl)Cl)Cl,5.682800000000001
CCC=CC,1.9725
CCCCCCBr,2.9616000000000016
C1CCCCC1Br,2.7140000000000013
FC(F)(F)C(Cl)Br,2.5085
FC(F)(C(F)(F)Cl)Cl,2.6496
C(C(C(C(C1Cl)Cl)Cl)Cl)(C1Cl)Cl,3.644400000000001
CCCCCCCCl,3.1956000000000016
CCCCCCCI,3.3918000000000026
ClC(Cl)=C,1.9352
ClC=CCl,1.9352
C1CC=CC1,1.7265
ClC=C(Cl)Cl,2.5017000000000005
ClC(Cl)=C(Cl)Cl,3.0682
C=CCCl,1.4112
ClC2C1OC1C3C2C4(Cl)C(=C(Cl)C3(Cl)C4(Cl)Cl)Cl,4.452700000000001
ClC3=C(Cl)C4(Cl)C2C1CC(C=C1)C2C3(Cl)C4(Cl)Cl,5.270200000000002
ClC4=C(Cl)C5(Cl)C3C1CC(C2OC12)C3C4(Cl)C5(Cl)Cl,4.481400000000002
C(=C(C(=C1Cl)Cl)Cl)(C1(Cl)Cl)Cl,4.5523
ClC(=C(C=C(Cl)Cl)Cl)Cl,4.1909
c1ccccc1F,1.8257
CCCCC=C,2.3626000000000005
c1ccccc1Cl,2.34
c1cc(Cl)ccc1Cl,2.9934000000000003
c1cccc(Cl)c1Cl,2.993400000000001
c1ccc(Cl)cc1Cl,2.9934000000000003
c1ccc(Cl)cc1Br,3.1025
c1cc(Br)ccc1Br,3.2116000000000007
c1cccc(Br)c1Br,3.2116000000000007
c1cc(Cl)cc(Cl)c1Cl,3.6468000000000007
CC(C)CC=C,2.2185
c1ccc(Cl)c(Cl)c1Cl,3.6468000000000007
c1c(Cl)cc(Cl)cc1Cl,3.6468000000000007
c1ccc(Br)c(Br)c1Br,3.974100000000001
c1c(F)cc(F)c(F)c1F,2.2430000000000003
c1c(F)c(F)cc(F)c1F,2.2430000000000003
c1ccccc1I,2.291200000000001
c1cc(Br)ccc1C,2.7575200000000013
CCCCC=CC,2.752700000000001
c1ccc(Br)cc1C,2.7575200000000013
c1cccc(Cl)c1C,2.6484200000000007
c1ccccc1CCl,2.4254000000000007
c1cc(Cl)ccc1C,2.6484200000000007
c1ccccc1c2c(Cl)cccc2,4.007000000000002
c1ccccc1c2cc(Cl)ccc2,4.007000000000002
c1cc(Cl)ccc1c2ccc(Cl)cc2,4.660400000000002
c1cccc(Cl)c1c2c(Cl)cccc2,4.660400000000003
c1ccc(Cl)cc1c2cc(Cl)ccc2,4.660400000000002
C1CC=C(C)CC1,2.5067000000000004
c1ccccc1c2cc(Cl)c(Cl)cc2,4.660400000000002
c1ccccc1c2c(Cl)cccc2Cl,4.660400000000002
c1cc(Cl)ccc1c2c(Cl)ccc(Cl)c2,5.313800000000001
c1ccccc1c2c(Cl)cc(Cl)cc2Cl,5.313800000000001
c1ccc(Cl)cc1c2c(Cl)ccc(Cl)c2,5.313800000000001
c1cc(Cl)ccc1c2c(Cl)cc(Cl)cc2,5.313800000000001
CCCCCCC=C,3.142800000000002
c1ccc(Cl)c(Cl)c1c2c(Cl)c(Cl)ccc2,5.967200000000002
c1cc(Cl)c(Cl)cc1c2c(Cl)cc(Cl)cc2,5.967200000000002
c1ccc(Cl)c(Cl)c1c2c(Cl)ccc(Cl)c2,5.967200000000002
c1cc(Cl)cc(Cl)c1c2c(Cl)ccc(Cl)c2,5.967200000000002
c1c(Cl)ccc(Cl)c1c2c(Cl)ccc(Cl)c2,5.967200000000002
Clc1cccc(Cl)c1c2c(Cl)cccc2Cl,5.967200000000002
c1cc(Cl)c(Cl)cc1c2c(Cl)ccc(Cl)c2,5.967200000000002
c1cc(Cl)cc(Cl)c1c2c(Cl)cc(Cl)cc2,5.967200000000002
c1cc(Cl)c(Cl)cc1c2c(Cl)c(Cl)c(Cl)cc2,6.620600000000001
Clc1cccc(Cl)c1c2c(Cl)cc(Cl)cc2Cl,6.620600000000001
CCCCCCCC=C,3.5329000000000024
c1cc(Cl)c(Cl)cc1c2c(Cl)cc(Cl)c(Cl)c2,6.620600000000001
c1c(Cl)c(Cl)cc(Cl)c1c2c(Cl)cc(Cl)c(Cl)c2,7.274000000000001
Clc1cc(Cl)c(Cl)cc1c2c(Cl)c(Cl)ccc2Cl,7.274000000000001
Clc1cc(Cl)c(Cl)cc1c2c(Cl)c(Cl)cc(Cl)c2,7.274000000000001
c1cc(Cl)c(Cl)c(Cl)c1c2c(Cl)cc(Cl)c(Cl)c2,7.274000000000001
Clc1c(Cl)cc(Cl)cc1c2c(Cl)cc(Cl)cc2Cl,7.274000000000001
c1cc(Cl)c(Cl)cc1c2c(Cl)c(Cl)c(Cl)c(Cl)c2,7.274000000000001
c1cc(Cl)c(Cl)cc1c2c(Cl)c(Cl)c(Cl)cc2Cl,7.274000000000001
Clc1cc(Cl)c(Cl)c(Cl)c1c2c(Cl)cc(Cl)c(Cl)c2,7.9274
c1cc(Cl)c(Cl)c(Cl)c1c2c(Cl)c(Cl)c(Cl)cc2Cl,7.9274
c1c(Cl)ccc(Cl)c1c2c(Cl)c(Cl)c(Cl)c(Cl)c2Cl,7.9274
c1c(Cl)c(Cl)c(Cl)c(Cl)c1c2c(Cl)c(Cl)c(Cl)c(Cl)c2,8.580799999999998
Clc1c(Cl)c(Cl)c(Cl)c(Cl)c1c2c(Cl)c(Cl)c(Cl)c(Cl)c2Cl,9.8876
ClC(Cl)=C(c1ccc(Cl)cc1)c2ccc(Cl)cc2,6.187900000000003
C=C(C)C=C,1.7485
c(c(ccc1Cl)ccc2)(c2)c1,3.4932000000000016
c1ccc2ccccc2c1Cl,3.4932000000000016
c1ccc2ccccc2c1Br,3.6023000000000014
CCCCO,0.7787999999999999
CCC(O)C,0.7771999999999999
OCC(C)C,0.6347
CCCCCO,1.1689
CCC(O)CC,1.1673
CC(O)(CC)C,1.1673
CCC(C)CO,1.0248
C=CC=C,1.3584
OC(C(C)C)C,1.0232
CCC(O)CCC,1.5574
CC(O)CCCC,1.5574
CCC(O)C(C)C,1.4133
OC(CCC)(C)C,1.5574
OCC(CCC)C,1.4149
CCC(C)(C)CO,1.4149
C1C=CCC=C1,1.8926
OCC(CC)CC,1.4149
CC(O)C(C)CC,1.4133
OC(CC)(CC)C,1.5574
CC(O)(C)C(C)C,1.4133
CCCCC(O)CC,1.9475
CCCC(O)CCC,1.9475
CC(O)(C)CC(C)C,1.8034
C(=CCC(C(=C)C)C1)(C1)C,3.308900000000002
OCC(C)(C)CCC,1.805
OCCCC(C)(C)C,1.805
CC(O)CCC(C)C,1.8034
CCCCC(O)(C)C,1.9475
CC(C)(C)C(O)CC,1.8034
CCC(O)(C)CCC,1.9475
CC(O)(C)C(C)CC,1.8034
OC(CC)(CC)CC,1.9475
OCCCCCCCC,2.3392
CCCC#C,1.4197
OC(CCCCCC)C,2.3376
CCCCC(C)C(C)O,2.1935000000000007
CC(C)(C)C(O)(C)CC,2.1935
CC(O)(C)CCCCC,2.3376
c1ccccc1CCO,1.2213999999999998
OC(c(cccc1)c1)c(cccc2)c2,2.768300000000001
OCCCCCCCCCCCC,3.899600000000003
OCCCc(cccc1)c1,1.6115
OCCOc(cccc1)c1,1.0577
OC(CCC(C1)C)C1,1.5574
c1c(Cl)c(CO)c(Cl)cc1,2.4857000000000005
Oc(cccc1)c1,1.3922
Oc(cccc1O)c1,1.0978
c1cc(O)ccc1O,1.0978
Oc(c(ccc1)C)c1,1.70062
c1ccccc1CO,1.1788999999999998
c1cc(C)ccc1O,1.70062
OC(c1ccccc1)C,1.7399
c1cc(C)cc(C)c1O,2.00904
c1c(C)cc(C)cc1O,2.00904
Oc(ccc(c1)C(C)(C)C)c1,2.689700000000001
Oc(ccc(c1)C(c(ccc(O)c2)c2)(C)C)c1,3.423700000000002
Oc(c(c(ccc1)cc2)c1)c2,2.5454
Oc(c(c(c(O)cc1)cc2)c1)c2,2.2509999999999994
Oc(c(ccc1)CC)c1,1.9546
CCCCCCCC#C,2.980100000000002
CCC=O,0.5952999999999999
CCCCC=O,1.3755
O=CCCCCCC,2.1557000000000004
O=CCCCCCCC,2.5458000000000007
O=CC=C,0.3712999999999999
O=CC=CC,0.7614
O=Cc(cccc1)c1,1.4991
O=Cc(ccc(OCO1)c12)c2,1.2278
O=C(CC)C,0.9854
c1ccccc1,1.6866
O=C(CCC)C,1.3755
O=C(CCCC)C,1.7656
O=C(CC(C)C)C,1.6215
O=C(CCCCC)C,2.1557000000000004
O=C(CCCC)CCCC,2.935900000000001
O=C(C=C)CCC,1.5416
O=C(C=C(CC1(C)C)C)C1,2.3218000000000005
O=C(CCC(C)C)C,2.0116
c1ccccc1C,1.99502
O=C(c(cccc1)c1)CC,2.2793
CC(=O)CC(=O)C,0.5545
O=C(CCCCCCCC)C,3.3260000000000023
O=C(C(C(C(C(C(C(C(=CC(=O)C1)C2)(C1)C)C3)C2)C4)(C3)C)C4)C,4.723500000000005
O=C(c(cccc1)c1)C,1.8892
O=C(c(c(C(=O)c1cccc2)ccc3)c3)c12,2.4620000000000006
CC(=O)O,0.0908999999999999
OC(=O)C(=O)O,-0.8443999999999998
O=C(O)CCCC(=O)O,0.3259000000000002
c1cccc(C)c1C,2.30344
O=C(O)CCCCC,1.6513
O=C(O)CCCCC(=O)O,0.716
O=C(O)CCCCCCCCCCC,3.991900000000004
O=C(O)C(=C)C,0.6471
O=C(O)C=CC=CC,1.2033
O=C(O)c(cccc1)c1,1.3848
c1cccc(C)c1C(=O)O,1.69322
O=C(O)Cc(cccc1)c1,1.3137
O=C(O)CCCCCCCCCCCCCCC,5.552300000000006
O=C(O)C(O)(c(cccc1)c1)c(cccc2)c2,2.0071000000000003
O=C(OC(C1C(C2(CC(O)(C3=C)CC4)C3)C(=O)O)(C24)C=CC5O)C15C,1.0270999999999997
O=C(O)C(C)C,0.7270000000000001
O=C(O)C(CC)CC,1.5072
CCCC(CCC)C(O)=O,2.2874
O=C(O)C(CCCC1)C1,1.6513
O=C(O)COc(cccc1)c1,1.15
O=C(O)CCCCCCCCCC,3.6018000000000026
c1ccc(C)cc1C,2.30344
O=C(O)CCCCCCCCC=C,3.3778000000000024
O=C(NCC(=O)O)c(cccc1)c1,0.5009999999999997
OC(=O)c1ccsc1,1.4463
O=C(O)C(OC=C1)=C1,0.9778
O=COC,-0.2108
O=C(OCC)C,0.5694
O=C(OC)CC,0.5694
O=C(OCCC)C,0.9595
c1ccccc1CCC,2.639100000000001
O=C(OC)CCC,0.9595
O=COCC(C)C,0.8154
O=C(OC(C)C)C,0.9579
O=C(OCCCC)C,1.3496
O=C(OC)CCCC,1.3496
O=C(OCC(C)C)C=C,1.3716000000000002
O=C(OCC)CC(=O)OCC,0.5027
O=C(OCCCCC)C,1.7397
O=C(OCC)CCCC,1.7397
c1cc(C)cc(C)c1C,2.611860000000001
O=C(OCCC(C)C)C,1.5956
O=C(OCCCCCC)C,2.1298000000000004
O=C(OC)CCCCCCC,2.5199000000000007
O=C(OCC)CCCCCC,2.5199000000000007
O=C(OCC(OC(=O)C)COC(=O)C)C,0.0442999999999997
O=C(OCC)CCCCCCC,2.910000000000001
O=C(OC)C=C,0.3454
O=C(OCC)C=C,0.7355
O=C(OC)C(=C)C,0.7355
c1ccc(C)c(C)c1C,2.611860000000001
O=C(OCC)c(cccc1)c1,1.8633
O=C(OC)c(c(ccc1)C(=O)OC)c1,1.2597999999999998
O=C(OCCC)c(cccc1)c1,2.2534
O=C(OCC)c(c(ccc1)C(=O)OCC)c1,2.04
O=C(OCC(C)C)c(c(ccc1)C(=O)OCC(C)C)c1,3.3122000000000025
O=C(OCC(CCCC)CC)c(c(ccc1)C(=O)OCC(CCCC)CC)c1,6.433000000000008
COCOC,0.2367
COC(C)C,1.0412
COCCCC,1.4329
CCOCCC,1.4329
CCOC(C)C,1.4313
O(CCCC1)C1,1.1869
CCCOCCC,1.823
O(C(C)C)C(C)C,1.8198
CCOCCOCC,1.0594
O(C(OCC)C)CC,1.4054
CCCCOCCCC,2.603200000000001
CCOC=C,1.1664
c1cc(C)ccc1CC,2.5574200000000005
o2c1ccccc1oc3ccccc23,3.584600000000001
O(C1C)C1,0.4051
O(CCC1)C1,0.7968000000000001
O(C(CC1)C)C1,1.1853
O1C=CC=C1,1.2796
o(c(c(c1cccc2)ccc3)c3)c12,3.586000000000001
O=C(O)C(O)(CC(=O)O)CC(=O)O,-1.2484999999999995
OCC1C(O)C(O)C(O)C(O)O1,-3.2214000000000005
CCCC(C)C,2.442500000000001
O1CC(O)C(O)C(O)C1(O)CO,-3.2198
CC13CCC(=O)C=C1CCC4C2CCC(O)(C(=O)CO)C2(C)CC(=O)C34,1.9898
CC(=O)OCC(=O)C3(O)CCC4C2CCC1=CC(=O)CCC1(C)C2C(=O)CC34C,2.560600000000001
C1C2=CC(=O)C=CC2(C)C3C(O)CC4(C)C(O)(C(=O)CO)CCC4C3C1,1.5576
O=C(OC(C(C(C(C(C(C(=CC(=O)C1)C2)(C1)C)C3)C2SC(=O)C)C4)(C3)C)(C4)C5)C5,4.852300000000005
O=C(C(C(C(C(c(c(cc(O)c1)C2)c1)C3)C2)C4)(C3)C)C4,3.817400000000003
C1C(=O)C=C2CCC3C4CCC(C(=O)COC(=O)C)C4(C)CCC3C2(C)C1,4.266700000000004
O=C(C=C(C(C(C(C(C(C(O)(C)C1)(C2)C)C1)C3)C2)(C4)C)C3)C4,4.269300000000004
C1C(=O)C=C2CCC3C4CCC(=O)C4(C)CCC3C2(C)C1,4.087400000000003
c1ccccc1CCCC,3.029200000000001
O=C1C=C2CCC3C4CC(OC(=O)C)C(O)(C(=O)COC(=O)C)C4(C)CC(O)C3(F)C2(C)C=C1,1.7620999999999991
O=C1C=C2CCC3C4CC5OC(C)(C)OC5(C(=O)CO)C4(C)CC(O)C3(F)C2(C)C=C1,2.4188
C1=CC(=O)C=C2CCC3C4CC(C)C(O)(C(=O)CO)C4(C)CC(O)C3(F)C12C,1.8957
CC1CC2C3CCC(O)(C(=O)C)C3(C)CC(O)C2(F)C4(C)C=CC(=O)C=C14,2.923300000000001
C1(=O)C=C2CCC3C4CC(C)C(O)(C(=O)COC(=O)C)C4(C)CC(O)C3(F)C2(C)C=C1,2.466500000000001
C1=CC(=O)C=C2CCC3C4CC(C)C(OC(=O)CCCC)(C(=O)CO)C4(C)CC(O)C3(F)C12C,3.6368000000000023
O=C(O)c(ccc(O)c1)c1,1.0903999999999998
c1cc(CC)ccc1CC,2.811400000000001
O=Cc(ccc(OC)c1)c1,1.5077
O=C(Oc(cccc1)c1)c(c(O)ccc2)c2,2.6114000000000006
ClCC(O)CCl,0.8249
FC(F)(F)C(O)C,0.9294999999999998
Oc(ccc(c1)Cl)c1,2.0456
c1ccc(Cl)cc1O,2.0456
Oc(ccc(c1)Br)c1,2.1547
c1cc(Cl)cc(Cl)c1O,2.6990000000000003
c1cc(C)ccc1C(C)C,3.118420000000002
c1c(Cl)c(Cl)cc(Cl)c1O,3.3524
Oc(c(c(c(c1Cl)Cl)Cl)Cl)c1Cl,4.6592
c1cc(Cl)c(C)cc1O,2.3540200000000007
O=C(O)CCl,0.3098
O=C(O)c(cccc1Cl)c1,2.0382
ClCCOCCCl,1.4806
COc1ccc(cc1)C(c2ccc(OC)cc2)C(Cl)(Cl)Cl,5.205900000000002
COc1c(Cl)ccc(Cl)c1C(O)=O,2.7002000000000006
CCN(CC)CC,1.3481
c1ccccc1C(C)(C)C,2.984100000000001
CCCCCCCN,1.9155
CN(C)C,0.1777999999999999
NCC(CCCC)CC,2.1615
CCCCNCCCC,2.1762
c1ccccc1N,1.2688
c1cccc(N)c1N,0.8510000000000002
c1cccc(C)c1N,1.57722
c1ccccc1C(C)CC,3.2001000000000017
c1cc(C)ccc1N,1.57722
c1ccc(C)cc1N,1.57722
c1ccccc1CN,1.1453
c1ccccc1NCC,2.1184
c1ccccc1N(CC)CC,2.532800000000001
Nc(ccc(c(ccc(N)c1)c1)c2)c2,2.5180000000000007
N(N)c(cccc1)c1,0.9722000000000002
c1ccccn1,1.0816
c1c(C)c(C)c(C)c(C)c1C,3.2287000000000017
c1ccc(C)c(C)n1,1.69844
c1cc(C)cc(C)n1,1.69844
Cc1cccc(C)n1,1.69844
c1cc(C)c(C)cn1,1.69844
c1c(C)cc(C)cn1,1.69844
n(c(c(ccc1)cc2)c1)c2,2.2348
n(c(ccc1)c(nccc2)c2)c1,2.1436
n(ccc(c1)c(ccnc2)c2)c1,2.1436
n(cccc1C(N(CC2)C)C2)c1,1.8483
NNC(=O)c1ccncc1,-0.3149000000000006
c1ccccc1CCCCC,3.4193000000000024
n(cccc1CO)c1,0.5738999999999999
O=C(N)c(nccn1)c1,-0.4245000000000005
c1ccc2c(c1)ccc3ncccc23,3.388000000000001
s1cccc1,1.7481
n(c(c(ccc1)cc2)c1)c2c(nc(c(ccc3)c4)c3)c4,4.450000000000003
n(c(c(ccc1)cc2)c1O)c2,1.9404
o(c(c(n1)ccc2)c2)c1,1.8278
c1ccccc1C(CC)(C)C,3.374200000000002
n(nccc1)c1,0.4765999999999999
C1(C)=CSC=C1,2.05652
C1=CSC(CC)=C1,2.3105
Cc1cc(O)no1,0.6886199999999998
COC(=O)C1C(CC2CCC1N2C)OC(=O)c3ccccc3,1.8676999999999997
CN(C)CCCN2c1ccccc1CCc3ccccc23,3.875000000000002
CN(C)CCCN2c1ccccc1Sc3ccc(Cl)cc23,4.894400000000004
CCC1(C(=O)NC(=O)NC1=O)C2=CCCCC2,1.2492
c1ccccc1C=C,2.3296
C=CCC1(CC=C)C(=O)NC(=O)NC1=O,0.491
CC(C)(S)C(N)C(O)=O,0.1066999999999998
OC2(CCN(CCCC(=O)c1ccc(F)cc1)CC2)c3ccc(Cl)cc3,4.425600000000004
O=C(NC(C(O)c(ccc(N(=O)=O)c1)c1)CO)C(Cl)Cl,0.9089999999999996
CCC1(CC)C(=O)NC(=O)NC1=O,0.1587999999999999
O=C(OCC(CCC)(C)COC(=O)N)N,0.9834000000000004
O=S(=O)(Nc(nc(cc1C)C)n1)c(ccc(N)c2)c2,1.47644
CCC(C)(C)C,2.442500000000001
c1ccccc1c2ccccc2,3.353600000000002
O=S(=O)(N)c(c(cc(NCNS1(=O)=O)c12)Cl)c2,-0.3513000000000001
NS(=O)(=O)c1c(Cl)cc2N=CNS(=O)(=O)c2c1,-0.0608999999999999
O=C(OCCN(CC)CC)c(ccc(N)c1)c1,1.7674
c1ccc2Sc3ccccc3N(CC(C)N(C)C)c2c1,4.239400000000003
O=C1NCCN1c2ncc(s2)N(=O)=O,0.5808999999999999
CC(=O)Nc1ccc(OCC)cc1,2.0437
O=S(=O)(N)c(ccc(N)c1)c1,-0.0838000000000002
OCCN4CCN(CCCN2c1ccccc1Sc3ccc(cc23)C(F)(F)F)CC4,4.308100000000003
c1ccccc1Cc2ccccc2,3.277400000000002
c12ncnc(N)c1ccn2C3OC(CO)C(O)C3(O),-1.3750000000000009
c1cc(N)ccc1S(=O)(=O)Nc2nccs2,1.5261
CCCC(C)C1(CC)C(=O)NC(=O)NC1=O,1.1849999999999998
CC(C)C1(CC=C)C(=O)NC(=O)NC1=O,0.5709000000000001
O=C1NC(=S)NC(=O)C1(CC=C)C(C)CCC,1.5159999999999998
CCCCC1(CC)C(=O)NC(=O)NC1=O,0.9389999999999998
O=C(NC(=O)C(Br)(CC)CC)N,1.135
O=C(NC(=O)c1cccc2)c12,0.5702
c(c(c(c1ccc2)c2)ccc3)(c3)C1,3.2578000000000014
O(c(c(O)ccc1CC=C)c1)C,2.1293
c1ccccc1C2(CC=C)C(=O)NC(=O)NC2=O,0.8664999999999998
CCC1(C(=O)NCNC1=O)c2ccccc2,0.5378999999999994
CCCCC1C(=O)N(N(C1=O)c2ccc(O)cc2)c3ccccc3,3.493400000000002
OCC(O)C(O)CO,-2.3071999999999995
OC(c(cccc1)c1)C(NC)C,1.3279
O=C(NCCCC)NS(=O)(=O)c(ccc(N)c1)c1,1.0568
Cc1ncc(N(=O)=O)n1CCO,0.0920199999999999
CCOc2ccc1nc(sc1c2)S(N)(=O)=O,1.3424
CCC1(C(=O)NC(=O)NC1=O)C2=CCCCCC2,1.6392999999999998
c1cc(N)ccc1S(=O)(=O)Nc2ncc(C)cn2,1.16802
c1cc(N)ccc1S(=O)(=O)Nc2ncc(OC)cn2,0.8682000000000001
c1cc(C)ccc1S(=O)(=O)NC(=O)NC2CCCCC2,2.31562
COc2cc(Cc1cnc(N)nc1N)cc(OC)c2OC,1.2575999999999998
OC3N=C(c1ccccc1Cl)c2cc(Cl)ccc2NC3=O,3.101300000000001
Cc1ccc(cc1)S(=O)(=O)NC(=O)NN2CCCCCC2,1.77392
n(c(ccc1)C(Cl)(Cl)Cl)c1Cl,3.561700000000001
CN(C)C(=O)Nc1cccc(OC(=O)NC(C)(C)C)c1,2.6670000000000007
CCOP(=S)(OCC)N2C(=O)c1ccccc1C2=O,2.5801000000000007
CC1=C(SCCO1)C(=O)Nc2ccccc2,2.620000000000001
CN(C)C=Nc1ccc(Cl)cc1C,2.8698200000000007
o1c(N(=O)(=O))ccc1C=NO,0.9959
Cc1ccc2ccccc2c1,3.148220000000001
CNC(=O)Oc1ccccc1C2OCCO2,1.4502
O=C(O)C(c(ccc(c1)CC(C)C)c1)C,3.0732000000000017
COc2ccc1cc(ccc1c2)C(C)C(O)=O,3.036500000000001
c1ccccc1c2ccc(C(=O)CCC(=O)O)cc2,3.4011000000000013
n1c(N)nc(N)c(Cc2cc(OC)c(OCCOC)c(OC)c2)c1,1.2741999999999996
C1CN(CCC2=CC=CS2)CCC1(COC)N(C(=O)CC)c3ccccc3,4.214800000000004
n1cncn1CC(O)(c2ccc(F)cc2)c3ccccc3F,2.492400000000001
N1C(=O)NC(=O)C(F)=C1,-0.7977000000000003
c1ccc2ccccc2c1C,3.148220000000002
CNN,-0.9205
C1=CC(=O)NC(=O)N1,-0.9368
CCC1(CCC(=O)NC1=O)c2ccccc2,1.771
O=NN(CCCC1)C1,1.1537
N(=Nc(cccc1)c1)c(cccc2)c2,4.102000000000002
O(CCN(C1)C)C1,-0.0515999999999998
N(CCCC1)C1,0.7599
O(CCNC1)C1,-0.3938000000000001
CCc1ccc2ccccc2c1,3.402200000000001
NC(=NC(#N))N,-1.2591200000000002
C1=CC(=O)NC(=O)N1C,-0.9264
O=C(NCC1)C1,-0.1036000000000001
N(CCCC1)(C1)C,1.1021
CN1C(=O)C=CC=C1,0.3853
C=CC#N,0.6959799999999999
c1ccccc1C#N,1.55828
N#Cc(c(C#N)ccc1)c1,1.42996
N(Nc(cccc1)c1)c(cccc2)c2,3.1256000000000013
Oc(ccc(N)c1)c1,0.9744
c1cccc(N)c1C(=O)O,0.967
O=C(OC)N,-0.2884999999999999
O=C(OCC(C)C)N,0.7377
O=C(OC(C)(C)C)N,0.8802000000000001
O=C(OCc1ccccc1)N,1.2819
O=C(N)NO,-0.9561000000000002
O=C(N)N(C)N=O,-0.3216999999999999
Cc1c(C)cc2ccccc2c1,3.456640000000002
O=C(N)N(CC)N=O,0.0684
NC(=O)NCc1ccccc1,0.8548999999999998
CC(=O)N,-0.5084
CC(=O)N(C)C,0.0945
O=C(N)c(cccc1)c1,0.7855000000000001
O=C(N)c(c(ccc1)C(=O)N)c1,-0.1156
O=C(N(C)C)Nc(cccc1)c1,1.7801
CNC(=O)Oc1ccccc1OC(C)C,2.192
C1CCCCC1,2.3406
c1ccc2cccc3c2c1C=C3,3.3236000000000017
C1=CC2C(N(C)C5)Cc3ccc(O)c4c3C2(C5)C(O4)C1O,1.1981
COc1ccc2CC5C3C=CC(O)C4Oc1c2C34CCN5C,1.5011
CCCN(=O)=O,0.6731
O=N(=O)c(cccc1)c1,1.5948
O=N(=O)c(c(ccc1)C)c1,1.90322
O=N(=O)c(cccc1C)c1,1.90322
O=N(=O)c(ccc(c1)C)c1,1.90322
O=N(=O)c(ccc(O)c1)c1,1.3003999999999998
O=N(=O)c(c(O)ccc1)c1,1.3003999999999998
c1cc(C)c2ccccc2c1C,3.456640000000002
O=N(=O)c(cc(N(=O)=O)c(O)c1C(CC)C)c1,2.7221
O=C(O)c(cccc1N(=O)=O)c1,1.293
O=N(=O)c(c(OC)ccc1)c1,1.6034
O=N(=O)c(ccc(OC)c1)c1,1.6034
O=N(=O)c(cccc1N)c1,1.177
O=N(=O)c(ccc(N)c1)c1,1.1769999999999998
NC(=N)NCC(=O)O,-1.4459299999999995
Nc(ccc(c1)Cl)c1,1.9222
Nc(c(ccc1)Cl)c1,1.9222
Cc1ccc2cc(C)ccc2c1,3.456640000000002
FC(F)(F)c(cccc1N)c1,2.2875999999999994
Nc(c(cc(c(ccc(N)c1Cl)c1)c2)Cl)c2,3.8248000000000015
n(c(nc(n1)NCC)NCC)c1Cl,1.3885999999999996
n(c(nc(n1)N(CC)CC)NCC)c1Cl,1.803
CCNc1nc(Cl)nc(NC(C)(C)C#N)n1,1.6708799999999997
CC(C)Nc1nc(Cl)nc(NC(C)C)n1,2.1655999999999995
CC(C)OC(=O)Nc1cccc(Cl)c1,3.2969000000000017
O=C(N(OC)C)Nc(ccc(c1)Cl)c1,2.365100000000001
O=C(N(C)C)Nc(ccc(c1)Cl)c1,2.4335000000000004
O=C(N(OC)C)Nc(ccc(c1Cl)Cl)c1,3.0185000000000013
O=C(N(C)C)Nc(cccc1C(F)(F)F)c1,2.7989000000000006
CC(C)N(C(=O)CCl)c1ccccc1,2.666800000000001
CCCCN(C)C(=O)Nc1ccc(Cl)c(Cl)c1,4.257200000000004
CC1=C(Cl)C(=O)N(C(C)(C)C)C(=O)N1,1.2534199999999998
CN(C)C(=O)Nc2ccc(Oc1ccc(Cl)cc1)cc2,4.225800000000003
O=N(=O)c(ccc(Oc(c(cc(c1)Cl)Cl)c1)c2)c2,4.693900000000002
CCCN(CCC)c1c(cc(cc1N(=O)=O)C(F)(F)F)N(=O)=O,4.148200000000004
CC(C)(C)C(=O)C(Oc1ccc(Cl)cc1)n2cncn2,3.1243000000000016
CCCCS,1.7163
c1cc(C)c2c(C)cccc2c1C,3.7650600000000023
c1ccccc1S,1.9753000000000005
CCNc1nc(NC(C)C)nc(SC)n1,1.8456
N(C(=S)NC1)C1,-0.5359000000000003
CCNC(=S)NCC,0.4903
NC(=S)Nc(cccc1)c1,1.3421
n(ccc(n1)O)c1S,0.4708999999999999
O=C(NS(=O)(=O)c1cccc2)c12,0.1186999999999999
O=S(=O)(N)c(ccc(c1)C)c1,0.6424200000000002
O=S(=O)(N)c(c(ccc1)C)c1,0.6424200000000002
c(c(c(c(c1)ccc2)c2)ccc3)(c1)c3,3.993000000000002
CCCN(CCC)c1c(cc(cc1N(=O)=O)S(N)(=O)=O)N(=O)=O,1.7768000000000002
O=P(OCC)(OCC)OCC,2.204
O=P(Oc1ccc(O)cc1C)(Oc2cc(O)ccc2C)Oc3c(O)cccc3C,5.373560000000004
CCOP(=S)(OCC)SCSCC,3.727700000000003
CCOP(=S)(OCC)SCCSCC,3.770200000000002
COP(=S)(OC)SCN2C(=O)c1ccccc1C2=O,2.4906000000000006
COP(=S)(OC)Oc1nc(Cl)c(Cl)cc1Cl,3.9379000000000017
COP(=S)(OC)Oc1ccc(cc1)N(=O)=O,2.490900000000001
COP(=S)(OC)Oc1ccc(cc1Cl)N(=O)=O,3.144300000000002
CCOP(=S)(OCC)SCSP(=S)(OCC)OCC,5.005300000000004
O=P(SCCCC)(SCCCC)SCCCC,6.694400000000005
COP(=S)(OC)Oc1cc(Cl)c(Br)cc1Cl,4.652000000000002
COP(=S)(OC)Oc1cc(Cl)c(Cl)cc1Cl,4.542900000000002
O=C(O)CCC(C(C(C(C(C(C(C(C1)CC(O)C2)(C2)C)C3)C1O)C4)(C3O)C)C4)C,3.4487000000000023
O=C(O)CCC(C(C(C(C(C(C(C(C1)CC(O)C2)(C2)C)C3)C1)C4)(C3O)C)C4)C,4.477900000000004
C1C(O)CC2CC(O)C3C4CCC(C(C)CCC(=O)O)C4(C)CCC3C2(C)C1,4.477900000000004
CC(CCC(O)=O)C3CCC4C2C(O)CC1CC(O)CCC1(C)C2CCC34C,4.477900000000004
c1cc2N3C(C)=NN=C3CN=C(c4c(Cl)cccc4)c2cc1Cl,4.233520000000002
COc1ccc2n(C(=O)c3ccc(Cl)cc3)c(C)c(CC(=O)O)c2c1,3.9273200000000026
s1c(N)ncc1,0.7253
Cc1cc2cc3ccccc3cc2cc1,4.301420000000003
N(c(c(c(ccc1)cc2)c1)c2)=C=S,3.5741000000000014
N#CCC=CC,1.47618
O=C(Nc(ccc(c1)Br)c1)C,2.4075000000000006
O=C(Nc(ccc(c1)F)c1)C,1.7841
O=C(Nc(ccc(c1)C=O)c1)C,1.4575
O=C(Nc(ccc(c1)I)c1)C,2.2496
O=C(Nc(ccc(c1)OC)c1)C,1.6536
CN(C)C(=O)NC1CCCCCCC1,2.3705
CCCCOc2cc(C(=O)NCCN(CC)CC)c1ccccc1n2,3.4853000000000023
CN(C)CCC=C2c1ccccc1COc3ccccc23,3.9624000000000033
FC(F)(F)c(cccc1C(n(ncn2)c2)(c(cccc3)c3)c(cccc4)c4)c1,5.137100000000003
N(c(c(ccc1)C2)c1)C2,1.6545999999999998
O=C(NC1C2C3CCCC3C(C1)C2)N(C)C,2.0823
CC(C)c1ccc(NC(=O)N(C)C)cc1,2.903500000000001
Cc1ccc2C(=O)C(C(=O)O)=CN(CC)c2n1,1.42302
CC34CCC1C(CCC2=CC(=O)CCC12)C3CCC4(O)C#C,3.4925000000000024
CC(=O)OC3(CCC4C2CCC1=CC(=O)CCC1C2CCC34C)C#C,4.063300000000004
c(c(ccc1)ccc2)(c1c(c3ccc4)c4)c23,4.487200000000002
O=C1C=C2C(C)CC3C4CCC(O)(C(=O)CO)C4(C)CC(O)C3C2(C)C=C1,1.8036
Oc1c(I)cc(C#N)cc1I,2.4730799999999995
O=C1NC(=S)NC(=O)C1(CC)C(C)CCC,1.3498999999999994
O=C(NC(=O)C(O)(C1=O)C(O)(C(=O)NC(=O)N2)C2=O)N1,-4.819399999999999
O=C(O)c(c(c(N)cc1Cl)Cl)c1,2.2738000000000005
ClCC#CCOC(=O)Nc1cccc(Cl)c1,3.130700000000001
CN(C)C2C1CC4C(=C(O)C1(O)C(=O)C(=C2O)C(N)=O)C(=O)c3c(O)cccc3C4(C)O,-0.2143999999999991
O=C(N)C(=C(O)C(N(C)C)C(C1(O)C(O)=C(C2C(O)(c(c3c(O)cc4)c4)C)C3=O)C2O)C1=O,-1.2435999999999985
O=C(O)C(N)Cc(cccc1)c1,0.6409999999999995
C1CCCC1C,2.1965000000000003
c1c(CC3)c2c(C3)ccc(CC4)c2c(C4)c1,3.8172000000000033
CN(C)C(=O)C(c1ccccc1)c2ccccc2,2.9067000000000016
CC(C)N(C(C)C)C(=O)SCC(Cl)=C(Cl)Cl,4.843900000000003
O=C(O)C(N)CCSC,0.1514000000000002
CCCCN(CC)C(=O)SCCC,3.3716000000000026
O=C(OC)c(cccn1)c1,0.8681999999999999
CCCOC(=O)c1ccc(N)cc1,1.8356
O=C(OCC1)C1,0.3234
O=C(OC)c(cc(O)c(O)c1O)c1,0.5899999999999996
O=C(OCC)C=Cc(cccc1)c1,2.2629
C3c1ccccc1c4ccc2ccccc2c34,4.411000000000003
O=C(OCC)CCC(=O)OCC,0.8927999999999999
O=C(OCCCC)c(cccc1)c1,2.6435000000000013
O=C(OC)c(ccc(N)c1)c1,1.0554
CCCCCCOC(=O)c1ccc(N)cc1,3.0059000000000005
CCCCCCCOC(=O)c1ccc(N)cc1,3.3960000000000017
CCCCCCCCOC(=O)c1ccc(N)cc1,3.786100000000002
O=C(Nc(cccc1)c1)c(c(O)ccc2)c2,2.6445000000000007
ONc(cccc1)c1,1.4876999999999998
S(c(cccc1)c1)C,2.4085
c1ccc2c3cc4ccccc4cc3Cc2c1,4.411000000000002
O=CNc(cccc1)c1,1.2549
c1cc(NC(=O)C)ccc1S(=O)(=O)N,0.2924000000000001
O=C(Nc(cccc1C)c1)C,1.95342
O=C(Nc(c(N(=O)=O)ccc1)c1)C,1.5532
O=C(N(c(cccc1)c1)C)C,1.6693
O=C(Nc(c(O)ccc1)c1)C,1.3505999999999998
c1cc(N)ccc1C(=O)OCCNCCCCC,2.2054
c1c(N(=O)(=O))cc2C(c3ccccc3)=NCC(=O)N(C)c2c1,2.4086
n(c(N(Cc(cccc1)c1)CCN(C)C)ccc2)c2,2.649800000000001
c1ccc2c3ccccc3c4ccccc4c2c1,5.146200000000003
C1C(=O)C=C2C(C)=CC3C4CCC(C(=O)C)(OC(=O)C)C4(C)CCC3C2(C)C1,4.575300000000004
C1CCCCC1CC,2.976700000000002
c1c(Cl)c(Cl)cc(O)c1OC,2.7076
O=C(N)CCl,-0.2895000000000001
O=C(NC(=O)C1=O)N1,-1.6476000000000002
O=C(O)CCI,0.8961000000000001
O=N(=O)OCC(ON(=O)=O)CON(=O)=O,-1.0200999999999996
c(c(c(cc1)ccc2)c2cc3)(c3cc(c4ccc5)c5)c14,5.737200000000003
O=C(NC(=O)C)N,-0.7988000000000002
OCC(O)CO,-1.6681
O=C(NC(=O)C(=O)C1=O)N1,-2.0785
O=C(NC(=O)C(N(=O)=O)C1=O)N1,-2.0023
O=C1N=CN=CC1,0.0158
O=C(NC(=O)C1)C1,-0.5770000000000004
O=C(NCC(=O)N1)C1,-1.7676000000000005
ClCCS(=O)CCCl,1.2127
c(c(c(c(c1)ccc2)c2)c(c(c3ccc4)c4)C)(c3C)c1,5.763040000000004
CCC(N)C(=O)O,-0.1916999999999999
O=C(O)CC(N)C,-0.1916999999999999
O=C(O)C(N)C(O)C,-1.2209
C1(=O)NC(=O)NC(C(=O)O)=C1,-1.2386
n(c(O)ccc1)c1,0.7871999999999999
n(cccc1O)c1,0.7871999999999999
n(cc(c(n1)O)C)c1S,0.7793199999999998
n(c(O)cc(n1)C)c1S,0.7793199999999998
c1ccc2c(c1)c4cccc5ccc3cccc2c3c45,5.737200000000003
CCC1NC(=O)NC1(=O),-0.3956000000000001
CC(=O)N=C1N(C)N=C(S(=O)(=O)N)S1,-1.4237999999999995
O=C(O)C(N)CCC(=O)N,-1.3361999999999994
c1c(Cl)c(Cl)c2nsnc2c1Cl,3.6515
c1c(Cl)nc2cncnc2n1,1.0731999999999997
c1cnc2cncnc2n1,0.4197999999999998
c1cnc2cnc(S)nc2n1,0.7084999999999999
c1c(S)nc2cncnc2n1,0.7084999999999999
O=C(O)C=CC(N=CN1)=C1,0.5075
c(c(ccc1)ccc2)(c1c(c(c(cc3)ccc4)c45)c3)c25,5.737200000000003
CN1C(=O)NC(NC2=O)=C(N2)C1=O,-1.7568
O=N(=O)OC(C(OCC1ON(=O)=O)C1O2)C2,-1.0621999999999998
O=C(O)C(N)CC(N=CN1)=C1,-0.6359000000000001
C=CCS(=O)SCC=C,1.7553
OC1C(O)C(O)C(O)C(O)C1,-2.805400000000001
OC1C(O)C(O)C(O)C(O)C1O,-3.834600000000001
NC(=O)OCCCCC,1.2719
OCC(O)C(O)C(O)C(O)CO,-3.5854000000000004
c16cccc2ccc3ccc4ccc5cccc6c5c4c3c12,6.3282000000000025
O=N(=O)c(c(c(c(c1Cl)Cl)Cl)Cl)c1Cl,4.8618
Oc1c(Br)cc(C#N)cc1Br,2.78888
O=C(O)c(c(O)c(cc1I)I)c1,2.2996000000000008
O=C(O)c(c(ccc1)I)c1,1.9894
c1cnc2c(C)ncnc2n1,0.7282199999999999
c1cnc2cnc(C)nc2n1,0.7282199999999999
c1c(C)nc2cncnc2n1,0.7282199999999999
c1cnc2cnc(OC)nc2n1,0.4283999999999999
c1c(OC)nc2cncnc2n1,0.4283999999999998
c1cnc2c(SC)ncnc2n1,1.1416999999999995
s(c(c(c1cccc2)ccc3)c3)c12,4.054500000000002
c1cnc2cnc(SC)nc2n1,1.1416999999999995
O=Cc(c(O)ccc1)c1,1.2047
O=C(N)c(c(O)ccc1)c1,0.4911
c1ccccc1NC(=O)NN,0.6818
c1cc(N)ccc1S(=O)(=O)NC(=N)N,-0.5594299999999994
O=C(CCCC1C)C1,1.7656
O=C(OC(=O)c1cccc2)c12,0.9972
n(c(c(ccc1)cc2cccc3)c1)c23,3.388000000000001
O=C(O)Cc(c(ccc1Cl)Cl)c1Cl,3.273900000000001
O=C(O)COc(c(cc(c1Cl)Cl)Cl)c1,3.1102000000000007
OC(=O)c1ccccc1C(F)(F)F,2.403600000000001
OC(=O)COc1ccccc1Cl,1.8034
O=C(O)COc(ccc(c1)Cl)c1,1.8034
O=C(OC)c(c(c(N)cc1Cl)Cl)c1,2.3622000000000005
C1CCCCC1OC(=O)C,1.8822
O=C(O)c(ccc(O)c1OC)c1,1.0989999999999998
Oc(cc(c(c1C)Cl)C)c1,2.662440000000001
c1ccc(N)cc1C(=O)C,1.4714
c1ccc2nc3cccc(N)c3cc2c1,2.9702
O=C(c(ccc(N)c1)c1)C,1.4714
Oc(c(c(cc1)C)C)c1,2.00904
Oc(c(ccc1C)C)c1,2.00904
Oc(c(ccc1)C)c1C,2.00904
Oc(ccc(c1C)C)c1,2.00904
O=C(O)C(C(C(=O)O)C(O1)CC2)C12,-0.0507999999999999
O=C(N(CC=C)CC=C)C(Cl)Cl,1.9907
O(C(OC(C1O)C(O)CO)C1O2)C2C(Cl)(Cl)Cl,-0.4628999999999994
CCN(CC)C(=S)SCC(Cl)=C,3.0988000000000016
Nc3ccc2cc1ccccc1cc2c3,3.575200000000001
CCCCC(=O)CC(=O)C,1.7248
CC(=O)C(CCC)C(=O)C,1.5807
N1CCCCC1CC(=O)C,1.1076
O=C1NCCN1C(=O)NCC(C)C,0.3772
CC1(C)CC(C)CC1,2.832600000000001
CC1CCC(C)CC1,2.832600000000001
C1C(CCC)CCC1,2.976700000000002
C1C(C)C(C)CCC1,2.832600000000001
c1cc2cc3cc(CC)ccc3cc2cc1,4.555400000000003
CCCC(O)C(CC)CO,1.1659
CN2C(=O)ON(c1ccc(Cl)c(Cl)c1)C2=O,1.4359999999999995
Cc1cccc2sc3nncn3c12,2.25242
O=C(O)C(Oc(c(cc(c1)Cl)Cl)c1)C,2.8453000000000017
c1ccccc1C(=C)C(=O)O,1.7844
O=C(O)COc(c(cc(c1)Cl)C)c1,2.11182
O=C(C(Cc1cc(c(c(c1)I)O)I)N)O,1.5558
O=C(O)CCc(cccc1)c1,1.7038
OCC(C(O)=O)c1ccccc1,0.8471000000000002
O=C(c(ccc(N)c1)c1)CC,1.8615
c12ccccc1cc3c4ccccc4c5c3c2ccc5,5.640400000000004
c1ccccc1NC(=O)CC,2.0351
O=C(O)C(N)Cc(ccc(O)c1O)c1,0.0521999999999995
OC(=O)CC(C)(C(=O)O)C(C)(C)C(=O)O,0.6628
O=C(ON=C(C(C)(C)C)CSC)NC,2.1075
ClC1=C(Cl)C(Cl)(C2(Cl)Cl)C3CC=CC3C12Cl,5.024200000000001
OC1C=CC2C1C3(Cl)C(=C(Cl)C2(Cl)C3(Cl)Cl)Cl,3.995
c1ccc4c(c1)ccc5c2cccc3cccc(c23)c45,5.640400000000003
O=C1C(Br)=C(N)C=NN1c2ccccc2,1.5772
ClC(Cl)C(Cl)(Cl)SN2C(=O)C1CC=CCC1C2=O,3.520900000000001
c1ccc2c(O)cc(C)nc2c1,2.2488200000000003
COC(=O)C(Cl)Cc1ccc(Cl)cc1,2.6629000000000005
OC(=O)CCCOc1ccc(Cl)cc1Cl,3.237000000000002
c1cc(N)ccc1S(=O)(=O)Nc2cnccn2,0.8596000000000001
COc1ccc2COC(=O)c2c1OC,1.3742
OC(=O)c1c(C=O)ccc(OC)c1OC,1.2145
O=C(O)C(Oc(c(cc(c1)Cl)C)c1)C,2.500320000000001
CNC(=O)ON=C1C(C2)C(C#N)CC2C1Cl,1.48538
c2ccc1cc3c(cc1c2)c4cccc5cccc3c45,5.640400000000003
CCC2NC(=O)c1cc(c(Cl)cc1N2)S(N)(=O)=O,0.8788
O=C(N(S(=O)(=O)Nc1cccc2)C(C)C)c12,1.2074999999999998
O(c(ccc(c1)C=CC)c1)C,2.728300000000001
ClC(Cl)(Cl)C(NC=O)N1CCN(CC1)C(NC=O)C(Cl)(Cl)Cl,1.4885999999999997
O=C(N(C(=O)C(N(C=N1)CC(O)CO)=C12)C)N2C,-2.213099999999999
Nc(c(ccc1)CC)c1CC,2.3936
OCCN(c(cccc1)c1)CCO,0.4775999999999998
O=C(C(C(C1C2)(C)C)(C2)C)C1,2.401700000000001
O=C1C(C)CCC(C(C)=C)C1,2.567800000000001
O=C(O)C(C(C(C(=O)O)C1)(C)C)(C1)C,1.5980999999999996
OC(C=C)(CCC=C(C)C)C,2.6698000000000013
OC(C(CCC1C)C(C)C)C1,2.4395000000000007
c1ccc2C(O)N3CCC(O)C3=Nc2c1,0.7876999999999998
n(c(c(ccc1C)cc2)c1)c2C,2.851640000000001
CI,1.0512
O=S(=O)(Nc(nccc1)c1)c(ccc(N)c2)c2,1.4646
O=S(=O)(Nc(nccc1C)n1)c(ccc(N)c2)c2,1.16802
Cc1cc(C)c(NC(=O)C)cc1NS(=O)(=O)C(F)(F)F,2.52334
O=C1N(c2ccccc2)N(C)C(C)=C1N,1.06662
c1cc(N)ccc1S(=O)(=O)Nc2nc(C)c(C)o2,1.67444
O=S(=O)(Nc(onc1C)c1C)c(ccc(N)c2)c2,1.6744399999999997
C1=CC(=O)N2CC(C3)CNCC3C2=C1,0.5549999999999997
CCSCc1ccccc1OC(=O)NC,2.6579000000000006
CNC(=O)Oc1cccc(N=CN(C)C)c1,1.6262
CCOP(=S)(OCC)SCSc1ccc(Cl)cc1,5.420300000000004
ClCCl,1.4215
CNC(=O)Oc1ccc(N(C)C)c(C)c1,1.77922
C1C(C)(C)CC(=O)C=C1OC(=O)N(C)C,1.9576
CCOP(=S)(OCC)Oc1ccc(cc1)S(C)=O,3.1003000000000016
CN(C)C(=O)Oc1nc(nc(C)c1C)N(C)C,1.2198399999999998
Cc1c(CCCC)c(O)nc(N(C)C)n1,1.89922
CCSC(=O)N(CC)C1CCCCC1,3.5141000000000027
O=C(OC)CCCCCCCCC,3.3001000000000023
O(c(c(O)cc(c1)Cl)c1)c(c(cc(c2)Cl)Cl)c2,5.144700000000002
C1CCCCC1C,2.5866000000000007
BrCCl,1.5776
O=C1C=Cc2cc3ccoc3c(OC)c2O1,2.5478000000000005
c1c(C(F)(F)F)cccc1N2C(=O)C(Cl)=C(NC)C=N2,2.946400000000001
O=NN(c(cccc1)c1)c(cccc2)c2,3.5061000000000018
Cc1occc1C(=O)Nc2ccccc2,2.840320000000001
O=S(=O)(c(ccc(N)c1)c1)c(ccc(N)c2)c2,1.6838000000000002
CC(C#C)N(C)C(=O)Nc1ccc(Cl)cc1,2.825400000000001
c1cc(N)ccc1S(=O)(=O)Nc2nc(C)nc(C)c2,1.47644
CCNC(=O)C(C)OC(=O)Nc1ccccc1,1.7596999999999998
c1cc(N)ccc1S(=O)(=O)Nc2nnc(C(C)(C)C)s2,2.2186000000000003
O=C(OCCC(C)C)c(c(O)ccc1)c1,2.5951000000000013
O=C(NCCCC)NS(=O)(=O)c(ccc(c1)C)c1,1.78302
N(CCCC)(CCCC)CCCC,3.6887000000000025
Clc1cc(N(=O)(=O))ccc1NC(=O)c2cc(Cl)ccc2O,3.859500000000001
OC(=O)c1cccnc1Nc2cc(C(F)(F)F)ccc2,3.542200000000001
c1ccc2c(c1)cnc3ccccc23,3.388000000000001
O=C(Nc(cccc1)c1)Nc(cccc2)c2,3.3306000000000013
CC1=C(CCCO1)C(=O)Nc2ccccc2,2.709500000000001
CN(C)C(=O)Oc1cc(C)nn1c2ccccc2,2.2411200000000004
CC(=O)Oc1c(N(=O)(=O))c(C)c(N(=O)(=O))cc1C(C)(C)C,3.034220000000001
ClC(Br)Cl,2.1425
CCOC2Oc1ccc(OS(C)(=O)=O)cc1C2(C)C,2.0576
c1cc(CC(C)C)ccc1C(C)C(=O)NO,2.494
c1c(CO)c(O)ccc1C(O)CNC(C)(C)C,1.306
O=C(OC)CCCCCCCCCCC,4.080300000000004
ClC(=C(c1ccccc1Cl)c2ccc(cc2)Cl)Cl,6.187900000000002
O=C(c(c(C(=O)c1c(O)c(O)cc2)ccc3)c3)c12,1.8732
O=C(NC(=O)c(c(F)ccc1)c1F)Nc(ccc(c2)Cl)c2,3.5801000000000016
ClC(Cl)C(c1ccc(Cl)cc1)c2ccccc2Cl,5.929000000000003
OC(=O)c1ccccc1Nc2cc(C(F)(F)F)ccc2,4.1472000000000016
ClC(Br)Br,2.2986000000000004
c1ccc2cc3ccccc3c(O)c2c1,3.6986000000000008
Oc1ccc2Oc3cc(OC)cc(O)c3C(=O)c2c1,2.3660000000000005
c1ccccc1C(=O)NC(=O)c2ccccc2,2.2568
Cc1cc(ccc1NS(=O)(=O)C(F)(F)F)S(=O)(=O)c2ccccc2,3.0893200000000016
N(c(c(S1)cc(c2)C)c2)=C1c(ccc(N)c3)c3,3.853920000000002
CC1=CC(=O)c2c(OC)c3ccoc3c(OC)c2O1,2.864820000000001
n(c(c(c(c1)C)ccc2c(ccn3)C)c23)c1,3.399840000000002
OC(c(cccc1)c1)Cc(cccc2)c2,2.9627000000000008
c1ccccc1C(O)C(O)c2ccccc2,2.4536000000000007
BrC(Br)Br,2.4547
c1ccc2C(=O)N(C(CCl)SP(=S)(OCC)OCC)C(=O)c2c1,3.878200000000003
O=C1NC(=O)NC(=O)C1(CC)C2=CC(C3)CCC3C2,1.4951999999999994
CN(C)C(=O)Nc1cccc(OC(=O)NC(C)(C)C)c1,2.6670000000000007
CC(C)OP(=S)(OC(C)C)SCCNS(=O)(=O)c1ccccc1,3.7726000000000015
C(O)CCCCCCCCCCCCC,4.679800000000005
c1ccc2c3ccc(Cl)cc3C(O)(C(=O)O)c2c1,2.6409
NC(Cc2cc(I)c(Oc1ccc(O)c(I)c1)c(I)c2)C(O)=O,3.952700000000001
CN2C(=C(O)c1ccccc1S2(=O)=O)C(=O)Nc3ccccn3,1.5810000000000002
c1c(S(=O)(=O)N)c(Cl)cc(O)c1C(=O)Nc2c(C)cccc2C,2.5621400000000003
OC(=O)c1ccccc1Nc2c(C)c(C)ccc2,3.7452400000000017
COc1ccc(cc1)C(O)(C2CC2)c3cncnc3,2.1311
O=C(OC(C(C(C=CC1=O)(CC2)C)=C1C)C23)C3C,2.419600000000001
O=C(NC(CCCC1)C1)NS(=O)(=O)c(ccc(c2)C(=O)C)c2,2.2098000000000004
CCOC(=O)C1(CCN(C)CC1)c2ccccc2,2.2131
COCC(=O)N(C(C)C(=O)OC)c1c(C)cccc1C,1.84434
O=C(Nc(c(ccc1)C)c1C)C(N(CCC2)C)C2,2.7262400000000007
c1cc(OCC)ccc1C(=O)OCCN(CC)CC,2.5839000000000008
C1CCN2CC(C3)C4CCCCN4CC3C2C1,2.3451000000000004
O=C(O)CCCCCCCCCCCCCC,5.162200000000006
CC2Nc1cc(Cl)c(cc1C(=O)N2c3ccccc3C)S(N)(=O)=O,2.7141199999999994
COc2ccc(Oc1ccc(NC(=O)N(C)C)cc1)cc2,3.581000000000002
c1c(C(C)(C)C)cc(C(C)(C)C)cc1OC(=O)NC,3.999800000000003
OCCCCCCCCCCCCCCCC,5.460000000000006
C(O)(c1ccc(Br)cc1)(c2ccc(Br)cc2)C(=O)OC(C)C,4.3991000000000025
CC(C)OC(=O)C(O)(c1ccc(Cl)cc1)c2ccc(Cl)cc2,4.180900000000003
CN(C)CCCN2c1ccccc1Sc3ccc(C(F)(F)F)cc23,5.259800000000004
O=C(N(CCCC1)C1)C=CC=Cc(ccc(OCO2)c23)c3,2.997200000000002
CN1C2CC(CC1C3OC23)OC(=O)C(CO)c4ccccc4,0.9180999999999993
O=C(OC(CC(N(C1C2)C)C2)C1)C(c(cccc3)c3)CO,1.9309
CCCCOCN(C(=O)CCl)c1c(CC)cccc1CC,4.157400000000004
c1c(O)cc2ccc3C4CCC(=O)C4(C)CCc3c2c1,3.9444000000000026
c1c(O)cc2CC=C3C4CCC(=O)C4(C)CCC3c2c1,3.7375000000000025
c1c(OC)c(O)c2C3(C4)CC(=O)C=CC3C(N(C)C4)Cc2c1,2.044
ClC(Cl)C,1.81
O=C(O)CCCCCCCCCCCCCCCCC,6.332500000000008
CC(=O)CCC1C(=O)N(c2ccccc2)N(c3ccccc3)C1=O,2.966800000000001
OC(c(c(c(nc1)ccc2)c2)c1)C(N(CCC3C4C=C)C4)C3,3.164600000000002
CN(C=Nc1ccc(C)cc1C)C=Nc2ccc(C)cc2C,4.871880000000004
c1ccc2Sc3ccc(OC)cc3N(CC(C)CN(C)C)c2c1,4.495600000000004
C1C(=O)C=C2CCC3C4CCC(=O)C4(C)CC(=O)C3C2(C)C1,3.2664000000000017
C1C(O)CC2=CCC3C4CCC(=O)C4(C)CCC3C2(C)C1,3.879200000000004
ClCCBr,1.6201
C1C(O)CC2CCC3C4CCC(=O)C4(C)CCC3C2(C)C1,3.959100000000003
COC(C)(C)CCCC(C)CC=CC(C)=CC(=O)OC(C)C,5.062000000000006
OC(C#C)(C(C(C(C(c(c(cc(O)c1)C2)c1)C3)C2)C4)(C3)C)C4,3.612600000000002
c1c(OC)cc2c(CC(=O)O)c(C)n(C(=O)C=Cc3ccccc3)c2c1,3.939020000000003
CC1(C)C(C=C(Cl)Cl)C1C(=O)OCc3cccc(Oc2ccccc2)c3,6.113300000000004
NC(=O)C1=CN=C2N1CCC1=C(C=CC=C1)C21CCNCC1,1.2076
CC(=O)NC1=CC2=C(C=C1)COC2=O,1.3154
CCCCCCCCNC(=O)OCC1OC(O)C(O)C(O)C1O,-0.1270000000000002
CCCCCCCCCNC(=O)OCC1OC(O)C(O)C(O)C1O,0.2630999999999993
CCC1(CC)CCC(=O)N(CO)C1=O,0.8916
NC1=NC2=C(C=N1)N=CN2CCC(CO)CO,-0.6006000000000002
O=C1C2=C(C=CC(CCCCO)=C2)OCC2=C1SC=C2,3.186500000000001
C=CC1(C=C)C(=O)NC(=O)NC1=O,-0.2892
C=CC1(C(C)C)C(=O)NC(=O)NC1=O,0.1807999999999999
C=CC1(CC(C)C)C(=O)NC(=O)NC1=O,0.5709000000000001
NC1=NC(=O)N(C2CCC(CO)O2)C=C1,-0.5046000000000006
CC(=O)OC1C2=C(C=CC=C2)N(C(N)=O)C2=C(C=CC=C2)C1OC(C)=O,3.1254000000000017
COC(=O)C(NC(=O)C(Cl)Cl)C(C)O,-0.1712999999999999
O=C(NC(CO)C(=O)O)C(Cl)Cl,-0.6481999999999994
CN1C2=C(C=CC=C2)C(=O)C2=C1C=CC=C2,2.691700000000001
CCOC(=O)C(C)C1=CC2=CC=C(OC)C=C2C=C1,3.5150000000000023
CCCOC(=O)C(C)C1=CC2=CC=C(OC)C=C2C=C1,3.9051000000000022
COC1=CC=C2C=C(C(C)C(=O)OCCO)C=CC2=C1,2.487400000000001
COC1=CC2=C(C=C1)C=C(C(C)C(=O)OC(C)(C)C)C=C2,4.293600000000003
CCCCCOC(=O)C(C)C1=CC2=CC=C(OC)C=C2C=C1,4.685300000000004
COC1=CC=C2C=C(C(C)C(=O)OCC(C)O)C=CC2=C1,2.875900000000001
COC1=CC2=CC=C(C(C)C(=O)OCCCO)C=C2C=C1,2.8775000000000013
CCCCCCOC(=O)C(C)C1=CC=C2C=C(OC)C=CC2=C1,5.075400000000005
CCCCCCCOC(=O)C(C)C1=CC=C2C=C(OC)C=CC2=C1,5.465500000000006
CCC#CCCOC(=O)C(C)C1=CC=C2C=C(OC)C=CC2=C1,4.298600000000004
COC1=CC=C2C=C(C(C)C(=O)OCC(O)CO)C=CC2=C1,1.8483
COC1=CC=C2C=C(C(C)C(=O)OC3CCCCC3O)C=CC2=C1,3.798600000000003
CCCCCCCC(=O)OC1C(C(O)CO)OC2OC(C)(C)OC21,1.4882999999999995
COC1=CC=C2C=C(C(C)C(=O)OC3CCCCC3=O)C=CC2=C1,4.006800000000004
CCC=CCCOC(=O)C(C)C1=CC=C2C=C(OC)C=CC2=C1,4.851400000000004
COC1=CC2=C(C=C1)C=C(C(C)C(=O)OC1COC3C(O)COC13)C=C2,2.0222
CCOC1=CC=C(NC(=O)NC2=CC=C(OCC)C=C2)C=C1,4.128000000000002
CCCOCC(=NC1=C(C(F)(F)F)C=C(Cl)C=C1)N1C=CN=C1,4.560200000000004
CN(C)C(=O)COC(=O)C1CCN2C(C(=O)C3=CC=CC=C3)=CC=C12,1.8377999999999992
COC(=O)C1=C(O)C=CC(CCC2=C(OC)C=CC(OC)=C2)=C1,2.981200000000001
C=CCN1C=NC2=C1N=C(NC1=CC=CC=C1)NC2=O,2.0491999999999995
CNC1CN(C2=CC3=C(C=C2F)C(=O)C(C(=O)O)=CN3C2CC2)C1C,1.9701999999999995
CC1N(C2=CC3=C(C=C2F)C(=O)C(C(=O)O)=CN3C2CC2)CC1(C)N,2.0996
CC1C(N)CN1C1=C(Cl)C2=C(C=C1F)C(=O)C(C(=O)O)=CN2C1CC1,2.3629
CNC1CN(C2=C(F)C3=C(C=C2F)C(=O)C(C(=O)O)=CN3C2CC2)C1C,2.1093
CCC1C(N)CN1C1=C(F)C2=C(C=C1F)C(=O)C(C(=O)O)=CN2C1CC1,2.2387
CC1C(N)CN1C1=CC2=C(C=C1F)C(=O)C(C(=O)O)=CN2C1CC1,1.7095000000000002
CC12CCC(=O)C=C1CCC1C2CCC2(C)C(OC(=O)C(CO)CO)CCC12,3.0309000000000017
OCC1OC(N2C(C3=CC=CO3)=NC3=C2C=CC=C3)C(O)C1O,0.9077999999999996
CCCCCCCCSC1C(O)C(O)OC(CO)C1O,0.8799999999999999
CC(O)C1C(=O)N2C(C(=O)O)=C(SCC(=N)N(C)C)C(C)C12,0.4121700000000001
CC1=C(N)C=CC(N=NC2=C(C)C=CC=C2)=C1,4.301040000000002
CN(C)C1=CC=C(N=NC2=CC=CC=C2)C=C1,4.168000000000003
CC1NC(=O)C2=C(C=CC=C2)NC1=O,0.7569999999999999
BrC1=CC=CC(NC2=NC=NC3=CC4=C(C=NN4)C=C32)=C1,4.012200000000001
C=CC1(C(C)CCC)C(=O)NC(=O)NC1=O,0.961
BrC1=CC=CC(NC2=NC=NC3=CC4=C(C=CN4)C=C32)=C1,4.617200000000001
CN1C(=O)CN=C(C2=CC=CC=C2)C2=C1C=CC(Cl)=C2,3.153800000000002
CN(C)C1=CC=C(N=NC2=CC=C(S(=O)(=O)O)C=C2)C=C1,3.4147000000000016
C1C(=O)NC2=C(C=C(C=C2)[N+](=O)[O-])C(=N1)C3=CC=CC=C3Cl,3.037700000000002
CN1C=CC2=C1C=C1N=CN=C(NC3=CC(Br)=CC=C3)C1=C2,4.627600000000003
CN1N=CC2=C1C=C1N=CN=C(NC3=CC(Br)=CC=C3)C1=C2,4.022600000000002
CCN(C(N)=O)C1=CC=C(OC)C=C1,1.6002000000000005
ClC1=CC(Cl)=C(C(CN2C=CN=C2)OCC2=C(Cl)C=CC(Cl)=C2)C=C1,6.454800000000004
OCC1OCOC2COCOC12,-0.9068999999999996
CCCC(CO[N+](=O)O)O[N+](=O)O,0.3544999999999999
CC(CCCO[N+](=O)O)O[N+](=O)O,0.3544999999999999
CC(CCCCO[N+](=O)O)O[N+](=O)O,0.7445999999999997
CN1CCN(CC2=CN=C(Cl)C=C2)C1=NC#N,1.3194799999999998
C1CCC(C(C1)O[N+](=O)O)O[N+](=O)O,0.497
N#CN=C1NCCN1CC1=CN=C(Cl)C=C1,0.9772799999999996
C1CCC(C(CC1)O[N+](=O)[O-])O[N+](=O)[O-],1.1042999999999998
CCN(CC)CCSC1=NC2=C(N=N1)NC1=C2C=CC=C1,2.9400000000000004
CCC1(CC)C(=O)NC(=S)NC1=O,0.3236999999999997
CS(=O)(=O)C1=CC=C(C2=C(C3=CC=CC=C3)C(=O)OC2)C=C1,2.5577000000000005
CN1C=NC=C1CC(N)C(=O)O,-0.6254999999999993
O=C(O)C1CCC(C(=O)O)SS1,1.0679999999999998
COC1=NC=C(NC(=O)C2CC2)C=C1,1.4387
NS(=O)(=O)C1=C(Cl)C=C(NCC2=CC=CO2)C(C(=O)O)=C1,1.8907000000000005
CCOC(=O)C(CCC1=CC=CC=C1)NC(C)CN1CCCC1C(=O)O,2.078
CCC1(C2=CC=CC=C2)NC(=O)NC1=O,1.1313
OC1COC(OC2=CC=CC=C2)C(O)C1O,-0.4956000000000001
O=C(O)CCCC1CCCC2NC(=O)NC12,1.0914
NC(CC1=CNC2=C1C=CC=C2)C(=O)O,1.1223
CCCC(C)C1(CC)C(=O)NC(=O)NC1=O,1.1849999999999998
O=C1NCC(=O)N(CC(O)C(O)C(O)CO)C2=C1C=CC=C2,-2.161999999999998
CC1=C(C(=O)O)C=C(C(O)C(O)C(O)CO)O1,-0.9662800000000002
OCC1OC(OC2=CC=CC=C2)C(O)C(O)C1O,-1.1347000000000005
COC1=CC2=CC=C(C(C)C(=O)OCCN3CCNCC3)C=C2C=C1,2.4003
COC1=CC2=CC=C(C(C)C(=O)OCCN3CCN(C)CC3)C=C2C=C1,2.742500000000001
COC1=CC2=CC=C(C(C)C(=O)OCCCCN3CCOCC3)C=C2C=C1,3.6075000000000026
COC1=CC=C2C=C(C(C)C(=O)OCCCCN3CCN(C)CC3)C=CC2=C1,3.522700000000002
O=C1NC2=C(C=CC=C2)C(=O)N2CCCC12,1.2432999999999998
O=C1NC2=C(C=CC=C2)C(=O)N2CC(O)CC12,0.2140999999999998
CC1=C2C(O)C3C(CC(C)C2CC1=O)OC(=O)C3C,1.4703
CC(=O)NC(CC1=CNC2=C1C=CC=C2)C(=O)O,1.2997
CCOC(=O)C1=CC2(CC)CCCN3CCC4=C(C32)N1C1=C4C=CC=C1,4.148300000000003
C1=CC=C(C2=CN=C(C3=CC=C(CN4CCOCC4)C=C3)O2)C=C1,3.8408000000000015
CN1CC(O)C2=CC(=NNC(N)=O)C(=O)C=C21,-1.2899999999999994
CC1=CC(OC2=CC=CC=N2)=NN1C,1.9158199999999996
CN(C)N=NC1=CC=C(C(=O)O)C=C1,1.9451
NC(CC1=CNC2=C1C=CC=C2)C(=O)NCC(=O)O,0.2384999999999997
NC1=NC(=O)N(C2CC(F)C(CO)O2)C=C1,-0.5566000000000006
O=C(O)C1=C(Cl)C=C(N=NC2=CC=C(O)C=C2)C=C1,4.159200000000001
C1=CC(=CC(=C1)OC2C(C(C(C(O2)CO)O)O)O)[N+](=O)[O-],-1.2265
O=C(O)C1CN2CCC1CC2C(O)C1=CC=NC2=C1C=CC=C2,2.0631999999999997
C1=CC=C(C(=C1)NN=C2C=CC(=O)C(=C2)C(=O)O)[N+](=O)[O-],1.5125999999999995
COCC1COC2=C(C=C3C(=C2)N=CN=C3NC2=CC(I)=CC=C2)O1,3.7642000000000015
O=C(O)C1CCC(=O)N1CN1C(=O)CCC1C(=O)O,-0.9048999999999994
COC1=CC=C(CC2NC(=O)N(C(C)C(=O)O)C2=O)C=C1,0.6311999999999995
CC(C)C(NS(=O)(=O)C1=CC=C(F)C=C1)C(=O)NC1CCOC1O,0.3520999999999997
CC(C)CC(NC(=S)NC1=CC=CC=C1)C(=O)NC1CCOC1O,1.6111999999999995
COC1=CC(=O)C2(OC3=C(C2=O)C(OC)=CC(OC)=C3Cl)C(C)C1,2.8103000000000016
CC(C)CC(N)C(=O)NC(CC1=CNC2=C1C=CC=C2)C(=O)O,1.6532000000000002
COC1=CC(OC)=C(Cl)C2=C1C(=O)C1(O2)C(C)CC(O)CC1O,1.8227999999999995
CC12CCC(O)CC1CCC1C2CCC2(C)C(C3=CC(=O)OC3)CCC12O,3.6043000000000034
OC1=CC=C(N=NC2=CC=CC=C2)C=C1,3.8076000000000025
OC1=CC(O)=C(N=NC2=CC=CC=C2)C=C1,3.513200000000002
O=C1C(O)C2CC3N1CCC31C3=C(C=CC=C3)N3C(=O)C=CC2C31,0.8209
O=C(O)C1=CC=C(N=NC2=CC=C(O)C=C2)C=C1,3.5058000000000016
O=C(O)C1=C(O)C=CC(N=NC2=CC=CC=C2)=C1,3.5058000000000016
OCC(O)C(O)C1=NN(C2=CC=CC=C2)C2=C1N=C1C=CC=CC1=N2,1.3552999999999995
CC1(C)SC2C(NC(=O)COC3=CC=CC=C3)C(=O)N2C1C(=O)O,0.6970999999999998
O=C1CC(=O)CC(C2=CC=CC=C2)C1,2.0923
CC(C)CC1OC(O)C(CC2=CC=CC=C2)NC1=O,1.4771999999999998
NNC(=O)C1=CC=C(C(=O)NN)C=C1,-1.1063999999999996
CC(NC(=O)C(N)C1=CC=CC=C1)C1=CC=CC=C1,2.5638000000000005
O=C1NC(=O)C(Cl)=C(CN2CCCC2)N1,0.3124
O=C1NC(=O)C(Br)=C(CN2CCCC2)N1,0.4215
CC12CC(C)(NC(=O)N1)NC(=O)N2,-0.5654999999999994
O=C(O)C(O)(CO)CC(O)CO,-2.4622999999999995
CC1=C(CC(=O)O)C(=O)NC(=O)N1,-1.0012800000000002
CCN(CC)S(=O)N(CC)CC,1.2487
CC(C)C(NCCC#N)C(=O)O,0.5988799999999999
CCC(C)C(NCCC#N)C(=O)O,0.9889800000000002
C(CCO[N+](=O)O)CO[N+](=O)O,-0.0339999999999997
CCCCOP(=O)(OCCCC)OCCCC,4.544600000000004
CC(CCO[N+](=O)O)O[N+](=O)O,-0.0355999999999999
C(CCO[N+](=O)O)CCO[N+](=O)O,0.3561000000000002
CC(C)CC(C(=O)O)N(CCC#N)CCC#N,1.6150600000000002
CC(CCC(C)O[N+](=O)O)O[N+](=O)O,0.7429999999999999
NC(CSCCSCC(N)C(=O)O)C(=O)O,-0.7233999999999987
NC(CSCCCSCC(N)C(=O)O)C(=O)O,-0.3332999999999991
NC(CSCCCCSCC(N)C(=O)O)C(=O)O,0.0568000000000005
CC1=CC=C(S(=O)(=O)N(Cl)Cl)C=C1,2.2933200000000005
NC(CSCCCCCSCC(N)C(=O)O)C(=O)O,0.4469000000000003
NC1=C2NC(=O)N=C2NC(=O)N1,-1.5267000000000004
CC(C)CC(NC(=O)C(C)NC(=O)CN)C(=O)NC(C(=O)O)C(C)C,-0.7938999999999963
CCCCCCOC(=O)C(C)O,1.4907
CCC(C)C(NC(C)=O)C(=O)O,0.6218000000000001
O=C(O)COC1=C(Cl)C=C(Cl)C=C1Cl,3.1102000000000007
CC(C(C)O[N+](=O)O)O[N+](=O)O,-0.0371999999999997
CCCCC(NC(N)=O)C(=O)O,0.2980999999999999
CSCCC(NC(C)=O)C(=O)O,0.3288
CC(SSC(C)C(=O)O)C(=O)O,1.3139999999999998
CCC(SC(CC)C(=O)O)C(=O)O,1.446
CC(SCSC(C)C(=O)O)C(=O)O,1.3564999999999998
CC(C)CC(N)C(=O)NC(C(=O)O)C(C)C,0.5851999999999999
CC(=O)NC(CCC(=O)O)C(=O)O,-0.5594999999999994
NC(=O)NN=CC(O)C(O)C(O)CO,-3.2845
CCSC(=S)OC(CC(=O)O)C(=O)O,0.9689
CCOC(=S)SC(CC(N)=O)C(=O)O,0.3696000000000002
CCOC(=S)SC(CC(=O)O)C(=O)O,0.9689
CCSC(CCC(SCC)C(=O)O)C(=O)O,2.1792
NC(CCSSCCC(N)C(=O)O)C(=O)O,-0.0282000000000001
C=CCSC(CCC(SCC=C)C(=O)O)C(=O)O,2.5114
CC(C)CC(N)C(=O)NCC(=O)NCC(=O)O,-1.3231999999999975
CC(C)CC(NC(=O)CNC(=O)CN)C(=O)O,-1.3231999999999973
COC(OC(C)=O)C(OC(C)=O)C(OC(C)=O)C(COC(C)=O)OC(C)=O,-0.1197999999999988
C1=C(SC(=C1)[N+](=O)[O-])C(=O)NN,0.2598000000000002
NS(=O)(=O)C1=NC2=C(C=CC=C2)S1,0.9437000000000004
OC(=S)CCCCCCC(O)=S,3.097800000000001
CCCC(=O)NNC(=O)CCC,0.7339999999999997
CCN(CC)S(=O)(=O)N(CC)CC,0.9148
CC1=C2C=CC=CC2=C(CN2CCOCC2)C2=C1C=CC=C2,4.133620000000003
NC(=O)NCCCCCC(=O)O,0.2996999999999996
OC(=S)CCCCCCCCC(O)=S,3.878000000000003
COC(=O)C(C#N)C(=O)CC(C)C,0.91438
CC1=CC2=C(C=C1)S(=O)(=O)C=C2,1.75302
CCCCC(=O)NNC(=O)CCCC,1.514199999999999
CCOC(=O)CNC(C)=CC(C)=O,0.6318999999999999
CCC(CO[N+](=O)O)O[N+](=O)O,-0.0355999999999999
CCCCCCCCOC(=O)C(C)OC(C)=O,2.841700000000001
COC1=CC2=C(C=C1)C1=C(N2)C(C)=NC=C1,3.033120000000001
CCCC(C)(COC(N)=O)COC(N)=O,0.9834000000000004
CCCCS(=O)(=O)NS(=O)(=O)CCCC,0.8357999999999999
CC1=CC(=O)OC2=C3CCCN4CCCC(=C34)C=C12,2.8002200000000013
CCCCCCS(=O)(=O)NS(=O)(=O)CCCCCC,2.3962000000000003
O=C(NCCCCCCNC(=O)OCCO)OCCO,-0.0162
CCCCCCOC(=O)CCCCCCCCC(=O)OCCCCCC,6.354200000000008
O=C(NCCCCCCNC(=O)OCCCCO)OCCCCO,1.5441999999999996
CCCCS(=O)(=O)C(S(=O)(=O)CCCC)S(=O)(=O)CCCC,1.9147
NC1=NC2=C(N=CC(=O)N2)C(=O)N1,-1.4114000000000009
O=C(O)C1=CC(N=NC2=CC=C(O)C=C2)=C(Cl)C=C1,4.159200000000001
CC(=NNC(=O)C1=NC=CS1)C(=O)O,0.3334
CC1=CS(=O)(=O)C2=C1C=CC=C2,1.8347
O=C(O)C1=CC=CC(N=NC2=CC=C(O)C=C2)=C1,3.5058000000000016
O=C(O)C1=C(N=NC2=CC=C(O)C=C2)C=CC=C1,3.5058000000000016
CCCCCCCCN(C)N=NC1=CC=C(C(=O)O)C=C1,4.675800000000004
CC(=NNC(=O)C1=CC=NC=C1)C(=O)O,0.2718999999999997
CN1C(=O)NC2=C1NC(=O)NC2=O,-1.7568
COC1=C(OC)C2=C(COC2=O)C(N)=C1,0.9564
C1=CC=C2C(=C1)C=CC=C2[N+](=O)[O-],2.748000000000001
OC1=C(Cl)C(Cl)=C(Cl)C(Cl)=C1O,3.7114
COC1=CC=C(C2=CC=CC=C21)[N+](=O)[O-],2.756600000000001
C(CCCO[N+](=O)O)CCCO[N+](=O)O,1.1363
C1C2=CC=CC=C2C3=C1C=C(C=C3)[N+](=O)[O-],3.166000000000002
C(CCCCO[N+](=O)O)CCCO[N+](=O)O,1.5263999999999998
NC(=O)OCC1COC2(CCCCC2)O1,1.1574999999999995
COP(=O)(OC)OC(=CCl)C1=C(Cl)C=C(Cl)C(Cl)=C1,5.601500000000002
CCOC(=O)N1CC(C)N(C(N)=O)CC1C,0.6162
C1=CC=C(C=C1)OP(=O)(OC2=CC=CC=C2)OC3=CC=C(C=C3)[N+](=O)[O-],5.239700000000003
O=C1C=CC2=C(O1)C(O)=C1OC=CC1=C2,2.2448
O=C1OC(C2=CC=C(Br)C=C2)C(Br)C1=O,2.3796
C1C[N+]2(CC3=CCOC4CC(=O)N5C6C4C3CC2C61C7=CC=CC=C75)O,1.9965
NC(=O)OCC1CSC2(CCCCC2)S1,2.590700000000001
C(CCCO[N+](=O)O)CCO[N+](=O)O,0.7462
CC12CCC3C4=C(C=C(O)C=C4)CCC3C1CCC2=O,3.817400000000002
NNC(=O)C1=CC2=C(C=C1)OCO2,0.0187999999999999
CCN(CC)C1=CC2=C(C=C1)C(C)=CC(=O)O2,2.947620000000001
NC1=C2C=CC=NC2=C(S(=O)(=O)O)C=C1,1.0637
NC1=C(S(=O)(=O)O)C=CC2=C1C=CC=N2,1.0637
COC1=CC=C(Cl)C(OC)=C1O,2.0628000000000006
CC1=CC2=CC3=C(C=C2O1)OC(=O)C=C3C,3.1560400000000017
CCC1(CCO)C(=O)NC(=S)NC1=O,-0.7039000000000004
NC1=CC=C(S(=O)(=O)N=C2CC=CN2)C=C1,0.8630000000000001
CC1=CC(=O)N(O)C2=C1C1=C(C=CC=C1)C=C2,2.700420000000001
O=C(O)CSC(=S)OCC1=CC=CC=C1,2.3059000000000003
CC1=CC2=CC=CC(O)=C2N=C1C,2.557240000000001
CCCCCCCCC(CO[N+](=O)O)O[N+](=O)O,2.305
CCCC1(CCC)C(=O)NC(=O)NC1=O,0.9389999999999998
CC1=NC(=O)C2=C(N1)C=CC(=C2)[N+](=O)[O-],1.1397199999999998
CCCCCOC(=O)C1=C(C(=O)OCCCCC)C=CC=C1,4.380600000000004
NC(=O)CNC(=O)CNC(=O)OCC1=CC=CC=C1,-0.4856999999999998
CCC(=O)C(CCCCCCOC1=C(Cl)C=C(OC)C=C1)C(=O)CC,5.252300000000005
CCCCC1(CC)C(=O)NC(=O)NC1=O,0.9389999999999998
CC(=O)C1=C(C(=O)O)C(C(=O)O)=CN=C1C,0.98902
CC1=C(C(C)C)C(=O)N(C2=CC=CC=C2)N1C,2.607820000000001
C1=CC=C2C=C(C=CC2=C1)[N+](=O)[O-],2.748000000000001
CC(=NO)C(=NO)C1=CC=CC=C1,1.715
COC1=C(OCC(O)CO)C=CC=C1,0.4272000000000001
OCCOC1=CC=CC(OCCO)=C1,0.4287999999999999
CC(=O)CC(C)=NCCN=C(C)CC(C)=O,1.8664
C1=CC(=CC=C1C(=O)NO)[N+](=O)[O-],0.7138000000000002
COC1=CC=C(C=CC(=O)C2=C(O)C=CC=C2)C=C1,3.2969000000000017
CONC(=O)C1=CC=C(C=C1)[N+](=O)[O-],0.8860000000000001
C1=CC2=C(C=C1)C1=C(C=NC=C1)N2,2.7161
CC1=CC(C)=NC(OC2=NN(C)C(C)=C2)=N1,1.92766
NC(=O)CNC(=O)OCC1=CC=CC=C1,0.398099999999999
COC1=CC2=C(C=C1)NC=C2CCNC(C)=O,1.8551
CC12CCC3(O)C(CCC4=CC(=O)CCC43C)C1CCC2=O,3.202300000000002
CC(CCC(=O)O)=NNC(=O)C1=CC=NC=C1,1.0521
O=S(=O)(C1=CC=CC=C1)N(Br)Br,2.2971000000000004
CCC=C(C)C1(CC)C(=O)NC(=O)NC1=O,1.1050999999999995
CC(C)CC1(CCO)C(=O)NC(=S)NC1=O,-0.0677999999999999
O=S(=O)(C1CCCCC1)C1CCCCC1,3.066600000000002
CCCC1(CCO)C(=O)NC(=S)NC1=O,-0.3138
NC(=O)OCC1CSC2(CCCCC2)O1,1.8741
COC1=CC=C2C=C(CCC(C)=O)C=CC2=C1,3.370000000000002
COC1=C(OC)C2=C(COC2=O)C(C#N)=C1,1.24588
O=C(O)C1=C(C(=O)C2=CC=C(O)C=C2)C=CC=C1,2.321400000000001
NC(=O)NS(=O)(=O)C1=CC=C(N)C=C1,-0.3742000000000003
CCOC(=O)C(C)(C)NC(=O)C1=CC=CC=C1,1.7581
CCOC(=O)OC1=CC=C(NC(C)=O)C=C1,2.1803
CC1(C(=O)O)NCCC2=C1C=C(O)C(O)=C2,0.5432999999999999
COC1=CC=C(C(O)C(O)C2=CC=CC=C2)C=C1,2.4622
NC(CC1=CC=C(O)C=C1)C(=O)NCC(=O)O,-0.5372000000000001
COC1=CC=C(CC2NC(=O)N(C)C2=O)C=C1,0.7878999999999996
O=C(O)C(OC1=C(Cl)C=CC=C1)OC1=C(Cl)C=CC=C1,3.861900000000002
COC1=C(C=CC(=C1)OC2=C(C=C(C=C2)Cl)Cl)[N+](=O)[O-],4.702500000000002
CCNC(=S)N1CCN(C(=O)OCC)CC1,0.6549
O=C(NC(=O)C1=C(F)C=CC=C1F)NC1=CC=C(Cl)C=C1,3.5801000000000016
CC(C)CC(NC(=O)OCC1C2=C(C=CC=C2)C2=C1C=CC=C2)C(=O)O,4.024400000000002
CC(=O)NS(=O)(=O)C1=CC=C(NC(=O)C2=C(C(=O)O)C=CC=C2)C=C1,1.4619000000000002
CCC1(C2=C(C=C(C=C2)[N+](=O)[O-])C(=O)O1)CC,2.780500000000001
CCCCC(CCCC)(CCCC)C(=O)NO,4.048800000000002
NS(=O)(=O)C1=CC=C(NO)C=C1,0.1351000000000001
CC(C)C1OCC2(CO1)COC(C(C)C)OC2,2.0306
CC(=O)NC(CC1=CC=CC=C1)C(=O)O,0.8183999999999998
CC(C)C1=CC=C(NC(=O)N(C)C)C=C1,2.903500000000001
CCOC(=O)C(CC1=CC=CC=C1)NC(C)=O,1.2969
CCN(CC)CC(=O)NC1=C(C)C=CC=C1C,2.5837400000000006
CC1=CC2=CC3=C(OC(=O)C=C3C)C(C)=C2O1,3.4644600000000025
COC1=CC(OC)=CC(OC)=C1,1.7124
CCOC(=O)C(CC1=CC=C(O)C=C1)NC(=O)C1=CC=CC=C1,2.2964
CC1=CC=C(S(=O)(=O)NC(CCC(=O)O)C(=O)O)C=C1,0.5913199999999995
CCN(CC)C(=O)CN1C=C(Br)C(=O)C(Br)=C1,2.2417
CCN(CC)C(=O)CN1C=C(I)C(=O)C(I)=C1,1.9259
O=S(=O)(O)C1=C2C=CC=NC2=C(O)C(I)=C1,1.7916999999999998
C=CCC1(C(C)CCC)C(=O)NC(=O)NC1=O,1.3510999999999995
CCCCC(CC)CC(CC)(CC)C(=O)NO,3.904700000000002
CCCCCCCCC(CC)(CC)C(=O)NO,4.048800000000002
CC(C)CC(CC(C)C)(CC(C)C)C(=O)NO,3.616500000000001
CCCCCCC(CCC)(CCC)C(=O)NO,4.048800000000002
CCCCCCCCCCC(C)(C)C(=O)NO,4.048800000000002
CCCCC1(CCO)C(=O)NC(=S)NC1=O,0.0762999999999999
O=C(O)CC1(O)CC(=O)N(C2=CC=CC=C2)C1=O,0.1556999999999999
CCC(CC)(CC1=CC=C(C)C=C1)C(=O)NO,2.84932
O=C(NC(CO)C(=O)O)C1=CC=CC=C1,-0.1381000000000003
O=C1NC=C(NS(=O)(=O)O)C(=O)N1,-1.7221000000000002
CC1=CC(C)=C(CC(C)(C)C(=O)NO)C(C)=C1,2.685960000000001
CN(CC(=O)O)C(=S)SCC1=CC=CC=C1,2.2211
CCC1(CC)C(=O)N(C)N(C2=CC=CC=C2)C1=O,2.213
CCCOC(=O)C1=C(C(=O)OCCC)C=CC=C1,2.8202000000000016
CCCCCCCCNCC(O)CO,1.2896999999999998
CCCCCCCCCNCC(O)CO,1.6797999999999995
CCCCCCCCCCNCC(O)CO,2.0699
CNCC(O)C1=CC(O)=C(O)C=C1,0.3506000000000001
CC(C)CCC1(CCO)C(=O)NC(=S)NC1=O,0.3223
CCCCCC1(CCO)C(=O)NC(=S)NC1=O,0.4663999999999998
O=C(O)CN1C(=O)NC(=O)C1CC1=CC=CC=C1,0.2341000000000002
CS(=O)(=O)NC1=C(C=C(C=C1)[N+](=O)[O-])OC2=CC=CC=C2,2.7586000000000004
NC(=O)NC1(O)NC(=O)NC1(O)C(=O)O,-3.613199999999999
CCCC(C)CC1(CCO)C(=O)NC(=S)NC1=O,0.7123999999999999
O=C(O)CCN1C=CC=CC1=O,0.3229999999999999
NC1=CC=C(S(=O)(=O)NC2=CN=C(I)C=C2)C=C1,2.0692
CC12CCC3C4=C(C=C(O)C=C4)CCC3C1CC(O)C2O,2.5800000000000005
CC(=O)C(OC1=C(Cl)C=CC=C1)C(=O)O,1.761
O=C1C=CC2=C(C=CC=C2)C1=NO,1.4608
CC(=O)NC1=CC2=C(C=C1)N=C(S(N)(=O)=O)S2,0.9021
O=C(O)CSC(CC(=O)O)C1=CC=CC=C1,2.0202
COC1=CC(C(=O)C=CC2=CC=CC=C2)=C(O)C=C1,3.2969000000000017
COC(=O)C1=CC(Br)=C(O)C=C1,1.9413
CCC1=NN=C(NS(=O)(=O)C2=CC=C(N)C=C2)S1,1.4835
O=C(O)C1=C(C(=O)OCCOC(=O)C2=C(C(=O)O)C=CC=C2)C=CC=C1,2.0968
COc1cc(c2COC(=O)c2c1OC)[N+]([O-])=O,1.2824
CC(=O)CC(C)=NC1=CC=C(O)C=C1,2.4637
CCC1(CC)C(=O)N(C2=CC=CC=C2)N=C1OC(C)=O,2.716200000000001
COC(=O)C1=CC(O)=C(OC)C(O)=C1,0.8929999999999998
NC1=CC=C2C(O)=CC=CC2=C1S(=O)(=O)O,1.3743000000000003
CC(=O)NC(CC1=CC=C(O)C=C1)C(=O)O,0.5239999999999998
NCC(=O)NC(CC1=CC=C(O)C=C1)C(=O)O,-0.5371999999999997
CC(=O)CC(C)=NC1=C(O)C=CC=C1,2.4637
NC1=C(C=NC2=C(O)C=CC=C2)C=CC=C1,2.7250000000000005
NC1=C(C(=O)OCC=CC2=CC=CC=C2)C=CC=C1,3.139000000000002
NC(C(=O)NCC(=O)O)C1=CC=CC=C1,-0.1127999999999995
O=C(O)CN(C(=S)SCC1=CC=CC=C1)C1=CC=CC=C1,3.7959000000000014
COC(=O)C(CC1=CC=CC=C1)NC(=O)C(CC(=O)O)NC(=O)C(F)(F)F,0.4086999999999992
CC(=O)NC1=C(C=CC(=C1)Cl)[N+](=O)[O-],2.2066
N#CCCNC(CC1=CC=CC=C1)C(=O)O,1.18558
CCCN(CCC)S(=O)(=O)C1=CC=C(C(=O)O)C=C1,2.1955
CCNC(=O)NC1=C(C)N(C)N(C2=CC=CC=C2)C1=O,1.6258200000000005
CC1=CC=C(C(=O)N(O)C2=CC=C(Cl)C=C2)C=C1,3.684420000000002
C1=CC=C(CNC23OC4C5C6CC(C7C6C4C72)C53)C=C1,2.2590000000000003
O=C(O)C1=CC=C(P(=O)(C2=CC=CC=C2)C2=CC=C(C(=O)O)C=C2)C=C1,2.7224000000000004
NS(=O)(=O)C1=C(C2=NC3=C(C=CC=C3)C(=O)N2)C=CC=C1,1.2375000000000005
CC(C)=NNC(=O)NC1C2=C(C=CC=C2)OC2=C1C=CC=C2,3.576700000000001
NC1C(O)C(O)C(O)C(O)C1O,-3.8682
O=C(O)C=CC(=O)NC1=CC=CC=C1,1.2658999999999998
O=C(O)C1=CC=C(P(=O)(O)C2=CC=CC=C2)C=C1,1.606
CC(=O)NC1=CC=C(S(=O)(=O)NC2=NC(C)=CS2)C=C1,2.21072
NC1=CC=C(S(=O)(=O)NC2=NC3=C(C=N2)CCCC3)C=C1,1.7384
CN1C(=O)C(CC2=CC=C(O)C=C2)N(CC(=O)O)C1=O,0.2818999999999997
CC(C)CC(N)C(=O)NC(CC1=CC=C(O)C=C1)C(=O)O,0.8774999999999995
CCN(CC)C(C)COC(=O)C1=CC=C(N)C=C1,2.1559
CC(C)CC(NC(=O)C(N)CC1=CC=C(O)C=C1)C(=O)O,0.8774999999999995
CC1C(=O)CCC2C(O)CCC(O)C12,0.7333999999999998
CC(C)(C)CC(C)(C)C1CC/C(=N/O)/C(=N\O)/C1,3.909300000000002
CNC(CC1=CC(O)=C(O)C=C1)C(=O)O,0.3128999999999996
CC(=O)NC(CSC1=CC(Cl)=C(Cl)C=C1)C(=O)O,2.6748000000000003
C1=CC(=CC=C1NC(=O)NCCC(=O)O)[N+](=O)[O-],1.1909999999999998
CC1(C)OC(=O)C2=C1C=CC(C#N)=C2,1.96378
N#CCCN(CCC#N)C(CC1=CC=C(O)C=C1)C(=O)O,1.51726
O=C(O)CN1C(=O)N(C2=CC=CC=C2)C(=O)C1CC1=CC=CC=C1,2.1511000000000005
CC1(C)C(=O)C(=O)C2CCC1C2,1.5807
CCOC(=O)C(O)C1=CC=CC=C1,1.2831
CC12CCC(CC1=O)C2(C)C(=O)O,1.4664
CC12CCC(C(=NO)C1=NO)C2(C)C,2.1029
CC(C(=O)O)S(=O)(=O)C1=CC=CC=C1,0.9334
C1=CC=C(C2=NC3N=CN=CC3=N2)C=C1,1.3266
CC(O)C(NC(=O)C1=CC=CC=C1)C(=O)O,0.2503999999999999
O=C(O)CSC(C(=O)O)C1=CC=CC=C1,1.6301
CC(CC(=O)NC1=CC=CC=C1)C(=O)O,1.7359
CC(C(=O)N(C)C)S(=O)(=O)C1=CC=CC=C1,0.9369999999999996
COC(C)C(NC(=O)C1=CC=CC=C1)C(=O)O,0.9045
O=C(O)CNC(CC1=CC=CC=C1)C(=O)O,0.3564999999999995
CC(OC1=C(Cl)C=C(Cl)C(Cl)=C1)C(=O)O,3.4987000000000013
CC(C(=O)O)NC(=O)C1=CC(=CC=C1)[N+](=O)[O-],0.7976999999999999
O=C(O)CNC(CC1=CC=C(O)C=C1)C(=O)O,0.0620999999999998
CC(=O)C=C(C)NC1CCCCC1NC(C)=CC(C)=O,2.4624000000000006
OCC(O)C(O)C(O)C=NN(C1=CC=CC=C1)C1=CC=CC=C1,0.8854999999999997
CC(CCC(=O)O)C1CCC2C3CC(O)C4CC(O)CCC4(C)C3CCC12C,4.477900000000004
O=C(O)C(SCCSC(C(=O)O)C1=CC=CC=C1)C1=CC=CC=C1,4.104600000000003
NC(CC1=CC=C(O)C=C1)C(=O)NCC(=O)NCC(=O)O,-1.420999999999999
CC1=C(NC(=O)NC2=CC=CC=C2)C(=O)N(C2=CC=CC=C2)N1C,3.128420000000001
C=CCC1=CC=C2C=NC=NC2=C1O,2.0639
CC1=C(O)C=CC(C(=O)CC(C)C)=C1,2.929420000000001
CC1CCC(C)C(=NO)C1=NO,1.7128
COC1=CC(O)=C(CC=C(C)C)C2=C1C(=O)CC(C1=CC=C(O)C=C1)O2,4.3216000000000045
CCOC(=O)C1=CC(Br)=C(O)C=C1,2.3314000000000004
CCCOC(=O)C1=CC(Cl)=C(O)C=C1,2.612400000000001
CCCOC(=O)C1=CC(Br)=C(O)C=C1,2.7215000000000007
O=S1(=O)OC(C2=CC=C(O)C=C2)(C2=CC=C(O)C=C2)C2=C1C=CC=C2,3.108600000000001
C=CCOC1=C(C=C(C=C1)[N+](=O)[O-])N,1.7417999999999998
COC1=CC=C(N(C)C(N)=O)C=C1,1.2101
CCCCOC1=C(C=C(C=C1)[N+](=O)[O-])N,2.3559
COC1=C(S(N)(=O)=O)C=C(C)C=C1,0.6510199999999999
CCCCOC(=O)C1=CC(Cl)=C(O)C=C1,3.0025000000000013
CCCCOC(=O)C1=CC(Br)=C(O)C=C1,3.111600000000002
CC1=C(OCC(O)=S)C=CC(Cl)=C1,2.9126200000000004
CCCCCOC(=O)C1=CC(Cl)=C(O)C=C1,3.3926000000000025
CCCCCOC(=O)C1=CC(Br)=C(O)C=C1,3.5017000000000023
CCCCCOC(=O)C1=CC(I)=C(O)C=C1,3.3438000000000025
CC(C)OC1=C(C=C(C=C1)[N+](=O)[O-])N,1.9642
C1=CC=C(C=C1)C2=C(C=CC(=C2)O)[N+](=O)[O-],2.967400000000002
CC(C(N)=O)S(=O)(=O)C1=CC=CC=C1,0.3340999999999997
CCOC1=CC=C(N(CC)C(N)=O)C=C1,1.9903
OC(=S)COC1=C(Cl)C=C(Cl)C=C1,3.257600000000001
CCCCCCOC(=O)C1=CC(Cl)=C(O)C=C1,3.782700000000003
CCCCCCOC(=O)C1=CC(Br)=C(O)C=C1,3.891800000000004
CCCCCCOC(=O)C1=CC(I)=C(O)C=C1,3.733900000000003
COC1=CC=CC(OCC(O)CO)=C1OC,0.4357999999999998
COC1=C(O)C(OC)=C(Cl)C(Cl)=C1Cl,3.369600000000001
CCCCCCCOC(=O)C1=CC(Cl)=C(O)C=C1,4.172800000000003
CCCCCCCOC(=O)C1=CC(Br)=C(O)C=C1,4.281900000000005
CCCCCCCOC(=O)C1=CC(I)=C(O)C=C1,4.124000000000003
COC1=CC(C(=O)O)=C(C(=O)O)C=C1O,0.7971999999999999
O=S(=O)(C1=CC(O)=CC=C1)C1=C(O)C=CC=C1,1.9306
O=S(=O)(C1=CC(O)=CC=C1)C1=CC(O)=CC=C1,1.9306
CCCCCCCCOC(=O)C1=CC(Br)=C(O)C=C1,4.672000000000005
CCCCCCCCOC(=O)C1=CC(I)=C(O)C=C1,4.514100000000005
CCN(CC)C(C)C(C)OC(=O)C1=CC=C(N)C=C1,2.5444000000000004
OC(=S)COC1=C(Cl)C=C(Cl)C(Cl)=C1,3.911000000000001
CC(=O)OC1C(C2COC(C)(C)O2)OC2OC(C)(C)OC21,0.9459999999999992
O=C(NC1=CC=CC=C1)C(O)COC1=CC=CC=C1,2.065
C1=CC2=C(C=C1)SC1=C(C=CC=C1)N2,3.894800000000002
CCOC1=C(C(=O)N(O)C2=CC=CC=C2)C=CC=C1,3.121300000000001
NCCNC1=CC=C(S(=O)(=O)C2=CC=C(N)C=C2)C=C1,1.4721999999999995
NC1=CC=C(S(=O)(=O)NC(CO)(CO)CO)C=C1,-1.7372
CC(C)(NC(=O)C1=CC=CC=C1)C(=O)NCC(=O)O,0.3957999999999997
O=C(O)C1=C(N=NC2=CC=C(O)C=C2)C=CC=C1Cl,4.159200000000001
CC1=C(NS(=O)(=O)C2=CC=C(N)C=C2)C2=C(C=CC=C2)C=C1,3.531220000000001
CC1=CC=C(NC(=O)C(O)(O)C(=O)NC2=CC=C(C)C=C2)C=C1,1.5615399999999997
O=C(O)C(NCCCCCNC(C(=O)O)C1=CC=CC=C1)C1=CC=CC=C1,2.987700000000001
NC1=NC2=C(N=CN2C2C=CC(CO)C2)C(O)=N1,0.2235999999999997
NS(=O)(=O)C1=CC(S(=O)(=O)C2=CC=C(O)C=C2)=CO1,0.4654000000000005
NS(=O)(=O)C1=CC(S(=O)(=O)C2=CC=C(O)C=C2)=CS1,0.9339000000000006
COC1=CC=C(S(=O)(=O)C2=COC(S(N)(=O)=O)=C2)C=C1,0.7684000000000001
COC1=CC=C(S(=O)(=O)C2=CSC(S(N)(=O)=O)=C2)C=C1,1.2369
NS(=O)(=O)C1=CC(S(=O)(=O)C2=CC(O)=CC=C2)=CS1,0.9339000000000006
NC(CCCCNC(=O)OCC1C2=C(C=CC=C2)C2=C1C=CC=C2)C(=O)O,3.1073000000000013
CN1CCC(=C2C3=C(C=CC=C3)C=CC3=C2C=CC=C3)CC1,4.697900000000004
CC(C)CNCC1=CC=C(S(=O)(=O)C2=CSC(S(N)(=O)=O)=C2)C=C1,1.9739
COC1=C(Cl)C=C(Cl)C(OC)=C1O,2.716200000000001
CC1=CC2OC3CC(O)C(C)(C2(CO)CC1)C31CO1,1.0125
C1=CC2=C(C=C1Cl)NC(=N2)C3=CC=C(O3)[N+](=O)[O-],3.384500000000001
CC1=NC=CC2=C1NC1=C2C=CC=C1,3.0245200000000008
CN1CC2C3=C(C=CC=C3)OC3=C(C=C(Cl)C=C3)C2C1,4.258500000000003
C1=CC2=C(C=C1F)NC(=N2)C3=CC=C(O3)[N+](=O)[O-],2.8702000000000014
C#CC1CN2CCC1CC2C(O)C1=CC=NC2=C1C=C(OC)C=C2,2.620400000000001
CCCCCCCCCCSC(=N)N,3.753770000000002
CCOC(=O)N1CCN(C)CC1,0.3903000000000001
CCOC(=O)N1CC(C)NCC1C,0.8251000000000002
CC1=CC2=C(N)C3=C(C=CC=C3)N=C2C=C1,3.27862
CS(=O)(=O)C1=CC=C(C(=N)N)C=C1,0.37417
CC1CN(C(=N)N)C(C)CN1C(=N)N,-0.8320599999999987
NC1=C2C=C(F)C=CC2=NC2=C1C=CC=C2,3.109300000000001
NC1=C2C=CC(F)=CC2=NC2=C1C=CC=C2,3.109300000000001
NC1=C2C=CC=C(F)C2=NC2=C1C=CC=C2,3.109300000000001
NC1=C2C(Cl)=CC=CC2=NC2=C1C=CC=C2,3.6236000000000015
NC1=C2C=CC(Cl)=CC2=NC2=C1C=CC=C2,3.6236000000000015
CCN(CC)NC(=O)NC1=C(C)C=CC=C1C,2.6817400000000005
OC(C1=CC=CC=C1)(C1=CC=CC=C1)C1CCNCC1,2.9221000000000013
CCC1(CC)CCC(=O)NC1=O,1.2293999999999998
C1=CC=C2C(=C1)C(=C3C(=N2)C=CC=C3[N+](=O)[O-])N,2.878400000000001
C1CCC(NCCNC2CCCCC2)CC1,2.8310000000000004
CC(CCNCCNCCC(C)CC(C)(C)C)CC(C)(C)C,5.090400000000005
OC(CN1CCCCC1)C1=C2C=CC=CC2=C(Cl)C=C1,4.012500000000003
NC1=C2C=CC(C(F)(F)F)=CC2=NC2=C1C=CC=C2,3.9890000000000017
CCN(CC)CCC(C)(O)C1=C2C=CC=CC2=C(OC)C=C1,3.7878000000000025
N=C(N)C1=CC=C(CCC2=CC=C(C(=N)N)O2)O1,1.2259400000000005
CCOC(=O)C1=CNC(=S)N=C1,1.31589
CC1=C(NC(=O)C(=O)C(=O)NC2=C(C)C=CC=C2)C=CC=C1,2.4497400000000003
C1=CC=C2C(=C1)/C(=N/O)/C(C2=O)[N+](=O)[O-],0.7064999999999999
O=C(CCCN1CCC(O)(C2=CC=CC=C2)CC1)C1=CC=CC=C1,3.6331000000000016
CC1=CC=C(C2(O)CCN(CCCC(=O)C3=CC=CC=C3)CC2)C=C1,3.9415200000000032
CN(C)CC1CC2C3CC=C4CC(O)CCC4(C)C3CCC2(C)C1=O,3.6669000000000023
O=C(CCCN1CCC(O)(C2=CC=C(F)C=C2)CC1)C1=CC=CC=C1,3.7722000000000033
NC1=CC(S(=O)(=O)O)=CC(C(=O)O)=C1,0.2136999999999996
O=S1(=O)C2=C(C=CC=C2)C2=C1C=CC=C2,2.4998000000000005
OC1=C(S(=O)(=O)O)C(=O)C2=C1C=CC=C2,0.9973
OC(C1=CC=CC=C1)(C1=CC=CC=C1)C1CCCCN1,3.0646000000000004
CC1=CC=CC(CN2CCN(C(C3=CC=CC=C3)C3=CC=C(Cl)C=C3)CC2)=C1,5.555620000000006
CN1CCC23C4=C5C=CC(OCC6=CC=CC=C6)=C4OC2CCCC3C1C5,4.324700000000004
CC(SC1=CC=CC=C1)S(=O)(=O)O,2.0125
O=S(=O)(O)CCSC1=CC=CC=C1,1.6665
NC1=CC=C(S(=O)(=O)NC2=C(C(=O)O)C=CC=C2)C=C1,1.7678000000000005
CN1CCC23C=CC=CC2C1CC1=C3C(O)=C(O)C=C1,2.338000000000001
COCOC1=C2OC3C(O)CCC4C5CC(=C2C43CCN5C)C=C1,1.6992
CN(C)CC(O)C1=C2C=CC=CC2=C(Cl)C=C1,3.0882000000000014
NC1=CC=C(S(=O)(=O)NC2=NC=CC=N2)C=C1,0.8596000000000001
CCN(CC)CC(C1=CC=CC=C1)OC(=O)C2=CC=C(C=C2)[N+](=O)[O-],3.8347000000000016
COC1=C2OC3C(OC(C)=O)C=CC4C5CC(=C2C43CCN5C)C=C1,2.0719
O=C(OCC1=CC=CC=C1)C(OS(=O)(=O)O)C1=CC=CC=C1,2.2905000000000006
N=C(N)NN=C1C=CC(=NNC(=N)N)C2=C1C=CC=C2,-0.3692599999999992
CN(C)C(=O)C1=CC=C(Cl)C=C1,2.0418000000000003
COC1=CC=C(C(=O)NN)C=C1,0.2986999999999999
COC1=CC=C(CN(CCN(C)C)C2=NC=CC=N2)C=C1,2.0534
CCC1(C(=O)NC(=NC1=O)[O-])CC,-0.8345000000000002
COC1=C2OC3C(OC(C)=O)CCC4C5CC(=C2C43CCN5C)C=C1,2.2959000000000005
CC(C)CCOC(=O)C1CN2CCC1CC2C(O)C1=CC=NC2=C1C=CC=C2,3.5679000000000025
CC1=C(S(=O)(=O)O)C=CC(O)=C1,0.94732
CN(C)C(=O)C1=CC=C(C=C1)[N+](=O)[O-],1.2966
C=CCC1=C(OCC(O)CNC(C)C)C=CC=C1,2.1528
CN(C)CCCOC1(CC2=CC=CC=C2)CCCCCC1,4.290400000000004
COC(=O)C(CO)NC(=O)C(Cl)Cl,-0.5598000000000001
O=C(C1=CC=CC=C1)C1=CC=C2C(C(=O)O)CCN12,2.2910000000000004
CCN(CC)C(C)CN1C2=C(C=CC=C2)SC2=C1C=CC=C2,5.019600000000005
CC(C)CC(NC(=O)C(N)CC1=CNC2=C1C=CC=C2)C(=O)O,1.6532000000000002
CC(C)(CF)N1C=C(C(=O)O)C(=O)C2=C1C=C(N1CCNCC1)C(F)=C2,1.953
C#CCC(NC(=O)OC(C)(C)C)C(=O)NCC(=O)OC,0.1921999999999999
CCOC(=O)C1=C(C)NC(C)=C(C(=O)OC)C1C1=C(Cl)C(Cl)=CC=C1,3.9643000000000015
O=C(O)C1OC(C2=CC=CC=C2)OC1C1COC(C2=CC=CC=C2)O1,2.668000000000001
CC1=CC=C(C2=C(CC(=O)N(C)C)N3C=C(C)C=CC3=N2)C=C1,3.248840000000002
COC(=O)C(C)C1=CC2=CC=C(OC)C=C2C=C1,3.124900000000002
CCC1(C)NC(=O)C(C)(CC)NC1=O,0.5697999999999996
CCCC1=CC(=O)N(CCC(=O)O)C=C1,1.2755000000000003
CCOC1=C(CN(C1=O)C(C)C)[N+](=O)[O-],0.7617999999999998
CCCCCCCC1=CC(=O)N(CCC(=O)O)C=C1,2.8359000000000005
COC1=C2OC=CC2=C(CN)C2=C1OC(=O)C=C2,2.0065
CC(NC(=O)CC1=CC=CC=C1)C1=CC=CC=C1,3.1065000000000014
O=C1C=CC2=NC3=C(C=CC=C3)SC2=C1,2.761300000000001
CCOC1=CC(=O)C2(OC3=C(C2=O)C(OC)=CC(OC)=C3Cl)C(C)C1,3.200400000000002
CCN(CC)CCCC(C)NC1=C2C=C(OC)C=CC2=NC2=C1C=CC(Cl)=C2,5.972400000000007
CCCOC1=CC(=O)C2(OC3=C(C2=O)C(OC)=CC(OC)=C3Cl)C(C)C1,3.5905000000000022
CCCN1C=C(C(=O)O)C(=O)C2=C1C=C(N1CCNCC1)C(F)=C2,1.6583999999999997
CC1=NC=C(CO)C(C=NC(C(=O)O)C(C)C)=C1O,1.1160199999999998
CC1(C)SC2C(NC(=O)CC3=CC=CC=C3)C(=O)N2C1C(=O)O,0.8607999999999998
NC(=S)NS(=O)(=O)C1=CC=C(N)C=C1,-0.2093000000000002
CN(C)CCOC(C)(C1=CC=CC=C1)C1=CC=CC=N1,2.923300000000001
CC1=CC=NC(NS(=O)(=O)C2=CC=C(N)C=C2)=N1,1.16802
CCC1=C2C=CC=CC2=NC(CN)=C1C,2.5643200000000004
CCCCCCCCSC(=N)N,2.9735700000000005
O=S(=O)(N1CCCC1)N1CCCC1,0.4228
O=C(O)CC(O)CCC1=CCCC1=O,0.8915
CCCCCCC(CO[N+](=O)O)O[N+](=O)O,1.5247999999999995
COC1=CC=C(CN2C=C(F)C(=O)NC2=O)C=C1,0.7326000000000001
CC1=CC(=O)OC2=C1C=C(C)C1=C2C2=C(CCCC2)O1,4.034840000000004
CC12CCC(C3=C1N=C(NS(=O)(=O)C1=CC=C(N)C=C1)N=C3)C2(C)C,3.0345000000000013
OCCOC1=CC=C(OCCO)C=C1,0.4287999999999999
O=C(O)CN1CCCCS1(=O)=O,-0.5034000000000001
CC1=CC=C2CN(C(N)=NO)CC3CCCC1=C23,1.93442
COC1=C2CCCC3CN(C(=N)N)CC(=C23)C=C1,1.8241700000000003
NC(=NO)N1CC2=CC=CC3=C2C(CCC3)C1,1.6259999999999992
CN(C)NC(=N)N1CC2=CC=CC3=CC=CC(=C32)C1,2.15637
CC(C)=NNC(=N)N1CC2=CC=CC3=CC=CC(=C32)C1,3.0755700000000017
NC(=NO)N1CC2=CC=CC3=C(Cl)C=CC(=C23)C1,2.5127
COC1=C2CCCC3CN(C(N)=NO)CC(=C23)C=C1,1.6346
COC1=CC2=C3C(=C1)C=CC=C3CN(C(N)=NO)C2,1.8679
CC1=CC=C(C2=NC3=C(C=CC=C3)S2)C=C1,4.271720000000002
CCCCOC1=CC(=O)C2(OC3=C(C2=O)C(OC)=CC(OC)=C3Cl)C(C)C1,3.980600000000004
NC1=CC=C(N=C(N)N2CC3=CC=CC4=CC=CC(=C43)C2)C=C1,3.384000000000002
CN(C)CC1=C(O)C=CC(C(=O)C2=CSC(S(N)(=O)=O)=C2)=C1,1.3937
CC(C)CNCC1=CC=C(C(=O)C2=CSC(S(N)(=O)=O)=C2)C=C1,2.3721000000000005
C1=CC(=CC=C1C(=O)NN)[N+](=O)[O-],0.1983000000000001
NS(=O)(=O)C1=CC(C(=O)C2=CC=C(CNCC3=CC=CC=C3)C=C2)=CS1,2.916300000000001
CN=C(NC)N1CC2=CC=CC3=CC=CC(=C32)C1,2.3606
CCOC1=CC(=O)CC(C)C12OC1=C(C2=O)C(OC)=CC(OC)=C1Cl,3.200400000000002
O=C1NCCCC1N1C(=O)C2=C(C=CC=C2)S1(=O)=O,0.1096999999999999
O=C1C=CC2=C(C=C3OC=CC3=C2)O1,2.5392
O=C(O)C=CC1=CC2=C(C=C1)OCO2,1.5131
CCCCCCOC1=CC(O)=C(C(C)=NO)C=C1,3.5495000000000028
C1=CC=C2C(=C1)NC(=N2)C3=CC=C(O3)[N+](=O)[O-],2.7311000000000005
CCCCCCCCCCOC1=CC(O)=C(C(C)=NO)C=C1,5.109900000000006
CCCCCCOC1=CC(O)=C(C(=NO)C2=CC=CC=C2)C=C1,4.577900000000003
CCOC1=CC(=O)CC(C)C12OC1=C(C2=O)C(OC)=CC(OCC)=C1Cl,3.5905000000000022
O=C1NC(NC2=CC=CC=C2)=NC2=C1N=CN2,1.3898
CC1=CC=C(OCC(=O)NC2C(=O)N3C2SC(C)(C)C3C(=O)O)C=C1,1.0055199999999993
CNC1=NC2=C(C=C(C=C2)Cl)C(=[N+](C1)O)C3=CC=CC=C3,2.842100000000001
CCC(C)CN(C)N=NC1=CC=C(C(=O)O)C=C1,3.361400000000001
NS(=O)(=O)C1=NC2=C(C=C(O)C=C2)S1,0.6493000000000002
O=C(C1=CC(F)=CC=C1)N(O)C1=CC=CC=C1,2.861700000000001
O=C(NO)C1=C(N=CC2=CC=CC=N2)C=CC=C1,1.9512
CC1=C(N(O)C(=O)C2=CC(F)=CC=C2)C=CC=C1,3.1701200000000016
CC1=CC=CC(N(O)C(=O)CCC2=CC=CC=C2)=C1,3.3500200000000016
CCCCOC1=CC(=O)CC(C)C12OC1=C(C2=O)C(OC)=CC(OC)=C1Cl,3.980600000000004
CCCCCCCC(=O)OC1C(O)C(O)OC(CO)C1O,-0.3100000000000003
CC1=CC=C(N2C=CC(=O)C(O)=C2C)C=C1,2.15994
COC1=CC(OC)=CC(C(=O)N(O)C2=CC=CC=C2)=C1,2.7398000000000007
CC1=CC=CC(N(O)C(=O)C2=C(Cl)C=C(Cl)C=C2)=C1,4.3378200000000025
COC1=CC(OC)=CC(C(=O)N(O)C2=C(C)C=CC=C2)=C1,3.048220000000001
N=C(N)NN=CC1=C2C=CC=CC2=CC=C1O,1.36237
CC(=O)NC1=CC=C(OP(O)(=O)O)C=C1,1.1164999999999996
CN(O)C(=O)C1CCCCCC1,1.8044
O=C(C1CC1)N(O)C1CCCCC1,1.9469
O=C(C1CCC1)N(O)C1CCCCC1,2.3370000000000006
O=C(C1CCCC1)N(O)C1CCCCC1,2.727100000000001
CCN(C)N=NC1=CC=C(C(=O)O)C=C1,2.3352000000000004
CCCN(C)N=NC1=CC=C(C(=O)O)C=C1,2.7253000000000007
CCCCCN(C)N=NC1=CC=C(C(=O)O)C=C1,3.5055000000000023
CCCCCCN(C)N=NC1=CC=C(C(=O)O)C=C1,3.8956000000000026
CCOC1=NO[N+](=C1S(=O)(=O)C2=CC=CC=C2)[O-],0.5395
CCCCCCCNC(=O)C1=CN=CC=C1,2.7818000000000005
CCCCCCCN(C)N=NC1=CC=C(C(=O)O)C=C1,4.285700000000003
CC(C)CNCC1=CC=CC(C(=O)C2=CSC(S(N)(=O)=O)=C2)=C1,2.3721000000000005
CCCCNCC1=CC=C(C(=O)C2=CSC(S(N)(=O)=O)=C2)C=C1,2.5162000000000004
CC(C)CCNCC1=CC=CC(C(=O)C2=CSC(S(N)(=O)=O)=C2)=C1,2.7622
CC(C)CN(C)CC1=C(O)C=CC(C(=O)C2=CSC(S(N)(=O)=O)=C2)=C1,2.4199
CCCCNCC1=CC=C(S(=O)(=O)C2=CSC(S(N)(=O)=O)=C2)C=C1,2.1180000000000003
NS(=O)(=O)C1=CC(C(=O)C2=CC=C(CN3CCOCC3)C=C2)=CS1,1.4587000000000003
CC(C)NCC1=CC=CC(S(=O)(=O)C2=CSC(S(N)(=O)=O)=C2)=C1,1.7263000000000002
CCC(C)NCC1=CC=CC(S(=O)(=O)C2=CSC(S(N)(=O)=O)=C2)=C1,2.1164
NS(=O)(=O)C1=CC(C(=O)C2=CC(CN3CCOCC3)=CC=C2)=CS1,1.4587000000000003
CNC(=O)C1=CC=CC(NCC(=O)NCCC2=CC(OC)=C(OC)C=C2)=C1,1.8342
CCNCC1=CC2=C(OC(S(N)(=O)=O)=C2)S1,1.2512
CC(C)CNCC1=CC2=C(OC(S(N)(=O)=O)=C2)S1,1.8873
CCOCCNCC1=CC2=C(OC(S(N)(=O)=O)=C2)S1,1.2678
COC1=C(OC)C=C(CCNC(=O)CNC2=CC(C(N)=O)=CC=C2)C=C1,1.5735
OP(=O)(O)OCN1C(=O)NC(C2=CC=CC=C2)(C2=CC=CC=C2)C1=O,1.5488
NS(=O)(=O)C1=CC2=C(O1)SC(CNCC1=CC=CC=N1)=C2,1.8265000000000005
CN(CCO)C(=O)COC(=O)C1=CC=CC=C1,0.2940999999999991
CC1=NC(=O)C(C(N)=O)C(=O)N1,-1.8373
CC1=CC=C(CN2C=C(F)C(=O)NC2=O)C=C1,1.03242
O=C1NC(=O)N(CC2=C(Cl)C=C(Cl)C=C2)C=C1F,2.0308
CNC1=C(NC2=C3C=CC=CC3=NC3=C2C=CC=C3)C=CC(NS(C)(=O)=O)=C1,4.544800000000003
CN(C(=O)CNC(=O)CN)C1=C(C(=O)C2=C(Cl)C=CC=C2)C=C(Cl)C=C1,2.2620999999999998
NC(C(=O)O)C1=CC=C(O)C=C1,0.4766
NS(=O)(=O)C1=CC2=C(S1)S(=O)(=O)CCC2O,-0.3936999999999994
O=C(C(=O)C1=CC=CC=C1)C1=CC=CC=C1,2.752200000000001
CC(=O)NC(CC(C)C)C(=O)O,0.6218000000000001
NC(CSSCC(N)C(=O)O)C(=O)O,-0.8083999999999993
O=C1NC(=O)C2=C(N1)NC(=O)N2,-1.7672000000000003
CN1CCC23C4=C5C=CC(OCC6=CC=CC=C6)=C4OC2C(O)C=CC3C1C5,3.071500000000001
CCOC1=C2OC3C(O)C=CC4C5CC(=C2C43CCN5C)C=C1,1.8912
O=S(=O)(NS(=O)(=O)C1=CC=C(Cl)C=C1)C1=CC=C(Cl)C=C1,2.6606000000000005
CC1=CSC(NS(=O)(=O)C2=CC=C(N)C=C2)=N1,1.83452
O=C1NC(=S)C2=C(N1)NC(=O)N2,-0.3979100000000001
CC1(C)C2CCC1(CS(=O)(=O)O)C(=O)C2,1.2695999999999998
COC1=CC=CC(CC(C)NC(C)CC2=C(OC)C=CC=C2)=C1,3.8556000000000026
COC1=C2OC3C(O)CCC4C5CC(=C2C43CCN5C)C=C1,1.7251
CCSC(=S)NC(CC(=O)O)C(=O)O,0.5419
CC(SC(=S)SC(C)C(=O)O)C(=O)O,1.6838999999999995
O=C(O)CC(CSC(=O)O)C1=CC=CC=C1,2.656100000000001
O=C1CNC(=O)C2=C(C=CC=C2)N1,0.3685000000000002
CC1=NC=C(N1CCO)[N+](=O)[O-],0.0920199999999998
CCNC1=NC(Cl)=NC(NC(C)C)=N1,1.7770999999999997
ON=C(C1=CC=CC=C1)C(=NO)C1=CC=CC=C1,2.743400000000001
NC1CN(C2=CC3=C(C=C2F)C(=O)C(C(=O)O)=CN3C2CC2)C1,1.3209999999999995
CNC1CN(C2=CC3=C(C=C2F)C(=O)C(C(=O)O)=CN3C2CC2)C1,1.5816999999999997
CC1(N)CN(C2=CC3=C(C=C2F)C(=O)C(C(=O)O)=CN3C2CC2)C1,1.7110999999999998
CC1(N)CN(C2=C(Cl)C3=C(C=C2F)C(=O)C(C(=O)O)=CN3C2CC2)C1,2.3645000000000005
C1=CC=C(CNC2=NC=NC3=C2N=CN3)C=C1,1.9649999999999996
NC1CN(C2=C(F)C3=C(C=C2F)C(=O)C(C(=O)O)=CN3C2CC2)C1,1.4601
CC1(N)CN(C2=C(F)C3=C(C=C2F)C(=O)C(C(=O)O)=CN3C2CC2)C1,1.8502
CNC1CN(C2=C(F)C3=C(C=C2F)C(=O)C(C(=O)O)=CN3C2CC2)C1,1.7208
CCN1C=C(C(=O)O)C(=O)C2=C1C=C1OCOC1=C2,1.4483
COC1=CC=C2C=C(C(C)C(=O)OC(C)C)C=CC2=C1,3.903500000000003
NC(=O)c1cnccn1,-0.4245000000000001
ClC(Cl)CC(=O)NC2=C(Cl)C(=O)c1ccccc1C2=O,2.8260000000000005
CCN2c1ncccc1N(C)C(=O)c3cccnc23 ,2.2246
CCCOC(=O)c1ccc(N)cc1,1.8356
O2c1ccc(N)cc1N(C)C(=O)c3cc(C)ccc23 ,2.9595200000000013
CCN2c1nc(Cl)ccc1N(C)C(=O)c3cccnc23 ,2.878000000000001
CCN2c1nc(C)cc(C(F)(F)F)c1NC(=O)c3cccnc23 ,3.5275200000000018
CCN2c1nc(C)cc(C)c1NC(=O)c3cccnc23 ,2.817140000000001
CCN2c1ncccc1N(C)C(=S)c3cccnc23 ,2.759900000000001
CCN2c1ccccc1N(C)C(=S)c3cccnc23 ,3.3649000000000022
CCN2c1ccccc1N(C)C(=O)c3ccccc23 ,3.4346000000000023
CCN2c1ncccc1N(CC)C(=O)c3cccnc23 ,2.614700000000001
CCN2c1cc(N(C)C)cc(C)c1NC(=O)c3cccnc23 ,3.179720000000001
CCN2c1cc(Cl)ccc1NC(=O)c3cccnc23 ,3.458700000000001
O2c1cc(C)ccc1N(C)C(=O)c3cc(N)cnc23 ,2.35452
CCN2c1ccccc1N(C)C(=O)c3cccnc23 ,2.829600000000001
CCN2c1nc(N(C)(CCO))ccc1NC(=O)c3cccnc23 ,1.6287999999999996
C2c1ccccc1N(CCF)C(=O)c3ccccc23 ,3.2071000000000023
O2c1ccccc1N(CC)C(=O)c3ccccc23 ,3.4590000000000023
CSc1nc(nc(n1)N(C)C)N(C)C,0.7254999999999998
CSCS(=O)CC(CO)NC(=O)C=Cc1c(C)[nH]c(=O)[nH]c1=O,-1.068879999999999
CCCCOc1ccc(C(=O)OCC)c(c1)N(CC)CC ,3.8884000000000034
Nc1ccc(cc1)S(N)(=O)=O,-0.0837999999999999
C/C=C/C=O,0.7614000000000001
CC12CCC3C(CCC4=CC(=O)CCC34C)C2CCC1O,3.879200000000003
Cc1c(F)c(F)c(COC(=O)C2C(C=C(Cl)C(F)(F)F)C2(C)C)c(F)c1F,5.551820000000002
CC(C)(C)Cc1ccccc1,3.2752000000000017
Nc3nc(N)c2nc(c1ccccc1)c(N)nc2n3,0.8334000000000001
ClC(Cl)(Cl)C#N,1.88018
Cc1ccc(OP(=O)(Oc2cccc(C)c2)Oc3ccccc3C)cc1,6.256760000000005
CCCO,0.3887
Clc1cc(Cl)c(cc1Cl)c2cccc(Cl)c2Cl ,6.620600000000001
Clc1ccc(c(Cl)c1)c2c(Cl)ccc(Cl)c2Cl ,6.620600000000001
CC(C)C(C)(C)C,2.688500000000001
Brc1cc(Br)c(Br)cc1Br,4.7366
Oc1cc(Cl)c(Cl)c(Cl)c1Cl,4.0058
Oc1c(Cl)cc(Cl)c(Cl)c1Cl,4.005799999999999
Clc1ccc(cc1)c2cccc(Cl)c2Cl ,5.313800000000001
Oc1ccc(Cl)c(Cl)c1Cl,3.3524000000000003
Oc1c(Cl)c(Cl)cc(Cl)c1Cl,4.0058
Oc1cc(Cl)cc(Cl)c1Cl,3.3523999999999994
Clc1ccc(cc1)c2cc(Cl)ccc2Cl ,5.313800000000001
Oc1c(Cl)cccc1Cl,2.699
Cc1ccccc1Br,2.7575200000000013
CCC(CC)C=O,1.6215
CCCCCC(C)C,3.2227000000000023
CC(C)O,0.3871
FC(F)(Cl)C(F)(F)Cl,2.6495999999999995
Cc1ccc(O)cc1C,2.00904
O=C1N(COC(=O)CCCCC)C(=O)C(N1)(c2ccccc2)c3ccccc3,3.5630000000000024
CCC(C)CCO,1.4149
c1cc(C)cc2c1c3cc4cccc5CCc(c45)c3cc2,5.553220000000004
O=C1NC(=O)NC(=O)C1(CC)C(C)C,0.4047999999999994
CC#N,0.52988
CC(=O)N(S(=O)c1ccc(N)cc1)c2onc(C)c2C ,1.9493400000000003
CC13CCC(=O)C=C1CCC4C2CCC(C(=O)CO)C2(CC(O)C34)C=O ,1.8457
OCC3OC(OCC2OC(OC(C#N)c1ccccc1)C(O)C(O)C2O)C(O)C(O)C3O ,-3.1080199999999985
CCCC1C(=O)N3N(C1=O)c2cc(C)ccc2N=C3N(C)C ,2.06422
OC4=C(C1CCC(CC1)c2ccc(Cl)cc2)C(=O)c3ccccc3C4=O,5.505100000000005
CNC(=O)C=C(C)OP(=O)(OC)OC,1.0537
CNC(=O)Oc1cccc2ccccc12,2.5580000000000007
CCOC(=O)c1ccccc1S(=O)(=O)NN(C=O)c2nc(Cl)cc(OC)n2,1.1715999999999998
ClCC#N,0.74878
c1ccc(Cl)cc1C(c2ccc(Cl)cc2)(O)C(=O)OC(C)C,4.180900000000003
Cl\C=C/Cl,1.9352
C/C1CCCCC1\C,2.832600000000001
CC(=O)CC(c1ccc(Cl)cc1)c2c(O)c3ccccc3oc2=O,4.263000000000003
CCOP(=S)(OCC)Oc2ccc1oc(=O)c(Cl)c(C)c1c2,4.431120000000004
OC1CCCCCC1,1.7015
C1CCC=CCC1,2.5067000000000004
OC1CCCCCCC1,2.0916
O=C2NC(=O)C1(CCCC1)C(=O)N2,-0.0872000000000001
CC1(C)C(C=C(Cl)Cl)C1C(=O)OC(C#N)c2ccc(F)c(Oc3ccccc3)c2,6.317080000000003
CC1(C)C(C=C(Cl)C(F)(F)F)C1C(=O)OC(C#N)c2cccc(Oc3ccccc3)c2,6.543980000000005
Nc1ccc(cc1)S(=O)(=O)c2ccc(N)cc2,1.6838000000000002
CC=C(C(=CC)c1ccc(O)cc1)c2ccc(O)cc2,4.604600000000004
CCSSCC,2.4076000000000004
CCCCCCOC(=O)c1ccccc1C(=O)OCCCCCC,5.160800000000005
CC(C)SC(C)C,2.5364000000000004
CCN(CC)C(=O)C(=CCOP(=O)(OC)OC)Cl,2.3950000000000005
C1C(O)CCC2(C)CC3CCC4(C)C5(C)CC6OCC(C)CC6OC5CC4C3C=C21,5.508800000000006
CCN(CC(C)=C)c1c(cc(cc1N(=O)=O)C(F)(F)F)N(=O)=O,3.924200000000004
CCCCCC(=O)OCC,2.1298000000000004
C=C,0.8022
CCC=C,1.5824
Nc1nc(=O)[nH]cc1F,-0.5088000000000001
c1c(O)C2C(=O)C3cc(O)ccC3OC2cc1(OC),1.5528
CC12CC(O)C3C(CCC4=CC(=O)CCC34C)C2CCC1(O)C(=O)CO,1.7815999999999996
Ic1ccccc1,2.2912
ClC1C(Cl)C(Cl)C(Cl)C(Cl)C1Cl,3.644400000000001
CCCCCCCCC=C,3.923000000000004
c1c(OC)c(OC)C2C(=O)OCC2c1,0.8497999999999999
COC(=O)C,0.1792999999999999
CCCCCC(=O)OC,1.7397
CCCCCCCCC(=O)OC,2.910000000000001
CCCCCCCC(=O)OC,2.5199000000000007
CCCC(=O)OCC,1.3496
COc1ccc(NC(=O)N(C)C)cc1Cl,2.4421
COC(=O)C1=C(C)NC(=C(C1c2ccccc2N(=O)=O)C(=O)OC)C ,2.1756
OC(C1=CC2C5C(C1C2=C(c3ccccc3)c4ccccn4)C(=O)NC5=O)(c6ccccc6)c7ccccn7 ,4.289400000000002
CC34CCC1C(CCC2=CC(=O)CCC12O)C3CCC4(O)C#C,2.607400000000001
OC3N=C(c1ccccc1)c2cc(Cl)ccc2NC3=O ,2.4479
Ic1cccc2ccccc12,3.4444000000000017
Clc1ccc(I)cc1,2.944600000000001
Clc1ccc(CN(C2CCCC2)C(=O)Nc3ccccc3)cc1,5.316700000000004
c1ccc2c(c1)ccc3c2ccc4c5ccccc5ccc43,6.299400000000004
CC12CC(O)C3C(CCC4=CC(=O)C=CC34C)C2CCC1(O)C(=O)CO,1.5576
CCNP(=S)(OC)OC(=CC(=O)OC(C)C)C,2.3388
BrC1=CC=C(C2=CC=C(Br)C=C2)C=C1,4.878600000000002
CC12CCCC1C1CCC3CC(=O)C(=O)CC3(C)C1CC2,4.167300000000004
FC(F)(Cl)Cl,2.0143
ClC(Cl)COCC(Cl)Cl,2.6104000000000003
C=CC=C(C)C=CC=CC,3.251000000000002
ClCCCl,1.464
ClC1=CC=C(OC2=CC(Cl)=C(Cl)C(Cl)=C2Cl)C(Cl)=C1Cl,8.0527
ClC1=C(Cl)C(Cl)=C(Cl)C(Cl)=C1Cl,5.606999999999999
ClC1=CC(Cl)=C(Cl)C(C2=CC(Cl)=CC(Cl)=C2Cl)=C1,7.274000000000001
ClC1=CC=C(C2=CC(Cl)=C(Cl)C(Cl)=C2Cl)C(Cl)=C1,7.274
ClC1=C(Cl)C=C2C(=C1)OC1=C(Cl)C(Cl)=C(Cl)C(Cl)=C21,7.5064
CCC(=O)OCC(=O)C1(OC(=O)CC)C(C)CC2C3CCC4=CC(=O)C=CC4(C)C3(F)C(O)CC21C,3.8175000000000026
CC(=O)C1CCC2C3CCC4=CC(=O)CC(O)C4(C)C3CCC12C,3.694300000000003
CCl,0.855
CCC(C)[N+](=O)[O-],1.0616
CC1=CC(=CC=C1)[N+](=O)[O-],1.90322
CC(C)C1(C)CCCC(O)C1,2.583600000000001
CC(C)C1C(C)CCCC1O,2.439500000000001
CC1CCCC(O)(C(C)C)C1,2.583600000000001
CCOC1=CC=C(NC(C)=O)C=C1,2.0437
CCC,1.4163
CCC(N)=O,-0.1182999999999999
BrC1=CC=C(Br)C(C2=CC(Br)=CC=C2Br)=C1,6.403600000000003
BrC(Br)C(Br)Br,3.2182000000000004
COC1=C(Cl)C(Cl)=C(Cl)C=C1Cl,4.308800000000001
ClC1=CC(Cl)=C(Cl)C(Cl)=C1,4.3002
ClC1=CC(Cl)=C(Cl)C=C1Cl,4.3002
CC1=C(Cl)C(CC2=C(Cl)C=CC=C2Cl)=CC=C1Cl,6.199420000000003
CC1=C(Cl)C(CC2=CC=C(Cl)C=C2Cl)=CC=C1Cl,6.199420000000003
CC1=C(Cl)C=C(CC2=CC(Cl)=CC=C2Cl)C(Cl)=C1,6.199420000000002
CC1=C(Cl)C=C(Cl)C(CC2=C(Cl)C=CC=C2Cl)=C1,6.199420000000003
CC1=C(Cl)C=C(Cl)C(CC2=CC=C(Cl)C=C2Cl)=C1,6.199420000000003
CC1=C(Cl)C(Cl)=C(Cl)C(CC2=CC=C(Cl)C=C2)=C1,6.199420000000004
CC1=C(CC2=C(Cl)C=CC=C2)C(Cl)=C(Cl)C(Cl)=C1,6.199420000000002
CC1=C(CC2=CC=C(Cl)C=C2)C(Cl)=C(Cl)C(Cl)=C1,6.199420000000003
ClC1=CC=C(C2=CC=C(Cl)C(Cl)=C2)C=C1Cl,5.967200000000001
ClC1=C(Cl)C(Cl)=C2OC3=CC=CC=C3OC2=C1Cl,6.198200000000001
BrC1=CC(Br)=C(C2=CC=CC=C2)C(Br)=C1,5.641100000000002
COC1=C(Cl)C=C(Cl)C=C1Cl,3.655400000000001
ClC1=CC(Cl)=CC(Cl)=C1,3.6468000000000007
ClC1=CC(Cl)=C2OC3=CC=CC=C3OC2=C1Cl,5.5448
CC(Cl)(Cl)Cl,2.376500000000001
CCCSC(=O)N(CCC)CCC,3.3716000000000026
ClC(Cl)=C=C(Cl)C(Cl)Cl,3.8307
ClC1=C(Cl)C(Cl)=C(Cl)C(OC2=C(Cl)C(Cl)=C(Cl)C(Cl)=C2Cl)=C1,9.3595
CC1=C(Cl)C=C(Cl)C(CC2=CC(Cl)=CC=C2Cl)=C1,6.199420000000003
CCC1=CC=CC(CC)=C1N(COC)C(=O)CCl,2.9871000000000016
CNC(=O)ON=CC(C)(C)SC,1.4698
CCOP(=S)(OCC)SCSC1=CC=C(Cl)C=C1,5.420300000000004
CCOP(=S)(OCC)SC(CCl)N1C(=O)C2=CC=CC=C2C1=O,3.878200000000003
CCCCC1=C(CCCC)C(C(O)=O)=C(C(O)=O)C=C1,3.768200000000002
CC1OC(OC2C(O)CC(OC3C(O)CC(OC4CCC5(C)C(CCC6C5CC(O)C5(C)C(C7=CC(=O)OC7)CCC65O)C4)OC3C)OC2C)CC(O)C1O,2.218100000000003
O=S1OCC2C(CO1)C1(Cl)C(Cl)=C(Cl)C2(Cl)C1(Cl)Cl,3.689800000000001
CCOP(=S)(OCC)OC1=CC=C(C=C1)[N+](=O)[O-],3.2711000000000023
CCCCN(CC)C(=O)SCCC,3.3716000000000026
CCC1=CC=C(C(C2=CC=C(CC)C=C2)C(Cl)Cl)C=C1,5.747000000000004
CC12CCC3C(CC=C4CC(O)CCC43C)C1CCC2=O,3.879200000000002
CC(C)CCCC(C)C1CCC2C3CC=C4CC(O)CCC4(C)C3CCC12C,7.388700000000009
ClC1=C(Cl)C(Cl)=C(OC2=C(Cl)C(Cl)=C(Cl)C(Cl)=C2Cl)C(Cl)=C1Cl,10.0129
c1(c(CN(CC)CC)cc(cc1)Nc1ccnc2c1ccc(c2)Cl)O,5.179200000000005
n1(Cc2ccccc2)cncc1,1.9314
Brc1cc2c(CN(C)C)c[nH]c2cc1,2.992000000000001
C1(=C(COC(C)=O)CS[C@@H]2[C@H](NC(=O)Cc3cccs3)C(N12)=O)C(O)=O,0.5922999999999998
Brc1cc(C(O)=O)c(N)cc1,1.7295
c1c(Cl)ccc2Sc3ccccc3N(CCCN(C)C)c12,4.8944000000000045
Clc1ccc(S(=O)(NC(=O)NCCC)=O)cc1,1.7379
c1cc2c(cc1Cl)[nH]c(=O)o2,1.7744999999999995
O=C(c1cn(C2CC2)c2c(cc(F)c(N3CCNCC3)c2)c1=O)O,1.5833000000000002
C[N@]1C[C@@H]2C[C@H]1CN2c1c(cc2c(n(cc(C(=O)O)c2=O)C2CC2)c1)F,2.0664
C[C@H](CC1=CC=CC=C1)N(C)CC#C,2.1826
O=C1[C@H](OC(C)=O)[C@H](c2ccc(OC)cc2)Sc2ccccc2N1CCN(C)C,3.368500000000002
CN(C)CCOC(c1ccccc1)c1ccccc1,3.3542000000000023
N\C(CCSCc1csc(\N=C(\N)N)n1)=N\S(=O)(N)=O,-0.767999999999998
Oc1c(Br)cc(C(O)=O)c(O)c1,1.5584999999999998
[nH]1cnc2nc(N)[nH]c(=O)c12,-0.7716000000000001
S1(=O)(=O)NCNc2c1cc(S(=O)(N)=O)c(c2)C(F)(F)F,0.0141000000000001
O[C@]1([C@H](N(CC=C)CC2)C3)[C@@]42C5=C3C=CC(O)=C5O[C@H]4C(CC1)=O,1.3014
O=C(O)[C@@H](C)c1ccc2cc(ccc2c1)OC,3.036500000000001
S(=O)(=O)(N)c1sc(NC(=O)C)nn1,-0.8561000000000003
N(CC\C=C1\c2c(CCc3c1cccc3)cccc2)C,3.826400000000003
OC1=C(C(O)=C(C([C@@](C(C(C(N)=O)=C(O)[C@H]2N(C)C)=O)(O)[C@@]2([H])[C@H]3O)=O)[C@@]3([H])[C@@]4(O)C)C4=CC=C1,-1.4001999999999992
c1(nccc2cc(c(OC)cc12)OC)Cc1cc(c(cc1)OC)OC,3.860000000000003
c1ccc(cc1)\N=N\c1c(nc(cc1)N)N,2.6614
C1(NC(C(c2ccccc2)(C(=O)N1)CC)=O)=O,0.7003999999999995
CC(C)NCC(O)COc1cccc2[nH]ccc12,1.9055999999999995
Nc1ccc(C(OCCN(CC)CC)=O)cc1,1.7674
[H]C1(CN2CCC1C[C@@]2([H])[C@H](O)C1=CC=NC2=C1C=C(OC)C=C2)C=C,3.1732000000000014
S(Cc1oc(CN(C)C)cc1)CCN\C(NC)=C\N(=O)=O,1.459
C[C@H]1CN(C[C@@H](C)N1)C1=C(F)C2=C(C(=O)C(=CN2C2CC2)C(O)=O)C(N)=C1F,2.0816
S(=O)(=O)(Nc1nc(C)cc(n1)C)c1ccc(N)cc1,1.47644
CC1=C(CC(O)=O)c2cc(F)ccc2C\1=C\c1ccc(cc1)S(C)=O,4.365500000000004
C(c1ccc(cc1)NCCCC)(=O)OCCN(C)C,2.617000000000001
OC1=C(C(C2=C(O)[C@@](C(C(C(N)=O)=C(O)[C@H]3N(C)C)=O)(O)[C@@]3([H])C[C@]2([H])[C@@]4(O)C)=O)C4=CC=C1,-0.2143999999999992
c1(cc(ccc1C(C)C)C)O,2.8240200000000013
CN(C)CC\C=C1\c2ccccc2CCc2ccccc12,4.168600000000003
COc1ccc(CCN(C)CCCC(C#N)(C(C)C)c2ccc(OC)c(OC)c2)cc1OC,5.093080000000005
CC(=O)CC(c1ccccc1)c1c(O)c2ccccc2oc1=O,3.609600000000003
