{"smiles":"Cc1c(Cl)cccc1Cl","id":"A-1233","input_type":"regression","solubility":-3.7919361419,"value":-3.7919361419,"name":"1,3-dichloro-2-methylbenzene","type":"train","image_width":900,"image_height":900,"graph":{"node_symbol":["C","C","C","Cl","C","C","C","C","Cl"],"node_number":[6,6,6,17,6,6,6,6,17],"edge_indices":[[0,1],[1,0],[1,2],[1,7],[2,1],[2,3],[2,4],[3,2],[4,2],[4,5],[5,4],[5,6],[6,5],[6,7],[7,1],[7,6],[7,8],[8,7]],"edge_number":[[1],[1],[12],[12],[12],[1],[12],[1],[12],[12],[12],[12],[12],[12],[12],[12],[1],[1]],"graph_labels":["A-1233"],"graph_size":9,"node_attributes":[[0.0,1.0,0.0,0.0,0.0,0.0,0.0,0.0,0.0,0.0,0.0,0.0,0.0,0.0,0.0,0.0,0.0,0.0,0.0,0.0,1.0,0.0,0.0,0.0,0.0,0.0,1.0,0.0,0.0,0.0,0.0,0.0,0.0,0.0,0.0,1.0,0.0,0.0,0.0,0.0,0.0],[0.0,1.0,0.0,0.0,0.0,0.0,0.0,0.0,0.0,0.0,0.0,0.0,0.0,0.0,0.0,0.0,0.0,0.0,0.0,1.0,0.0,0.0,0.0,0.0,0.0,1.0,0.0,0.0,0.0,0.0,1.0,1.0,1.0,0.0,0.0,0.0,0.0,0.0,0.0,0.0,0.0],[0.0,1.0,0.0,0.0,0.0,0.0,0.0,0.0,0.0,0.0,0.0,0.0,0.0,0.0,0.0,0.0,0.0,0.0,0.0,1.0,0.0,0.0,0.0,0.0,0.0,1.0,0.0,0.0,0.0,0.0,1.0,1.0,1.0,0.0,0.0,0.0,0.0,0.0,0.0,0.0,0.0],[0.0,0.0,0.0,0.0,0.0,0.0,0.0,0.0,1.0,0.0,0.0,0.0,0.0,0.0,0.0,0.0,0.0,1.0,0.0,0.0,0.0,0.0,0.0,0.0,0.0,0.0,1.0,0.0,0.0,0.0,0.0,0.0,1.0,0.0,0.0,0.0,0.0,0.0,0.0,0.0,0.0],[0.0,1.0,0.0,0.0,0.0,0.0,0.0,0.0,0.0,0.0,0.0,0.0,0.0,0.0,0.0,0.0,0.0,0.0,0.0,1.0,0.0,0.0,0.0,0.0,0.0,1.0,0.0,0.0,0.0,0.0,1.0,1.0,0.0,1.0,0.0,0.0,0.0,0.0,0.0,0.0,0.0],[0.0,1.0,0.0,0.0,0.0,0.0,0.0,0.0,0.0,0.0,0.0,0.0,0.0,0.0,0.0,0.0,0.0,0.0,0.0,1.0,0.0,0.0,0.0,0.0,0.0,1.0,0.0,0.0,0.0,0.0,1.0,1.0,0.0,1.0,0.0,0.0,0.0,0.0,0.0,0.0,0.0],[0.0,1.0,0.0,0.0,0.0,0.0,0.0,0.0,0.0,0.0,0.0,0.0,0.0,0.0,0.0,0.0,0.0,0.0,0.0,1.0,0.0,0.0,0.0,0.0,0.0,1.0,0.0,0.0,0.0,0.0,1.0,1.0,0.0,1.0,0.0,0.0,0.0,0.0,0.0,0.0,0.0],[0.0,1.0,0.0,0.0,0.0,0.0,0.0,0.0,0.0,0.0,0.0,0.0,0.0,0.0,0.0,0.0,0.0,0.0,0.0,1.0,0.0,0.0,0.0,0.0,0.0,1.0,0.0,0.0,0.0,0.0,1.0,1.0,1.0,0.0,0.0,0.0,0.0,0.0,0.0,0.0,0.0],[0.0,0.0,0.0,0.0,0.0,0.0,0.0,0.0,1.0,0.0,0.0,0.0,0.0,0.0,0.0,0.0,0.0,1.0,0.0,0.0,0.0,0.0,0.0,0.0,0.0,0.0,1.0,0.0,0.0,0.0,0.0,0.0,1.0,0.0,0.0,0.0,0.0,0.0,0.0,0.0,0.0]],"edge_attributes":[[1.0,0.0,0.0,0.0,0.0,0.0,0.0,1.0,0.0,0.0,0.0],[1.0,0.0,0.0,0.0,0.0,0.0,0.0,1.0,0.0,0.0,0.0],[0.0,0.0,0.0,1.0,1.0,1.0,1.0,1.0,0.0,0.0,0.0],[0.0,0.0,0.0,1.0,1.0,1.0,1.0,1.0,0.0,0.0,0.0],[0.0,0.0,0.0,1.0,1.0,1.0,1.0,1.0,0.0,0.0,0.0],[1.0,0.0,0.0,0.0,0.0,0.0,0.0,1.0,0.0,0.0,0.0],[0.0,0.0,0.0,1.0,1.0,1.0,1.0,1.0,0.0,0.0,0.0],[1.0,0.0,0.0,0.0,0.0,0.0,0.0,1.0,0.0,0.0,0.0],[0.0,0.0,0.0,1.0,1.0,1.0,1.0,1.0,0.0,0.0,0.0],[0.0,0.0,0.0,1.0,1.0,1.0,1.0,1.0,0.0,0.0,0.0],[0.0,0.0,0.0,1.0,1.0,1.0,1.0,1.0,0.0,0.0,0.0],[0.0,0.0,0.0,1.0,1.0,1.0,1.0,1.0,0.0,0.0,0.0],[0.0,0.0,0.0,1.0,1.0,1.0,1.0,1.0,0.0,0.0,0.0],[0.0,0.0,0.0,1.0,1.0,1.0,1.0,1.0,0.0,0.0,0.0],[0.0,0.0,0.0,1.0,1.0,1.0,1.0,1.0,0.0,0.0,0.0],[0.0,0.0,0.0,1.0,1.0,1.0,1.0,1.0,0.0,0.0,0.0],[1.0,0.0,0.0,0.0,0.0,0.0,0.0,1.0,0.0,0.0,0.0],[1.0,0.0,0.0,0.0,0.0,0.0,0.0,1.0,0.0,0.0,0.0]],"graph_attributes":[159.98464965820312,9.0],"node_coordinates":[[155.33145464445238,568.17381463672],[360.0777788107669,450.2036368956767],[360.2668334094256,213.88516320143844],[155.70957285660407,95.53686724824331],[565.0131620831573,95.8677116690418],[769.570427143396,214.16874284571782],[769.38136803732,450.4872255547905],[564.6350438710056,568.5046590575184],[564.4460027945984,804.8231327517567]],"node_importances":[0.0,0.0,0.0,0.0,0.0,0.0,0.0,0.0,0.0],"edge_importances":[0.0,0.0,0.0,0.0,0.0,0.0,0.0,0.0,0.0,0.0,0.0,0.0,0.0,0.0,0.0,0.0,0.0,0.0],"node_indices":[0,1,2,3,4,5,6,7,8],"id":"A-1233","node_adjacency":[[0.0,1.0,0.0,0.0,0.0,0.0,0.0,0.0,0.0],[1.0,0.0,1.0,0.0,0.0,0.0,0.0,1.0,0.0],[0.0,1.0,0.0,1.0,1.0,0.0,0.0,0.0,0.0],[0.0,0.0,1.0,0.0,0.0,0.0,0.0,0.0,0.0],[0.0,0.0,1.0,0.0,0.0,1.0,0.0,0.0,0.0],[0.0,0.0,0.0,0.0,1.0,0.0,1.0,0.0,0.0],[0.0,0.0,0.0,0.0,0.0,1.0,0.0,1.0,0.0],[0.0,1.0,0.0,0.0,0.0,0.0,1.0,0.0,1.0],[0.0,0.0,0.0,0.0,0.0,0.0,0.0,1.0,0.0]]}}