{"smiles":"O=C1NCCN1","id":"A-3416","input_type":"regression","solubility":0.8402733738,"value":0.8402733738,"name":"imidazolidin-2-one","type":"train","image_width":900,"image_height":900,"graph":{"node_symbol":["O","C","N","C","C","N"],"node_number":[8,6,7,6,6,7],"edge_indices":[[0,1],[1,0],[1,2],[1,5],[2,1],[2,3],[3,2],[3,4],[4,3],[4,5],[5,1],[5,4]],"edge_number":[[2],[2],[1],[1],[1],[1],[1],[1],[1],[1],[1],[1]],"graph_labels":["A-3416"],"graph_size":6,"node_attributes":[[0.0,0.0,0.0,1.0,0.0,0.0,0.0,0.0,0.0,0.0,0.0,0.0,0.0,0.0,0.0,0.0,0.0,1.0,0.0,0.0,0.0,0.0,0.0,0.0,0.0,1.0,0.0,0.0,0.0,0.0,0.0,0.0,1.0,0.0,0.0,0.0,0.0,0.0,0.0,0.0,0.0],[0.0,1.0,0.0,0.0,0.0,0.0,0.0,0.0,0.0,0.0,0.0,0.0,0.0,0.0,0.0,0.0,0.0,0.0,0.0,1.0,0.0,0.0,0.0,0.0,0.0,1.0,0.0,0.0,0.0,0.0,0.0,1.0,1.0,0.0,0.0,0.0,0.0,0.0,0.0,0.0,0.0],[0.0,0.0,1.0,0.0,0.0,0.0,0.0,0.0,0.0,0.0,0.0,0.0,0.0,0.0,0.0,0.0,0.0,0.0,0.0,1.0,0.0,0.0,0.0,0.0,0.0,1.0,0.0,0.0,0.0,0.0,0.0,1.0,0.0,1.0,0.0,0.0,0.0,0.0,0.0,0.0,0.0],[0.0,1.0,0.0,0.0,0.0,0.0,0.0,0.0,0.0,0.0,0.0,0.0,0.0,0.0,0.0,0.0,0.0,0.0,0.0,0.0,1.0,0.0,0.0,0.0,0.0,0.0,1.0,0.0,0.0,0.0,0.0,1.0,0.0,0.0,1.0,0.0,0.0,0.0,0.0,0.0,0.0],[0.0,1.0,0.0,0.0,0.0,0.0,0.0,0.0,0.0,0.0,0.0,0.0,0.0,0.0,0.0,0.0,0.0,0.0,0.0,0.0,1.0,0.0,0.0,0.0,0.0,0.0,1.0,0.0,0.0,0.0,0.0,1.0,0.0,0.0,1.0,0.0,0.0,0.0,0.0,0.0,0.0],[0.0,0.0,1.0,0.0,0.0,0.0,0.0,0.0,0.0,0.0,0.0,0.0,0.0,0.0,0.0,0.0,0.0,0.0,0.0,1.0,0.0,0.0,0.0,0.0,0.0,1.0,0.0,0.0,0.0,0.0,0.0,1.0,0.0,1.0,0.0,0.0,0.0,0.0,0.0,0.0,0.0]],"edge_attributes":[[0.0,1.0,0.0,0.0,0.0,1.0,0.0,1.0,0.0,0.0,0.0],[0.0,1.0,0.0,0.0,0.0,1.0,0.0,1.0,0.0,0.0,0.0],[1.0,0.0,0.0,0.0,0.0,1.0,1.0,1.0,0.0,0.0,0.0],[1.0,0.0,0.0,0.0,0.0,1.0,1.0,1.0,0.0,0.0,0.0],[1.0,0.0,0.0,0.0,0.0,1.0,1.0,1.0,0.0,0.0,0.0],[1.0,0.0,0.0,0.0,0.0,0.0,1.0,1.0,0.0,0.0,0.0],[1.0,0.0,0.0,0.0,0.0,0.0,1.0,1.0,0.0,0.0,0.0],[1.0,0.0,0.0,0.0,0.0,0.0,1.0,1.0,0.0,0.0,0.0],[1.0,0.0,0.0,0.0,0.0,0.0,1.0,1.0,0.0,0.0,0.0],[1.0,0.0,0.0,0.0,0.0,0.0,1.0,1.0,0.0,0.0,0.0],[1.0,0.0,0.0,0.0,0.0,1.0,1.0,1.0,0.0,0.0,0.0],[1.0,0.0,0.0,0.0,0.0,0.0,1.0,1.0,0.0,0.0,0.0]],"graph_attributes":[86.04801177978516,6.0],"node_coordinates":[[77.57347488029652,704.485072441563],[345.6807037597795,550.1053092495258],[628.2049549130165,676.2078979712103],[835.4265251197036,446.5873338587339],[681.0467737295116,178.4801020287896],[378.351051760796,242.45953482160712]],"node_importances":[0.0,0.0,0.0,0.0,0.0,0.0],"edge_importances":[0.0,0.0,0.0,0.0,0.0,0.0,0.0,0.0,0.0,0.0,0.0,0.0],"node_indices":[0,1,2,3,4,5],"id":"A-3416","node_adjacency":[[0.0,1.0,0.0,0.0,0.0,0.0],[1.0,0.0,1.0,0.0,0.0,1.0],[0.0,1.0,0.0,1.0,0.0,0.0],[0.0,0.0,1.0,0.0,1.0,0.0],[0.0,0.0,0.0,1.0,0.0,1.0],[0.0,1.0,0.0,0.0,1.0,0.0]]}}