{"smiles":"Cc1cc(N)ccc1N","id":"A-3774","input_type":"regression","solubility":-0.5071845321,"value":-0.5071845321,"name":"diaminotoluene","type":"train","image_width":900,"image_height":900,"graph":{"node_symbol":["C","C","C","C","N","C","C","C","N"],"node_number":[6,6,6,6,7,6,6,6,7],"edge_indices":[[0,1],[1,0],[1,2],[1,7],[2,1],[2,3],[3,2],[3,4],[3,5],[4,3],[5,3],[5,6],[6,5],[6,7],[7,1],[7,6],[7,8],[8,7]],"edge_number":[[1],[1],[12],[12],[12],[12],[12],[1],[12],[1],[12],[12],[12],[12],[12],[12],[1],[1]],"graph_labels":["A-3774"],"graph_size":9,"node_attributes":[[0.0,1.0,0.0,0.0,0.0,0.0,0.0,0.0,0.0,0.0,0.0,0.0,0.0,0.0,0.0,0.0,0.0,0.0,0.0,0.0,1.0,0.0,0.0,0.0,0.0,0.0,1.0,0.0,0.0,0.0,0.0,0.0,0.0,0.0,0.0,1.0,0.0,0.0,0.0,0.0,0.0],[0.0,1.0,0.0,0.0,0.0,0.0,0.0,0.0,0.0,0.0,0.0,0.0,0.0,0.0,0.0,0.0,0.0,0.0,0.0,1.0,0.0,0.0,0.0,0.0,0.0,1.0,0.0,0.0,0.0,0.0,1.0,1.0,1.0,0.0,0.0,0.0,0.0,0.0,0.0,0.0,0.0],[0.0,1.0,0.0,0.0,0.0,0.0,0.0,0.0,0.0,0.0,0.0,0.0,0.0,0.0,0.0,0.0,0.0,0.0,0.0,1.0,0.0,0.0,0.0,0.0,0.0,1.0,0.0,0.0,0.0,0.0,1.0,1.0,0.0,1.0,0.0,0.0,0.0,0.0,0.0,0.0,0.0],[0.0,1.0,0.0,0.0,0.0,0.0,0.0,0.0,0.0,0.0,0.0,0.0,0.0,0.0,0.0,0.0,0.0,0.0,0.0,1.0,0.0,0.0,0.0,0.0,0.0,1.0,0.0,0.0,0.0,0.0,1.0,1.0,1.0,0.0,0.0,0.0,0.0,0.0,0.0,0.0,0.0],[0.0,0.0,1.0,0.0,0.0,0.0,0.0,0.0,0.0,0.0,0.0,0.0,0.0,0.0,0.0,0.0,0.0,0.0,0.0,1.0,0.0,0.0,0.0,0.0,0.0,1.0,0.0,0.0,0.0,0.0,0.0,0.0,0.0,0.0,1.0,0.0,0.0,0.0,0.0,0.0,0.0],[0.0,1.0,0.0,0.0,0.0,0.0,0.0,0.0,0.0,0.0,0.0,0.0,0.0,0.0,0.0,0.0,0.0,0.0,0.0,1.0,0.0,0.0,0.0,0.0,0.0,1.0,0.0,0.0,0.0,0.0,1.0,1.0,0.0,1.0,0.0,0.0,0.0,0.0,0.0,0.0,0.0],[0.0,1.0,0.0,0.0,0.0,0.0,0.0,0.0,0.0,0.0,0.0,0.0,0.0,0.0,0.0,0.0,0.0,0.0,0.0,1.0,0.0,0.0,0.0,0.0,0.0,1.0,0.0,0.0,0.0,0.0,1.0,1.0,0.0,1.0,0.0,0.0,0.0,0.0,0.0,0.0,0.0],[0.0,1.0,0.0,0.0,0.0,0.0,0.0,0.0,0.0,0.0,0.0,0.0,0.0,0.0,0.0,0.0,0.0,0.0,0.0,1.0,0.0,0.0,0.0,0.0,0.0,1.0,0.0,0.0,0.0,0.0,1.0,1.0,1.0,0.0,0.0,0.0,0.0,0.0,0.0,0.0,0.0],[0.0,0.0,1.0,0.0,0.0,0.0,0.0,0.0,0.0,0.0,0.0,0.0,0.0,0.0,0.0,0.0,0.0,0.0,0.0,1.0,0.0,0.0,0.0,0.0,0.0,1.0,0.0,0.0,0.0,0.0,0.0,0.0,0.0,0.0,1.0,0.0,0.0,0.0,0.0,0.0,0.0]],"edge_attributes":[[1.0,0.0,0.0,0.0,0.0,0.0,0.0,1.0,0.0,0.0,0.0],[1.0,0.0,0.0,0.0,0.0,0.0,0.0,1.0,0.0,0.0,0.0],[0.0,0.0,0.0,1.0,1.0,1.0,1.0,1.0,0.0,0.0,0.0],[0.0,0.0,0.0,1.0,1.0,1.0,1.0,1.0,0.0,0.0,0.0],[0.0,0.0,0.0,1.0,1.0,1.0,1.0,1.0,0.0,0.0,0.0],[0.0,0.0,0.0,1.0,1.0,1.0,1.0,1.0,0.0,0.0,0.0],[0.0,0.0,0.0,1.0,1.0,1.0,1.0,1.0,0.0,0.0,0.0],[1.0,0.0,0.0,0.0,0.0,1.0,0.0,1.0,0.0,0.0,0.0],[0.0,0.0,0.0,1.0,1.0,1.0,1.0,1.0,0.0,0.0,0.0],[1.0,0.0,0.0,0.0,0.0,1.0,0.0,1.0,0.0,0.0,0.0],[0.0,0.0,0.0,1.0,1.0,1.0,1.0,1.0,0.0,0.0,0.0],[0.0,0.0,0.0,1.0,1.0,1.0,1.0,1.0,0.0,0.0,0.0],[0.0,0.0,0.0,1.0,1.0,1.0,1.0,1.0,0.0,0.0,0.0],[0.0,0.0,0.0,1.0,1.0,1.0,1.0,1.0,0.0,0.0,0.0],[0.0,0.0,0.0,1.0,1.0,1.0,1.0,1.0,0.0,0.0,0.0],[0.0,0.0,0.0,1.0,1.0,1.0,1.0,1.0,0.0,0.0,0.0],[1.0,0.0,0.0,0.0,0.0,1.0,0.0,1.0,0.0,0.0,0.0],[1.0,0.0,0.0,0.0,0.0,1.0,0.0,1.0,0.0,0.0,0.0]],"graph_attributes":[122.08439636230469,9.0],"node_coordinates":[[732.525568056458,293.7623549289034],[590.8287840282289,375.4048208691762],[449.2628340457795,293.53339066968306],[307.56605001755065,375.2085604422947],[166.00011251271744,293.30442641046284],[307.4352159717711,538.7551721121647],[449.00115971541237,620.626609330317],[590.6979437436413,538.9514286397912],[732.2638874872825,620.8555735895372]],"node_importances":[0.0,0.0,0.0,0.0,0.0,0.0,0.0,0.0,0.0],"edge_importances":[0.0,0.0,0.0,0.0,0.0,0.0,0.0,0.0,0.0,0.0,0.0,0.0,0.0,0.0,0.0,0.0,0.0,0.0],"node_indices":[0,1,2,3,4,5,6,7,8],"id":"A-3774","node_adjacency":[[0.0,1.0,0.0,0.0,0.0,0.0,0.0,0.0,0.0],[1.0,0.0,1.0,0.0,0.0,0.0,0.0,1.0,0.0],[0.0,1.0,0.0,1.0,0.0,0.0,0.0,0.0,0.0],[0.0,0.0,1.0,0.0,1.0,1.0,0.0,0.0,0.0],[0.0,0.0,0.0,1.0,0.0,0.0,0.0,0.0,0.0],[0.0,0.0,0.0,1.0,0.0,0.0,1.0,0.0,0.0],[0.0,0.0,0.0,0.0,0.0,1.0,0.0,1.0,0.0],[0.0,1.0,0.0,0.0,0.0,0.0,1.0,0.0,1.0],[0.0,0.0,0.0,0.0,0.0,0.0,0.0,1.0,0.0]]}}