{"smiles":"Nc1cc(Cl)c(Cl)cc1Cl","id":"A-387","input_type":"regression","solubility":-3.4359504856,"value":-3.4359504856,"name":"2,4,5-trichloroaniline","type":"train","image_width":900,"image_height":900,"graph":{"node_symbol":["N","C","C","C","Cl","C","Cl","C","C","Cl"],"node_number":[7,6,6,6,17,6,17,6,6,17],"edge_indices":[[0,1],[1,0],[1,2],[1,8],[2,1],[2,3],[3,2],[3,4],[3,5],[4,3],[5,3],[5,6],[5,7],[6,5],[7,5],[7,8],[8,1],[8,7],[8,9],[9,8]],"edge_number":[[1],[1],[12],[12],[12],[12],[12],[1],[12],[1],[12],[1],[12],[1],[12],[12],[12],[12],[1],[1]],"graph_labels":["A-387"],"graph_size":10,"node_attributes":[[0.0,0.0,1.0,0.0,0.0,0.0,0.0,0.0,0.0,0.0,0.0,0.0,0.0,0.0,0.0,0.0,0.0,0.0,0.0,1.0,0.0,0.0,0.0,0.0,0.0,1.0,0.0,0.0,0.0,0.0,0.0,0.0,0.0,0.0,1.0,0.0,0.0,0.0,0.0,0.0,0.0],[0.0,1.0,0.0,0.0,0.0,0.0,0.0,0.0,0.0,0.0,0.0,0.0,0.0,0.0,0.0,0.0,0.0,0.0,0.0,1.0,0.0,0.0,0.0,0.0,0.0,1.0,0.0,0.0,0.0,0.0,1.0,1.0,1.0,0.0,0.0,0.0,0.0,0.0,0.0,0.0,0.0],[0.0,1.0,0.0,0.0,0.0,0.0,0.0,0.0,0.0,0.0,0.0,0.0,0.0,0.0,0.0,0.0,0.0,0.0,0.0,1.0,0.0,0.0,0.0,0.0,0.0,1.0,0.0,0.0,0.0,0.0,1.0,1.0,0.0,1.0,0.0,0.0,0.0,0.0,0.0,0.0,0.0],[0.0,1.0,0.0,0.0,0.0,0.0,0.0,0.0,0.0,0.0,0.0,0.0,0.0,0.0,0.0,0.0,0.0,0.0,0.0,1.0,0.0,0.0,0.0,0.0,0.0,1.0,0.0,0.0,0.0,0.0,1.0,1.0,1.0,0.0,0.0,0.0,0.0,0.0,0.0,0.0,0.0],[0.0,0.0,0.0,0.0,0.0,0.0,0.0,0.0,1.0,0.0,0.0,0.0,0.0,0.0,0.0,0.0,0.0,1.0,0.0,0.0,0.0,0.0,0.0,0.0,0.0,0.0,1.0,0.0,0.0,0.0,0.0,0.0,1.0,0.0,0.0,0.0,0.0,0.0,0.0,0.0,0.0],[0.0,1.0,0.0,0.0,0.0,0.0,0.0,0.0,0.0,0.0,0.0,0.0,0.0,0.0,0.0,0.0,0.0,0.0,0.0,1.0,0.0,0.0,0.0,0.0,0.0,1.0,0.0,0.0,0.0,0.0,1.0,1.0,1.0,0.0,0.0,0.0,0.0,0.0,0.0,0.0,0.0],[0.0,0.0,0.0,0.0,0.0,0.0,0.0,0.0,1.0,0.0,0.0,0.0,0.0,0.0,0.0,0.0,0.0,1.0,0.0,0.0,0.0,0.0,0.0,0.0,0.0,0.0,1.0,0.0,0.0,0.0,0.0,0.0,1.0,0.0,0.0,0.0,0.0,0.0,0.0,0.0,0.0],[0.0,1.0,0.0,0.0,0.0,0.0,0.0,0.0,0.0,0.0,0.0,0.0,0.0,0.0,0.0,0.0,0.0,0.0,0.0,1.0,0.0,0.0,0.0,0.0,0.0,1.0,0.0,0.0,0.0,0.0,1.0,1.0,0.0,1.0,0.0,0.0,0.0,0.0,0.0,0.0,0.0],[0.0,1.0,0.0,0.0,0.0,0.0,0.0,0.0,0.0,0.0,0.0,0.0,0.0,0.0,0.0,0.0,0.0,0.0,0.0,1.0,0.0,0.0,0.0,0.0,0.0,1.0,0.0,0.0,0.0,0.0,1.0,1.0,1.0,0.0,0.0,0.0,0.0,0.0,0.0,0.0,0.0],[0.0,0.0,0.0,0.0,0.0,0.0,0.0,0.0,1.0,0.0,0.0,0.0,0.0,0.0,0.0,0.0,0.0,1.0,0.0,0.0,0.0,0.0,0.0,0.0,0.0,0.0,1.0,0.0,0.0,0.0,0.0,0.0,1.0,0.0,0.0,0.0,0.0,0.0,0.0,0.0,0.0]],"edge_attributes":[[1.0,0.0,0.0,0.0,0.0,1.0,0.0,1.0,0.0,0.0,0.0],[1.0,0.0,0.0,0.0,0.0,1.0,0.0,1.0,0.0,0.0,0.0],[0.0,0.0,0.0,1.0,1.0,1.0,1.0,1.0,0.0,0.0,0.0],[0.0,0.0,0.0,1.0,1.0,1.0,1.0,1.0,0.0,0.0,0.0],[0.0,0.0,0.0,1.0,1.0,1.0,1.0,1.0,0.0,0.0,0.0],[0.0,0.0,0.0,1.0,1.0,1.0,1.0,1.0,0.0,0.0,0.0],[0.0,0.0,0.0,1.0,1.0,1.0,1.0,1.0,0.0,0.0,0.0],[1.0,0.0,0.0,0.0,0.0,0.0,0.0,1.0,0.0,0.0,0.0],[0.0,0.0,0.0,1.0,1.0,1.0,1.0,1.0,0.0,0.0,0.0],[1.0,0.0,0.0,0.0,0.0,0.0,0.0,1.0,0.0,0.0,0.0],[0.0,0.0,0.0,1.0,1.0,1.0,1.0,1.0,0.0,0.0,0.0],[1.0,0.0,0.0,0.0,0.0,0.0,0.0,1.0,0.0,0.0,0.0],[0.0,0.0,0.0,1.0,1.0,1.0,1.0,1.0,0.0,0.0,0.0],[1.0,0.0,0.0,0.0,0.0,0.0,0.0,1.0,0.0,0.0,0.0],[0.0,0.0,0.0,1.0,1.0,1.0,1.0,1.0,0.0,0.0,0.0],[0.0,0.0,0.0,1.0,1.0,1.0,1.0,1.0,0.0,0.0,0.0],[0.0,0.0,0.0,1.0,1.0,1.0,1.0,1.0,0.0,0.0,0.0],[0.0,0.0,0.0,1.0,1.0,1.0,1.0,1.0,0.0,0.0,0.0],[1.0,0.0,0.0,0.0,0.0,0.0,0.0,1.0,0.0,0.0,0.0],[1.0,0.0,0.0,0.0,0.0,0.0,0.0,1.0,0.0,0.0,0.0]],"graph_attributes":[194.94093322753906,10.0],"node_coordinates":[[149.6676913021965,273.35744140638667],[308.4030456510982,364.8171722048162],[466.99182660329535,273.10094495115777],[625.7271879412012,364.5972981317509],[784.3159758824027,272.844448495929],[625.8737543489017,547.8098575989897],[784.6091086978033,639.2695639359044],[467.2849733967046,639.5260603911333],[308.5496190478028,548.0297107050424],[149.96083809560565,639.7825585936132]],"node_importances":[0.0,0.0,0.0,0.0,0.0,0.0,0.0,0.0,0.0,0.0],"edge_importances":[0.0,0.0,0.0,0.0,0.0,0.0,0.0,0.0,0.0,0.0,0.0,0.0,0.0,0.0,0.0,0.0,0.0,0.0,0.0,0.0],"node_indices":[0,1,2,3,4,5,6,7,8,9],"id":"A-387","node_adjacency":[[0.0,1.0,0.0,0.0,0.0,0.0,0.0,0.0,0.0,0.0],[1.0,0.0,1.0,0.0,0.0,0.0,0.0,0.0,1.0,0.0],[0.0,1.0,0.0,1.0,0.0,0.0,0.0,0.0,0.0,0.0],[0.0,0.0,1.0,0.0,1.0,1.0,0.0,0.0,0.0,0.0],[0.0,0.0,0.0,1.0,0.0,0.0,0.0,0.0,0.0,0.0],[0.0,0.0,0.0,1.0,0.0,0.0,1.0,1.0,0.0,0.0],[0.0,0.0,0.0,0.0,0.0,1.0,0.0,0.0,0.0,0.0],[0.0,0.0,0.0,0.0,0.0,1.0,0.0,0.0,1.0,0.0],[0.0,1.0,0.0,0.0,0.0,0.0,0.0,1.0,0.0,1.0],[0.0,0.0,0.0,0.0,0.0,0.0,0.0,0.0,1.0,0.0]]}}