{"smiles":"Clc1ccccn1","id":"D-970","input_type":"regression","solubility":-0.754,"value":-0.754,"name":"2-chloropyridine","type":"train","image_width":900,"image_height":900,"graph":{"node_symbol":["Cl","C","C","C","C","C","N"],"node_number":[17,6,6,6,6,6,7],"edge_indices":[[0,1],[1,0],[1,2],[1,6],[2,1],[2,3],[3,2],[3,4],[4,3],[4,5],[5,4],[5,6],[6,1],[6,5]],"edge_number":[[1],[1],[12],[12],[12],[12],[12],[12],[12],[12],[12],[12],[12],[12]],"graph_labels":["D-970"],"graph_size":7,"node_attributes":[[0.0,0.0,0.0,0.0,0.0,0.0,0.0,0.0,1.0,0.0,0.0,0.0,0.0,0.0,0.0,0.0,0.0,1.0,0.0,0.0,0.0,0.0,0.0,0.0,0.0,0.0,1.0,0.0,0.0,0.0,0.0,0.0,1.0,0.0,0.0,0.0,0.0,0.0,0.0,0.0,0.0],[0.0,1.0,0.0,0.0,0.0,0.0,0.0,0.0,0.0,0.0,0.0,0.0,0.0,0.0,0.0,0.0,0.0,0.0,0.0,1.0,0.0,0.0,0.0,0.0,0.0,1.0,0.0,0.0,0.0,0.0,1.0,1.0,1.0,0.0,0.0,0.0,0.0,0.0,0.0,0.0,0.0],[0.0,1.0,0.0,0.0,0.0,0.0,0.0,0.0,0.0,0.0,0.0,0.0,0.0,0.0,0.0,0.0,0.0,0.0,0.0,1.0,0.0,0.0,0.0,0.0,0.0,1.0,0.0,0.0,0.0,0.0,1.0,1.0,0.0,1.0,0.0,0.0,0.0,0.0,0.0,0.0,0.0],[0.0,1.0,0.0,0.0,0.0,0.0,0.0,0.0,0.0,0.0,0.0,0.0,0.0,0.0,0.0,0.0,0.0,0.0,0.0,1.0,0.0,0.0,0.0,0.0,0.0,1.0,0.0,0.0,0.0,0.0,1.0,1.0,0.0,1.0,0.0,0.0,0.0,0.0,0.0,0.0,0.0],[0.0,1.0,0.0,0.0,0.0,0.0,0.0,0.0,0.0,0.0,0.0,0.0,0.0,0.0,0.0,0.0,0.0,0.0,0.0,1.0,0.0,0.0,0.0,0.0,0.0,1.0,0.0,0.0,0.0,0.0,1.0,1.0,0.0,1.0,0.0,0.0,0.0,0.0,0.0,0.0,0.0],[0.0,1.0,0.0,0.0,0.0,0.0,0.0,0.0,0.0,0.0,0.0,0.0,0.0,0.0,0.0,0.0,0.0,0.0,0.0,1.0,0.0,0.0,0.0,0.0,0.0,1.0,0.0,0.0,0.0,0.0,1.0,1.0,0.0,1.0,0.0,0.0,0.0,0.0,0.0,0.0,0.0],[0.0,0.0,1.0,0.0,0.0,0.0,0.0,0.0,0.0,0.0,0.0,0.0,0.0,0.0,0.0,0.0,0.0,0.0,1.0,0.0,0.0,0.0,0.0,0.0,0.0,1.0,0.0,0.0,0.0,0.0,1.0,1.0,1.0,0.0,0.0,0.0,0.0,0.0,0.0,0.0,0.0]],"edge_attributes":[[1.0,0.0,0.0,0.0,0.0,0.0,0.0,1.0,0.0,0.0,0.0],[1.0,0.0,0.0,0.0,0.0,0.0,0.0,1.0,0.0,0.0,0.0],[0.0,0.0,0.0,1.0,1.0,1.0,1.0,1.0,0.0,0.0,0.0],[0.0,0.0,0.0,1.0,1.0,1.0,1.0,1.0,0.0,0.0,0.0],[0.0,0.0,0.0,1.0,1.0,1.0,1.0,1.0,0.0,0.0,0.0],[0.0,0.0,0.0,1.0,1.0,1.0,1.0,1.0,0.0,0.0,0.0],[0.0,0.0,0.0,1.0,1.0,1.0,1.0,1.0,0.0,0.0,0.0],[0.0,0.0,0.0,1.0,1.0,1.0,1.0,1.0,0.0,0.0,0.0],[0.0,0.0,0.0,1.0,1.0,1.0,1.0,1.0,0.0,0.0,0.0],[0.0,0.0,0.0,1.0,1.0,1.0,1.0,1.0,0.0,0.0,0.0],[0.0,0.0,0.0,1.0,1.0,1.0,1.0,1.0,0.0,0.0,0.0],[0.0,0.0,0.0,1.0,1.0,1.0,1.0,1.0,0.0,0.0,0.0],[0.0,0.0,0.0,1.0,1.0,1.0,1.0,1.0,0.0,0.0,0.0],[0.0,0.0,0.0,1.0,1.0,1.0,1.0,1.0,0.0,0.0,0.0]],"graph_attributes":[113.00322723388672,7.0],"node_coordinates":[[105.63318629831336,183.2571378256937],[343.63774273833064,320.44491463298857],[581.4225195536105,182.87255230011965],[819.4270550352885,320.06030814907535],[819.6468137016867,594.7654624312206],[581.8620473655765,732.2828621743065],[343.8575118838984,595.1500499216389]],"node_importances":[0.0,0.0,0.0,0.0,0.0,0.0,0.0],"edge_importances":[0.0,0.0,0.0,0.0,0.0,0.0,0.0,0.0,0.0,0.0,0.0,0.0,0.0,0.0],"node_indices":[0,1,2,3,4,5,6],"id":"D-970","node_adjacency":[[0.0,1.0,0.0,0.0,0.0,0.0,0.0],[1.0,0.0,1.0,0.0,0.0,0.0,1.0],[0.0,1.0,0.0,1.0,0.0,0.0,0.0],[0.0,0.0,1.0,0.0,1.0,0.0,0.0],[0.0,0.0,0.0,1.0,0.0,1.0,0.0],[0.0,0.0,0.0,0.0,1.0,0.0,1.0],[0.0,1.0,0.0,0.0,0.0,1.0,0.0]]}}