{"smiles":"c1ccccc1C","id":"E-31","input_type":"regression","solubility":-2.21,"value":-2.21,"name":"toluene","type":"test","image_width":900,"image_height":900,"graph":{"node_symbol":["C","C","C","C","C","C","C"],"node_number":[6,6,6,6,6,6,6],"edge_indices":[[0,1],[0,5],[1,0],[1,2],[2,1],[2,3],[3,2],[3,4],[4,3],[4,5],[5,0],[5,4],[5,6],[6,5]],"edge_number":[[12],[12],[12],[12],[12],[12],[12],[12],[12],[12],[12],[12],[1],[1]],"graph_labels":["E-31"],"graph_size":7,"node_attributes":[[0.0,1.0,0.0,0.0,0.0,0.0,0.0,0.0,0.0,0.0,0.0,0.0,0.0,0.0,0.0,0.0,0.0,0.0,0.0,1.0,0.0,0.0,0.0,0.0,0.0,1.0,0.0,0.0,0.0,0.0,1.0,1.0,0.0,1.0,0.0,0.0,0.0,0.0,0.0,0.0,0.0],[0.0,1.0,0.0,0.0,0.0,0.0,0.0,0.0,0.0,0.0,0.0,0.0,0.0,0.0,0.0,0.0,0.0,0.0,0.0,1.0,0.0,0.0,0.0,0.0,0.0,1.0,0.0,0.0,0.0,0.0,1.0,1.0,0.0,1.0,0.0,0.0,0.0,0.0,0.0,0.0,0.0],[0.0,1.0,0.0,0.0,0.0,0.0,0.0,0.0,0.0,0.0,0.0,0.0,0.0,0.0,0.0,0.0,0.0,0.0,0.0,1.0,0.0,0.0,0.0,0.0,0.0,1.0,0.0,0.0,0.0,0.0,1.0,1.0,0.0,1.0,0.0,0.0,0.0,0.0,0.0,0.0,0.0],[0.0,1.0,0.0,0.0,0.0,0.0,0.0,0.0,0.0,0.0,0.0,0.0,0.0,0.0,0.0,0.0,0.0,0.0,0.0,1.0,0.0,0.0,0.0,0.0,0.0,1.0,0.0,0.0,0.0,0.0,1.0,1.0,0.0,1.0,0.0,0.0,0.0,0.0,0.0,0.0,0.0],[0.0,1.0,0.0,0.0,0.0,0.0,0.0,0.0,0.0,0.0,0.0,0.0,0.0,0.0,0.0,0.0,0.0,0.0,0.0,1.0,0.0,0.0,0.0,0.0,0.0,1.0,0.0,0.0,0.0,0.0,1.0,1.0,0.0,1.0,0.0,0.0,0.0,0.0,0.0,0.0,0.0],[0.0,1.0,0.0,0.0,0.0,0.0,0.0,0.0,0.0,0.0,0.0,0.0,0.0,0.0,0.0,0.0,0.0,0.0,0.0,1.0,0.0,0.0,0.0,0.0,0.0,1.0,0.0,0.0,0.0,0.0,1.0,1.0,1.0,0.0,0.0,0.0,0.0,0.0,0.0,0.0,0.0],[0.0,1.0,0.0,0.0,0.0,0.0,0.0,0.0,0.0,0.0,0.0,0.0,0.0,0.0,0.0,0.0,0.0,0.0,0.0,0.0,1.0,0.0,0.0,0.0,0.0,0.0,1.0,0.0,0.0,0.0,0.0,0.0,0.0,0.0,0.0,1.0,0.0,0.0,0.0,0.0,0.0]],"edge_attributes":[[0.0,0.0,0.0,1.0,1.0,1.0,1.0,1.0,0.0,0.0,0.0],[0.0,0.0,0.0,1.0,1.0,1.0,1.0,1.0,0.0,0.0,0.0],[0.0,0.0,0.0,1.0,1.0,1.0,1.0,1.0,0.0,0.0,0.0],[0.0,0.0,0.0,1.0,1.0,1.0,1.0,1.0,0.0,0.0,0.0],[0.0,0.0,0.0,1.0,1.0,1.0,1.0,1.0,0.0,0.0,0.0],[0.0,0.0,0.0,1.0,1.0,1.0,1.0,1.0,0.0,0.0,0.0],[0.0,0.0,0.0,1.0,1.0,1.0,1.0,1.0,0.0,0.0,0.0],[0.0,0.0,0.0,1.0,1.0,1.0,1.0,1.0,0.0,0.0,0.0],[0.0,0.0,0.0,1.0,1.0,1.0,1.0,1.0,0.0,0.0,0.0],[0.0,0.0,0.0,1.0,1.0,1.0,1.0,1.0,0.0,0.0,0.0],[0.0,0.0,0.0,1.0,1.0,1.0,1.0,1.0,0.0,0.0,0.0],[0.0,0.0,0.0,1.0,1.0,1.0,1.0,1.0,0.0,0.0,0.0],[1.0,0.0,0.0,0.0,0.0,0.0,0.0,1.0,0.0,0.0,0.0],[1.0,0.0,0.0,0.0,0.0,0.0,0.0,1.0,0.0,0.0,0.0]],"graph_attributes":[92.0625991821289,7.0],"node_coordinates":[[315.64449379994676,608.6411837419018],[588.3717585476829,763.7681377026491],[859.0909090909092,605.1269719147045],[857.0827948863991,291.42158927710943],[584.355530138663,136.23186229735086],[313.6363795954367,294.8730400546003],[40.90909090909087,139.74606813989567]],"node_importances":[0.0,0.0,0.0,0.0,0.0,0.0,0.0],"edge_importances":[0.0,0.0,0.0,0.0,0.0,0.0,0.0,0.0,0.0,0.0,0.0,0.0,0.0,0.0],"node_indices":[0,1,2,3,4,5,6],"id":"E-31","node_adjacency":[[0.0,1.0,0.0,0.0,0.0,1.0,0.0],[1.0,0.0,1.0,0.0,0.0,0.0,0.0],[0.0,1.0,0.0,1.0,0.0,0.0,0.0],[0.0,0.0,1.0,0.0,1.0,0.0,0.0],[0.0,0.0,0.0,1.0,0.0,1.0,0.0],[1.0,0.0,0.0,0.0,1.0,0.0,1.0],[0.0,0.0,0.0,0.0,0.0,1.0,0.0]]}}