{"graph":{"node_indices":[0,1,2,3,4,5,6,7,8,9,10,11,12,13,14,15,16,17,18,19,20],"node_attributes":[[0.0,1.0,1.0],[1.0,0.0,1.0],[0.0,1.0,0.0],[0.0,1.0,0.0],[1.0,0.0,1.0],[0.0,1.0,0.0],[0.0,1.0,1.0],[0.800000011920929,0.800000011920929,0.800000011920929],[0.0,0.0,1.0],[0.0,1.0,1.0],[0.0,1.0,1.0],[0.800000011920929,0.800000011920929,0.800000011920929],[1.0,0.0,0.0],[0.0,1.0,0.0],[0.800000011920929,0.800000011920929,0.800000011920929],[0.0,0.0,1.0],[0.0,0.0,1.0],[0.800000011920929,0.800000011920929,0.800000011920929],[0.800000011920929,0.800000011920929,0.800000011920929],[0.0,1.0,1.0],[1.0,0.0,0.0]],"node_adjacency":[[0,0,0,0,0,0,1,0,0,0,0,0,1,0,0,0,0,0,0,0,0],[0,0,0,0,1,0,0,0,1,0,0,0,0,0,0,0,0,1,0,0,0],[0,0,0,0,0,0,0,0,0,0,0,0,0,0,0,0,1,0,0,0,0],[0,0,0,0,0,1,0,0,0,0,0,1,0,0,0,0,0,0,0,0,0],[0,1,0,0,0,0,0,1,0,0,0,0,0,0,0,0,0,0,0,0,0],[0,0,0,1,0,0,0,0,1,0,0,0,0,0,1,0,1,0,0,0,0],[1,0,0,0,0,0,0,0,1,0,1,0,0,0,0,0,0,0,0,0,0],[0,0,0,0,1,0,0,0,0,0,1,0,0,1,0,0,0,0,0,0,0],[0,1,0,0,0,1,1,0,0,0,0,0,0,0,0,1,1,0,0,0,0],[0,0,0,0,0,0,0,0,0,0,0,0,0,1,0,0,0,0,0,0,0],[0,0,0,0,0,0,1,1,0,0,0,0,0,0,0,0,0,0,0,0,0],[0,0,0,1,0,0,0,0,0,0,0,0,0,0,0,0,0,0,0,0,0],[1,0,0,0,0,0,0,0,0,0,0,0,0,0,0,0,0,0,0,1,0],[0,0,0,0,0,0,0,1,0,1,0,0,0,0,0,0,0,0,1,0,0],[0,0,0,0,0,1,0,0,0,0,0,0,0,0,0,0,0,1,0,0,0],[0,0,0,0,0,0,0,0,1,0,0,0,0,0,0,0,0,0,0,0,0],[0,0,1,0,0,1,0,0,1,0,0,0,0,0,0,0,0,0,0,0,1],[0,1,0,0,0,0,0,0,0,0,0,0,0,0,1,0,0,0,0,0,0],[0,0,0,0,0,0,0,0,0,0,0,0,0,1,0,0,0,0,0,0,0],[0,0,0,0,0,0,0,0,0,0,0,0,1,0,0,0,0,0,0,0,0],[0,0,0,0,0,0,0,0,0,0,0,0,0,0,0,0,1,0,0,0,0]],"edge_indices":[[8,16],[8,5],[16,8],[16,5],[5,16],[5,8],[6,8],[8,6],[10,6],[6,10],[0,6],[6,0],[7,10],[10,7],[2,16],[16,2],[1,8],[8,1],[20,16],[16,20],[3,5],[5,3],[12,0],[0,12],[11,3],[3,11],[14,5],[5,14],[13,7],[7,13],[4,1],[1,4],[15,8],[8,15],[18,13],[13,18],[17,1],[1,17],[19,12],[12,19],[9,13],[13,9],[17,14],[14,17],[7,4],[4,7]],"edge_attributes":[[1.0],[1.0],[1.0],[1.0],[1.0],[1.0],[1.0],[1.0],[1.0],[1.0],[1.0],[1.0],[1.0],[1.0],[1.0],[1.0],[1.0],[1.0],[1.0],[1.0],[1.0],[1.0],[1.0],[1.0],[1.0],[1.0],[1.0],[1.0],[1.0],[1.0],[1.0],[1.0],[1.0],[1.0],[1.0],[1.0],[1.0],[1.0],[1.0],[1.0],[1.0],[1.0],[1.0],[1.0],[1.0],[1.0]],"seed_graph_indices":[-1,-1,-1,-1,-1,0,-1,-1,0,-1,-1,-1,-1,-1,-1,-1,0,-1,-1,-1,-1],"graph_labels":0,"node_importances":[0,0,0,0,0,1,0,0,1,0,0,0,0,0,0,0,1,0,0,0,0],"edge_importances":[1,1,1,1,1,1,0,0,0,0,0,0,0,0,0,0,0,0,0,0,0,0,0,0,0,0,0,0,0,0,0,0,0,0,0,0,0,0,0,0,0,0,0,0,0,0],"multi_node_importances":[[0,0],[0,0],[0,0],[0,0],[0,0],[1,0],[0,0],[0,0],[1,0],[0,0],[0,0],[0,0],[0,0],[0,0],[0,0],[0,0],[1,0],[0,0],[0,0],[0,0],[0,0]],"multi_edge_importances":[[1,0],[1,0],[1,0],[1,0],[1,0],[1,0],[0,0],[0,0],[0,0],[0,0],[0,0],[0,0],[0,0],[0,0],[0,0],[0,0],[0,0],[0,0],[0,0],[0,0],[0,0],[0,0],[0,0],[0,0],[0,0],[0,0],[0,0],[0,0],[0,0],[0,0],[0,0],[0,0],[0,0],[0,0],[0,0],[0,0],[0,0],[0,0],[0,0],[0,0],[0,0],[0,0],[0,0],[0,0],[0,0],[0,0]],"original_value":-1.442893881612032,"class":0,"node_positions":[[-0.31979819677450433,0.41782882539194793],[0.08580390280471925,-0.28320346139622804],[0.8339051222382069,-0.04270889378173688],[0.4833406421521813,0.5143412524836292],[-0.15779851588707855,-0.4713488160198302],[0.384846645754512,0.20429423208474048],[-0.15392766292429338,0.14985551795847737],[-0.4624751441712958,-0.38482740753465194],[0.16785183252066077,0.06443820247449247],[-1.0,-0.5667360916346876],[-0.4015438490639895,-0.07225580259727549],[0.637784485202678,0.771717085671437],[-0.4942636301137228,0.6570757327716193],[-0.6990493206965323,-0.5839689532667683],[0.5297314914383969,-0.1716713593807627],[0.2709824674868526,-0.14181659602382482],[0.541889436703941,0.10574239903300515],[0.35690065725226233,-0.44167317664581357],[-0.7427165334444703,-0.8863825795533131],[-0.6622330454318174,0.8873460591914644],[0.8007692149532932,0.27395383077407937]],"node_coordinates":[[379.3910742135329,593.734999518854],[519.6320283025225,344.7395607413104],[778.2954545454545,430.1593787943979],[657.084303991802,628.0146676369646],[435.40407274912576,277.9133445864249],[623.02902656307,517.890932481214],[436.7424586036426,498.55517325041285],[330.0591026823491,308.64436293669326],[548.0009148450896,468.21631104824843],[144.20454545454555,244.03331224963682],[351.1267030931733,419.66479008044314],[710.4847965559222,719.430440809047],[319.0679179665026,678.7116686421859],[248.26123165768027,237.91247584261242],[673.1244008543348,384.3539767996022],[583.6593561067751,394.9579105152923],[677.3281311741987,482.886900034328],[613.3664234981914,288.4536563326799],[233.16285917753095,130.5],[260.99082446423324,760.5],[766.8383855187867,542.632906092995]]},"label":"0","name":"000","value":-1.442893881612032,"input_type":"classification","classes":{"0":"low","1":"high"},"image_width":900,"image_height":900,"image_path":"./000.png"}