{"graph":{"node_indices":[0,1,2,3,4,5,6,7,8,9,10,11,12,13,14,15,16],"node_attributes":[[1.0,0.0,0.0],[0.0,1.0,1.0],[0.0,1.0,0.0],[0.800000011920929,0.800000011920929,0.800000011920929],[0.0,1.0,0.0],[1.0,0.0,0.0],[0.800000011920929,0.800000011920929,0.800000011920929],[0.0,0.0,1.0],[1.0,0.0,0.0],[1.0,0.0,0.0],[0.800000011920929,0.800000011920929,0.800000011920929],[1.0,0.0,0.0],[1.0,1.0,0.0],[0.0,1.0,0.0],[0.800000011920929,0.800000011920929,0.800000011920929],[0.800000011920929,0.800000011920929,0.800000011920929],[0.800000011920929,0.800000011920929,0.800000011920929]],"node_adjacency":[[0,0,0,1,0,0,0,0,0,0,0,0,0,0,0,0,0],[0,0,0,0,0,0,0,0,0,1,0,0,0,0,0,0,0],[0,0,0,0,0,0,0,0,0,0,0,0,1,0,0,0,0],[1,0,0,0,0,0,0,0,0,1,1,0,0,0,0,0,0],[0,0,0,0,0,0,0,0,0,0,0,0,0,0,0,1,0],[0,0,0,0,0,0,1,0,0,0,1,0,0,0,0,0,0],[0,0,0,0,0,1,0,1,0,0,0,0,0,1,0,0,0],[0,0,0,0,0,0,1,0,0,0,0,0,0,0,0,0,0],[0,0,0,0,0,0,0,0,0,0,0,0,0,0,0,1,0],[0,1,0,1,0,0,0,0,0,0,0,0,1,0,0,0,1],[0,0,0,1,0,1,0,0,0,0,0,0,0,0,0,0,0],[0,0,0,0,0,0,0,0,0,0,0,0,1,0,0,0,0],[0,0,1,0,0,0,0,0,1,1,0,1,0,0,1,0,1],[0,0,0,0,0,0,1,0,0,0,0,0,0,0,0,0,0],[0,0,0,0,0,0,0,0,0,0,0,0,1,0,0,0,0],[0,0,0,0,1,0,0,0,1,0,0,0,0,0,0,0,0],[0,0,0,0,0,0,0,0,0,1,0,0,1,0,0,0,0]],"edge_indices":[[12,9],[12,11],[12,8],[9,12],[11,12],[11,12],[16,12],[12,16],[3,9],[9,3],[2,12],[12,2],[14,12],[12,14],[10,3],[3,10],[5,10],[10,5],[15,8],[8,15],[4,15],[15,4],[6,5],[5,6],[13,6],[6,13],[0,3],[3,0],[1,9],[9,1],[7,6],[6,7],[16,9],[9,16]],"edge_attributes":[[1.0],[1.0],[1.0],[1.0],[1.0],[1.0],[1.0],[1.0],[1.0],[1.0],[1.0],[1.0],[1.0],[1.0],[1.0],[1.0],[1.0],[1.0],[1.0],[1.0],[1.0],[1.0],[1.0],[1.0],[1.0],[1.0],[1.0],[1.0],[1.0],[1.0],[1.0],[1.0],[1.0],[1.0]],"seed_graph_indices":[-1,-1,-1,-1,-1,-1,-1,-1,0,0,-1,0,0,-1,-1,-1,-1],"graph_labels":1,"node_importances":[0,0,0,0,0,0,0,0,1,1,0,1,1,0,0,0,0],"edge_importances":[1,1,1,1,1,1,0,0,0,0,0,0,0,0,0,0,0,0,0,0,0,0,0,0,0,0,0,0,0,0,0,0,0,0],"multi_node_importances":[[0,0],[0,0],[0,0],[0,0],[0,0],[0,0],[0,0],[0,0],[0,1],[0,1],[0,0],[0,1],[0,1],[0,0],[0,0],[0,0],[0,0]],"multi_edge_importances":[[0,1],[0,1],[0,1],[0,1],[0,1],[0,1],[0,0],[0,0],[0,0],[0,0],[0,0],[0,0],[0,0],[0,0],[0,0],[0,0],[0,0],[0,0],[0,0],[0,0],[0,0],[0,0],[0,0],[0,0],[0,0],[0,0],[0,0],[0,0],[0,0],[0,0],[0,0],[0,0],[0,0],[0,0]],"original_value":1.615869020300428,"class":1,"node_positions":[[-0.48899802381133606,-0.046629388046804825],[-0.259466753648855,-0.3690379616347758],[0.03260931741597426,-0.5735668698206258],[-0.2228861478514032,0.030529763629691703],[0.9699673267749062,-0.21985317827353237],[-0.34524327349098666,0.5306821276166175],[-0.4565726089846054,0.7618651319966125],[-0.3495423450850688,1.0],[0.465772248970068,-0.23885759063307485],[-0.05154671963912746,-0.189773242741959],[-0.25440289167874336,0.29455742070673796],[0.21457318664232947,-0.6239401425051665],[0.1924171109407601,-0.3481765278213129],[-0.7079268707017558,0.8360847254755359],[0.3829000473427456,-0.506869914737707],[0.7236652868089752,-0.21022994081995297],[0.1546811099961228,-0.12678441239028296]],"node_coordinates":[[226.93967366450016,354.4650131116891],[313.68155046519337,229.3881115412388],[424.059655177469,150.04207606587303],[327.505681700694,384.3985459334126],[778.2954545454545,287.2636520599894],[281.2658525462499,578.4303215293291],[239.19352184876118,668.1166892391129],[279.64119574760423,760.5],[587.7557198439295,279.8909789711636],[392.2563518929066,298.9330226783285],[315.59522824354667,486.8268433840435],[492.825394657919,130.5],[484.4524196487539,237.48120743713005],[144.20454545454544,696.9098341758407],[556.4375892089585,175.91684854204212],[685.2157569889494,290.9969421222712],[470.1916544703385,323.3692454693601]]},"label":"1","name":"007","value":1.615869020300428,"input_type":"classification","classes":{"0":"low","1":"high"},"image_width":900,"image_height":900,"image_path":"./007.png"}