{"graph":{"node_indices":[0,1,2,3,4,5,6,7,8,9,10,11,12,13,14,15,16,17,18,19,20,21,22,23,24,25,26,27,28],"node_attributes":[[0.0,0.0,1.0],[0.0,0.0,1.0],[1.0,0.0,1.0],[0.800000011920929,0.800000011920929,0.800000011920929],[0.800000011920929,0.800000011920929,0.800000011920929],[1.0,0.0,0.0],[1.0,0.0,1.0],[0.0,1.0,1.0],[0.800000011920929,0.800000011920929,0.800000011920929],[1.0,1.0,0.0],[1.0,0.0,0.0],[0.0,0.0,1.0],[1.0,0.0,1.0],[0.800000011920929,0.800000011920929,0.800000011920929],[1.0,1.0,0.0],[1.0,0.0,1.0],[0.0,1.0,0.0],[1.0,0.0,1.0],[0.0,1.0,1.0],[0.0,0.0,1.0],[0.800000011920929,0.800000011920929,0.800000011920929],[0.800000011920929,0.800000011920929,0.800000011920929],[1.0,0.0,0.0],[1.0,1.0,0.0],[1.0,0.0,0.0],[1.0,0.0,0.0],[0.0,1.0,0.0],[0.0,1.0,0.0],[1.0,0.0,1.0]],"node_adjacency":[[0,0,0,0,0,0,0,0,0,0,0,0,1,0,0,0,0,0,0,0,0,0,0,0,0,0,0,0,0],[0,0,1,0,0,0,0,0,0,0,0,0,0,0,0,0,0,0,0,0,1,1,0,0,0,0,0,0,0],[0,1,0,0,0,0,0,0,0,0,0,0,0,0,0,0,0,0,0,0,0,0,0,0,0,0,0,0,0],[0,0,0,0,0,0,0,0,0,0,0,0,0,0,0,0,1,0,0,0,0,0,0,0,0,0,0,0,0],[0,0,0,0,0,0,0,0,0,1,0,1,0,0,0,0,0,0,0,0,0,0,0,0,0,0,0,1,0],[0,0,0,0,0,0,0,0,0,0,1,0,0,0,0,0,0,0,0,0,0,1,0,0,0,0,0,1,0],[0,0,0,0,0,0,0,0,0,0,0,0,0,0,0,1,0,0,0,0,0,0,1,0,0,0,0,0,0],[0,0,0,0,0,0,0,0,0,0,0,0,0,0,0,0,0,0,0,0,1,0,0,1,0,1,0,0,0],[0,0,0,0,0,0,0,0,0,0,0,1,0,0,0,0,0,0,0,0,0,1,0,0,0,1,0,0,0],[0,0,0,0,1,0,0,0,0,0,0,0,0,0,0,0,0,0,0,0,0,0,0,0,0,0,0,0,0],[0,0,0,0,0,1,0,0,0,0,0,0,0,0,0,0,0,0,0,1,0,0,0,0,0,0,0,1,0],[0,0,0,0,1,0,0,0,1,0,0,0,0,0,0,0,0,0,0,0,0,0,0,0,0,0,0,0,0],[1,0,0,0,0,0,0,0,0,0,0,0,0,0,1,0,0,0,0,0,0,1,0,0,0,0,1,0,0],[0,0,0,0,0,0,0,0,0,0,0,0,0,0,0,0,0,0,1,0,0,0,0,0,1,0,0,0,0],[0,0,0,0,0,0,0,0,0,0,0,0,1,0,0,0,0,0,0,0,0,0,0,0,0,0,0,0,0],[0,0,0,0,0,0,1,0,0,0,0,0,0,0,0,0,0,0,0,0,0,1,0,0,0,0,0,0,0],[0,0,0,1,0,0,0,0,0,0,0,0,0,0,0,0,0,0,0,0,0,0,0,0,0,0,0,1,0],[0,0,0,0,0,0,0,0,0,0,0,0,0,0,0,0,0,0,0,1,0,0,0,0,0,0,0,0,0],[0,0,0,0,0,0,0,0,0,0,0,0,0,1,0,0,0,0,0,0,0,0,0,0,0,0,0,0,0],[0,0,0,0,0,0,0,0,0,0,1,0,0,0,0,0,0,1,0,0,0,0,1,0,0,0,0,0,0],[0,1,0,0,0,0,0,1,0,0,0,0,0,0,0,0,0,0,0,0,0,0,0,0,0,0,0,0,0],[0,1,0,0,0,1,0,0,1,0,0,0,1,0,0,1,0,0,0,0,0,0,0,0,0,0,0,1,0],[0,0,0,0,0,0,1,0,0,0,0,0,0,0,0,0,0,0,0,1,0,0,0,0,0,0,0,0,0],[0,0,0,0,0,0,0,1,0,0,0,0,0,0,0,0,0,0,0,0,0,0,0,0,0,0,0,1,0],[0,0,0,0,0,0,0,0,0,0,0,0,0,1,0,0,0,0,0,0,0,0,0,0,0,0,0,1,0],[0,0,0,0,0,0,0,1,1,0,0,0,0,0,0,0,0,0,0,0,0,0,0,0,0,0,0,0,0],[0,0,0,0,0,0,0,0,0,0,0,0,1,0,0,0,0,0,0,0,0,0,0,0,0,0,0,0,0],[0,0,0,0,1,1,0,0,0,0,1,0,0,0,0,0,1,0,0,0,0,1,0,1,1,0,0,0,1],[0,0,0,0,0,0,0,0,0,0,0,0,0,0,0,0,0,0,0,0,0,0,0,0,0,0,0,1,0]],"edge_indices":[[10,5],[10,27],[5,10],[5,27],[27,5],[27,10],[19,10],[10,19],[21,27],[27,21],[1,21],[21,1],[24,27],[27,24],[12,21],[21,12],[13,24],[24,13],[8,21],[21,8],[16,27],[27,16],[2,1],[1,2],[15,21],[21,15],[18,13],[13,18],[20,1],[1,20],[3,16],[16,3],[4,27],[27,4],[28,27],[27,28],[7,20],[20,7],[14,12],[12,14],[17,19],[19,17],[9,4],[4,9],[23,7],[7,23],[6,15],[15,6],[11,8],[8,11],[25,7],[7,25],[0,12],[12,0],[26,12],[12,26],[22,19],[19,22],[27,23],[23,27],[21,5],[5,21],[22,6],[6,22],[8,25],[25,8],[4,11],[11,4]],"edge_attributes":[[1.0],[1.0],[1.0],[1.0],[1.0],[1.0],[1.0],[1.0],[1.0],[1.0],[1.0],[1.0],[1.0],[1.0],[1.0],[1.0],[1.0],[1.0],[1.0],[1.0],[1.0],[1.0],[1.0],[1.0],[1.0],[1.0],[1.0],[1.0],[1.0],[1.0],[1.0],[1.0],[1.0],[1.0],[1.0],[1.0],[1.0],[1.0],[1.0],[1.0],[1.0],[1.0],[1.0],[1.0],[1.0],[1.0],[1.0],[1.0],[1.0],[1.0],[1.0],[1.0],[1.0],[1.0],[1.0],[1.0],[1.0],[1.0],[1.0],[1.0],[1.0],[1.0],[1.0],[1.0],[1.0],[1.0],[1.0],[1.0]],"seed_graph_indices":[-1,-1,-1,-1,-1,0,-1,-1,-1,-1,0,-1,-1,-1,-1,-1,-1,-1,-1,-1,-1,-1,-1,-1,-1,-1,-1,0,-1],"graph_labels":1,"node_importances":[0,0,0,0,0,1,0,0,0,0,1,0,0,0,0,0,0,0,0,0,0,0,0,0,0,0,0,1,0],"edge_importances":[1,1,1,1,1,1,0,0,0,0,0,0,0,0,0,0,0,0,0,0,0,0,0,0,0,0,0,0,0,0,0,0,0,0,0,0,0,0,0,0,0,0,0,0,0,0,0,0,0,0,0,0,0,0,0,0,0,0,0,0,0,0,0,0,0,0,0,0],"multi_node_importances":[[0,0],[0,0],[0,0],[0,0],[0,0],[0,1],[0,0],[0,0],[0,0],[0,0],[0,1],[0,0],[0,0],[0,0],[0,0],[0,0],[0,0],[0,0],[0,0],[0,0],[0,0],[0,0],[0,0],[0,0],[0,0],[0,0],[0,0],[0,1],[0,0]],"multi_edge_importances":[[0,1],[0,1],[0,1],[0,1],[0,1],[0,1],[0,0],[0,0],[0,0],[0,0],[0,0],[0,0],[0,0],[0,0],[0,0],[0,0],[0,0],[0,0],[0,0],[0,0],[0,0],[0,0],[0,0],[0,0],[0,0],[0,0],[0,0],[0,0],[0,0],[0,0],[0,0],[0,0],[0,0],[0,0],[0,0],[0,0],[0,0],[0,0],[0,0],[0,0],[0,0],[0,0],[0,0],[0,0],[0,0],[0,0],[0,0],[0,0],[0,0],[0,0],[0,0],[0,0],[0,0],[0,0],[0,0],[0,0],[0,0],[0,0],[0,0],[0,0],[0,0],[0,0],[0,0],[0,0],[0,0],[0,0],[0,0],[0,0]],"original_value":0.5402172248843412,"class":1,"node_positions":[[0.6663851750906936,-0.4132697919904378],[0.005580906159883588,-0.481136110661997],[0.047771375774041815,-0.787220951464298],[-0.3308729752688775,0.6742390154084525],[0.2788159398875243,0.24207464877562557],[-0.09810633214007207,0.03736273940370601],[-0.5776911102597173,-0.29372555188625843],[-0.16442784419732004,-0.3892165551325336],[0.26520504630662783,-0.1748579597657969],[0.5250360206143853,0.4212712115921588],[-0.3286603458415924,0.19006417340618958],[0.4521166303655652,0.053683249531124515],[0.40467375749074497,-0.2916351011024113],[0.19737889080991608,0.7412469233836673],[0.7003220156729291,-0.18984615415665204],[-0.2626211748096984,-0.2597114894197426],[-0.20058422600497136,0.41410034244600885],[-0.876878280215594,0.332236161064129],[0.27783401974580246,1.0],[-0.6372498216685062,0.1804594941376958],[-0.21836315708606208,-0.6498968692869705],[0.06457297224869327,-0.1565297200901137],[-0.769532925489725,-0.08285669580381713],[-0.17995617652444765,-0.06556325458418918],[0.12310073697477204,0.4559513513231158],[0.1671521170953304,-0.47672424653351025],[0.5053421253219386,-0.5823287473774142],[-0.0073203162342863086,0.17003149694293154],[-0.029023043817978048,0.3817983918413376]],"node_coordinates":[[764.6516312767428,262.31874925733723],[498.98468922139676,238.39569669461306],[515.9467664555649,130.5],[363.71819954442094,645.6684118158266],[608.8349418389569,493.32935672831144],[457.29871226201146,421.16788010806283],[264.4884847108358,304.4584025575786],[430.6350932008872,270.7975773552644],[603.3628759848301,346.35953569645267],[707.8242174759984,556.4966078070995],[364.6077556830331,474.9955298694116],[678.508015485825,426.9209020675746],[659.4342843500267,305.1952918564337],[576.094336465046,669.2888723916708],[778.2954545454545,341.07615847412194],[391.1578635573366,316.4484474014173],[416.098935003595,553.9688579178802],[144.2045454545455,525.1115226072525],[608.4401748350816,760.5],[240.5437533029542,471.60985562796236],[408.9511690532199,178.90709353862147],[522.7016089511964,352.8202875056903],[187.36121600694776,378.79021879053744],[424.3921484159782,384.88620147216346],[546.2318629328639,568.7214466064669],[563.94209272433,239.95089019134855],[699.9065674463338,202.72503097279485],[493.7979365574337,467.9339596916939],[485.0726641242689,542.5823369260187]]},"label":"1","name":"063","value":0.5402172248843412,"input_type":"classification","classes":{"0":"low","1":"high"},"image_width":900,"image_height":900,"image_path":"./063.png"}