{"graph":{"node_indices":[0,1,2,3,4,5,6,7,8,9,10,11,12,13,14,15,16,17,18,19,20,21,22,23,24,25,26],"node_attributes":[[0.0,1.0,0.0],[0.0,0.0,1.0],[1.0,1.0,0.0],[0.0,0.0,1.0],[1.0,1.0,0.0],[0.0,0.0,1.0],[1.0,0.0,0.0],[0.800000011920929,0.800000011920929,0.800000011920929],[1.0,1.0,0.0],[0.0,1.0,0.0],[1.0,0.0,0.0],[0.800000011920929,0.800000011920929,0.800000011920929],[0.0,1.0,1.0],[0.800000011920929,0.800000011920929,0.800000011920929],[0.0,1.0,0.0],[1.0,0.0,1.0],[0.800000011920929,0.800000011920929,0.800000011920929],[0.0,0.0,1.0],[1.0,0.0,1.0],[0.0,0.0,1.0],[0.0,0.0,1.0],[1.0,0.0,1.0],[0.0,1.0,0.0],[1.0,0.0,1.0],[0.800000011920929,0.800000011920929,0.800000011920929],[0.800000011920929,0.800000011920929,0.800000011920929],[0.800000011920929,0.800000011920929,0.800000011920929]],"node_adjacency":[[0,0,0,1,0,1,0,0,0,0,0,0,0,0,0,0,0,0,0,1,1,0,0,0,0,0,0],[0,0,0,0,0,0,0,1,0,0,0,0,0,0,0,0,0,0,0,0,0,0,0,0,0,0,0],[0,0,0,0,0,0,0,0,1,0,0,0,0,1,0,1,0,0,0,0,0,0,0,0,0,1,0],[1,0,0,0,0,0,0,0,0,0,0,0,0,0,0,0,1,0,1,1,0,0,0,0,1,0,0],[0,0,0,0,0,0,0,0,0,0,0,0,0,0,0,0,0,0,0,0,0,1,0,0,0,0,0],[1,0,0,0,0,0,0,1,0,1,0,0,0,0,0,1,0,1,0,0,0,0,0,0,0,0,0],[0,0,0,0,0,0,0,0,0,0,1,1,0,0,0,0,0,0,0,0,0,0,0,0,0,0,0],[0,1,0,0,0,1,0,0,0,0,0,0,0,0,0,0,0,0,0,0,0,0,0,0,0,0,0],[0,0,1,0,0,0,0,0,0,0,0,0,0,0,1,0,0,0,0,0,0,0,0,0,0,0,0],[0,0,0,0,0,1,0,0,0,0,0,0,0,0,0,0,0,0,0,0,0,0,0,0,0,0,0],[0,0,0,0,0,0,1,0,0,0,0,0,0,0,0,1,0,0,0,0,0,0,0,0,0,0,0],[0,0,0,0,0,0,1,0,0,0,0,0,0,0,0,0,0,0,0,0,0,0,0,0,0,0,0],[0,0,0,0,0,0,0,0,0,0,0,0,0,0,0,0,0,0,1,0,0,0,0,0,0,0,0],[0,0,1,0,0,0,0,0,0,0,0,0,0,0,0,0,0,0,0,0,0,0,0,0,0,0,0],[0,0,0,0,0,0,0,0,1,0,0,0,0,0,0,0,0,0,0,0,0,0,0,0,0,0,0],[0,0,1,0,0,1,0,0,0,0,1,0,0,0,0,0,0,0,0,0,0,0,0,0,1,0,0],[0,0,0,1,0,0,0,0,0,0,0,0,0,0,0,0,0,0,0,0,0,1,0,1,0,1,0],[0,0,0,0,0,1,0,0,0,0,0,0,0,0,0,0,0,0,0,0,0,0,0,0,0,0,0],[0,0,0,1,0,0,0,0,0,0,0,0,1,0,0,0,0,0,0,0,0,0,0,0,0,0,1],[1,0,0,1,0,0,0,0,0,0,0,0,0,0,0,0,0,0,0,0,1,0,1,0,0,0,0],[1,0,0,0,0,0,0,0,0,0,0,0,0,0,0,0,0,0,0,1,0,0,0,0,0,0,0],[0,0,0,0,1,0,0,0,0,0,0,0,0,0,0,0,1,0,0,0,0,0,0,0,0,0,0],[0,0,0,0,0,0,0,0,0,0,0,0,0,0,0,0,0,0,0,1,0,0,0,0,0,0,0],[0,0,0,0,0,0,0,0,0,0,0,0,0,0,0,0,1,0,0,0,0,0,0,0,0,0,0],[0,0,0,1,0,0,0,0,0,0,0,0,0,0,0,1,0,0,0,0,0,0,0,0,0,1,0],[0,0,1,0,0,0,0,0,0,0,0,0,0,0,0,0,1,0,0,0,0,0,0,0,1,0,0],[0,0,0,0,0,0,0,0,0,0,0,0,0,0,0,0,0,0,1,0,0,0,0,0,0,0,0]],"edge_indices":[[19,3],[19,0],[3,19],[3,0],[0,3],[0,19],[16,3],[3,16],[21,16],[16,21],[18,3],[3,18],[5,0],[0,5],[7,5],[5,7],[15,5],[5,15],[26,18],[18,26],[2,15],[15,2],[8,2],[2,8],[24,15],[15,24],[23,16],[16,23],[13,2],[2,13],[9,5],[5,9],[12,18],[18,12],[14,8],[8,14],[20,19],[19,20],[10,15],[15,10],[22,19],[19,22],[25,24],[24,25],[4,21],[21,4],[6,10],[10,6],[11,6],[6,11],[17,5],[5,17],[1,7],[7,1],[3,24],[24,3],[20,0],[0,20],[2,25],[25,2],[25,16],[16,25]],"edge_attributes":[[1.0],[1.0],[1.0],[1.0],[1.0],[1.0],[1.0],[1.0],[1.0],[1.0],[1.0],[1.0],[1.0],[1.0],[1.0],[1.0],[1.0],[1.0],[1.0],[1.0],[1.0],[1.0],[1.0],[1.0],[1.0],[1.0],[1.0],[1.0],[1.0],[1.0],[1.0],[1.0],[1.0],[1.0],[1.0],[1.0],[1.0],[1.0],[1.0],[1.0],[1.0],[1.0],[1.0],[1.0],[1.0],[1.0],[1.0],[1.0],[1.0],[1.0],[1.0],[1.0],[1.0],[1.0],[1.0],[1.0],[1.0],[1.0],[1.0],[1.0],[1.0],[1.0]],"seed_graph_indices":[0,-1,-1,0,-1,-1,-1,-1,-1,-1,-1,-1,-1,-1,-1,-1,-1,-1,-1,0,-1,-1,-1,-1,-1,-1,-1],"graph_labels":0,"node_importances":[1,0,0,1,0,0,0,0,0,0,0,0,0,0,0,0,0,0,0,1,0,0,0,0,0,0,0],"edge_importances":[1,1,1,1,1,1,0,0,0,0,0,0,0,0,0,0,0,0,0,0,0,0,0,0,0,0,0,0,0,0,0,0,0,0,0,0,0,0,0,0,0,0,0,0,0,0,0,0,0,0,0,0,0,0,0,0,0,0,0,0,0,0],"multi_node_importances":[[1,0],[0,0],[0,0],[1,0],[0,0],[0,0],[0,0],[0,0],[0,0],[0,0],[0,0],[0,0],[0,0],[0,0],[0,0],[0,0],[0,0],[0,0],[0,0],[1,0],[0,0],[0,0],[0,0],[0,0],[0,0],[0,0],[0,0]],"multi_edge_importances":[[1,0],[1,0],[1,0],[1,0],[1,0],[1,0],[0,0],[0,0],[0,0],[0,0],[0,0],[0,0],[0,0],[0,0],[0,0],[0,0],[0,0],[0,0],[0,0],[0,0],[0,0],[0,0],[0,0],[0,0],[0,0],[0,0],[0,0],[0,0],[0,0],[0,0],[0,0],[0,0],[0,0],[0,0],[0,0],[0,0],[0,0],[0,0],[0,0],[0,0],[0,0],[0,0],[0,0],[0,0],[0,0],[0,0],[0,0],[0,0],[0,0],[0,0],[0,0],[0,0],[0,0],[0,0],[0,0],[0,0],[0,0],[0,0],[0,0],[0,0],[0,0],[0,0]],"original_value":-1.0348450218804863,"class":0,"node_positions":[[-0.03622079354437752,-0.28260000582911343],[0.7188259805341385,-0.4725648229414621],[0.12839625226763365,0.3594888982509298],[-0.2615649071909258,-0.1300255271278768],[-0.7520131043492697,0.5249190377205113],[0.24096160529732888,-0.2019220657825792],[0.7601514964303587,0.2514924616764954],[0.5228969994688495,-0.27680461168279963],[0.1018570285820204,0.6406867419596167],[0.3963228383257637,-0.3726914155473389],[0.5041977180247516,0.16749217094391475],[1.0,0.33084883043790614],[-0.7883069365208124,-0.24641954293867532],[0.3129640124185223,0.5313502626041876],[0.143244795693492,0.8982853871125918],[0.23540395163222022,0.08510314819853924],[-0.36586300082587236,0.14622809002735437],[0.2783681984389443,-0.4782875347456046],[-0.5213468361064333,-0.25344693044912253],[-0.22649434405566934,-0.3953409639167906],[-0.05546757166985178,-0.549301262897734],[-0.5400359563547157,0.3701634530454895],[-0.32143887995478637,-0.6600092826605187],[-0.6177096477044349,0.15704279421720754],[-0.04318458061031482,0.04466849573848867],[-0.1365687812493875,0.29346260438419836],[-0.6773755369771723,-0.4818184097978153]],"node_coordinates":[[410.87632107400606,283.0820815638191],[678.5978657396315,206.28156552393244],[469.2455920862159,542.6709882173503],[330.9746828471714,344.7661285199539],[157.07347112164587,609.5524259116801],[509.15857658405787,315.69921310846917],[693.2509062262193,499.0093134637557],[609.1261306678826,285.4250904844036],[459.83541750728295,656.3559317474894],[564.2459575457087,246.6591961985332],[602.4958122767327,465.0489950541246],[778.2954545454545,531.0921494571355],[144.20454545454544,297.709412365313],[534.6889096917715,612.1524936365513],[474.51053078734066,760.5],[507.18796539145285,431.7400931266451],[293.99307098914323,456.4521800631681],[522.4220607023418,203.96794120977452],[238.86221819840105,294.8683231814385],[343.4098665433378,237.502253195685],[404.05187344176875,175.25793558397365],[232.23550272449125,546.9865837533036],[309.74480276037633,130.5],[204.69426774152393,460.8244363326447],[408.4071285762425,415.39284408321424],[375.2953223931498,515.9773429505682],[183.53816908864187,202.54045042382666]]},"label":"0","name":"070","value":-1.0348450218804863,"input_type":"classification","classes":{"0":"low","1":"high"},"image_width":900,"image_height":900,"image_path":"./070.png"}