{"graph":{"node_indices":[0,1,2,3,4,5,6,7,8,9,10,11,12,13,14,15,16],"node_attributes":[[0.0,1.0,1.0],[0.800000011920929,0.800000011920929,0.800000011920929],[0.800000011920929,0.800000011920929,0.800000011920929],[1.0,0.0,0.0],[0.800000011920929,0.800000011920929,0.800000011920929],[0.800000011920929,0.800000011920929,0.800000011920929],[0.0,1.0,1.0],[0.0,1.0,0.0],[1.0,0.0,1.0],[1.0,0.0,0.0],[0.800000011920929,0.800000011920929,0.800000011920929],[0.0,0.0,1.0],[1.0,0.0,0.0],[1.0,1.0,0.0],[1.0,0.0,0.0],[0.0,1.0,0.0],[0.0,0.0,1.0]],"node_adjacency":[[0,0,0,1,0,1,0,0,0,0,0,0,1,0,0,0,0],[0,0,0,0,0,1,0,0,0,0,0,0,0,0,0,0,0],[0,0,0,0,0,0,1,0,0,0,0,0,0,0,0,0,1],[1,0,0,0,0,0,0,0,0,0,1,0,0,0,0,0,0],[0,0,0,0,0,0,0,0,0,0,0,0,0,0,0,0,1],[1,1,0,0,0,0,0,0,0,0,0,1,0,0,0,1,0],[0,0,1,0,0,0,0,0,0,0,0,0,1,0,0,0,0],[0,0,0,0,0,0,0,0,0,0,0,0,0,1,0,0,0],[0,0,0,0,0,0,0,0,0,0,0,0,1,0,0,0,0],[0,0,0,0,0,0,0,0,0,0,0,0,0,1,0,0,0],[0,0,0,1,0,0,0,0,0,0,0,0,0,0,0,0,0],[0,0,0,0,0,1,0,0,0,0,0,0,0,0,0,0,0],[1,0,0,0,0,0,1,0,1,0,0,0,0,1,0,0,1],[0,0,0,1,0,0,0,1,0,1,0,0,1,0,0,1,0],[0,0,0,0,0,0,0,0,0,0,0,0,0,0,0,0,1],[0,0,0,0,0,1,0,0,0,0,0,0,0,1,0,0,1],[0,0,1,0,1,0,0,0,0,0,0,0,1,0,1,1,0]],"edge_indices":[[13,12],[13,9],[13,3],[12,13],[9,13],[9,13],[8,12],[12,8],[0,3],[3,0],[16,12],[12,16],[15,13],[13,15],[2,16],[16,2],[10,3],[3,10],[4,16],[16,4],[5,15],[15,5],[7,13],[13,7],[1,5],[5,1],[11,5],[5,11],[6,12],[12,6],[14,16],[16,14],[0,12],[12,0],[6,2],[2,6],[15,16],[16,15],[5,0],[0,5]],"edge_attributes":[[1.0],[1.0],[1.0],[1.0],[1.0],[1.0],[1.0],[1.0],[1.0],[1.0],[1.0],[1.0],[1.0],[1.0],[1.0],[1.0],[1.0],[1.0],[1.0],[1.0],[1.0],[1.0],[1.0],[1.0],[1.0],[1.0],[1.0],[1.0],[1.0],[1.0],[1.0],[1.0],[1.0],[1.0],[1.0],[1.0],[1.0],[1.0],[1.0],[1.0]],"seed_graph_indices":[-1,-1,-1,0,-1,-1,-1,-1,-1,0,-1,-1,0,0,-1,-1,-1],"graph_labels":1,"node_importances":[0,0,0,1,0,0,0,0,0,1,0,0,1,1,0,0,0],"edge_importances":[1,1,1,1,1,1,0,0,0,0,0,0,0,0,0,0,0,0,0,0,0,0,0,0,0,0,0,0,0,0,0,0,0,0,0,0,0,0,0,0],"multi_node_importances":[[0,0],[0,0],[0,0],[0,1],[0,0],[0,0],[0,0],[0,0],[0,0],[0,1],[0,0],[0,0],[0,1],[0,1],[0,0],[0,0],[0,0]],"multi_edge_importances":[[0,1],[0,1],[0,1],[0,1],[0,1],[0,1],[0,0],[0,0],[0,0],[0,0],[0,0],[0,0],[0,0],[0,0],[0,0],[0,0],[0,0],[0,0],[0,0],[0,0],[0,0],[0,0],[0,0],[0,0],[0,0],[0,0],[0,0],[0,0],[0,0],[0,0],[0,0],[0,0],[0,0],[0,0],[0,0],[0,0],[0,0],[0,0],[0,0],[0,0]],"original_value":2.4007612903233997,"class":1,"node_positions":[[-0.28075981644708903,0.16182546709199544],[-0.5566441184458544,0.6935680094810787],[0.8251819243971306,0.05144475320376002],[-0.5977153314544584,-0.09349857099253028],[0.8192397201296421,-0.3462801446233079],[-0.21080551046718454,0.4547574540981557],[0.5421616528878459,0.22192338730417108],[-0.48138805707521,-0.5860365874406979],[0.2996562739144413,0.4452204101392488],[-0.15821901536401953,-0.697258316582343],[-1.0,-0.12951252662901844],[-0.1342108080360303,0.861622474064638],[0.16203311725315184,0.01829745397599417],[-0.2104859569760478,-0.27960727585401796],[0.539468448605968,-0.5925107161414492],[-0.0009754200942025617,-0.002407813086605351],[0.44346289717191667,-0.18154745800907188]],"node_coordinates":[[394.0775338660532,477.68676820067174],[298.23189485333376,692.5831244294816],[778.2954545454546,433.0779371939549],[283.9632444541719,374.5011077201856],[776.2310588511896,272.34294890337475],[418.38053012121986,596.0711584126318],[679.9706909404483,501.97450717393656],[324.3767868946436,175.44871562959958],[595.7213050807495,592.2168946804975],[436.64973279091237,130.50000000000006],[144.20454545454544,359.9465682152302],[444.9904827220602,760.5],[547.9093081763083,419.6819170243654],[418.49154697986256,299.28786193115013],[679.0350382646047,172.83228651844183],[491.27811418160303,411.3141711853626],[645.6815152141837,338.9173740869042]]},"label":"1","name":"083","value":2.4007612903233997,"input_type":"classification","classes":{"0":"low","1":"high"},"image_width":900,"image_height":900,"image_path":"./083.png"}