{"graph":{"node_indices":[0,1,2,3,4,5,6,7,8,9],"node_attributes":[[0.800000011920929,0.800000011920929,0.800000011920929],[0.0,0.0,1.0],[0.0,0.0,1.0],[1.0,1.0,0.0],[0.0,1.0,0.0],[1.0,0.0,0.0],[0.0,0.0,1.0],[1.0,0.0,0.0],[1.0,0.0,0.0],[1.0,1.0,0.0]],"node_adjacency":[[0,0,1,0,0,0,0,1,0,0],[0,0,0,0,0,0,0,0,0,0],[1,0,0,0,0,0,0,0,0,1],[0,0,0,0,0,1,0,1,1,0],[0,0,0,0,0,0,0,0,1,1],[0,0,0,1,0,0,0,0,0,0],[0,0,0,0,0,0,0,0,0,1],[1,0,0,1,0,0,0,0,0,0],[0,0,0,0,1,0,0,0,0,0],[0,1,1,0,1,0,1,0,0,0]],"edge_indices":[[9,6],[9,2],[9,1],[6,9],[2,9],[2,9],[3,5],[3,7],[3,8],[5,3],[7,3],[7,3],[4,8],[8,4],[0,2],[2,0],[0,7],[7,0],[9,4],[4,9]],"edge_attributes":[[1.0],[1.0],[1.0],[1.0],[1.0],[1.0],[1.0],[1.0],[1.0],[1.0],[1.0],[1.0],[1.0],[1.0],[1.0],[1.0],[1.0],[1.0],[1.0],[1.0]],"seed_graph_indices":[-1,0,0,1,-1,1,0,1,1,0],"graph_labels":1,"node_importances":[0,1,1,1,0,1,1,1,1,1],"edge_importances":[1,1,1,1,1,1,1,1,1,1,1,1,0,0,0,0,0,0,0,0],"multi_node_importances":[[0,0],[1,0],[1,0],[0,1],[0,0],[0,1],[1,0],[0,1],[0,1],[1,0]],"multi_edge_importances":[[1,0],[1,0],[1,0],[1,0],[1,0],[1,0],[0,1],[0,1],[0,1],[0,1],[0,1],[0,1],[0,0],[0,0],[0,0],[0,0],[0,0],[0,0],[0,0],[0,0]],"original_value":0.3681537275006386,"class":1,"node_positions":[[0.020426226429188846,-0.5263988654172125],[-0.6748155559152436,0.47963720835609813],[-0.32971502945678255,-0.2957487917881684],[0.5989108331389521,-0.029810325710122456],[-0.0795942265681631,0.3526640982548397],[1.0,0.014211330981715094],[-0.8499568929915544,-0.004325591375173564],[0.4281129137365998,-0.42189313520030064],[0.3352588615359941,0.30903275081697834],[-0.44862712990899106,0.12263132108134617]],"node_coordinates":[[442.5369150041964,130.5],[204.23596027661085,760.5],[322.5225578610206,274.93770971481115],[640.8182001267495,441.47371970178597],[408.25392159551427,680.9868876483075],[778.2954545454546,469.04096548834895],[144.20454545454544,457.432772313885],[582.2755344057446,195.94358771322732],[550.4488953117677,653.6640613576408],[281.7642665930982,536.935741375042]]},"label":"1","name":"089","value":0.3681537275006386,"input_type":"classification","classes":{"0":"low","1":"high"},"image_width":900,"image_height":900,"image_path":"./089.png"}