{"graph":{"node_indices":[0,1,2,3,4,5,6,7,8,9,10,11,12,13,14,15,16,17,18,19,20,21,22,23],"node_attributes":[[0.0,1.0,1.0],[0.800000011920929,0.800000011920929,0.800000011920929],[0.0,0.0,1.0],[0.0,1.0,0.0],[0.0,1.0,0.0],[0.0,0.0,1.0],[1.0,0.0,0.0],[1.0,0.0,0.0],[0.0,0.0,1.0],[0.0,1.0,1.0],[0.0,1.0,1.0],[0.0,1.0,0.0],[0.0,1.0,0.0],[0.800000011920929,0.800000011920929,0.800000011920929],[0.800000011920929,0.800000011920929,0.800000011920929],[0.0,0.0,1.0],[1.0,0.0,1.0],[0.800000011920929,0.800000011920929,0.800000011920929],[0.0,0.0,1.0],[0.0,1.0,0.0],[0.800000011920929,0.800000011920929,0.800000011920929],[0.0,0.0,1.0],[0.800000011920929,0.800000011920929,0.800000011920929],[0.800000011920929,0.800000011920929,0.800000011920929]],"node_adjacency":[[0,1,0,0,0,0,0,0,0,0,0,0,1,0,0,0,0,0,0,0,0,0,0,0],[1,0,0,0,0,0,0,0,0,0,0,0,0,0,1,0,0,0,1,0,0,0,0,0],[0,0,0,0,0,0,0,0,0,0,0,0,0,0,0,0,0,0,0,1,0,1,0,0],[0,0,0,0,0,0,0,0,0,0,0,0,1,0,0,1,0,0,0,0,0,0,0,0],[0,0,0,0,0,0,0,0,0,0,0,1,0,0,0,0,0,0,1,0,0,1,0,0],[0,0,0,0,0,0,0,0,1,0,1,0,0,0,0,0,0,0,0,0,0,0,0,0],[0,0,0,0,0,0,0,0,0,1,0,0,1,0,0,0,0,0,0,0,0,0,0,0],[0,0,0,0,0,0,0,0,0,0,0,0,0,0,0,0,0,0,0,0,0,1,0,1],[0,0,0,0,0,1,0,0,0,0,0,0,0,1,0,1,0,0,0,1,1,0,0,0],[0,0,0,0,0,0,1,0,0,0,0,0,1,0,0,0,0,0,0,0,0,0,0,0],[0,0,0,0,0,1,0,0,0,0,0,0,0,0,0,0,0,0,0,0,0,0,0,0],[0,0,0,0,1,0,0,0,0,0,0,0,0,0,0,0,0,0,0,0,0,0,0,0],[1,0,0,1,0,0,1,0,0,1,0,0,0,0,0,0,0,0,0,1,0,0,0,1],[0,0,0,0,0,0,0,0,1,0,0,0,0,0,0,0,0,0,0,0,0,0,0,0],[0,1,0,0,0,0,0,0,0,0,0,0,0,0,0,0,0,0,0,0,0,0,0,0],[0,0,0,1,0,0,0,0,1,0,0,0,0,0,0,0,0,0,0,1,0,0,0,0],[0,0,0,0,0,0,0,0,0,0,0,0,0,0,0,0,0,0,0,0,0,1,0,0],[0,0,0,0,0,0,0,0,0,0,0,0,0,0,0,0,0,0,0,0,0,1,0,0],[0,1,0,0,1,0,0,0,0,0,0,0,0,0,0,0,0,0,0,0,0,1,0,0],[0,0,1,0,0,0,0,0,1,0,0,0,1,0,0,1,0,0,0,0,0,0,0,0],[0,0,0,0,0,0,0,0,1,0,0,0,0,0,0,0,0,0,0,0,0,0,0,0],[0,0,1,0,1,0,0,1,0,0,0,0,0,0,0,0,1,1,1,0,0,0,1,0],[0,0,0,0,0,0,0,0,0,0,0,0,0,0,0,0,0,0,0,0,0,1,0,0],[0,0,0,0,0,0,0,1,0,0,0,0,1,0,0,0,0,0,0,0,0,0,0,0]],"edge_indices":[[8,15],[8,19],[15,8],[15,19],[19,15],[19,8],[21,18],[21,4],[18,21],[18,4],[4,18],[4,21],[16,21],[21,16],[7,21],[21,7],[22,21],[21,22],[12,19],[19,12],[0,12],[12,0],[17,21],[21,17],[9,12],[12,9],[13,8],[8,13],[11,4],[4,11],[1,18],[18,1],[20,8],[8,20],[6,9],[9,6],[14,1],[1,14],[5,8],[8,5],[10,5],[5,10],[23,12],[12,23],[3,15],[15,3],[2,19],[19,2],[2,21],[21,2],[6,12],[12,6],[23,7],[7,23],[3,12],[12,3],[1,0],[0,1]],"edge_attributes":[[1.0],[1.0],[1.0],[1.0],[1.0],[1.0],[1.0],[1.0],[1.0],[1.0],[1.0],[1.0],[1.0],[1.0],[1.0],[1.0],[1.0],[1.0],[1.0],[1.0],[1.0],[1.0],[1.0],[1.0],[1.0],[1.0],[1.0],[1.0],[1.0],[1.0],[1.0],[1.0],[1.0],[1.0],[1.0],[1.0],[1.0],[1.0],[1.0],[1.0],[1.0],[1.0],[1.0],[1.0],[1.0],[1.0],[1.0],[1.0],[1.0],[1.0],[1.0],[1.0],[1.0],[1.0],[1.0],[1.0],[1.0],[1.0]],"seed_graph_indices":[-1,-1,-1,-1,1,-1,-1,-1,0,-1,-1,-1,-1,-1,-1,0,-1,-1,1,0,-1,1,-1,-1],"graph_labels":0,"node_importances":[0,0,0,0,1,0,0,0,1,0,0,0,0,0,0,1,0,0,1,1,0,1,0,0],"edge_importances":[1,1,1,1,1,1,1,1,1,1,1,1,0,0,0,0,0,0,0,0,0,0,0,0,0,0,0,0,0,0,0,0,0,0,0,0,0,0,0,0,0,0,0,0,0,0,0,0,0,0,0,0,0,0,0,0,0,0],"multi_node_importances":[[0,0],[0,0],[0,0],[0,0],[1,0],[0,0],[0,0],[0,0],[1,0],[0,0],[0,0],[0,0],[0,0],[0,0],[0,0],[1,0],[0,0],[0,0],[1,0],[1,0],[0,0],[1,0],[0,0],[0,0]],"multi_edge_importances":[[1,0],[1,0],[1,0],[1,0],[1,0],[1,0],[1,0],[1,0],[1,0],[1,0],[1,0],[1,0],[0,0],[0,0],[0,0],[0,0],[0,0],[0,0],[0,0],[0,0],[0,0],[0,0],[0,0],[0,0],[0,0],[0,0],[0,0],[0,0],[0,0],[0,0],[0,0],[0,0],[0,0],[0,0],[0,0],[0,0],[0,0],[0,0],[0,0],[0,0],[0,0],[0,0],[0,0],[0,0],[0,0],[0,0],[0,0],[0,0],[0,0],[0,0],[0,0],[0,0],[0,0],[0,0],[0,0],[0,0],[0,0],[0,0]],"original_value":-2.19464696191085,"class":0,"node_positions":[[0.3431284041595033,0.26717071585623087],[0.163981906574219,0.49625923609784106],[-0.18205590289518125,-0.037079986208043945],[0.41685124167971904,-0.2679210025001957],[-0.32172740864901317,0.5178017003129636],[-0.024069085214335758,-0.7512405038478227],[0.6005244990300863,-0.09317730786882568],[-0.08917235146722496,0.21880965162333538],[0.023382154552498435,-0.491165583802408],[0.5896043940316512,0.07227396475566507],[-0.06751662423409689,-1.0],[-0.4385871360330189,0.7531179155614949],[0.3314015882651462,-0.02741987352553445],[-0.2232779432455541,-0.5880083096543218],[0.28833053306622847,0.7307957675049465],[0.19582979824328436,-0.38167945910802104],[-0.518242433348436,0.06467250625234762],[-0.5293805891725452,0.37233697078088696],[-0.11918685234357054,0.46860758373663347],[0.06292780695039148,-0.1989873117107625],[0.23680961299657421,-0.6848093265032026],[-0.30734910391777925,0.2385410743348358],[-0.57905773491943,0.21015419453152148],[0.14685122589088406,0.11094738338043626]],"node_coordinates":[[639.9307699176908,585.8701401960388],[543.6295861214902,668.1953314858611],[357.61506091826516,476.53468671680054],[679.5608861728629,393.57971890023083],[282.5338758100349,675.9368258457429],[442.5417425555493,219.89414809737843],[778.2954545454545,456.37556773650465],[407.54512418087074,568.4911206809904],[468.0494171332679,313.35460399382833],[772.4252921213888,515.8320942075404],[419.18627930602213,130.5],[219.71528746546736,760.4999999999999],[633.6269556204055,480.00614230798465],[335.45592670272833,278.55322711829456],[610.4738733167301,752.4783186568363],[560.749595222891,352.69950940218575],[176.89614486145865,513.100436048907],[170.90876801833826,623.6626583229859],[391.41066437057964,658.2584408563557],[489.3073997968541,418.35171216540346],[582.7785197382145,243.76683877928633],[290.26301249573066,575.5817996352716],[144.20454545454544,565.3806978626278],[534.4208946244404,529.729763906388]]},"label":"0","name":"090","value":-2.19464696191085,"input_type":"classification","classes":{"0":"low","1":"high"},"image_width":900,"image_height":900,"image_path":"./090.png"}