{"graph":{"node_indices":[0,1,2,3,4,5,6,7,8,9,10,11,12,13,14,15,16,17,18,19,20,21,22,23,24,25,26,27,28,29],"node_attributes":[[0.0,1.0,1.0],[1.0,1.0,0.0],[0.0,1.0,1.0],[0.0,1.0,0.0],[0.0,0.0,1.0],[0.0,0.0,1.0],[0.800000011920929,0.800000011920929,0.800000011920929],[0.0,1.0,1.0],[1.0,0.0,0.0],[0.800000011920929,0.800000011920929,0.800000011920929],[0.0,1.0,1.0],[0.0,1.0,0.0],[0.0,0.0,1.0],[0.0,1.0,0.0],[1.0,1.0,0.0],[1.0,0.0,0.0],[0.0,1.0,1.0],[0.800000011920929,0.800000011920929,0.800000011920929],[0.0,0.0,1.0],[1.0,0.0,0.0],[1.0,0.0,1.0],[0.800000011920929,0.800000011920929,0.800000011920929],[0.0,1.0,1.0],[0.0,0.0,1.0],[0.800000011920929,0.800000011920929,0.800000011920929],[0.800000011920929,0.800000011920929,0.800000011920929],[0.0,1.0,0.0],[1.0,0.0,0.0],[0.800000011920929,0.800000011920929,0.800000011920929],[0.0,0.0,1.0]],"node_adjacency":[[0,0,0,0,0,0,0,0,0,0,0,0,0,0,0,0,0,0,0,0,0,0,1,0,0,0,0,1,0,0],[0,0,0,1,0,0,0,0,0,0,0,0,0,0,0,0,0,0,0,0,0,0,0,0,0,0,0,0,0,0],[0,0,0,0,0,0,0,0,0,0,0,0,0,0,0,0,0,0,0,0,0,0,1,0,0,0,0,0,0,0],[0,1,0,0,0,0,0,0,0,0,0,0,0,0,1,0,0,0,0,0,0,0,0,0,0,0,0,1,0,0],[0,0,0,0,0,0,0,0,0,0,0,0,0,0,0,0,0,0,0,0,0,0,0,0,1,0,0,0,0,0],[0,0,0,0,0,0,1,0,0,1,0,0,0,0,0,0,0,0,0,0,1,0,1,0,0,0,0,0,0,0],[0,0,0,0,0,1,0,0,0,0,0,0,0,0,0,1,0,0,0,0,0,0,0,0,0,0,0,0,0,0],[0,0,0,0,0,0,0,0,0,0,0,0,0,0,0,1,0,0,0,0,0,0,0,0,0,0,0,0,0,0],[0,0,0,0,0,0,0,0,0,0,0,0,0,0,0,0,0,0,0,0,0,0,0,1,0,0,0,0,0,0],[0,0,0,0,0,1,0,0,0,0,0,0,0,0,0,1,0,0,0,0,0,0,0,0,0,0,0,0,0,0],[0,0,0,0,0,0,0,0,0,0,0,0,0,1,0,0,1,0,0,0,0,0,0,0,0,0,0,0,0,0],[0,0,0,0,0,0,0,0,0,0,0,0,0,0,0,1,0,1,0,0,0,0,0,0,0,0,0,1,0,0],[0,0,0,0,0,0,0,0,0,0,0,0,0,0,0,0,0,0,0,0,0,0,0,1,0,0,1,0,0,0],[0,0,0,0,0,0,0,0,0,0,1,0,0,0,0,1,0,0,0,0,0,0,0,0,0,0,0,0,0,0],[0,0,0,1,0,0,0,0,0,0,0,0,0,0,0,0,0,0,0,0,0,0,0,0,0,0,0,0,0,0],[0,0,0,0,0,0,1,1,0,1,0,1,0,1,0,0,0,0,0,1,0,0,0,0,0,0,0,1,0,0],[0,0,0,0,0,0,0,0,0,0,1,0,0,0,0,0,0,0,0,1,0,0,0,0,0,0,0,0,0,0],[0,0,0,0,0,0,0,0,0,0,0,1,0,0,0,0,0,0,0,0,0,0,0,0,0,0,0,0,0,0],[0,0,0,0,0,0,0,0,0,0,0,0,0,0,0,0,0,0,0,0,0,1,0,0,0,0,0,0,0,0],[0,0,0,0,0,0,0,0,0,0,0,0,0,0,0,1,1,0,0,0,0,0,0,0,0,0,0,0,0,0],[0,0,0,0,0,1,0,0,0,0,0,0,0,0,0,0,0,0,0,0,0,0,0,0,1,0,1,0,0,1],[0,0,0,0,0,0,0,0,0,0,0,0,0,0,0,0,0,0,1,0,0,0,0,1,0,1,0,0,0,0],[1,0,1,0,0,1,0,0,0,0,0,0,0,0,0,0,0,0,0,0,0,0,0,0,0,0,0,0,0,0],[0,0,0,0,0,0,0,0,1,0,0,0,1,0,0,0,0,0,0,0,0,1,0,0,0,0,1,0,0,0],[0,0,0,0,1,0,0,0,0,0,0,0,0,0,0,0,0,0,0,0,1,0,0,0,0,0,0,0,0,0],[0,0,0,0,0,0,0,0,0,0,0,0,0,0,0,0,0,0,0,0,0,1,0,0,0,0,0,0,0,0],[0,0,0,0,0,0,0,0,0,0,0,0,1,0,0,0,0,0,0,0,1,0,0,1,0,0,0,0,0,0],[1,0,0,1,0,0,0,0,0,0,0,1,0,0,0,1,0,0,0,0,0,0,0,0,0,0,0,0,0,0],[0,0,0,0,0,0,0,0,0,0,0,0,0,0,0,0,0,0,0,0,0,0,0,0,0,0,0,0,0,1],[0,0,0,0,0,0,0,0,0,0,0,0,0,0,0,0,0,0,0,0,1,0,0,0,0,0,0,0,1,0]],"edge_indices":[[23,12],[23,26],[12,23],[12,26],[26,12],[26,23],[27,15],[27,11],[15,27],[15,11],[11,15],[11,27],[20,26],[26,20],[5,20],[20,5],[24,20],[20,24],[13,15],[15,13],[6,15],[15,6],[19,15],[15,19],[22,5],[5,22],[0,22],[22,0],[10,13],[13,10],[7,15],[15,7],[8,23],[23,8],[21,23],[23,21],[3,27],[27,3],[1,3],[3,1],[17,11],[11,17],[4,24],[24,4],[18,21],[21,18],[9,5],[5,9],[29,20],[20,29],[16,10],[10,16],[28,29],[29,28],[25,21],[21,25],[2,22],[22,2],[14,3],[3,14],[5,6],[6,5],[16,19],[19,16],[15,9],[9,15],[27,0],[0,27]],"edge_attributes":[[1.0],[1.0],[1.0],[1.0],[1.0],[1.0],[1.0],[1.0],[1.0],[1.0],[1.0],[1.0],[1.0],[1.0],[1.0],[1.0],[1.0],[1.0],[1.0],[1.0],[1.0],[1.0],[1.0],[1.0],[1.0],[1.0],[1.0],[1.0],[1.0],[1.0],[1.0],[1.0],[1.0],[1.0],[1.0],[1.0],[1.0],[1.0],[1.0],[1.0],[1.0],[1.0],[1.0],[1.0],[1.0],[1.0],[1.0],[1.0],[1.0],[1.0],[1.0],[1.0],[1.0],[1.0],[1.0],[1.0],[1.0],[1.0],[1.0],[1.0],[1.0],[1.0],[1.0],[1.0],[1.0],[1.0],[1.0],[1.0]],"seed_graph_indices":[-1,-1,-1,-1,-1,-1,-1,-1,-1,-1,-1,1,0,-1,-1,1,-1,-1,-1,-1,-1,-1,-1,0,-1,-1,0,1,-1,-1],"graph_labels":0,"node_importances":[0,0,0,0,0,0,0,0,0,0,0,1,1,0,0,1,0,0,0,0,0,0,0,1,0,0,1,1,0,0],"edge_importances":[1,1,1,1,1,1,1,1,1,1,1,1,0,0,0,0,0,0,0,0,0,0,0,0,0,0,0,0,0,0,0,0,0,0,0,0,0,0,0,0,0,0,0,0,0,0,0,0,0,0,0,0,0,0,0,0,0,0,0,0,0,0,0,0,0,0,0,0],"multi_node_importances":[[0,0],[0,0],[0,0],[0,0],[0,0],[0,0],[0,0],[0,0],[0,0],[0,0],[0,0],[0,1],[1,0],[0,0],[0,0],[0,1],[0,0],[0,0],[0,0],[0,0],[0,0],[0,0],[0,0],[1,0],[0,0],[0,0],[1,0],[0,1],[0,0],[0,0]],"multi_edge_importances":[[1,0],[1,0],[1,0],[1,0],[1,0],[1,0],[0,1],[0,1],[0,1],[0,1],[0,1],[0,1],[0,0],[0,0],[0,0],[0,0],[0,0],[0,0],[0,0],[0,0],[0,0],[0,0],[0,0],[0,0],[0,0],[0,0],[0,0],[0,0],[0,0],[0,0],[0,0],[0,0],[0,0],[0,0],[0,0],[0,0],[0,0],[0,0],[0,0],[0,0],[0,0],[0,0],[0,0],[0,0],[0,0],[0,0],[0,0],[0,0],[0,0],[0,0],[0,0],[0,0],[0,0],[0,0],[0,0],[0,0],[0,0],[0,0],[0,0],[0,0],[0,0],[0,0],[0,0],[0,0],[0,0],[0,0],[0,0],[0,0]],"original_value":-0.00750693955206494,"class":0,"node_positions":[[0.38737539386668574,-0.08730463032641542],[0.9999999999999999,0.13591115193348155],[0.2478856165561713,-0.42952857547632944],[0.7626378055202485,0.05960408302391471],[-0.7954318622815981,0.06814774125573012],[-0.05649183686260096,-0.02582672572349185],[0.13003246862704515,0.1317691657218415],[0.1289025553017106,0.4726066740676423],[-0.3831526338160026,-0.7887082808118854],[0.05241972068626711,0.2112948452939919],[0.2312197390217057,0.8325087374083554],[0.5261009343129998,0.3184891730418162],[-0.6034044999671863,-0.4134080752199497],[0.23431200554232706,0.5834312213406899],[0.9275344053781146,-0.12060689651908015],[0.298376480356442,0.32258382343214903],[0.4367351185765044,0.8048042211045859],[0.7373530724003861,0.45246981070446635],[-0.7341273271844294,-0.9712168251596149],[0.40856477630173166,0.5508181306939433],[-0.32225587210773826,-0.08257359351192509],[-0.717978738732845,-0.7279040027005979],[0.15484173364575377,-0.19830359354970536],[-0.5049067841248592,-0.5801976032200056],[-0.5553943221550771,-0.02487221594601171],[-0.9618106503470979,-0.7468872029396113],[-0.40656652592897724,-0.33796607506441223],[0.5056388148943078,0.1341692902091479],[-0.65959793346951,0.3173528293372798],[-0.46881165401047886,0.13934339759999995]],"node_coordinates":[[580.2846560181838,439.2302715564477],[778.2954545454545,517.1944284892382],[535.1991633443299,319.699290835914],[701.5759150451213,490.542118176252],[197.98102839862105,493.526222187275],[436.8191407305585,460.703094641962],[497.1070010368293,515.7477276343598],[496.74179363644714,634.7944577545151],[331.2367586245709,194.24605168614],[472.02122739700104,543.5242248854856],[529.8124653799991,760.5000000000001],[625.1231342067733,580.964746815542],[260.04757122156457,325.32981211491625],[530.8119390493185,673.5029321649004],[754.8733292942359,427.59855321925846],[551.5186780346158,582.3949143529123],[596.2385671197411,750.8234474059759],[693.4034548705076,627.7611128920408],[217.79570744742813,130.5000000000001],[587.1334284870945,662.111927050908],[350.9196383079154,440.8827142866408],[223.01520869235634,215.48359247675438],[505.125781751883,400.4608776520258],[291.8837253227715,267.0740525799479],[275.5652855785084,461.0364830311338],[144.2045454545455,208.85319570311668],[323.6689864072849,351.67997373835203],[618.5094256402358,516.5860361100961],[241.88488802473117,580.5678480030426],[303.55029154511953,518.3932332380206]]},"label":"0","name":"1004","value":-0.00750693955206494,"input_type":"classification","classes":{"0":"low","1":"high"},"image_width":900,"image_height":900,"image_path":"./1004.png"}