{"graph":{"node_indices":[0,1,2,3,4,5,6,7,8,9],"node_attributes":[[1.0,1.0,0.0],[0.800000011920929,0.800000011920929,0.800000011920929],[0.0,0.0,1.0],[0.0,1.0,0.0],[0.0,1.0,0.0],[0.0,0.0,1.0],[1.0,0.0,0.0],[0.800000011920929,0.800000011920929,0.800000011920929],[1.0,0.0,0.0],[0.0,0.0,1.0]],"node_adjacency":[[0,0,1,0,1,1,0,0,0,1],[0,0,0,0,0,0,1,1,0,0],[1,0,0,0,0,0,0,0,0,0],[0,0,0,0,0,0,1,1,1,0],[1,0,0,0,0,0,0,1,0,0],[0,0,0,0,0,0,0,0,0,0],[0,1,0,1,0,0,0,0,1,0],[0,1,0,1,1,0,0,0,0,0],[0,0,0,1,0,0,1,0,0,0],[1,0,0,0,0,0,0,0,0,0]],"edge_indices":[[0,9],[0,2],[0,5],[9,0],[2,0],[2,0],[8,6],[8,3],[6,8],[6,3],[3,6],[3,8],[4,0],[0,4],[1,6],[6,1],[7,4],[4,7],[7,3],[3,7],[7,1],[1,7]],"edge_attributes":[[1.0],[1.0],[1.0],[1.0],[1.0],[1.0],[1.0],[1.0],[1.0],[1.0],[1.0],[1.0],[1.0],[1.0],[1.0],[1.0],[1.0],[1.0],[1.0],[1.0],[1.0],[1.0]],"seed_graph_indices":[0,-1,0,1,-1,0,1,-1,1,0],"graph_labels":0,"node_importances":[1,0,1,1,0,1,1,0,1,1],"edge_importances":[1,1,1,1,1,1,1,1,1,1,1,1,0,0,0,0,0,0,0,0,0,0],"multi_node_importances":[[1,0],[0,0],[1,0],[0,1],[0,0],[1,0],[0,1],[0,0],[0,1],[1,0]],"multi_edge_importances":[[1,0],[1,0],[1,0],[1,0],[1,0],[1,0],[0,1],[0,1],[0,1],[0,1],[0,1],[0,1],[0,0],[0,0],[0,0],[0,0],[0,0],[0,0],[0,0],[0,0],[0,0],[0,0]],"original_value":-1.282106732436295,"class":0,"node_positions":[[-0.2867328331370041,0.584978356319859],[-0.07604869760832907,-0.7032492574907899],[-0.474783884656052,1.0],[0.4827592823034102,-0.4846435748960872],[-0.09534019653438736,0.16068328736549617],[0.07111686746131964,0.912865153582],[0.332876701312317,-0.9240279725648847],[0.0759541310135279,-0.25925828936899126],[0.7395073207570556,-0.8179046036580413],[-0.7693086909118579,0.530556900711439]],"node_coordinates":[[347.01056155939625,624.6061152713198],[435.5521027381922,202.79135567673728],[267.98073864459263,760.5],[670.395222939148,274.37117779910943],[427.4447099234646,485.67575809729794],[497.3995024345097,731.9687343291789],[607.4059775291589,130.50000000000006],[499.43239764480063,348.17090000002037],[778.2954545454546,165.24883076787324],[144.2045454545455,606.7864590489629]]},"label":"0","name":"1024","value":-1.282106732436295,"input_type":"classification","classes":{"0":"low","1":"high"},"image_width":900,"image_height":900,"image_path":"./1024.png"}