{"graph":{"node_indices":[0,1,2,3,4,5,6,7,8,9,10,11],"node_attributes":[[1.0,0.0,1.0],[0.0,1.0,1.0],[0.0,1.0,0.0],[0.0,0.0,1.0],[0.0,1.0,0.0],[0.0,0.0,1.0],[0.0,1.0,0.0],[1.0,0.0,0.0],[1.0,0.0,0.0],[1.0,0.0,0.0],[1.0,1.0,0.0],[1.0,0.0,1.0]],"node_adjacency":[[0,0,0,0,0,1,0,0,0,1,1,0],[0,0,0,0,0,0,0,1,0,0,0,0],[0,0,0,0,0,0,0,0,1,0,0,0],[0,0,0,0,0,1,1,0,0,0,0,1],[0,0,0,0,0,1,1,0,0,0,0,0],[1,0,0,1,1,0,1,0,0,0,0,0],[0,0,0,1,1,1,0,0,0,0,0,0],[0,1,0,0,0,0,0,0,0,0,1,0],[0,0,1,0,0,0,0,0,0,0,1,0],[1,0,0,0,0,0,0,0,0,0,0,0],[1,0,0,0,0,0,0,1,1,1,0,0],[0,0,0,1,0,0,0,0,0,0,0,0]],"edge_indices":[[3,5],[3,6],[5,3],[5,6],[6,5],[6,3],[10,8],[10,7],[10,9],[8,10],[7,10],[7,10],[2,8],[8,2],[11,3],[3,11],[1,7],[7,1],[4,5],[5,4],[0,5],[5,0],[0,10],[10,0],[6,4],[4,6],[9,0],[0,9]],"edge_attributes":[[1.0],[1.0],[1.0],[1.0],[1.0],[1.0],[1.0],[1.0],[1.0],[1.0],[1.0],[1.0],[1.0],[1.0],[1.0],[1.0],[1.0],[1.0],[1.0],[1.0],[1.0],[1.0],[1.0],[1.0],[1.0],[1.0],[1.0],[1.0]],"seed_graph_indices":[-1,-1,-1,0,-1,0,0,1,1,1,1,-1],"graph_labels":1,"node_importances":[0,0,0,1,0,1,1,1,1,1,1,0],"edge_importances":[1,1,1,1,1,1,1,1,1,1,1,1,0,0,0,0,0,0,0,0,0,0,0,0,0,0,0,0],"multi_node_importances":[[0,0],[0,0],[0,0],[1,0],[0,0],[1,0],[1,0],[0,1],[0,1],[0,1],[0,1],[0,0]],"multi_edge_importances":[[1,0],[1,0],[1,0],[1,0],[1,0],[1,0],[0,1],[0,1],[0,1],[0,1],[0,1],[0,1],[0,0],[0,0],[0,0],[0,0],[0,0],[0,0],[0,0],[0,0],[0,0],[0,0],[0,0],[0,0],[0,0],[0,0],[0,0],[0,0]],"original_value":1.3015123384745044,"class":1,"node_positions":[[-0.03097405055952771,-0.022674322115809508],[0.9999999999999999,0.4399151968580029],[0.7433300181475593,-0.7513286849736801],[-0.7086497374360189,0.2789292058104732],[-0.6353617717069794,-0.3740291573658305],[-0.4327845286988741,-0.016720861644290916],[-0.7839074243740928,-0.06851962561096275],[0.7088594623515004,0.1951529288931637],[0.5476087067853544,-0.42554258497051656],[0.1855800727747849,0.2462980405478328],[0.377056938546296,-0.057872588498285776],[-0.9707576858300021,0.5563924530699036]],"node_coordinates":[[446.57975064698,481.5322156964012],[778.2954545454545,704.3866060364531],[695.7119368966996,130.49999999999994],[228.53772779963782,626.8309472576443],[252.1181167782952,312.26558860901673],[317.29730603313277,484.4003195971058],[204.32358139810063,459.44605346983025],[684.6210421516228,586.4713836454318],[632.7386423397601,287.44878443966286],[516.2559984778278,611.110750101377],[577.8636434764574,464.57530708962065],[144.20454545454544,760.5]]},"label":"1","name":"1027","value":1.3015123384745044,"input_type":"classification","classes":{"0":"low","1":"high"},"image_width":900,"image_height":900,"image_path":"./1027.png"}