{"graph":{"node_indices":[0,1,2,3,4,5,6,7,8,9,10,11,12,13,14,15,16,17,18,19,20,21,22,23,24,25],"node_attributes":[[0.800000011920929,0.800000011920929,0.800000011920929],[0.800000011920929,0.800000011920929,0.800000011920929],[1.0,1.0,0.0],[0.0,1.0,1.0],[1.0,0.0,0.0],[0.0,1.0,1.0],[0.0,1.0,0.0],[0.800000011920929,0.800000011920929,0.800000011920929],[1.0,1.0,0.0],[1.0,0.0,0.0],[0.800000011920929,0.800000011920929,0.800000011920929],[1.0,0.0,0.0],[0.0,1.0,0.0],[1.0,0.0,0.0],[1.0,0.0,0.0],[0.800000011920929,0.800000011920929,0.800000011920929],[0.0,0.0,1.0],[1.0,0.0,0.0],[0.0,0.0,1.0],[0.800000011920929,0.800000011920929,0.800000011920929],[0.0,0.0,1.0],[1.0,0.0,1.0],[1.0,1.0,0.0],[0.0,0.0,1.0],[1.0,1.0,0.0],[1.0,0.0,1.0]],"node_adjacency":[[0,0,0,0,0,0,0,0,0,0,0,0,1,0,0,0,0,0,0,0,0,0,0,0,0,0],[0,0,0,0,0,0,0,0,1,0,0,0,0,0,0,0,0,0,0,0,0,0,0,1,0,0],[0,0,0,0,0,0,0,0,0,0,0,0,0,0,0,0,0,1,0,0,0,0,0,0,0,0],[0,0,0,0,0,0,0,0,0,0,0,0,0,0,1,0,0,0,0,0,0,0,0,0,0,0],[0,0,0,0,0,0,0,1,0,0,0,0,0,0,0,0,0,0,0,0,0,0,0,0,1,0],[0,0,0,0,0,0,0,0,0,0,1,1,0,0,0,0,0,0,0,0,0,0,0,0,0,0],[0,0,0,0,0,0,0,0,0,0,0,0,0,0,0,0,0,0,0,1,0,0,0,1,0,0],[0,0,0,0,1,0,0,0,0,0,0,0,0,0,0,0,0,0,0,0,0,0,0,0,0,0],[0,1,0,0,0,0,0,0,0,0,0,0,0,0,0,0,0,0,0,0,0,1,0,0,0,0],[0,0,0,0,0,0,0,0,0,0,0,0,0,1,0,0,0,0,0,0,0,0,0,0,1,0],[0,0,0,0,0,1,0,0,0,0,0,0,0,1,0,0,1,0,0,0,0,0,0,0,0,1],[0,0,0,0,0,1,0,0,0,0,0,0,0,0,0,0,0,0,1,0,0,0,0,0,0,0],[1,0,0,0,0,0,0,0,0,0,0,0,0,0,0,0,0,0,0,0,0,0,0,1,0,0],[0,0,0,0,0,0,0,0,0,1,1,0,0,0,0,0,0,0,0,0,0,0,0,0,0,0],[0,0,0,1,0,0,0,0,0,0,0,0,0,0,0,0,0,0,0,0,0,0,0,0,0,1],[0,0,0,0,0,0,0,0,0,0,0,0,0,0,0,0,0,0,0,0,1,0,0,0,0,0],[0,0,0,0,0,0,0,0,0,0,1,0,0,0,0,0,0,0,0,0,0,0,0,0,0,0],[0,0,1,0,0,0,0,0,0,0,0,0,0,0,0,0,0,0,0,0,0,0,0,1,0,0],[0,0,0,0,0,0,0,0,0,0,0,1,0,0,0,0,0,0,0,0,0,0,0,0,0,0],[0,0,0,0,0,0,1,0,0,0,0,0,0,0,0,0,0,0,0,0,0,0,0,0,0,0],[0,0,0,0,0,0,0,0,0,0,0,0,0,0,0,1,0,0,0,0,0,0,1,0,0,0],[0,0,0,0,0,0,0,0,1,0,0,0,0,0,0,0,0,0,0,0,0,0,0,0,0,0],[0,0,0,0,0,0,0,0,0,0,0,0,0,0,0,0,1,0,0,0,1,0,0,1,0,0],[0,1,0,0,0,0,1,0,0,0,0,0,1,0,0,0,0,1,0,0,0,0,1,0,0,0],[0,0,0,0,1,0,0,0,0,1,0,0,0,0,1,0,0,0,0,0,0,0,0,0,0,0],[0,0,0,0,0,0,0,0,0,0,1,0,0,0,1,0,0,0,0,0,0,0,0,0,0,0]],"edge_indices":[[22,23],[22,20],[22,16],[23,22],[20,22],[20,22],[24,9],[24,4],[24,14],[9,24],[4,24],[4,24],[15,20],[20,15],[17,23],[23,17],[10,16],[16,10],[25,14],[14,25],[1,23],[23,1],[3,14],[14,3],[2,17],[17,2],[6,23],[23,6],[8,1],[1,8],[12,23],[23,12],[5,10],[10,5],[13,10],[10,13],[0,12],[12,0],[11,5],[5,11],[21,8],[8,21],[19,6],[6,19],[7,4],[4,7],[18,11],[11,18],[10,25],[25,10],[9,13],[13,9]],"edge_attributes":[[1.0],[1.0],[1.0],[1.0],[1.0],[1.0],[1.0],[1.0],[1.0],[1.0],[1.0],[1.0],[1.0],[1.0],[1.0],[1.0],[1.0],[1.0],[1.0],[1.0],[1.0],[1.0],[1.0],[1.0],[1.0],[1.0],[1.0],[1.0],[1.0],[1.0],[1.0],[1.0],[1.0],[1.0],[1.0],[1.0],[1.0],[1.0],[1.0],[1.0],[1.0],[1.0],[1.0],[1.0],[1.0],[1.0],[1.0],[1.0],[1.0],[1.0],[1.0],[1.0]],"seed_graph_indices":[-1,-1,-1,-1,1,-1,-1,-1,-1,1,-1,-1,-1,-1,1,-1,0,-1,-1,-1,0,-1,0,0,1,-1],"graph_labels":0,"node_importances":[0,0,0,0,1,0,0,0,0,1,0,0,0,0,1,0,1,0,0,0,1,0,1,1,1,0],"edge_importances":[1,1,1,1,1,1,1,1,1,1,1,1,0,0,0,0,0,0,0,0,0,0,0,0,0,0,0,0,0,0,0,0,0,0,0,0,0,0,0,0,0,0,0,0,0,0,0,0,0,0,0,0],"multi_node_importances":[[0,0],[0,0],[0,0],[0,0],[0,1],[0,0],[0,0],[0,0],[0,0],[0,1],[0,0],[0,0],[0,0],[0,0],[0,1],[0,0],[1,0],[0,0],[0,0],[0,0],[1,0],[0,0],[1,0],[1,0],[0,1],[0,0]],"multi_edge_importances":[[1,0],[1,0],[1,0],[1,0],[1,0],[1,0],[0,1],[0,1],[0,1],[0,1],[0,1],[0,1],[0,0],[0,0],[0,0],[0,0],[0,0],[0,0],[0,0],[0,0],[0,0],[0,0],[0,0],[0,0],[0,0],[0,0],[0,0],[0,0],[0,0],[0,0],[0,0],[0,0],[0,0],[0,0],[0,0],[0,0],[0,0],[0,0],[0,0],[0,0],[0,0],[0,0],[0,0],[0,0],[0,0],[0,0],[0,0],[0,0],[0,0],[0,0],[0,0],[0,0]],"original_value":-0.25234444805187684,"class":0,"node_positions":[[-0.34468518597231157,0.5095160882635021],[-0.048622273812197955,0.549643537041346],[0.3799761897418439,0.4131266701856424],[-0.3719213103688917,-0.5284341004173819],[-0.12437824202862953,-0.8337195942721032],[0.27193280023674793,-0.22720861455092656],[0.13493068728880503,0.496170560979683],[-0.1541155790013272,-1.0],[-0.09600832129562874,0.7288245008132023],[0.055118705498160545,-0.5600321460414102],[0.06998629191486377,-0.20499794145125558],[0.45160536725580985,-0.2806338839426259],[-0.17469532180884803,0.4225457684385357],[0.09815538738584531,-0.37890015468022764],[-0.19252541587908137,-0.49128414251757907],[-0.4311707239642365,0.15326286214777615],[0.01793699881821376,-0.01631897404634266],[0.19612100455101378,0.35542151944753503],[0.6183126788047986,-0.33845471977962177],[0.26662917159517563,0.6316194512561742],[-0.2427077395245106,0.14954116833758394],[-0.1423622369858603,0.8949826538239075],[-0.04807121267829381,0.16846723354912288],[0.005921286249639695,0.36586943387413745],[-0.10104558176327515,-0.6572350355934533],[-0.09431742425782501,-0.32177214086522044]],"node_coordinates":[[196.45853371564888,632.348992489183],[375.33778099520134,645.6896384729488],[634.2941291117033,600.3036683451793],[180.00264805497653,287.2753225273883],[329.56652760646085,185.7810630731555],[569.0150299932328,387.4198044375122],[486.2392622990249,627.9121802725434],[311.5994259017469,130.5],[346.7074454913571,705.2595806824352],[438.01739241861634,276.7703352110308],[447.0002894916725,394.803895275788],[677.5720029374606,369.65820664723594],[299.16528183501134,603.4351122596386],[464.01987008564424,336.9889099443006],[288.39245729263143,299.6260812162068],[144.20454545454544,513.9101603447261],[415.5524519269108,457.53151403537436],[523.2100460179305,581.119194602558],[778.2954545454545,350.43527259884206],[565.8106127552451,672.9430942505661],[258.0726302837737,512.6728576730158],[318.70071716922195,760.5],[375.6707284762573,518.9649580567365],[408.29263811196194,584.5926755209596],[343.66396613681934,244.45456688765603],[347.72907426323775,355.9815105524532]]},"label":"0","name":"1036","value":-0.25234444805187684,"input_type":"classification","classes":{"0":"low","1":"high"},"image_width":900,"image_height":900,"image_path":"./1036.png"}