{"graph":{"node_indices":[0,1,2,3,4,5,6,7,8,9,10,11,12,13],"node_attributes":[[1.0,0.0,0.0],[0.0,1.0,0.0],[1.0,0.0,0.0],[0.0,1.0,0.0],[0.800000011920929,0.800000011920929,0.800000011920929],[0.800000011920929,0.800000011920929,0.800000011920929],[0.0,1.0,0.0],[0.0,1.0,1.0],[0.800000011920929,0.800000011920929,0.800000011920929],[0.0,1.0,0.0],[1.0,0.0,0.0],[1.0,1.0,0.0],[1.0,0.0,0.0],[0.800000011920929,0.800000011920929,0.800000011920929]],"node_adjacency":[[0,0,0,0,0,1,1,0,0,1,0,0,0,0],[0,0,0,0,0,0,0,0,0,0,1,0,0,0],[0,0,0,0,1,0,0,0,0,0,0,1,0,0],[0,0,0,0,0,0,0,0,0,1,0,1,0,0],[0,0,1,0,0,0,0,1,0,0,0,0,0,0],[1,0,0,0,0,0,0,0,0,0,1,0,0,1],[1,0,0,0,0,0,0,1,0,0,0,0,1,0],[0,0,0,0,1,0,1,0,0,0,0,0,0,0],[0,0,0,0,0,0,0,0,0,0,0,1,0,0],[1,0,0,1,0,0,0,0,0,0,0,0,0,0],[0,1,0,0,0,1,0,0,0,0,0,0,0,0],[1,0,1,1,0,0,0,0,1,0,0,0,1,0],[0,0,0,0,0,0,1,0,0,0,0,1,0,0],[0,0,0,0,0,1,0,0,0,0,0,0,0,0]],"edge_indices":[[11,2],[11,12],[11,0],[2,11],[12,11],[12,11],[9,0],[0,9],[5,0],[0,5],[6,12],[12,6],[8,11],[11,8],[10,5],[5,10],[4,2],[2,4],[3,11],[11,3],[7,6],[6,7],[1,10],[10,1],[13,5],[5,13],[9,3],[3,9],[0,6],[6,0],[4,7],[7,4]],"edge_attributes":[[1.0],[1.0],[1.0],[1.0],[1.0],[1.0],[1.0],[1.0],[1.0],[1.0],[1.0],[1.0],[1.0],[1.0],[1.0],[1.0],[1.0],[1.0],[1.0],[1.0],[1.0],[1.0],[1.0],[1.0],[1.0],[1.0],[1.0],[1.0],[1.0],[1.0],[1.0],[1.0]],"seed_graph_indices":[0,-1,0,-1,-1,-1,-1,-1,-1,-1,-1,0,0,-1],"graph_labels":1,"node_importances":[1,0,1,0,0,0,0,0,0,0,0,1,1,0],"edge_importances":[1,1,1,1,1,1,0,0,0,0,0,0,0,0,0,0,0,0,0,0,0,0,0,0,0,0,0,0,0,0,0,0],"multi_node_importances":[[0,1],[0,0],[0,1],[0,0],[0,0],[0,0],[0,0],[0,0],[0,0],[0,0],[0,0],[0,1],[0,1],[0,0]],"multi_edge_importances":[[0,1],[0,1],[0,1],[0,1],[0,1],[0,1],[0,0],[0,0],[0,0],[0,0],[0,0],[0,0],[0,0],[0,0],[0,0],[0,0],[0,0],[0,0],[0,0],[0,0],[0,0],[0,0],[0,0],[0,0],[0,0],[0,0],[0,0],[0,0],[0,0],[0,0],[0,0],[0,0]],"original_value":2.332825974209369,"class":1,"node_positions":[[0.05453838232239637,-0.08657294244418552],[-0.49857241953888676,-1.0],[0.04153290322366732,0.6525378754680535],[0.5764859327932542,0.1483202987296342],[-0.33745900686797975,0.74134274776299],[-0.024184294854151765,-0.4711638381541243],[-0.3043764479068033,0.09203525160918219],[-0.5362627885996355,0.40565928854099825],[0.5160690336760861,0.5392088269603547],[0.4306042496583472,-0.1642924981809821],[-0.2980645140717005,-0.7184558107361678],[0.23350009071502564,0.28770302785594665],[-0.07941534394552396,0.3302807651976774],[0.22560422339590433,-0.7566029926093775]],"node_coordinates":[[480.86784091355076,460.9685691541338],[165.68209912163587,130.49999999999994],[473.4567732517042,728.371305279973],[778.2954545454546,545.9505419045369],[257.49128150321985,760.4999999999999],[436.00835648793554,321.82751572940083],[276.34311164550707,525.5871874004118],[144.20454545454544,639.0531569924801],[743.8673705143138,687.3700143787012],[695.1659507317501,432.8504286116803],[279.9399163748012,232.35980873901798],[582.8477310590076,596.3777880411076],[404.53538738440386,611.7819780317052],[578.3483345733611,218.5585484121836]]},"label":"1","name":"1045","value":2.332825974209369,"input_type":"classification","classes":{"0":"low","1":"high"},"image_width":900,"image_height":900,"image_path":"./1045.png"}