{"graph":{"node_indices":[0,1,2,3,4,5,6,7,8,9,10,11,12,13,14,15,16,17,18,19,20,21,22,23,24],"node_attributes":[[0.0,0.0,1.0],[1.0,0.0,1.0],[1.0,1.0,0.0],[0.0,1.0,1.0],[1.0,0.0,0.0],[0.0,1.0,0.0],[0.0,0.0,1.0],[0.0,0.0,1.0],[0.0,0.0,1.0],[0.0,0.0,1.0],[0.800000011920929,0.800000011920929,0.800000011920929],[0.0,0.0,1.0],[1.0,0.0,1.0],[0.800000011920929,0.800000011920929,0.800000011920929],[0.0,1.0,0.0],[0.0,0.0,1.0],[1.0,0.0,1.0],[0.0,1.0,1.0],[0.0,1.0,0.0],[0.0,1.0,1.0],[0.0,0.0,1.0],[0.0,0.0,1.0],[0.800000011920929,0.800000011920929,0.800000011920929],[1.0,0.0,1.0],[0.800000011920929,0.800000011920929,0.800000011920929]],"node_adjacency":[[0,0,0,0,0,0,0,0,0,0,0,0,0,1,0,0,0,0,0,0,0,0,0,0,0],[0,0,0,0,0,0,0,0,0,0,0,1,0,0,0,0,0,0,0,0,0,0,1,0,1],[0,0,0,1,0,0,0,1,0,1,0,0,0,0,0,0,0,0,0,0,0,1,0,0,0],[0,0,1,0,1,0,0,0,0,0,0,1,0,0,0,0,0,0,0,0,0,0,0,0,0],[0,0,0,1,0,0,0,0,0,0,1,0,0,0,0,0,0,0,0,0,0,0,0,0,0],[0,0,0,0,0,0,0,0,0,0,0,0,0,0,0,0,0,0,1,0,0,0,0,0,0],[0,0,0,0,0,0,0,0,1,0,0,0,0,0,1,0,0,0,0,0,0,0,0,0,0],[0,0,0,0,0,0,0,0,0,0,0,0,0,0,0,0,0,0,0,1,0,0,0,0,0],[0,0,0,0,0,0,1,0,0,0,0,0,1,1,1,0,0,0,0,0,0,0,0,0,0],[0,0,1,0,0,0,0,0,0,0,0,0,0,0,0,0,0,1,1,0,0,0,0,0,0],[0,0,0,0,1,0,0,0,0,0,0,0,0,0,0,0,0,0,0,0,0,0,0,0,0],[0,1,0,1,0,0,0,0,0,0,0,0,0,0,0,0,0,0,0,0,0,0,0,0,0],[0,0,0,0,0,0,0,0,1,0,0,0,0,0,0,0,0,0,0,0,0,0,0,0,1],[1,0,0,0,0,0,0,0,1,0,0,0,0,0,0,0,0,0,0,0,0,0,0,0,0],[0,0,0,0,0,0,1,0,1,0,0,0,0,0,0,0,0,0,0,0,1,0,0,0,0],[0,0,0,0,0,0,0,0,0,0,0,0,0,0,0,0,0,0,0,1,0,0,1,0,0],[0,0,0,0,0,0,0,0,0,0,0,0,0,0,0,0,0,0,0,0,0,1,0,0,0],[0,0,0,0,0,0,0,0,0,1,0,0,0,0,0,0,0,0,0,0,0,0,0,0,0],[0,0,0,0,0,1,0,0,0,1,0,0,0,0,0,0,0,0,0,0,0,0,0,0,0],[0,0,0,0,0,0,0,1,0,0,0,0,0,0,0,1,0,0,0,0,0,0,0,0,0],[0,0,0,0,0,0,0,0,0,0,0,0,0,0,1,0,0,0,0,0,0,0,0,1,0],[0,0,1,0,0,0,0,0,0,0,0,0,0,0,0,0,1,0,0,0,0,0,0,0,0],[0,1,0,0,0,0,0,0,0,0,0,0,0,0,0,1,0,0,0,0,0,0,0,0,0],[0,0,0,0,0,0,0,0,0,0,0,0,0,0,0,0,0,0,0,0,1,0,0,0,0],[0,1,0,0,0,0,0,0,0,0,0,0,1,0,0,0,0,0,0,0,0,0,0,0,0]],"edge_indices":[[6,8],[6,14],[8,6],[8,14],[14,8],[14,6],[2,21],[2,9],[2,7],[21,2],[9,2],[9,2],[13,8],[8,13],[20,14],[14,20],[12,8],[8,12],[17,9],[9,17],[3,2],[2,3],[18,9],[9,18],[19,7],[7,19],[5,18],[18,5],[24,12],[12,24],[4,3],[3,4],[11,3],[3,11],[23,20],[20,23],[1,24],[24,1],[22,1],[1,22],[0,13],[13,0],[10,4],[4,10],[15,22],[22,15],[16,21],[21,16],[15,19],[19,15],[11,1],[1,11]],"edge_attributes":[[1.0],[1.0],[1.0],[1.0],[1.0],[1.0],[1.0],[1.0],[1.0],[1.0],[1.0],[1.0],[1.0],[1.0],[1.0],[1.0],[1.0],[1.0],[1.0],[1.0],[1.0],[1.0],[1.0],[1.0],[1.0],[1.0],[1.0],[1.0],[1.0],[1.0],[1.0],[1.0],[1.0],[1.0],[1.0],[1.0],[1.0],[1.0],[1.0],[1.0],[1.0],[1.0],[1.0],[1.0],[1.0],[1.0],[1.0],[1.0],[1.0],[1.0],[1.0],[1.0]],"seed_graph_indices":[-1,-1,1,-1,-1,-1,0,1,0,1,-1,-1,-1,-1,0,-1,-1,-1,-1,-1,-1,1,-1,-1,-1],"graph_labels":0,"node_importances":[0,0,1,0,0,0,1,1,1,1,0,0,0,0,1,0,0,0,0,0,0,1,0,0,0],"edge_importances":[1,1,1,1,1,1,1,1,1,1,1,1,0,0,0,0,0,0,0,0,0,0,0,0,0,0,0,0,0,0,0,0,0,0,0,0,0,0,0,0,0,0,0,0,0,0,0,0,0,0,0,0],"multi_node_importances":[[0,0],[0,0],[1,0],[0,0],[0,0],[0,0],[1,0],[1,0],[1,0],[1,0],[0,0],[0,0],[0,0],[0,0],[1,0],[0,0],[0,0],[0,0],[0,0],[0,0],[0,0],[1,0],[0,0],[0,0],[0,0]],"multi_edge_importances":[[1,0],[1,0],[1,0],[1,0],[1,0],[1,0],[1,0],[1,0],[1,0],[1,0],[1,0],[1,0],[0,0],[0,0],[0,0],[0,0],[0,0],[0,0],[0,0],[0,0],[0,0],[0,0],[0,0],[0,0],[0,0],[0,0],[0,0],[0,0],[0,0],[0,0],[0,0],[0,0],[0,0],[0,0],[0,0],[0,0],[0,0],[0,0],[0,0],[0,0],[0,0],[0,0],[0,0],[0,0],[0,0],[0,0],[0,0],[0,0],[0,0],[0,0],[0,0],[0,0]],"original_value":-2.928442885296809,"class":0,"node_positions":[[-1.0,0.007559837459071273],[-0.06302924331696971,-0.10329487835723603],[0.3964432378499571,0.31966147793093086],[0.284513896393152,0.13949397317598072],[0.4935878022932386,-0.022032455238594085],[0.9798549629359593,0.5370753632855298],[-0.8201876017361808,-0.35394067939272467],[0.4886641379806517,0.13352472431033316],[-0.6658878352755122,-0.2598022303828306],[0.5817711908415963,0.44556583284032014],[0.6748099869451168,-0.1639243996352048],[0.07008019488417075,0.07045084817824487],[-0.46404443457210226,-0.19887872694816278],[-0.8244338349641002,-0.09752113422730503],[-0.7154580077288654,-0.47935661652623757],[0.265670745691394,-0.2772676317588912],[0.19748424183954766,0.6944788945532869],[0.5880993194450648,0.6575286461873289],[0.7936053442761011,0.4681125362122299],[0.40597168022034874,-0.10628136581500977],[-0.8094512659347914,-0.6623094865664184],[0.27315519113777326,0.499536452234724],[0.05763554085283663,-0.2880052535611304],[-0.9188981306708831,-0.8236385316362075],[-0.2699571193875039,-0.13673519632202794]],"node_coordinates":[[144.20454545454544,475.437067117667],[444.28947592627173,429.43372787692755],[591.4453680191696,604.9553969288213],[555.5976017903521,530.1881055207252],[622.557993102441,463.15663078388235],[778.2954545454545,695.1794767071535],[201.79331292256416,325.4188131356435],[620.9810842689792,527.7109408953265],[251.2111142358844,364.4851079117305],[650.8006098890897,657.2041506975],[680.5982748223433,404.27322464695374],[486.9206212665233,501.5360605614942],[315.8557815686024,389.76761010932387],[200.43336588699407,431.82976044931337],[235.33520599858159,273.3727467174252],[549.5626796459055,357.2371818441558],[527.7244929986209,760.5],[652.8273284589526,745.1661028528054],[718.6450295270816,666.5607543957768],[594.4970555407152,428.1943724318616],[205.231854157177,197.44956308424622],[551.9597334230662,679.6012918091852],[482.9349545708434,352.78120128645276],[170.17915420851773,130.5],[378.016396579469,415.55640853760707]]},"label":"0","name":"1046","value":-2.928442885296809,"input_type":"classification","classes":{"0":"low","1":"high"},"image_width":900,"image_height":900,"image_path":"./1046.png"}