{"graph":{"node_indices":[0,1,2,3,4,5,6,7,8,9,10,11,12,13,14,15,16,17,18,19,20,21,22,23],"node_attributes":[[1.0,0.0,1.0],[0.0,1.0,0.0],[0.800000011920929,0.800000011920929,0.800000011920929],[1.0,0.0,0.0],[0.0,0.0,1.0],[0.0,0.0,1.0],[1.0,0.0,0.0],[0.0,1.0,0.0],[0.800000011920929,0.800000011920929,0.800000011920929],[0.0,0.0,1.0],[0.800000011920929,0.800000011920929,0.800000011920929],[0.0,1.0,1.0],[0.0,1.0,0.0],[0.800000011920929,0.800000011920929,0.800000011920929],[1.0,1.0,0.0],[0.800000011920929,0.800000011920929,0.800000011920929],[1.0,0.0,0.0],[0.800000011920929,0.800000011920929,0.800000011920929],[0.0,1.0,0.0],[1.0,1.0,0.0],[1.0,0.0,0.0],[0.0,0.0,1.0],[1.0,0.0,1.0],[0.0,0.0,1.0]],"node_adjacency":[[0,0,0,0,0,0,0,0,0,0,0,0,0,0,1,0,0,0,0,0,0,0,0,0],[0,0,0,0,0,0,0,0,0,0,0,0,0,0,0,1,0,0,0,0,0,0,0,0],[0,0,0,0,1,0,0,0,0,0,0,1,0,0,0,0,0,1,0,0,0,0,0,0],[0,0,0,0,0,0,0,0,0,0,0,0,0,0,0,0,0,0,0,0,0,1,0,0],[0,0,1,0,0,0,0,0,0,0,0,1,0,0,1,1,0,0,0,0,0,0,0,0],[0,0,0,0,0,0,0,0,0,0,0,0,0,1,0,0,0,0,0,0,0,0,0,0],[0,0,0,0,0,0,0,1,0,0,0,0,0,0,0,0,1,1,0,0,0,0,0,1],[0,0,0,0,0,0,1,0,0,0,1,0,0,0,0,0,1,0,0,0,0,0,0,0],[0,0,0,0,0,0,0,0,0,0,0,0,0,0,1,0,0,0,0,0,1,0,0,0],[0,0,0,0,0,0,0,0,0,0,0,0,0,0,0,0,0,0,0,1,0,0,0,0],[0,0,0,0,0,0,0,1,0,0,0,0,0,0,0,0,1,0,0,0,0,0,0,0],[0,0,1,0,1,0,0,0,0,0,0,0,0,0,0,0,0,0,1,0,0,0,0,0],[0,0,0,0,0,0,0,0,0,0,0,0,0,0,0,1,0,0,0,0,0,0,0,0],[0,0,0,0,0,1,0,0,0,0,0,0,0,0,0,0,0,0,0,0,0,0,0,0],[1,0,0,0,1,1,0,0,1,0,0,0,0,0,0,0,0,0,0,0,0,1,0,0],[0,1,0,0,1,0,0,0,0,0,0,0,1,0,0,0,0,0,0,0,0,0,0,0],[0,0,0,0,0,0,1,1,0,0,1,0,0,0,0,0,0,0,0,0,0,0,1,0],[0,0,1,0,0,0,1,0,0,0,0,0,0,0,0,0,0,0,0,0,0,0,0,0],[0,0,0,0,0,0,0,0,0,0,0,1,0,0,0,0,0,0,0,0,0,0,1,0],[0,0,0,0,0,0,0,0,0,1,0,0,0,0,0,0,0,0,0,0,0,0,0,1],[0,0,0,0,0,0,0,0,1,0,0,0,0,0,0,0,0,0,0,0,0,0,0,0],[0,0,0,1,0,0,0,0,0,0,0,0,0,0,1,0,0,0,0,0,0,0,1,0],[0,0,0,0,0,0,0,0,0,0,0,0,0,0,0,0,1,0,1,0,0,1,0,0],[0,0,0,0,0,0,1,0,0,0,0,0,0,0,0,0,0,0,0,1,0,0,0,0]],"edge_indices":[[14,21],[14,4],[14,5],[21,14],[4,14],[4,14],[16,6],[16,7],[6,16],[6,7],[7,6],[7,16],[3,21],[21,3],[2,4],[4,2],[11,4],[4,11],[22,21],[21,22],[15,4],[4,15],[10,7],[7,10],[18,11],[11,18],[23,6],[6,23],[8,14],[14,8],[13,5],[5,13],[20,8],[8,20],[0,14],[14,0],[17,6],[6,17],[1,15],[15,1],[12,15],[15,12],[19,23],[23,19],[9,19],[19,9],[22,16],[16,22],[11,2],[2,11],[16,10],[10,16],[22,18],[18,22],[2,17],[17,2]],"edge_attributes":[[1.0],[1.0],[1.0],[1.0],[1.0],[1.0],[1.0],[1.0],[1.0],[1.0],[1.0],[1.0],[1.0],[1.0],[1.0],[1.0],[1.0],[1.0],[1.0],[1.0],[1.0],[1.0],[1.0],[1.0],[1.0],[1.0],[1.0],[1.0],[1.0],[1.0],[1.0],[1.0],[1.0],[1.0],[1.0],[1.0],[1.0],[1.0],[1.0],[1.0],[1.0],[1.0],[1.0],[1.0],[1.0],[1.0],[1.0],[1.0],[1.0],[1.0],[1.0],[1.0],[1.0],[1.0],[1.0],[1.0]],"seed_graph_indices":[-1,-1,-1,-1,0,0,1,1,-1,-1,-1,-1,-1,-1,0,-1,1,-1,-1,-1,-1,0,-1,-1],"graph_labels":0,"node_importances":[0,0,0,0,1,1,1,1,0,0,0,0,0,0,1,0,1,0,0,0,0,1,0,0],"edge_importances":[1,1,1,1,1,1,1,1,1,1,1,1,0,0,0,0,0,0,0,0,0,0,0,0,0,0,0,0,0,0,0,0,0,0,0,0,0,0,0,0,0,0,0,0,0,0,0,0,0,0,0,0,0,0,0,0],"multi_node_importances":[[0,0],[0,0],[0,0],[0,0],[1,0],[1,0],[0,1],[0,1],[0,0],[0,0],[0,0],[0,0],[0,0],[0,0],[1,0],[0,0],[0,1],[0,0],[0,0],[0,0],[0,0],[1,0],[0,0],[0,0]],"multi_edge_importances":[[1,0],[1,0],[1,0],[1,0],[1,0],[1,0],[0,1],[0,1],[0,1],[0,1],[0,1],[0,1],[0,0],[0,0],[0,0],[0,0],[0,0],[0,0],[0,0],[0,0],[0,0],[0,0],[0,0],[0,0],[0,0],[0,0],[0,0],[0,0],[0,0],[0,0],[0,0],[0,0],[0,0],[0,0],[0,0],[0,0],[0,0],[0,0],[0,0],[0,0],[0,0],[0,0],[0,0],[0,0],[0,0],[0,0],[0,0],[0,0],[0,0],[0,0],[0,0],[0,0],[0,0],[0,0],[0,0],[0,0]],"original_value":-0.7118516118081489,"class":0,"node_positions":[[-0.48910125636559104,0.029805243483676306],[-0.3663144446378881,-0.5703176482379211],[-0.001732459627288785,-0.2501608202792565],[-0.06813837238629011,0.5126757944085384],[-0.2416743022106495,-0.12980097869161533],[-0.5450724696250981,0.18637411362348694],[0.44227102242778765,-0.08395933178451503],[0.544087590546568,0.11268805161779243],[-0.39890371841045114,0.35649676694189997],[1.0,-0.42281035310656157],[0.5336132346725283,0.3180752361547524],[-0.06796864734649538,-0.11040281531891237],[-0.5725857378062104,-0.43659806860948613],[-0.7707427103897457,0.2172131364758968],[-0.30946321580505964,0.1337145389731258],[-0.3670973524971353,-0.3406081065877063],[0.3718542694534788,0.15664572873213736],[0.2449566879197409,-0.2381582576876278],[0.07949901992926921,0.040897753374075425],[0.8154561395661403,-0.3275625773994804],[-0.5139684690183429,0.556789961264066],[-0.09478272709751051,0.27740783792489776],[0.14514898640881654,0.23073090634974497],[0.630658932299427,-0.2191361116210083]],"node_coordinates":[[245.05843268051876,465.94039504059424],[289.02755400795127,130.50000000000006],[419.58188070776646,309.45256842696625],[395.8023754508459,735.8422611251269],[333.66034044111564,376.7280437772906],[225.0155222732635,553.4550097557446],[578.5765047849511,402.35136253408075],[615.0363246448018,512.2679760845772],[277.357556942986,648.5455500795356],[778.2954545454545,212.94962162381063],[611.2855291173986,627.0697263056209],[395.86315283208114,387.57070229700605],[215.16320825233862,205.24293887798078],[144.20454545454544,570.6925691806188],[309.3855920007261,524.0207909198111],[288.7472000337168,258.896800819736],[553.3607449533707,536.8382445740904],[507.91958494517553,316.1614348821108],[448.6703205000615,472.14058495328516],[712.2115545282148,266.1886364167059],[236.15365312953034,760.5],[386.26121342778737,604.33856854498],[472.1791265409128,578.248365050267],[646.036932734956,326.7939174604739]]},"label":"0","name":"1062","value":-0.7118516118081489,"input_type":"classification","classes":{"0":"low","1":"high"},"image_width":900,"image_height":900,"image_path":"./1062.png"}