{"graph":{"node_indices":[0,1,2,3,4,5,6,7,8,9,10,11,12,13,14,15,16,17,18,19,20,21,22,23,24,25],"node_attributes":[[0.0,1.0,0.0],[0.0,0.0,1.0],[0.800000011920929,0.800000011920929,0.800000011920929],[0.0,1.0,0.0],[1.0,0.0,1.0],[1.0,0.0,1.0],[1.0,0.0,0.0],[0.0,0.0,1.0],[1.0,0.0,0.0],[0.800000011920929,0.800000011920929,0.800000011920929],[1.0,0.0,1.0],[0.0,1.0,0.0],[0.0,1.0,0.0],[1.0,0.0,0.0],[1.0,0.0,0.0],[0.0,1.0,1.0],[1.0,1.0,0.0],[0.800000011920929,0.800000011920929,0.800000011920929],[0.800000011920929,0.800000011920929,0.800000011920929],[0.0,1.0,0.0],[0.0,1.0,0.0],[0.0,0.0,1.0],[1.0,0.0,1.0],[0.0,0.0,1.0],[0.0,0.0,1.0],[0.800000011920929,0.800000011920929,0.800000011920929]],"node_adjacency":[[0,0,0,0,0,0,0,1,0,0,0,0,0,1,0,1,0,0,0,0,0,0,0,0,0,0],[0,0,0,0,1,0,0,0,0,0,1,1,0,0,0,0,0,0,0,0,0,0,0,0,0,0],[0,0,0,0,0,0,0,0,1,0,0,1,0,0,0,0,0,0,0,0,0,0,0,0,1,0],[0,0,0,0,0,0,0,0,0,1,0,0,0,0,0,0,0,0,0,0,0,0,0,0,0,0],[0,1,0,0,0,0,0,0,1,0,0,0,0,0,0,0,0,0,0,0,0,0,0,0,0,0],[0,0,0,0,0,0,1,0,0,1,0,0,0,0,0,0,0,0,0,0,0,0,0,0,0,0],[0,0,0,0,0,1,0,0,0,0,0,0,0,0,0,0,0,0,1,0,0,0,0,0,0,0],[1,0,0,0,0,0,0,0,0,0,0,0,0,0,0,0,0,0,0,0,0,0,1,0,0,0],[0,0,1,0,1,0,0,0,0,0,0,0,0,0,0,1,0,0,0,0,0,0,0,0,0,0],[0,0,0,1,0,1,0,0,0,0,0,0,0,0,0,0,0,0,0,0,0,1,0,0,0,0],[0,1,0,0,0,0,0,0,0,0,0,0,0,0,0,0,0,0,0,0,0,0,0,0,0,0],[0,1,1,0,0,0,0,0,0,0,0,0,0,0,0,0,0,0,0,0,0,0,0,0,1,0],[0,0,0,0,0,0,0,0,0,0,0,0,0,0,0,0,1,0,0,0,0,0,0,0,0,0],[1,0,0,0,0,0,0,0,0,0,0,0,0,0,0,0,0,0,0,0,0,0,0,0,0,1],[0,0,0,0,0,0,0,0,0,0,0,0,0,0,0,1,0,0,0,0,0,0,0,0,0,0],[1,0,0,0,0,0,0,0,1,0,0,0,0,0,1,0,0,0,0,1,1,0,0,1,0,0],[0,1,0,0,0,0,0,0,0,0,0,0,1,0,0,0,0,0,0,0,0,1,1,1,0,1],[0,0,0,0,0,0,0,0,0,0,0,0,0,0,0,0,0,0,0,0,0,0,0,1,0,0],[0,0,0,0,0,0,1,0,0,0,0,0,0,0,0,0,0,0,0,0,0,0,0,0,0,0],[0,0,0,0,0,0,0,0,0,0,0,0,0,0,0,1,0,0,0,0,0,0,0,0,0,0],[0,0,0,0,0,0,0,0,0,0,0,0,0,0,0,1,0,0,0,0,0,0,0,0,0,0],[0,0,0,0,0,0,0,0,0,1,0,0,0,0,0,0,1,0,0,0,0,0,0,0,0,0],[0,0,0,0,0,0,0,1,0,0,0,0,0,0,0,0,1,0,0,0,0,0,0,0,0,0],[0,0,0,0,0,0,0,0,0,0,0,0,0,0,0,1,1,1,0,0,0,0,0,0,0,0],[0,0,1,0,0,0,0,0,0,0,0,1,0,0,0,0,0,0,0,0,0,0,0,0,0,0],[0,0,0,0,0,0,0,0,0,0,0,0,0,1,0,0,1,0,0,0,0,0,0,0,0,0]],"edge_indices":[[16,21],[16,23],[16,1],[21,16],[23,16],[23,16],[10,1],[1,10],[15,23],[23,15],[9,21],[21,9],[14,15],[15,14],[5,9],[9,5],[25,16],[16,25],[22,16],[16,22],[6,5],[5,6],[13,25],[25,13],[20,15],[15,20],[8,15],[15,8],[2,8],[8,2],[12,16],[16,12],[4,1],[1,4],[11,2],[2,11],[19,15],[15,19],[0,13],[13,0],[18,6],[6,18],[3,9],[9,3],[24,2],[2,24],[7,0],[0,7],[17,23],[23,17],[1,11],[11,1],[7,22],[22,7],[8,4],[4,8],[24,11],[11,24],[15,0],[0,15]],"edge_attributes":[[1.0],[1.0],[1.0],[1.0],[1.0],[1.0],[1.0],[1.0],[1.0],[1.0],[1.0],[1.0],[1.0],[1.0],[1.0],[1.0],[1.0],[1.0],[1.0],[1.0],[1.0],[1.0],[1.0],[1.0],[1.0],[1.0],[1.0],[1.0],[1.0],[1.0],[1.0],[1.0],[1.0],[1.0],[1.0],[1.0],[1.0],[1.0],[1.0],[1.0],[1.0],[1.0],[1.0],[1.0],[1.0],[1.0],[1.0],[1.0],[1.0],[1.0],[1.0],[1.0],[1.0],[1.0],[1.0],[1.0],[1.0],[1.0],[1.0],[1.0]],"seed_graph_indices":[-1,0,-1,-1,-1,-1,-1,-1,-1,-1,-1,-1,-1,-1,-1,-1,0,-1,-1,-1,-1,0,-1,0,-1,-1],"graph_labels":0,"node_importances":[0,1,0,0,0,0,0,0,0,0,0,0,0,0,0,0,1,0,0,0,0,1,0,1,0,0],"edge_importances":[1,1,1,1,1,1,0,0,0,0,0,0,0,0,0,0,0,0,0,0,0,0,0,0,0,0,0,0,0,0,0,0,0,0,0,0,0,0,0,0,0,0,0,0,0,0,0,0,0,0,0,0,0,0,0,0,0,0,0,0],"multi_node_importances":[[0,0],[1,0],[0,0],[0,0],[0,0],[0,0],[0,0],[0,0],[0,0],[0,0],[0,0],[0,0],[0,0],[0,0],[0,0],[0,0],[1,0],[0,0],[0,0],[0,0],[0,0],[1,0],[0,0],[1,0],[0,0],[0,0]],"multi_edge_importances":[[1,0],[1,0],[1,0],[1,0],[1,0],[1,0],[0,0],[0,0],[0,0],[0,0],[0,0],[0,0],[0,0],[0,0],[0,0],[0,0],[0,0],[0,0],[0,0],[0,0],[0,0],[0,0],[0,0],[0,0],[0,0],[0,0],[0,0],[0,0],[0,0],[0,0],[0,0],[0,0],[0,0],[0,0],[0,0],[0,0],[0,0],[0,0],[0,0],[0,0],[0,0],[0,0],[0,0],[0,0],[0,0],[0,0],[0,0],[0,0],[0,0],[0,0],[0,0],[0,0],[0,0],[0,0],[0,0],[0,0],[0,0],[0,0],[0,0],[0,0]],"original_value":-2.30523605597486,"class":0,"node_positions":[[-0.13784266707164777,0.5334344574914704],[0.2971542859237333,-0.13397034270325495],[0.6699261725892991,0.2049898282708221],[-0.19952207015587642,-0.8380325506611808],[0.4023460213881071,0.09530238615343849],[-0.5731591150845572,-0.6835180716257736],[-0.7821857028149097,-0.8339851190977015],[-0.3624567671671039,0.27946838228649873],[0.44073994626844104,0.35379661086727837],[-0.31805588206557334,-0.5797136140315075],[0.43563020025458005,-0.3869068642056127],[0.5843207012534247,-0.07502448905810334],[0.05167161210651328,-0.29038143594314836],[-0.3547710975201412,0.4183130767968036],[0.23798523166196314,0.7525827446873061],[0.1659296193972265,0.4840524019923532],[-0.016514533826490284,-0.06620635549102712],[-0.17552140286406906,0.3727077323478733],[-0.9691961456994237,-1.0],[0.38593187892403596,0.6551233818319545],[0.06069316666104937,0.7569869921494289],[-0.18770414700492188,-0.32788181870850214],[-0.28982830106520363,-0.02188725848173804],[0.051694036851706746,0.21914022595116397],[0.8212538154366485,0.012206361478356447],[-0.2385188563768105,0.09940333770280199]],"node_coordinates":[[438.62979859286145,680.3411271888713],[592.6847118067437,441.03086137506654],[724.7025115945246,562.571264729121],[416.785932736344,188.57640781598792],[629.9385444283113,523.2408150202057],[284.46173567331175,243.98041605694794],[210.43461293037302,190.0276888421909],[359.0823317461518,589.2769200581195],[643.5358184428788,615.9286734376963],[374.8069809737718,281.2014134670561],[641.7261931724262,350.3358196596223],[694.3851878374967,462.16698131356134],[505.7466039648133,384.9467872291424],[361.80422476701165,639.0622388637426],[571.7298902695426,758.92077607089],[546.2112722250272,662.6342829700735],[481.598364024821,465.3288852844392],[425.285810014229,622.7096038520983],[144.20454545454544,130.50000000000006],[624.1254478643691,723.9749290764522],[508.94160290534177,760.5],[420.9712703872217,371.5003352931092],[384.80382695465835,481.2203126203323],[505.7545457265908,567.6451500671732],[778.2954545454545,493.4452070964053],[402.9751543492363,524.7112866216705]]},"label":"0","name":"1070","value":-2.30523605597486,"input_type":"classification","classes":{"0":"low","1":"high"},"image_width":900,"image_height":900,"image_path":"./1070.png"}