{"graph": {"node_indices": [0, 1, 2, 3, 4, 5, 6, 7, 8, 9], "node_attributes": [[1.0, 1.0, 0.0], [1.0, 0.0, 1.0], [1.0, 0.0, 1.0], [1.0, 0.0, 0.0], [1.0, 1.0, 0.0], [0.0, 1.0, 1.0], [1.0, 1.0, 0.0], [1.0, 0.0, 0.0], [1.0, 0.0, 1.0], [1.0, 0.0, 0.0]], "node_adjacency": [[0, 1, 0, 1, 0, 0, 0, 1, 0, 1], [1, 0, 1, 0, 0, 0, 0, 0, 0, 0], [0, 1, 0, 0, 0, 0, 0, 1, 0, 0], [1, 0, 0, 0, 0, 0, 0, 0, 1, 0], [0, 0, 0, 0, 0, 0, 1, 0, 0, 1], [0, 0, 0, 0, 0, 0, 1, 0, 0, 0], [0, 0, 0, 0, 1, 1, 0, 0, 0, 0], [1, 0, 1, 0, 0, 0, 0, 0, 1, 0], [0, 0, 0, 1, 0, 0, 0, 1, 0, 0], [0, 0, 0, 0, 1, 0, 0, 0, 0, 0]], "edge_indices": [[0, 7], [0, 3], [0, 9], [7, 0], [3, 0], [3, 0], [4, 9], [9, 4], [1, 0], [0, 1], [6, 4], [4, 6], [5, 6], [6, 5], [2, 1], [1, 2], [8, 7], [7, 8], [7, 2], [2, 7], [8, 3], [3, 8]], "edge_attributes": [[1.0], [1.0], [1.0], [1.0], [1.0], [1.0], [1.0], [1.0], [1.0], [1.0], [1.0], [1.0], [1.0], [1.0], [1.0], [1.0], [1.0], [1.0], [1.0], [1.0], [1.0], [1.0]], "seed_graph_indices": [0, -1, -1, 0, -1, -1, -1, 0, -1, 0], "graph_labels": 1, "node_importances": [1, 0, 0, 1, 0, 0, 0, 1, 0, 1], "edge_importances": [1, 1, 1, 1, 1, 1, 0, 0, 0, 0, 0, 0, 0, 0, 0, 0, 0, 0, 0, 0, 0, 0], "multi_node_importances": [[0, 1], [0, 0], [0, 0], [0, 1], [0, 0], [0, 0], [0, 0], [0, 1], [0, 0], [0, 1]], "multi_edge_importances": [[0, 1], [0, 1], [0, 1], [0, 1], [0, 1], [0, 1], [0, 0], [0, 0], [0, 0], [0, 0], [0, 0], [0, 0], [0, 0], [0, 0], [0, 0], [0, 0], [0, 0], [0, 0], [0, 0], [0, 0], [0, 0], [0, 0]], "original_value": 2.3200000000000003, "class": 1, "node_positions": [[0.031434887086506075, -0.159327700681112], [0.36370473896919714, -0.20404484052729013], [0.40210339443480414, -0.512752539671532], [-0.2589769182681097, -0.3268489342062576], [-0.08606677945318976, 0.4364332381803766], [-0.1972996932876657, 1.0], [-0.14189118286208308, 0.71936593294568], [0.09339560368506693, -0.47350544085867224], [-0.1772968679409657, -0.6270213249939531], [-0.029107182363560333, 0.1477016098127606]], "node_coordinates": [[422.75993748419046, 311.5959566360847], [741.4644706480452, 294.28100343275344], [778.2954545454545, 174.74609170589258], [144.20454545454547, 246.72994935051082], [310.055418647104, 542.2809425775766], [203.363723101437, 760.5], [256.5101140497329, 651.835497864554], [482.19103286089063, 189.9429867141332], [222.54990890179317, 130.5], [364.6895712697159, 430.48097838701875]]}, "label": "1", "name": "1119", "value": 2.3200000000000003, "input_type": "classification", "classes": {"0": "low", "1": "high"}, "image_width": 900, "image_height": 900, "image_path": "./1119.png"}