{"graph":{"node_indices":[0,1,2,3,4,5,6,7,8,9,10,11,12,13,14,15],"node_attributes":[[1.0,0.0,0.0],[1.0,1.0,0.0],[0.0,0.0,1.0],[0.0,0.0,1.0],[1.0,0.0,0.0],[1.0,0.0,1.0],[1.0,0.0,1.0],[0.800000011920929,0.800000011920929,0.800000011920929],[1.0,0.0,0.0],[1.0,1.0,0.0],[0.0,0.0,1.0],[0.800000011920929,0.800000011920929,0.800000011920929],[0.800000011920929,0.800000011920929,0.800000011920929],[0.800000011920929,0.800000011920929,0.800000011920929],[0.0,1.0,1.0],[0.0,1.0,1.0]],"node_adjacency":[[0,0,1,0,0,1,1,0,0,0,0,0,0,0,0,0],[1,0,0,0,1,0,0,1,1,0,0,1,1,0,0,0],[1,0,0,0,0,0,0,0,0,0,1,0,0,0,0,0],[0,0,0,0,1,0,0,0,0,0,0,0,0,0,0,0],[0,1,0,1,0,0,1,0,0,0,0,0,1,0,0,1],[1,0,0,0,0,0,0,0,0,1,0,0,0,1,0,0],[1,0,0,0,1,0,0,0,0,0,0,0,0,0,0,0],[0,1,0,0,0,0,0,0,0,0,0,0,0,0,0,0],[0,1,0,0,0,0,0,0,0,0,0,0,0,0,1,0],[0,0,0,0,0,1,0,0,0,0,0,0,0,0,0,0],[0,0,1,0,0,0,0,0,0,0,0,0,0,0,0,0],[0,1,0,0,0,0,0,0,0,0,0,0,0,0,0,0],[0,1,0,0,1,0,0,0,0,0,0,0,0,0,0,0],[0,0,0,0,0,1,0,0,0,0,0,0,0,0,0,0],[0,0,0,0,0,0,0,0,1,0,0,0,0,0,0,0],[0,0,0,0,1,0,0,0,0,0,0,0,0,0,0,0]],"edge_indices":[[1,4],[1,8],[1,0],[4,1],[8,1],[8,1],[11,1],[1,11],[6,4],[4,6],[5,0],[0,5],[14,8],[8,14],[13,5],[5,13],[2,0],[0,2],[12,4],[4,12],[3,4],[4,3],[9,5],[5,9],[7,1],[1,7],[15,4],[4,15],[10,2],[2,10],[6,0],[0,6],[12,1],[1,12]],"edge_attributes":[[1.0],[1.0],[1.0],[1.0],[1.0],[1.0],[1.0],[1.0],[1.0],[1.0],[1.0],[1.0],[1.0],[1.0],[1.0],[1.0],[1.0],[1.0],[1.0],[1.0],[1.0],[1.0],[1.0],[1.0],[1.0],[1.0],[1.0],[1.0],[1.0],[1.0],[1.0],[1.0],[1.0],[1.0]],"seed_graph_indices":[0,0,-1,-1,0,-1,-1,-1,0,-1,-1,-1,-1,-1,-1,-1],"graph_labels":1,"node_importances":[1,1,0,0,1,0,0,0,1,0,0,0,0,0,0,0],"edge_importances":[1,1,1,1,1,1,0,0,0,0,0,0,0,0,0,0,0,0,0,0,0,0,0,0,0,0,0,0,0,0,0,0,0,0],"multi_node_importances":[[0,1],[0,1],[0,0],[0,0],[0,1],[0,0],[0,0],[0,0],[0,1],[0,0],[0,0],[0,0],[0,0],[0,0],[0,0],[0,0]],"multi_edge_importances":[[0,1],[0,1],[0,1],[0,1],[0,1],[0,1],[0,0],[0,0],[0,0],[0,0],[0,0],[0,0],[0,0],[0,0],[0,0],[0,0],[0,0],[0,0],[0,0],[0,0],[0,0],[0,0],[0,0],[0,0],[0,0],[0,0],[0,0],[0,0],[0,0],[0,0],[0,0],[0,0],[0,0],[0,0]],"original_value":1.744802184555387,"class":1,"node_positions":[[-0.14707980194874007,-0.18919605173076742],[0.1894769540617421,0.14460883412024836],[-0.5875138935385861,-0.28084761546475245],[-0.4443308438537782,0.7840258116758069],[-0.12496227151956579,0.5072093630195943],[-0.09862403535894228,-0.637381685281467],[-0.37247688549875807,0.1738057205132775],[0.5842054060444841,0.1896747874041565],[0.5624068491525829,-0.12160405098704642],[-0.34930175979355943,-0.9820476980409534],[-1.0,-0.34672677205710095],[0.5210405112000364,0.47468224402963416],[0.1717144582501003,0.5119498698241514],[0.14454389822626937,-0.9869159918277903],[0.9911378610892237,-0.19656892026301906],[-0.04023644651250909,0.9553321550660279]],"node_coordinates":[[415.82257569403316,389.2535290301911],[523.0012816740563,497.52861139928075],[275.5634510053687,359.5248431026214],[321.161032124831,704.9339815649007],[422.866048298692,615.1440322567663],[431.2536323215305,243.87717761572011],[344.0433963576075,506.99909973879875],[648.7051457072903,512.1464915163338],[641.7632523172995,411.17810161204466],[351.42366711327816,132.0791108312356],[144.2045454545455,338.1558595772384],[628.5898707294755,604.5933284260291],[517.3446984022349,616.6816932871795],[508.69205538705194,130.5],[778.2954545454545,386.86201835595153],[449.8475428762764,760.5]]},"label":"1","name":"1141","value":1.744802184555387,"input_type":"classification","classes":{"0":"low","1":"high"},"image_width":900,"image_height":900,"image_path":"./1141.png"}