{"graph": {"node_indices": [0, 1, 2, 3, 4, 5, 6, 7, 8, 9, 10, 11, 12], "node_attributes": [[1.0, 1.0, 0.0], [0.0, 1.0, 1.0], [0.0, 1.0, 0.0], [1.0, 0.0, 1.0], [1.0, 1.0, 0.0], [0.0, 0.0, 1.0], [0.0, 0.0, 1.0], [1.0, 0.0, 1.0], [1.0, 1.0, 0.0], [0.0, 1.0, 1.0], [0.0, 0.0, 1.0], [1.0, 1.0, 0.0], [1.0, 0.0, 0.0]], "node_adjacency": [[0, 1, 0, 0, 0, 1, 1, 0, 0, 1, 1, 0, 0], [1, 0, 1, 0, 0, 0, 0, 0, 0, 0, 0, 0, 1], [0, 1, 0, 0, 0, 0, 1, 0, 0, 0, 0, 0, 0], [0, 0, 0, 0, 1, 0, 0, 0, 0, 0, 0, 0, 0], [0, 0, 0, 1, 0, 0, 0, 0, 1, 1, 0, 0, 0], [1, 0, 0, 0, 0, 0, 0, 0, 0, 0, 0, 0, 0], [1, 0, 1, 0, 0, 0, 0, 0, 0, 0, 0, 1, 0], [0, 0, 0, 0, 0, 0, 0, 0, 1, 0, 0, 0, 0], [0, 0, 0, 0, 1, 0, 0, 1, 0, 0, 1, 0, 0], [1, 0, 0, 0, 1, 0, 0, 0, 0, 0, 0, 0, 0], [0, 0, 0, 0, 0, 0, 0, 0, 1, 0, 0, 0, 0], [0, 0, 0, 0, 0, 0, 1, 0, 0, 0, 0, 0, 0], [0, 1, 0, 0, 0, 0, 0, 0, 0, 0, 0, 0, 0]], "edge_indices": [[0, 6], [0, 5], [0, 10], [6, 0], [5, 0], [5, 0], [8, 10], [10, 8], [2, 6], [6, 2], [1, 0], [0, 1], [11, 6], [6, 11], [12, 1], [1, 12], [4, 8], [8, 4], [7, 8], [8, 7], [3, 4], [4, 3], [9, 4], [4, 9], [0, 9], [9, 0], [2, 1], [1, 2]], "edge_attributes": [[1.0], [1.0], [1.0], [1.0], [1.0], [1.0], [1.0], [1.0], [1.0], [1.0], [1.0], [1.0], [1.0], [1.0], [1.0], [1.0], [1.0], [1.0], [1.0], [1.0], [1.0], [1.0], [1.0], [1.0], [1.0], [1.0], [1.0], [1.0]], "seed_graph_indices": [0, -1, -1, -1, -1, 0, 0, -1, -1, -1, 0, -1, -1], "graph_labels": 0, "node_importances": [1, 0, 0, 0, 0, 1, 1, 0, 0, 0, 1, 0, 0], "edge_importances": [1, 1, 1, 1, 1, 1, 0, 0, 0, 0, 0, 0, 0, 0, 0, 0, 0, 0, 0, 0, 0, 0, 0, 0, 0, 0, 0, 0], "multi_node_importances": [[1, 0], [0, 0], [0, 0], [0, 0], [0, 0], [1, 0], [1, 0], [0, 0], [0, 0], [0, 0], [1, 0], [0, 0], [0, 0]], "multi_edge_importances": [[1, 0], [1, 0], [1, 0], [1, 0], [1, 0], [1, 0], [0, 0], [0, 0], [0, 0], [0, 0], [0, 0], [0, 0], [0, 0], [0, 0], [0, 0], [0, 0], [0, 0], [0, 0], [0, 0], [0, 0], [0, 0], [0, 0], [0, 0], [0, 0], [0, 0], [0, 0], [0, 0], [0, 0]], "original_value": -2.18, "class": 0, "node_positions": [[0.024022616384667624, 0.1724878167232207], [-0.3793082166302022, 0.3726917543858472], [-0.28427898641259747, 0.7794967349598504], [0.2408613662137059, -0.9701101305264308], [-0.0825599047122083, -0.6075937015115399], [0.4541547057592764, 0.26644518788967], [0.09011024827932192, 0.5982424585918262], [0.021897688231832906, -1.0], [0.25868335890293637, -0.5773901318374491], [-0.18124483081640225, -0.20000031846063937], [0.27641066499511513, -0.163220215522025], [0.35522523089081925, 0.9191636395469807], [-0.7939739410862653, 0.40978690576068916]], "node_coordinates": [[559.7740318779798, 515.3902247387263], [354.86853979015837, 581.1107699431088], [403.14655274273446, 714.6518252655818], [669.9353364460069, 140.31188752241763], [505.6265624914507, 259.3144288238419], [778.2954545454546, 546.2334225854902], [593.3487492708198, 655.1518473800015], [558.6944976267717, 130.5], [678.9895021160976, 269.22929408211075], [455.4913343119461, 393.11429144664635], [687.995563842292, 405.18802209360496], [728.0359874514434, 760.5000000000001], [144.20454545454544, 593.2879209085506]]}, "label": "0", "name": "1142", "value": -2.18, "input_type": "classification", "classes": {"0": "low", "1": "high"}, "image_width": 900, "image_height": 900, "image_path": "./1142.png"}