{"graph":{"node_indices":[0,1,2,3,4,5,6,7,8,9,10,11,12,13,14,15,16,17,18,19,20,21,22,23,24,25,26,27,28,29,30,31,32],"node_attributes":[[1.0,0.0,1.0],[0.0,0.0,1.0],[0.0,0.0,1.0],[1.0,0.0,1.0],[0.0,0.0,1.0],[0.0,1.0,0.0],[0.0,1.0,1.0],[1.0,0.0,1.0],[1.0,1.0,0.0],[0.0,0.0,1.0],[1.0,0.0,0.0],[1.0,1.0,0.0],[0.0,0.0,1.0],[0.800000011920929,0.800000011920929,0.800000011920929],[1.0,1.0,0.0],[0.800000011920929,0.800000011920929,0.800000011920929],[0.0,1.0,1.0],[0.800000011920929,0.800000011920929,0.800000011920929],[0.0,1.0,1.0],[1.0,0.0,1.0],[0.0,1.0,0.0],[0.0,1.0,1.0],[0.0,0.0,1.0],[1.0,0.0,0.0],[0.800000011920929,0.800000011920929,0.800000011920929],[0.0,1.0,1.0],[1.0,0.0,0.0],[0.0,0.0,1.0],[1.0,0.0,1.0],[1.0,0.0,0.0],[0.0,1.0,0.0],[1.0,0.0,0.0],[1.0,0.0,1.0]],"node_adjacency":[[0,0,0,0,0,0,0,1,0,1,0,1,0,0,0,0,0,0,0,0,0,0,0,1,0,0,0,0,0,0,0,0,0],[0,0,0,0,0,0,0,0,0,0,0,1,0,0,0,0,1,0,0,0,1,0,0,0,0,0,0,0,0,0,0,0,0],[0,0,0,0,0,0,0,0,0,0,0,0,0,0,0,0,0,0,0,0,0,0,0,0,0,0,0,0,0,0,0,0,0],[0,0,0,0,0,0,0,0,0,0,0,0,0,0,0,0,0,0,0,0,0,0,0,0,0,0,0,0,0,0,1,0,0],[0,0,0,0,0,1,0,0,0,0,0,0,0,0,0,0,0,0,0,0,0,0,0,0,1,0,0,0,0,0,0,0,0],[0,0,0,0,1,0,0,0,0,0,0,0,0,0,0,0,0,0,0,0,0,0,0,0,0,0,0,0,0,1,0,0,0],[0,0,0,0,0,0,0,0,0,0,0,0,0,0,0,0,1,1,0,0,0,0,0,0,0,0,0,0,0,0,0,0,0],[1,0,0,0,0,0,0,0,0,0,0,0,0,0,0,0,0,0,0,0,0,0,0,0,0,0,1,0,0,0,0,0,0],[0,0,0,0,0,0,0,0,0,0,0,0,0,0,0,0,0,0,0,0,0,0,0,0,0,0,0,0,0,0,0,0,1],[1,0,0,0,0,0,0,0,0,0,0,0,0,0,0,0,0,0,0,0,0,0,0,0,0,0,0,0,0,0,0,0,0],[0,0,0,0,0,0,0,0,0,0,0,0,0,0,0,0,0,1,0,0,0,0,1,0,0,0,0,0,0,0,0,0,0],[1,1,1,0,0,0,0,0,0,0,0,0,0,0,0,0,0,0,0,0,0,0,1,0,0,0,0,0,0,0,0,0,0],[0,0,0,0,0,0,0,0,0,0,0,0,0,0,0,0,0,0,0,0,0,0,0,0,0,0,0,1,0,1,1,0,0],[0,0,0,0,0,0,0,0,0,0,0,0,0,0,0,0,0,0,0,0,0,0,1,0,0,0,0,0,0,0,0,0,0],[0,0,0,0,0,0,0,0,0,0,0,0,0,0,0,0,0,0,0,1,0,1,0,0,0,0,0,0,0,0,1,0,0],[0,0,0,0,0,0,0,0,0,0,0,0,0,0,0,0,0,0,0,0,0,0,0,1,1,0,0,1,0,0,0,0,0],[0,1,0,0,0,0,1,0,0,0,0,0,0,0,0,0,0,0,0,0,0,0,0,0,0,0,0,0,0,0,0,0,0],[0,0,0,0,0,0,1,0,0,0,1,0,0,0,0,0,0,0,0,0,0,0,0,0,0,0,0,0,0,0,0,0,0],[0,0,0,0,0,0,0,0,0,0,0,0,0,0,0,0,0,0,0,0,0,0,1,0,0,0,0,0,0,0,0,0,0],[0,0,0,0,0,0,0,0,0,0,0,0,0,0,1,0,0,0,0,0,0,0,0,0,0,0,0,0,0,0,0,0,0],[0,1,0,0,0,0,0,0,0,0,0,0,0,0,0,0,0,0,0,0,0,0,0,0,0,0,0,0,0,0,0,0,0],[0,0,0,0,0,0,0,0,0,0,0,0,0,0,1,0,0,0,0,0,0,0,0,0,0,0,0,0,1,0,0,0,0],[0,0,0,0,0,0,0,0,0,0,1,1,0,1,0,0,0,0,1,0,0,0,0,0,0,1,0,0,0,0,0,0,1],[1,0,0,0,0,0,0,0,0,0,0,0,0,0,0,1,0,0,0,0,0,0,0,0,0,0,0,0,0,0,0,0,0],[0,0,0,0,1,0,0,0,0,0,0,0,0,0,0,1,0,0,0,0,0,0,0,0,0,0,0,0,0,0,0,0,0],[0,0,0,0,0,0,0,0,0,0,0,0,0,0,0,0,0,0,0,0,0,0,1,0,0,0,0,0,0,0,0,1,0],[0,0,0,0,0,0,0,1,0,0,0,0,0,0,0,0,0,0,0,0,0,0,0,0,0,0,0,0,0,0,0,0,0],[0,0,0,0,0,0,0,0,0,0,0,0,1,0,0,1,0,0,0,0,0,0,0,0,0,0,0,0,0,0,1,0,0],[0,0,0,0,0,0,0,0,0,0,0,0,0,0,0,0,0,0,0,0,0,1,0,0,0,0,0,0,0,0,0,0,0],[0,0,0,0,0,1,0,0,0,0,0,0,1,0,0,0,0,0,0,0,0,0,0,0,0,0,0,0,0,0,0,0,0],[0,0,0,1,0,0,0,0,0,0,0,0,1,0,1,0,0,0,0,0,0,0,0,0,0,0,0,1,0,0,0,0,0],[0,0,0,0,0,0,0,0,0,0,0,0,0,0,0,0,0,0,0,0,0,0,0,0,0,1,0,0,0,0,0,0,0],[0,0,0,0,0,0,0,0,1,0,0,0,0,0,0,0,0,0,0,0,0,0,1,0,0,0,0,0,0,0,0,0,0]],"edge_indices":[[11,22],[11,1],[11,2],[22,11],[1,11],[1,11],[12,27],[12,30],[27,12],[27,30],[30,27],[30,12],[10,22],[22,10],[16,1],[1,16],[3,30],[30,3],[29,12],[12,29],[5,29],[29,5],[32,22],[22,32],[15,27],[27,15],[0,11],[11,0],[14,30],[30,14],[8,32],[32,8],[4,5],[5,4],[21,14],[14,21],[17,10],[10,17],[28,21],[21,28],[20,1],[1,20],[9,0],[0,9],[23,0],[0,23],[18,22],[22,18],[24,4],[4,24],[25,22],[22,25],[7,0],[0,7],[31,25],[25,31],[19,14],[14,19],[6,16],[16,6],[26,7],[7,26],[13,22],[22,13],[23,15],[15,23],[6,17],[17,6],[24,15],[15,24]],"edge_attributes":[[1.0],[1.0],[1.0],[1.0],[1.0],[1.0],[1.0],[1.0],[1.0],[1.0],[1.0],[1.0],[1.0],[1.0],[1.0],[1.0],[1.0],[1.0],[1.0],[1.0],[1.0],[1.0],[1.0],[1.0],[1.0],[1.0],[1.0],[1.0],[1.0],[1.0],[1.0],[1.0],[1.0],[1.0],[1.0],[1.0],[1.0],[1.0],[1.0],[1.0],[1.0],[1.0],[1.0],[1.0],[1.0],[1.0],[1.0],[1.0],[1.0],[1.0],[1.0],[1.0],[1.0],[1.0],[1.0],[1.0],[1.0],[1.0],[1.0],[1.0],[1.0],[1.0],[1.0],[1.0],[1.0],[1.0],[1.0],[1.0],[1.0],[1.0]],"seed_graph_indices":[-1,0,0,-1,-1,-1,-1,-1,-1,-1,-1,0,1,-1,-1,-1,-1,-1,-1,-1,-1,-1,0,-1,-1,-1,-1,1,-1,-1,1,-1,-1],"graph_labels":0,"node_importances":[0,1,1,0,0,0,0,0,0,0,0,1,1,0,0,0,0,0,0,0,0,0,1,0,0,0,0,1,0,0,1,0,0],"edge_importances":[1,1,1,1,1,1,1,1,1,1,1,1,0,0,0,0,0,0,0,0,0,0,0,0,0,0,0,0,0,0,0,0,0,0,0,0,0,0,0,0,0,0,0,0,0,0,0,0,0,0,0,0,0,0,0,0,0,0,0,0,0,0,0,0,0,0,0,0,0,0],"multi_node_importances":[[0,0],[1,0],[1,0],[0,0],[0,0],[0,0],[0,0],[0,0],[0,0],[0,0],[0,0],[1,0],[1,0],[0,0],[0,0],[0,0],[0,0],[0,0],[0,0],[0,0],[0,0],[0,0],[1,0],[0,0],[0,0],[0,0],[0,0],[1,0],[0,0],[0,0],[1,0],[0,0],[0,0]],"multi_edge_importances":[[1,0],[1,0],[1,0],[1,0],[1,0],[1,0],[1,0],[1,0],[1,0],[1,0],[1,0],[1,0],[0,0],[0,0],[0,0],[0,0],[0,0],[0,0],[0,0],[0,0],[0,0],[0,0],[0,0],[0,0],[0,0],[0,0],[0,0],[0,0],[0,0],[0,0],[0,0],[0,0],[0,0],[0,0],[0,0],[0,0],[0,0],[0,0],[0,0],[0,0],[0,0],[0,0],[0,0],[0,0],[0,0],[0,0],[0,0],[0,0],[0,0],[0,0],[0,0],[0,0],[0,0],[0,0],[0,0],[0,0],[0,0],[0,0],[0,0],[0,0],[0,0],[0,0],[0,0],[0,0],[0,0],[0,0],[0,0],[0,0],[0,0],[0,0]],"original_value":-2.6949564101751005,"class":0,"node_positions":[[0.1375782712911828,-0.00518834545622636],[0.08874972371035564,-0.3610796448307088],[0.07626245762080887,-0.21725566463513502],[-0.602795654586313,0.4315509307705761],[-0.08193022753669049,0.593529129238433],[-0.23338545498709093,0.6811610309113293],[0.16733700070411908,-0.6824857370487756],[0.28761377613241146,0.13703237027012774],[0.7446082250111078,-0.1370484337229781],[0.173932706812767,0.11691146113142362],[0.35469490178083285,-0.45086979608934113],[0.20672817909588448,-0.19330913037137548],[-0.3993503606686555,0.40698686755123925],[0.4562510706656579,-0.13425474235727997],[-0.6760299150427926,0.21965126307302618],[-0.15213039913205614,0.2337686088811676],[0.07324776932791309,-0.5423822525520585],[0.3263366356737654,-0.6293471821251916],[0.5219454386802627,-0.2900750198542897],[-0.771098789879913,0.07739760264741036],[-0.07389220969619431,-0.43375627544722944],[-0.8403596918825792,0.2884031931408967],[0.38549884233575815,-0.26969209099097036],[-0.030711226584348765,0.09459082645503054],[-0.08345302147755751,0.4127821495054991],[0.5167011334176457,-0.4043064943518614],[0.40475096436514446,0.27472867927657263],[-0.3345950885795409,0.2551614216780343],[-1.0,0.32421169438719954],[-0.3761390620097675,0.5897949138117435],[-0.5071136925807541,0.28666581055313006],[0.6668137295819615,-0.49489756147461783],[0.5739339684366753,-0.17837958197480028]],"node_coordinates":[[557.6658772675937,443.40900747090654],[539.9187764106559,278.9884816617745],[535.3801861453657,345.4346535386416],[288.57143589301086,645.1810136000886],[477.88387143986085,720.0143703258939],[422.8363361343436,760.5],[568.4819100687225,130.49999999999994],[612.197403771249,509.11447681443406],[778.2954545454545,382.49011149293875],[570.8791687899477,499.8186877177122],[636.5785406565678,237.50574828679729],[582.798928502152,356.49786795797127],[362.5151497429747,633.8325029800458],[673.4898898802933,383.7807870562466],[261.9538961361099,547.284114061247],[452.36909397458794,553.8062780615574],[534.2844751353732,195.22731597858635],[626.2715167194557,155.04982506352206],[697.3669993306216,311.79236811256004],[227.40040245913514,481.56342438278915],[480.805349148552,245.4121344990116],[202.2270095530875,579.047263404938],[647.7744632654565,321.20920939844564],[496.49980045532317,489.5066331765181],[477.3304005915182,636.5099028147885],[695.4609173553966,259.01782955583053],[654.7717910233632,572.7296862017072],[386.0509377547241,563.6896821649434],[144.20454545454544,595.5906647572674],[370.9514698616083,718.2891759617157],[323.3477606872611,578.2445987735905],[750.0204632770728,217.16507587482278],[716.2626193460171,363.3952666911581]]},"label":"0","name":"1152","value":-2.6949564101751005,"input_type":"classification","classes":{"0":"low","1":"high"},"image_width":900,"image_height":900,"image_path":"./1152.png"}