{"graph": {"node_indices": [0, 1, 2, 3, 4, 5, 6, 7, 8, 9, 10, 11, 12], "node_attributes": [[1.0, 0.0, 0.0], [1.0, 0.0, 0.0], [1.0, 1.0, 0.0], [0.0, 1.0, 1.0], [1.0, 0.0, 1.0], [0.0, 1.0, 1.0], [0.0, 1.0, 0.0], [1.0, 0.0, 1.0], [1.0, 0.0, 1.0], [0.0, 1.0, 0.0], [1.0, 0.0, 0.0], [1.0, 0.0, 1.0], [1.0, 0.0, 1.0]], "node_adjacency": [[0, 0, 0, 0, 0, 0, 0, 0, 0, 0, 0, 1, 0], [0, 0, 0, 0, 0, 0, 0, 0, 1, 0, 0, 0, 1], [0, 0, 0, 0, 0, 1, 0, 0, 0, 0, 0, 0, 0], [0, 0, 0, 0, 0, 1, 0, 0, 1, 0, 0, 0, 0], [0, 0, 0, 0, 0, 0, 0, 0, 0, 0, 1, 0, 0], [0, 0, 1, 1, 0, 0, 0, 0, 0, 0, 0, 1, 0], [0, 0, 0, 0, 0, 0, 0, 1, 0, 0, 0, 1, 0], [0, 0, 0, 0, 0, 0, 1, 0, 0, 0, 0, 0, 0], [0, 1, 0, 1, 0, 0, 0, 0, 0, 0, 0, 1, 0], [0, 0, 0, 0, 0, 0, 0, 0, 0, 0, 0, 1, 0], [0, 0, 0, 0, 1, 0, 0, 0, 0, 0, 0, 1, 0], [1, 0, 0, 0, 0, 1, 1, 0, 1, 1, 1, 0, 0], [0, 1, 0, 0, 0, 0, 0, 0, 0, 0, 0, 0, 0]], "edge_indices": [[11, 8], [8, 11], [3, 8], [8, 3], [10, 11], [11, 10], [5, 11], [11, 5], [6, 11], [11, 6], [4, 10], [10, 4], [1, 8], [8, 1], [2, 5], [5, 2], [12, 1], [1, 12], [0, 11], [11, 0], [9, 11], [11, 9], [7, 6], [6, 7], [5, 3], [3, 5]], "edge_attributes": [[1.0], [1.0], [1.0], [1.0], [1.0], [1.0], [1.0], [1.0], [1.0], [1.0], [1.0], [1.0], [1.0], [1.0], [1.0], [1.0], [1.0], [1.0], [1.0], [1.0], [1.0], [1.0], [1.0], [1.0], [1.0], [1.0]], "seed_graph_indices": [-1, -1, -1, -1, -1, -1, -1, -1, -1, -1, -1, -1, -1], "graph_labels": 1, "node_importances": [0, 0, 0, 0, 0, 0, 0, 0, 0, 0, 0, 0, 0], "edge_importances": [0, 0, 0, 0, 0, 0, 0, 0, 0, 0, 0, 0, 0, 0, 0, 0, 0, 0, 0, 0, 0, 0, 0, 0, 0, 0], "multi_node_importances": [[0, 0], [0, 0], [0, 0], [0, 0], [0, 0], [0, 0], [0, 0], [0, 0], [0, 0], [0, 0], [0, 0], [0, 0], [0, 0]], "multi_edge_importances": [[0, 0], [0, 0], [0, 0], [0, 0], [0, 0], [0, 0], [0, 0], [0, 0], [0, 0], [0, 0], [0, 0], [0, 0], [0, 0], [0, 0], [0, 0], [0, 0], [0, 0], [0, 0], [0, 0], [0, 0], [0, 0], [0, 0], [0, 0], [0, 0], [0, 0], [0, 0]], "original_value": 0.29000000000000004, "class": 1, "node_positions": [[0.1449824432519207, -0.285980814183091], [0.6565791035227845, 0.05436894850081338], [-0.24285186078581522, 0.7037323861692009], [0.2681929288002409, 0.4755891970197844], [-0.13671243296614227, -0.7916792699931369], [-0.07752909895340253, 0.36735756746051307], [-0.46636434159437246, -0.15257573962211862], [-0.8238017974754634, -0.20770957708562357], [0.28780589709901166, 0.10414044041010839], [-0.38340040327749986, 0.1548589929383565], [-0.13568060437387477, -0.42917559402441036], [-0.09121983324738676, -0.034432282961652086], [1.0, 0.04150574537125602]], "node_coordinates": [[481.0269352373023, 343.5450340195447], [658.896477776444, 486.9305356687193], [346.1865119169955, 760.5], [523.8641826284447, 664.3858574013086], [383.0885735169599, 130.5], [403.66515926170223, 618.7890972440914], [268.47673427271224, 399.74708154744553], [144.2045454545455, 376.51982003796496], [530.6831280400314, 507.8987017075775], [297.32124969205597, 529.2658536627764], [383.447314873067, 283.2186944940502], [398.90522856824026, 449.5195822427417], [778.2954545454545, 481.5114138247597]]}, "label": "1", "name": "1157", "value": 0.29000000000000004, "input_type": "classification", "classes": {"0": "low", "1": "high"}, "image_width": 900, "image_height": 900, "image_path": "./1157.png"}