{"graph":{"node_indices":[0,1,2,3,4,5,6,7,8,9,10,11,12,13,14,15,16,17,18],"node_attributes":[[1.0,0.0,0.0],[0.0,1.0,0.0],[0.0,0.0,1.0],[0.0,0.0,1.0],[0.800000011920929,0.800000011920929,0.800000011920929],[0.0,1.0,0.0],[0.0,1.0,0.0],[0.0,1.0,0.0],[0.800000011920929,0.800000011920929,0.800000011920929],[1.0,0.0,0.0],[1.0,0.0,1.0],[1.0,0.0,1.0],[0.800000011920929,0.800000011920929,0.800000011920929],[0.0,0.0,1.0],[0.800000011920929,0.800000011920929,0.800000011920929],[0.0,1.0,0.0],[0.0,1.0,1.0],[1.0,0.0,0.0],[0.0,1.0,1.0]],"node_adjacency":[[0,0,0,0,0,1,0,0,0,0,0,0,0,0,0,0,0,1,0],[0,0,0,0,0,0,0,0,1,0,0,0,0,1,0,0,0,0,0],[0,0,0,0,0,1,1,0,0,0,1,0,0,0,0,0,0,0,0],[0,0,0,0,1,0,0,0,1,0,0,0,0,0,0,0,0,0,0],[0,0,0,1,0,1,0,0,1,0,0,0,1,0,0,0,0,0,0],[1,0,1,0,1,0,0,1,0,0,0,1,0,0,0,0,1,1,1],[0,0,1,0,0,0,0,0,0,0,0,0,0,0,0,0,0,0,0],[0,0,0,0,0,1,0,0,0,0,0,0,0,0,0,0,0,0,0],[0,1,0,1,1,0,0,0,0,0,0,0,0,0,0,1,0,0,0],[0,0,0,0,0,0,0,0,0,0,0,0,0,0,0,1,0,0,0],[0,0,1,0,0,0,0,0,0,0,0,0,0,1,0,0,0,0,0],[0,0,0,0,0,1,0,0,0,0,0,0,0,0,0,0,0,0,0],[0,0,0,0,1,0,0,0,0,0,0,0,0,0,1,0,0,0,0],[0,1,0,0,0,0,0,0,0,0,1,0,0,0,0,0,0,0,0],[0,0,0,0,0,0,0,0,0,0,0,0,1,0,0,0,0,0,0],[0,0,0,0,0,0,0,0,1,1,0,0,0,0,0,0,0,0,1],[0,0,0,0,0,1,0,0,0,0,0,0,0,0,0,0,0,0,0],[1,0,0,0,0,1,0,0,0,0,0,0,0,0,0,0,0,0,0],[0,0,0,0,0,1,0,0,0,0,0,0,0,0,0,1,0,0,0]],"edge_indices":[[0,17],[0,5],[17,0],[17,5],[5,17],[5,0],[18,5],[5,18],[2,5],[5,2],[4,5],[5,4],[7,5],[5,7],[12,4],[4,12],[15,18],[18,15],[11,5],[5,11],[16,5],[5,16],[9,15],[15,9],[3,4],[4,3],[8,4],[4,8],[1,8],[8,1],[13,1],[1,13],[6,2],[2,6],[14,12],[12,14],[10,13],[13,10],[3,8],[8,3],[15,8],[8,15],[2,10],[10,2]],"edge_attributes":[[1.0],[1.0],[1.0],[1.0],[1.0],[1.0],[1.0],[1.0],[1.0],[1.0],[1.0],[1.0],[1.0],[1.0],[1.0],[1.0],[1.0],[1.0],[1.0],[1.0],[1.0],[1.0],[1.0],[1.0],[1.0],[1.0],[1.0],[1.0],[1.0],[1.0],[1.0],[1.0],[1.0],[1.0],[1.0],[1.0],[1.0],[1.0],[1.0],[1.0],[1.0],[1.0],[1.0],[1.0]],"seed_graph_indices":[0,-1,-1,-1,-1,0,-1,-1,-1,-1,-1,-1,-1,-1,-1,-1,-1,0,-1],"graph_labels":1,"node_importances":[1,0,0,0,0,1,0,0,0,0,0,0,0,0,0,0,0,1,0],"edge_importances":[1,1,1,1,1,1,0,0,0,0,0,0,0,0,0,0,0,0,0,0,0,0,0,0,0,0,0,0,0,0,0,0,0,0,0,0,0,0,0,0,0,0,0,0],"multi_node_importances":[[0,1],[0,0],[0,0],[0,0],[0,0],[0,1],[0,0],[0,0],[0,0],[0,0],[0,0],[0,0],[0,0],[0,0],[0,0],[0,0],[0,0],[0,1],[0,0]],"multi_edge_importances":[[0,1],[0,1],[0,1],[0,1],[0,1],[0,1],[0,0],[0,0],[0,0],[0,0],[0,0],[0,0],[0,0],[0,0],[0,0],[0,0],[0,0],[0,0],[0,0],[0,0],[0,0],[0,0],[0,0],[0,0],[0,0],[0,0],[0,0],[0,0],[0,0],[0,0],[0,0],[0,0],[0,0],[0,0],[0,0],[0,0],[0,0],[0,0],[0,0],[0,0],[0,0],[0,0],[0,0],[0,0]],"original_value":0.8145117660958624,"class":1,"node_positions":[[0.5359163072670545,0.16691124376476132],[-0.6841558377653886,-0.34288707556775316],[-0.29739388294382857,0.4793840049830795],[0.16021954406480912,-0.6168940125964546],[0.24469406764018728,-0.22292879969270735],[0.15392747006433233,0.24811658766263348],[-0.44536149489908594,0.9179063327529037],[0.03877547742099827,0.6290606062934417],[-0.16123876332128043,-0.41837249357315287],[-0.4520903434821179,-1.0],[-0.7427492692431028,0.40282301145251953],[0.2929708463267955,0.7039073238765721],[0.6527180442174496,-0.46658553608553577],[-0.9450729523170293,0.014283339816188904],[0.9968484274291269,-0.7080409284071764],[-0.3375360847599199,-0.5805758862608594],[0.6513714195332784,0.35735257728575226],[0.47909519199539535,0.5006265803184133],[-0.140938167227674,-0.06408687602262636]],"node_coordinates":[[627.7883999596638,513.810733698127],[229.40118219225587,346.3505529298189],[355.6896314015836,616.4527846709589],[505.1130411083368,256.3438787872385],[532.6963037509959,385.7548306626124],[503.0585053456423,540.485324517287],[307.3741235961211,760.5],[465.45820264523843,665.6190328944465],[400.1480345477133,321.5548616432994],[305.1769688813882,130.5],[210.26881019204836,591.3037848994111],[548.4600039731818,690.2049218255756],[665.9273896936121,305.71768739548145],[144.20454545454544,463.6750321544641],[778.2954545454545,226.4036486622709],[342.5820949647566,268.273772964387],[665.4876795801665,576.367511403747],[609.2347380998436,623.4306136883181],[406.77673927610186,437.9317332585348]]},"label":"1","name":"1175","value":0.8145117660958624,"input_type":"classification","classes":{"0":"low","1":"high"},"image_width":900,"image_height":900,"image_path":"./1175.png"}