{"graph":{"node_indices":[0,1,2,3,4,5,6,7,8,9,10,11,12,13,14,15,16,17],"node_attributes":[[1.0,0.0,0.0],[0.800000011920929,0.800000011920929,0.800000011920929],[0.0,0.0,1.0],[1.0,0.0,0.0],[0.0,0.0,1.0],[1.0,0.0,0.0],[0.0,1.0,0.0],[1.0,0.0,0.0],[1.0,0.0,1.0],[1.0,0.0,0.0],[0.800000011920929,0.800000011920929,0.800000011920929],[0.0,1.0,1.0],[1.0,1.0,0.0],[1.0,0.0,1.0],[0.0,0.0,1.0],[0.0,1.0,0.0],[1.0,0.0,1.0],[0.0,1.0,0.0]],"node_adjacency":[[0,0,0,0,0,1,0,0,0,0,0,0,0,0,0,0,0,0],[0,0,0,0,1,0,0,0,1,0,0,0,0,0,0,0,0,0],[0,0,0,0,0,0,0,0,0,0,0,0,1,0,0,1,0,0],[0,0,0,0,0,1,1,0,0,0,0,0,0,0,0,0,0,1],[0,1,0,0,0,0,0,1,0,1,0,0,0,0,0,0,0,1],[1,0,0,1,0,0,1,0,0,0,0,0,0,0,0,0,0,0],[0,0,0,1,0,1,0,0,0,0,0,1,0,0,0,0,0,0],[0,0,0,0,1,0,0,0,0,0,0,0,0,0,0,0,0,0],[0,1,0,0,0,0,0,0,0,0,0,0,0,0,1,0,0,0],[0,0,0,0,1,0,0,0,0,0,0,0,0,0,0,0,0,0],[0,0,0,0,0,0,0,0,0,0,0,0,1,0,0,0,0,0],[0,0,0,0,0,0,1,0,0,0,0,0,0,0,0,0,0,0],[0,0,1,0,1,0,0,0,0,0,1,0,0,1,1,0,0,0],[0,0,0,0,0,0,0,0,0,0,0,0,1,0,0,0,0,0],[0,0,0,0,0,0,0,0,1,0,0,0,1,0,0,0,1,0],[0,0,1,0,0,0,0,0,0,0,0,0,0,0,0,0,0,0],[0,0,0,0,0,0,0,0,0,0,0,0,0,0,1,0,0,0],[0,0,0,1,1,0,0,0,0,0,0,0,0,0,0,0,0,0]],"edge_indices":[[12,14],[12,2],[12,4],[14,12],[2,12],[2,12],[3,5],[3,6],[5,3],[5,6],[6,5],[6,3],[13,12],[12,13],[8,14],[14,8],[16,14],[14,16],[11,6],[6,11],[15,2],[2,15],[10,12],[12,10],[1,4],[4,1],[9,4],[4,9],[17,4],[4,17],[0,5],[5,0],[7,4],[4,7],[17,3],[3,17],[8,1],[1,8]],"edge_attributes":[[1.0],[1.0],[1.0],[1.0],[1.0],[1.0],[1.0],[1.0],[1.0],[1.0],[1.0],[1.0],[1.0],[1.0],[1.0],[1.0],[1.0],[1.0],[1.0],[1.0],[1.0],[1.0],[1.0],[1.0],[1.0],[1.0],[1.0],[1.0],[1.0],[1.0],[1.0],[1.0],[1.0],[1.0],[1.0],[1.0],[1.0],[1.0]],"seed_graph_indices":[-1,-1,0,1,0,1,1,-1,-1,-1,-1,-1,0,-1,0,-1,-1,-1],"graph_labels":0,"node_importances":[0,0,1,1,1,1,1,0,0,0,0,0,1,0,1,0,0,0],"edge_importances":[1,1,1,1,1,1,1,1,1,1,1,1,0,0,0,0,0,0,0,0,0,0,0,0,0,0,0,0,0,0,0,0,0,0,0,0,0,0],"multi_node_importances":[[0,0],[0,0],[1,0],[0,1],[1,0],[0,1],[0,1],[0,0],[0,0],[0,0],[0,0],[0,0],[1,0],[0,0],[1,0],[0,0],[0,0],[0,0]],"multi_edge_importances":[[1,0],[1,0],[1,0],[1,0],[1,0],[1,0],[0,1],[0,1],[0,1],[0,1],[0,1],[0,1],[0,0],[0,0],[0,0],[0,0],[0,0],[0,0],[0,0],[0,0],[0,0],[0,0],[0,0],[0,0],[0,0],[0,0],[0,0],[0,0],[0,0],[0,0],[0,0],[0,0],[0,0],[0,0],[0,0],[0,0],[0,0],[0,0]],"original_value":-1.280090111791477,"class":0,"node_positions":[[0.9999999999999999,-0.18454655492495828],[-0.20555726544505856,0.29979351247790686],[-0.30709109962229714,-0.43782863190325055],[0.5277673353192103,0.08127821801432247],[-0.06568337540657228,0.03344984599205148],[0.7802490813657295,-0.019103113125022074],[0.7496898984020245,0.24064746271630424],[0.022598967910699486,0.30335559858405203],[-0.4574985303878533,0.3848113310865935],[0.05405196774832941,-0.21642767594122925],[-0.6265310042160992,-0.16234254221775532],[0.9223849259863559,0.4554954826970902],[-0.34637697891927804,-0.1180731166569317],[-0.5152880407732368,-0.33200895441534733],[-0.5592936452778877,0.12499336049472247],[-0.37862393318421567,-0.719738306143237],[-0.8383007544943222,0.217872786098565],[0.24350245099447237,0.04837129716612325]],"node_coordinates":[[778.2954545454545,417.39679148879986],[362.45876376550274,677.0338486950081],[327.4363763462902,281.62150148988053],[615.4067439153848,559.8957636439478],[410.7059082415888,534.2567166218539],[702.4960732800657,506.0849906570769],[691.9551973873931,645.3278071366062],[441.1574168937317,678.9433532277922],[275.555864261969,722.6088025740356],[452.00659987530815,400.3064844954399],[217.2509570080299,429.2995534229518],[751.5234409235552,760.5],[313.88537341221877,453.03077896135244],[255.62234517560697,338.3475737407156],[240.44335245788662,583.3298582251017],[302.76232921214614,130.5],[144.2045454545455,633.1191330792225],[517.35435586984,542.2555627484116]]},"label":"0","name":"1176","value":-1.280090111791477,"input_type":"classification","classes":{"0":"low","1":"high"},"image_width":900,"image_height":900,"image_path":"./1176.png"}