{"graph":{"node_indices":[0,1,2,3,4,5,6,7,8,9,10,11,12,13,14],"node_attributes":[[1.0,0.0,0.0],[0.800000011920929,0.800000011920929,0.800000011920929],[0.0,1.0,1.0],[0.0,1.0,0.0],[0.0,1.0,0.0],[1.0,1.0,0.0],[1.0,0.0,1.0],[1.0,0.0,1.0],[1.0,0.0,0.0],[1.0,0.0,0.0],[0.0,0.0,1.0],[0.0,1.0,0.0],[0.800000011920929,0.800000011920929,0.800000011920929],[0.0,0.0,1.0],[0.0,1.0,0.0]],"node_adjacency":[[0,1,1,0,0,0,0,0,0,0,0,0,0,0,0],[1,0,0,0,0,0,0,0,0,0,0,0,0,0,0],[1,0,0,0,1,0,0,0,0,0,0,0,0,0,0],[0,0,0,0,1,0,1,0,0,0,1,0,0,1,0],[0,0,1,1,0,0,0,0,0,0,0,0,1,0,0],[1,0,0,0,0,0,0,0,1,1,0,0,0,0,0],[0,0,0,1,0,0,0,0,0,0,0,0,0,1,0],[0,0,0,0,0,0,0,0,0,1,0,0,0,0,0],[0,0,0,0,0,1,0,0,0,0,0,0,1,0,1],[0,0,0,0,0,1,0,1,0,0,0,0,0,0,0],[0,0,0,1,0,0,0,0,0,0,0,1,0,1,0],[0,0,0,0,0,0,0,0,0,0,1,0,0,0,0],[0,0,0,0,1,0,0,0,1,0,0,0,0,0,0],[0,0,0,1,0,0,1,0,0,0,1,0,0,0,0],[0,0,0,0,0,0,0,0,1,0,0,0,0,0,0]],"edge_indices":[[10,13],[10,3],[13,10],[13,3],[3,13],[3,10],[5,9],[5,8],[5,0],[9,5],[8,5],[8,5],[14,8],[8,14],[4,3],[3,4],[6,3],[3,6],[7,9],[9,7],[11,10],[10,11],[1,0],[0,1],[2,0],[0,2],[12,8],[8,12],[4,2],[2,4],[13,6],[6,13],[4,12],[12,4]],"edge_attributes":[[1.0],[1.0],[1.0],[1.0],[1.0],[1.0],[1.0],[1.0],[1.0],[1.0],[1.0],[1.0],[1.0],[1.0],[1.0],[1.0],[1.0],[1.0],[1.0],[1.0],[1.0],[1.0],[1.0],[1.0],[1.0],[1.0],[1.0],[1.0],[1.0],[1.0],[1.0],[1.0],[1.0],[1.0]],"seed_graph_indices":[1,-1,-1,0,-1,1,-1,-1,1,1,0,-1,-1,0,-1],"graph_labels":1,"node_importances":[1,0,0,1,0,1,0,0,1,1,1,0,0,1,0],"edge_importances":[1,1,1,1,1,1,1,1,1,1,1,1,0,0,0,0,0,0,0,0,0,0,0,0,0,0,0,0,0,0,0,0,0,0],"multi_node_importances":[[0,1],[0,0],[0,0],[1,0],[0,0],[0,1],[0,0],[0,0],[0,1],[0,1],[1,0],[0,0],[0,0],[1,0],[0,0]],"multi_edge_importances":[[1,0],[1,0],[1,0],[1,0],[1,0],[1,0],[0,1],[0,1],[0,1],[0,1],[0,1],[0,1],[0,0],[0,0],[0,0],[0,0],[0,0],[0,0],[0,0],[0,0],[0,0],[0,0],[0,0],[0,0],[0,0],[0,0],[0,0],[0,0],[0,0],[0,0],[0,0],[0,0],[0,0],[0,0]],"original_value":0.7309470906800218,"class":1,"node_positions":[[0.3910668205529707,-0.10921580079135432],[0.680482273174529,-0.004916095379277973],[0.18598814906373196,0.1336477425441455],[-0.330091589076379,0.400379994051856],[-0.13270006743374296,0.1563881965312488],[0.29268540248940894,-0.42221738476434306],[-0.6459858537810347,0.363611231623175],[0.6428353021166788,-0.8994130940437086],[-0.0352266279269781,-0.4231207915682462],[0.4731674156827041,-0.6681689672418247],[-0.28997045806627747,0.7076028571142133],[-0.275356199764132,1.0],[-0.20504965117153434,-0.15544680905915384],[-0.5281674357777999,0.5873763310691468],[-0.22367748008214533,-0.6665074100858762]],"node_coordinates":[[639.9463274699658,392.59374691060617],[778.2954545454545,427.18801953916795],[541.9126705752279,473.14706771331305],[295.2113261021212,561.61719513152],[389.57029852046855,480.68965339770205],[592.917106375333,288.77694238222523],[144.2045454545455,549.4216804208396],[760.2990914082716,130.5],[436.16547907027814,288.4772991459836],[679.1928347510724,207.19937642423898],[314.3904107095593,663.5173054004404],[321.3764574484021,760.5],[354.985062439495,377.2597812240226],[200.52522611107102,623.6404025582359],[346.08041050833333,207.75048403296827]]},"label":"1","name":"1183","value":0.7309470906800218,"input_type":"classification","classes":{"0":"low","1":"high"},"image_width":900,"image_height":900,"image_path":"./1183.png"}