{"graph": {"node_indices": [0, 1, 2, 3, 4, 5, 6, 7, 8, 9, 10, 11, 12], "node_attributes": [[1.0, 0.0, 0.0], [0.0, 1.0, 1.0], [0.0, 1.0, 1.0], [0.0, 0.0, 1.0], [0.0, 1.0, 0.0], [1.0, 0.0, 0.0], [1.0, 0.0, 0.0], [0.0, 1.0, 1.0], [1.0, 1.0, 0.0], [0.0, 1.0, 1.0], [1.0, 0.0, 1.0], [1.0, 0.0, 0.0], [1.0, 1.0, 0.0]], "node_adjacency": [[0, 1, 0, 0, 0, 0, 0, 0, 0, 0, 0, 1, 1], [1, 0, 0, 0, 1, 0, 0, 0, 1, 0, 0, 1, 0], [0, 0, 0, 0, 0, 0, 0, 1, 0, 0, 0, 0, 0], [0, 0, 0, 0, 0, 0, 1, 0, 0, 0, 0, 0, 0], [0, 1, 0, 0, 0, 0, 0, 0, 0, 0, 0, 0, 0], [0, 0, 0, 0, 0, 0, 0, 0, 0, 1, 0, 0, 0], [0, 0, 0, 1, 0, 0, 0, 0, 0, 0, 0, 0, 1], [0, 0, 1, 0, 0, 0, 0, 0, 0, 0, 1, 0, 1], [0, 1, 0, 0, 0, 0, 0, 0, 0, 0, 0, 0, 0], [0, 0, 0, 0, 0, 1, 0, 0, 0, 0, 0, 0, 0], [0, 0, 0, 0, 0, 0, 0, 1, 0, 0, 0, 0, 0], [1, 1, 0, 0, 0, 0, 0, 0, 0, 0, 0, 0, 0], [1, 0, 0, 0, 0, 1, 1, 1, 0, 0, 0, 0, 0]], "edge_indices": [[12, 6], [12, 0], [12, 5], [6, 12], [0, 12], [0, 12], [7, 12], [12, 7], [9, 5], [5, 9], [1, 0], [0, 1], [2, 7], [7, 2], [8, 1], [1, 8], [3, 6], [6, 3], [4, 1], [1, 4], [10, 7], [7, 10], [11, 1], [1, 11], [0, 11], [11, 0]], "edge_attributes": [[1.0], [1.0], [1.0], [1.0], [1.0], [1.0], [1.0], [1.0], [1.0], [1.0], [1.0], [1.0], [1.0], [1.0], [1.0], [1.0], [1.0], [1.0], [1.0], [1.0], [1.0], [1.0], [1.0], [1.0], [1.0], [1.0]], "seed_graph_indices": [0, -1, -1, -1, -1, 0, 0, -1, -1, -1, -1, -1, 0], "graph_labels": 1, "node_importances": [1, 0, 0, 0, 0, 1, 1, 0, 0, 0, 0, 0, 1], "edge_importances": [1, 1, 1, 1, 1, 1, 0, 0, 0, 0, 0, 0, 0, 0, 0, 0, 0, 0, 0, 0, 0, 0, 0, 0, 0, 0], "multi_node_importances": [[0, 1], [0, 0], [0, 0], [0, 0], [0, 0], [0, 1], [0, 1], [0, 0], [0, 0], [0, 0], [0, 0], [0, 0], [0, 1]], "multi_edge_importances": [[0, 1], [0, 1], [0, 1], [0, 1], [0, 1], [0, 1], [0, 0], [0, 0], [0, 0], [0, 0], [0, 0], [0, 0], [0, 0], [0, 0], [0, 0], [0, 0], [0, 0], [0, 0], [0, 0], [0, 0], [0, 0], [0, 0], [0, 0], [0, 0], [0, 0], [0, 0]], "original_value": 2.2800000000000002, "class": 1, "node_positions": [[0.10204697394184807, -0.2569269885060905], [0.18205941824460942, -0.6693120127246273], [-0.5598859065606904, 0.7676272140799846], [0.7059176583610848, 0.5460079739815592], [-0.05423063137284269, -1.0], [-0.465842436600436, 0.03059700236123023], [0.3469055968469725, 0.34661340678161034], [-0.20229786335204303, 0.5561205087124397], [0.49821366397639816, -0.9495815026468707], [-0.8670468618022753, -0.05177038355118662], [-0.07853546394800895, 0.9528159388187945], [0.43892739568572425, -0.4233540888093265], [-0.046231543420340665, 0.15116293150248278]], "node_coordinates": [[534.8640825416052, 370.22356428242074], [567.1185694649686, 237.18359871616994], [268.0267721161748, 700.7560711092823], [778.2954545454545, 629.2592554152951], [471.8657074643014, 130.50000000000006], [305.9374233716578, 462.98198080578175], [633.5710939245025, 564.9323647755398], [412.1770847848052, 632.5216708605051], [694.5661568194505, 146.7655643581466], [144.2045454545455, 436.40935197102823], [462.0679827315853, 760.5], [670.6667723926888, 316.5323427459665], [475.0902868408111, 501.8778817706895]]}, "label": "1", "name": "1203", "value": 2.2800000000000002, "input_type": "classification", "classes": {"0": "low", "1": "high"}, "image_width": 900, "image_height": 900, "image_path": "./1203.png"}