{"graph":{"node_indices":[0,1,2,3,4,5,6,7,8,9,10,11,12,13,14,15,16,17,18,19],"node_attributes":[[0.0,1.0,0.0],[0.800000011920929,0.800000011920929,0.800000011920929],[0.0,0.0,1.0],[0.0,0.0,1.0],[0.800000011920929,0.800000011920929,0.800000011920929],[0.0,1.0,0.0],[0.0,0.0,1.0],[0.0,1.0,1.0],[1.0,0.0,0.0],[1.0,1.0,0.0],[0.800000011920929,0.800000011920929,0.800000011920929],[0.0,0.0,1.0],[1.0,0.0,0.0],[0.800000011920929,0.800000011920929,0.800000011920929],[1.0,1.0,0.0],[0.800000011920929,0.800000011920929,0.800000011920929],[1.0,0.0,1.0],[0.0,1.0,1.0],[0.0,1.0,0.0],[0.800000011920929,0.800000011920929,0.800000011920929]],"node_adjacency":[[0,0,0,1,0,1,0,0,0,0,0,0,0,0,0,0,0,0,0,0],[0,0,1,0,0,0,0,0,0,0,0,0,0,0,0,0,0,0,0,0],[0,1,0,0,0,0,0,0,0,0,0,0,0,0,0,1,0,0,0,0],[1,0,0,0,0,0,0,0,0,1,0,0,0,0,0,1,0,0,0,0],[0,0,0,0,0,0,0,0,1,0,0,0,0,0,0,1,0,0,0,0],[1,0,0,0,0,0,1,0,0,0,0,0,0,0,0,0,0,0,0,1],[0,0,0,0,0,1,0,1,0,0,0,0,0,0,0,0,0,1,0,0],[0,0,0,0,0,0,1,0,0,0,0,0,0,0,0,0,0,0,0,0],[0,0,0,0,1,0,0,0,0,0,0,0,0,0,0,0,1,0,0,0],[0,0,0,1,0,0,1,0,0,0,0,1,0,0,0,0,0,0,0,0],[0,0,0,0,0,0,0,0,0,0,0,0,0,1,0,0,0,0,0,0],[0,0,0,0,0,0,0,0,0,1,0,0,0,0,0,0,1,0,1,0],[0,0,0,0,0,0,0,0,0,0,0,0,0,0,0,0,0,0,1,0],[0,0,0,0,0,0,0,0,0,0,1,0,0,0,1,1,0,0,0,0],[0,0,0,0,0,0,0,0,0,0,0,0,0,1,0,0,0,0,0,0],[0,0,1,1,1,0,0,0,0,0,0,0,0,1,0,0,0,0,0,0],[0,0,0,0,0,0,0,0,1,0,0,1,0,0,0,0,0,0,0,0],[0,0,0,0,0,0,1,0,0,0,0,0,0,0,0,0,0,0,0,0],[0,0,0,0,0,0,0,0,0,0,0,1,1,0,0,0,0,0,0,0],[0,0,0,0,0,1,0,0,0,0,0,0,0,0,0,0,0,0,0,0]],"edge_indices":[[9,3],[9,11],[9,6],[3,9],[11,9],[11,9],[18,11],[11,18],[5,6],[6,5],[15,3],[3,15],[2,15],[15,2],[0,5],[5,0],[19,5],[5,19],[1,2],[2,1],[17,6],[6,17],[13,15],[15,13],[4,15],[15,4],[12,18],[18,12],[10,13],[13,10],[16,11],[11,16],[7,6],[6,7],[8,4],[4,8],[14,13],[13,14],[8,16],[16,8],[0,3],[3,0]],"edge_attributes":[[1.0],[1.0],[1.0],[1.0],[1.0],[1.0],[1.0],[1.0],[1.0],[1.0],[1.0],[1.0],[1.0],[1.0],[1.0],[1.0],[1.0],[1.0],[1.0],[1.0],[1.0],[1.0],[1.0],[1.0],[1.0],[1.0],[1.0],[1.0],[1.0],[1.0],[1.0],[1.0],[1.0],[1.0],[1.0],[1.0],[1.0],[1.0],[1.0],[1.0],[1.0],[1.0]],"seed_graph_indices":[-1,-1,-1,0,-1,-1,0,-1,-1,0,-1,0,-1,-1,-1,-1,-1,-1,-1,-1],"graph_labels":0,"node_importances":[0,0,0,1,0,0,1,0,0,1,0,1,0,0,0,0,0,0,0,0],"edge_importances":[1,1,1,1,1,1,0,0,0,0,0,0,0,0,0,0,0,0,0,0,0,0,0,0,0,0,0,0,0,0,0,0,0,0,0,0,0,0,0,0,0,0],"multi_node_importances":[[0,0],[0,0],[0,0],[1,0],[0,0],[0,0],[1,0],[0,0],[0,0],[1,0],[0,0],[1,0],[0,0],[0,0],[0,0],[0,0],[0,0],[0,0],[0,0],[0,0]],"multi_edge_importances":[[1,0],[1,0],[1,0],[1,0],[1,0],[1,0],[0,0],[0,0],[0,0],[0,0],[0,0],[0,0],[0,0],[0,0],[0,0],[0,0],[0,0],[0,0],[0,0],[0,0],[0,0],[0,0],[0,0],[0,0],[0,0],[0,0],[0,0],[0,0],[0,0],[0,0],[0,0],[0,0],[0,0],[0,0],[0,0],[0,0],[0,0],[0,0],[0,0],[0,0],[0,0],[0,0]],"original_value":-1.9948274731862847,"class":0,"node_positions":[[0.015506473372305403,0.4179004458277884],[0.9082323321276508,-0.46877854288042214],[0.6645917773917148,-0.2552883601411492],[0.07505426845336272,0.09412882846727504],[0.32062202938697953,-0.3732825449327831],[-0.2668664217863695,0.5619617610359536],[-0.4751784223937267,0.2991237311465623],[-0.7052760996507623,0.5331383069377418],[0.11921258281303519,-0.6291349621067238],[-0.27255746509296397,0.009175739915653328],[1.0,0.16830241494712422],[-0.40162379045103047,-0.3178505927963685],[-0.9035270587388182,-0.7131485397733468],[0.6708985623638462,0.18022313325652137],[0.8108020431576524,0.4755822968286981],[0.40259998935999025,-0.04447660640607294],[-0.1983045005943266,-0.581133675242974],[-0.7994641580732715,0.26043241154225427],[-0.6755839005216296,-0.5041616586810819],[-0.2891382411236381,0.8872864130553498]],"node_coordinates":[[450.34719007104655,575.7295044352136],[747.7263887267193,226.69453622306696],[666.566386227842,310.73345007459295],[470.1833754007806,448.2790769269885],[551.9853566539304,264.28586638033335],[356.28491500550285,632.4382312852067],[286.89333728494205,528.9738833355151],[210.24465258051333,621.092080634236],[484.8931141290541,163.5713559063576],[354.38915060993645,414.83788914679997],[778.2954545454545,477.47698928182245],[311.3953916278381,286.1062657562767],[144.2045454545455,130.5],[668.667262597348,482.1694964790981],[715.2710263391164,598.4355607271889],[579.2933368195208,393.7180191246252],[379.12382908245104,182.46672598729288],[178.86932155148844,513.7433166026208],[220.13553038667084,212.76622072669727],[348.8658672405428,760.4999999999999]]},"label":"0","name":"1216","value":-1.9948274731862847,"input_type":"classification","classes":{"0":"low","1":"high"},"image_width":900,"image_height":900,"image_path":"./1216.png"}