{"graph":{"node_indices":[0,1,2,3,4,5,6,7,8,9,10,11,12,13,14,15,16,17,18,19,20,21,22,23,24,25,26,27,28],"node_attributes":[[0.0,0.0,1.0],[1.0,1.0,0.0],[0.0,1.0,1.0],[0.800000011920929,0.800000011920929,0.800000011920929],[0.0,1.0,1.0],[0.800000011920929,0.800000011920929,0.800000011920929],[1.0,0.0,1.0],[0.0,1.0,1.0],[0.0,0.0,1.0],[1.0,0.0,0.0],[0.800000011920929,0.800000011920929,0.800000011920929],[0.0,1.0,0.0],[0.800000011920929,0.800000011920929,0.800000011920929],[0.0,1.0,0.0],[0.800000011920929,0.800000011920929,0.800000011920929],[1.0,1.0,0.0],[1.0,0.0,1.0],[0.0,1.0,0.0],[0.800000011920929,0.800000011920929,0.800000011920929],[0.800000011920929,0.800000011920929,0.800000011920929],[0.800000011920929,0.800000011920929,0.800000011920929],[0.0,1.0,1.0],[0.800000011920929,0.800000011920929,0.800000011920929],[0.800000011920929,0.800000011920929,0.800000011920929],[1.0,0.0,1.0],[1.0,0.0,1.0],[0.0,1.0,0.0],[1.0,0.0,0.0],[0.0,0.0,1.0]],"node_adjacency":[[0,0,0,0,0,1,0,0,0,0,0,0,0,0,1,0,1,0,0,0,0,0,0,1,0,1,1,0,1],[0,0,1,0,0,0,0,0,0,0,0,0,0,0,0,1,1,0,0,0,0,1,0,0,0,0,0,0,0],[0,1,0,0,0,0,0,0,0,0,0,0,0,0,0,0,0,1,1,1,0,0,0,0,0,0,0,0,0],[0,0,0,0,0,0,0,0,0,0,0,0,0,0,0,0,0,0,0,0,0,0,0,0,0,0,1,0,0],[0,0,0,0,0,0,0,0,0,0,0,0,0,0,0,0,0,0,0,0,0,0,0,1,0,0,0,0,0],[1,0,0,0,0,0,0,0,0,0,0,0,1,0,0,0,0,0,0,0,0,0,0,0,0,0,0,0,0],[0,0,0,0,0,0,0,0,0,0,0,0,0,0,0,0,0,0,0,0,0,0,0,0,0,0,1,0,0],[0,0,0,0,0,0,0,0,0,0,0,0,0,0,0,0,0,0,0,0,0,0,0,0,0,0,1,0,0],[0,0,0,0,0,0,0,0,0,0,0,0,0,0,0,0,0,0,0,0,0,0,0,0,0,0,1,0,0],[0,0,0,0,0,0,0,0,0,0,0,0,0,0,0,0,0,0,1,0,0,0,0,0,0,0,0,0,0],[0,0,0,0,0,0,0,0,0,0,0,0,0,0,0,0,0,0,0,0,0,1,0,0,0,0,0,1,0],[0,0,0,0,0,0,0,0,0,0,0,0,0,0,0,0,0,0,0,0,0,0,1,0,0,0,0,0,0],[0,0,0,0,0,1,0,0,0,0,0,0,0,0,0,0,0,0,0,0,1,0,0,0,0,0,0,0,0],[0,0,0,0,0,0,0,0,0,0,0,0,0,0,0,0,0,0,0,0,0,0,0,0,1,0,0,0,1],[1,0,0,0,0,0,0,0,0,0,0,0,0,0,0,0,0,0,0,0,0,0,0,0,0,0,0,0,0],[0,1,0,0,0,0,0,0,0,0,0,0,0,0,0,0,0,0,0,0,0,0,0,0,0,0,0,0,0],[1,1,0,0,0,0,0,0,0,0,0,0,0,0,0,0,0,0,0,0,0,0,0,0,0,0,0,0,0],[0,0,1,0,0,0,0,0,0,0,0,0,0,0,0,0,0,0,0,0,0,0,0,0,0,0,0,0,0],[0,0,1,0,0,0,0,0,0,1,0,0,0,0,0,0,0,0,0,0,0,0,0,0,0,0,0,0,0],[0,0,1,0,0,0,0,0,0,0,0,0,0,0,0,0,0,0,0,0,0,0,0,0,0,0,0,0,0],[0,0,0,0,0,0,0,0,0,0,0,0,1,0,0,0,0,0,0,0,0,0,0,0,0,0,0,0,0],[0,1,0,0,0,0,0,0,0,0,1,0,0,0,0,0,0,0,0,0,0,0,0,0,0,0,0,0,0],[0,0,0,0,0,0,0,0,0,0,0,1,0,0,0,0,0,0,0,0,0,0,0,0,0,0,1,0,0],[1,0,0,0,1,0,0,0,0,0,0,0,0,0,0,0,0,0,0,0,0,0,0,0,0,0,0,0,0],[0,0,0,0,0,0,0,0,0,0,0,0,0,1,0,0,0,0,0,0,0,0,0,0,0,0,0,1,0],[1,0,0,0,0,0,0,0,0,0,0,0,0,0,0,0,0,0,0,0,0,0,0,0,0,0,0,0,0],[1,0,0,1,0,0,1,1,1,0,0,0,0,0,0,0,0,0,0,0,0,0,1,0,0,0,0,0,1],[0,0,0,0,0,0,0,0,0,0,1,0,0,0,0,0,0,0,0,0,0,0,0,0,1,0,0,0,0],[1,0,0,0,0,0,0,0,0,0,0,0,0,1,0,0,0,0,0,0,0,0,0,0,0,0,1,0,0]],"edge_indices":[[0,28],[0,26],[28,0],[28,26],[26,28],[26,0],[5,0],[0,5],[23,0],[0,23],[16,0],[0,16],[4,23],[23,4],[6,26],[26,6],[13,28],[28,13],[12,5],[5,12],[3,26],[26,3],[1,16],[16,1],[15,1],[1,15],[14,0],[0,14],[8,26],[26,8],[2,1],[1,2],[22,26],[26,22],[20,12],[12,20],[21,1],[1,21],[7,26],[26,7],[17,2],[2,17],[10,21],[21,10],[27,10],[10,27],[24,13],[13,24],[25,0],[0,25],[19,2],[2,19],[11,22],[22,11],[18,2],[2,18],[9,18],[18,9],[27,24],[24,27]],"edge_attributes":[[1.0],[1.0],[1.0],[1.0],[1.0],[1.0],[1.0],[1.0],[1.0],[1.0],[1.0],[1.0],[1.0],[1.0],[1.0],[1.0],[1.0],[1.0],[1.0],[1.0],[1.0],[1.0],[1.0],[1.0],[1.0],[1.0],[1.0],[1.0],[1.0],[1.0],[1.0],[1.0],[1.0],[1.0],[1.0],[1.0],[1.0],[1.0],[1.0],[1.0],[1.0],[1.0],[1.0],[1.0],[1.0],[1.0],[1.0],[1.0],[1.0],[1.0],[1.0],[1.0],[1.0],[1.0],[1.0],[1.0],[1.0],[1.0],[1.0],[1.0]],"seed_graph_indices":[0,-1,-1,-1,-1,-1,-1,-1,-1,-1,-1,-1,-1,-1,-1,-1,-1,-1,-1,-1,-1,-1,-1,-1,-1,-1,0,-1,0],"graph_labels":0,"node_importances":[1,0,0,0,0,0,0,0,0,0,0,0,0,0,0,0,0,0,0,0,0,0,0,0,0,0,1,0,1],"edge_importances":[1,1,1,1,1,1,0,0,0,0,0,0,0,0,0,0,0,0,0,0,0,0,0,0,0,0,0,0,0,0,0,0,0,0,0,0,0,0,0,0,0,0,0,0,0,0,0,0,0,0,0,0,0,0,0,0,0,0,0,0],"multi_node_importances":[[1,0],[0,0],[0,0],[0,0],[0,0],[0,0],[0,0],[0,0],[0,0],[0,0],[0,0],[0,0],[0,0],[0,0],[0,0],[0,0],[0,0],[0,0],[0,0],[0,0],[0,0],[0,0],[0,0],[0,0],[0,0],[0,0],[1,0],[0,0],[1,0]],"multi_edge_importances":[[1,0],[1,0],[1,0],[1,0],[1,0],[1,0],[0,0],[0,0],[0,0],[0,0],[0,0],[0,0],[0,0],[0,0],[0,0],[0,0],[0,0],[0,0],[0,0],[0,0],[0,0],[0,0],[0,0],[0,0],[0,0],[0,0],[0,0],[0,0],[0,0],[0,0],[0,0],[0,0],[0,0],[0,0],[0,0],[0,0],[0,0],[0,0],[0,0],[0,0],[0,0],[0,0],[0,0],[0,0],[0,0],[0,0],[0,0],[0,0],[0,0],[0,0],[0,0],[0,0],[0,0],[0,0],[0,0],[0,0],[0,0],[0,0],[0,0],[0,0]],"original_value":-0.9875655273327536,"class":0,"node_positions":[[0.16482272598749076,-0.026728193734953148],[-0.4179713202603381,-0.09923459063222037],[-0.5955538800313893,-0.3408171395984221],[0.6606526882187388,0.17366905261098492],[0.28095834299301037,-0.6139060959681444],[0.1906843034915011,0.27824637630408183],[0.6414667675968667,-0.15373809466984495],[0.5442687745386736,-0.25292823771975426],[0.5582619084606633,0.2725531795880338],[-0.9622156484718156,-0.7099097959540807],[-0.637062817604909,0.4302032022718434],[1.0,-0.044951414986938436],[0.30386592418250014,0.5679123146317812],[0.05126494845149977,0.413586760103959],[0.04949112408833568,-0.2006631801040574],[-0.635455505252993,-0.03585091432075297],[-0.1364716813243206,-0.0625784931766212],[-0.5392401403493066,-0.6046701927025269],[-0.7844114913693246,-0.5298890762965054],[-0.8671816206385836,-0.2686267016113905],[0.4026518538408732,0.8206949039217304],[-0.5591214434504277,0.17029332231453626],[0.7410446875588641,-0.002014981149164807],[0.2000668477661299,-0.3504789551730395],[-0.16154336907307768,0.5985883690039565],[0.2577422657632694,-0.21257466574211584],[0.45213234357626664,0.019156118208120798],[-0.43660029649473836,0.6117773398706736],[0.23345370780654015,0.15287978471083147]],"node_coordinates":[[508.40752589546247,411.6989336194852],[320.077355923646,381.8551535442087],[262.69146826567487,282.4192862291169],[668.6352112421678,494.18284681286855],[545.936805117252,170.01531770159025],[516.7647068214296,537.2270854278399],[662.4352719753783,359.4214006970565],[631.0256948332935,318.59453656517906],[635.5475826372847,534.8837541082632],[144.20454545454544,130.5],[249.27783557862062,599.772823310036],[778.2954545454545,404.19821877803577],[553.3394007457345,656.4541733632534],[471.71127670989597,592.9334619996881],[471.1380645332006,340.1069403233542],[249.79723932061668,407.94400331676223],[411.04409655723333,396.9428776305787],[280.8892797127145,173.81683422496897],[201.66204239432724,204.59689346535683],[174.91483621706982,312.1330169758734],[585.2621203465349,760.4999999999999],[274.4646272709098,492.79338937363866],[694.6139236150489,421.8709420618413],[519.7966804137911,278.44246333519607],[402.9421688769429,669.080499583236],[538.434518848362,335.2041486668372],[601.2517638615145,430.58500951255024],[314.0573934974451,674.5091067518315],[530.5856599284547,485.6259419646348]]},"label":"0","name":"1220","value":-0.9875655273327536,"input_type":"classification","classes":{"0":"low","1":"high"},"image_width":900,"image_height":900,"image_path":"./1220.png"}