{"graph": {"node_indices": [0, 1, 2, 3, 4, 5, 6, 7, 8, 9, 10, 11, 12, 13], "node_attributes": [[0.0, 1.0, 0.0], [1.0, 0.0, 1.0], [1.0, 0.0, 1.0], [1.0, 0.0, 0.0], [1.0, 0.0, 0.0], [0.0, 0.0, 1.0], [1.0, 1.0, 0.0], [0.0, 0.0, 1.0], [0.0, 0.0, 1.0], [0.0, 1.0, 0.0], [1.0, 1.0, 0.0], [1.0, 0.0, 0.0], [1.0, 0.0, 0.0], [1.0, 1.0, 0.0]], "node_adjacency": [[0, 0, 0, 0, 0, 1, 1, 0, 0, 0, 0, 0, 0, 0], [0, 0, 0, 0, 0, 0, 0, 0, 1, 0, 0, 0, 0, 0], [0, 0, 0, 0, 1, 0, 0, 0, 0, 0, 0, 1, 0, 0], [0, 0, 0, 0, 0, 0, 1, 0, 1, 1, 0, 0, 0, 0], [0, 0, 1, 0, 0, 0, 0, 0, 0, 0, 0, 0, 0, 0], [1, 0, 0, 0, 0, 0, 0, 0, 0, 0, 0, 0, 0, 0], [1, 0, 0, 1, 0, 0, 0, 0, 0, 0, 1, 1, 1, 1], [0, 0, 0, 0, 0, 0, 0, 0, 0, 0, 0, 1, 0, 0], [0, 1, 0, 1, 0, 0, 0, 0, 0, 0, 0, 1, 0, 0], [0, 0, 0, 1, 0, 0, 0, 0, 0, 0, 0, 0, 0, 0], [0, 0, 0, 0, 0, 0, 1, 0, 0, 0, 0, 0, 0, 0], [0, 0, 1, 0, 0, 0, 1, 1, 1, 0, 0, 0, 0, 0], [0, 0, 0, 0, 0, 0, 0, 0, 0, 0, 0, 0, 0, 0], [0, 0, 0, 0, 0, 0, 1, 0, 0, 0, 0, 0, 0, 0]], "edge_indices": [[6, 3], [6, 11], [6, 12], [3, 6], [11, 6], [11, 6], [0, 6], [6, 0], [2, 11], [11, 2], [5, 0], [0, 5], [8, 3], [3, 8], [1, 8], [8, 1], [4, 2], [2, 4], [9, 3], [3, 9], [7, 11], [11, 7], [13, 6], [6, 13], [10, 6], [6, 10], [8, 11], [11, 8]], "edge_attributes": [[1.0], [1.0], [1.0], [1.0], [1.0], [1.0], [1.0], [1.0], [1.0], [1.0], [1.0], [1.0], [1.0], [1.0], [1.0], [1.0], [1.0], [1.0], [1.0], [1.0], [1.0], [1.0], [1.0], [1.0], [1.0], [1.0], [1.0], [1.0]], "seed_graph_indices": [-1, -1, -1, 0, -1, -1, 0, -1, -1, -1, -1, 0, 0, -1], "graph_labels": 1, "node_importances": [0, 0, 0, 1, 0, 0, 1, 0, 0, 0, 0, 1, 1, 0], "edge_importances": [1, 1, 1, 1, 1, 1, 0, 0, 0, 0, 0, 0, 0, 0, 0, 0, 0, 0, 0, 0, 0, 0, 0, 0, 0, 0, 0, 0], "multi_node_importances": [[0, 0], [0, 0], [0, 0], [0, 1], [0, 0], [0, 0], [0, 1], [0, 0], [0, 0], [0, 0], [0, 0], [0, 1], [0, 1], [0, 0]], "multi_edge_importances": [[0, 1], [0, 1], [0, 1], [0, 1], [0, 1], [0, 1], [0, 0], [0, 0], [0, 0], [0, 0], [0, 0], [0, 0], [0, 0], [0, 0], [0, 0], [0, 0], [0, 0], [0, 0], [0, 0], [0, 0], [0, 0], [0, 0], [0, 0], [0, 0], [0, 0], [0, 0], [0, 0], [0, 0]], "original_value": 2.13, "class": 1, "node_positions": [[-0.4560252268444258, 0.49188428782306515], [0.9801085993268213, 0.31728088988741343], [0.25703500623349684, -0.5788778864860957], [0.1589074131066009, 0.12193929732655254], [0.3898263960105476, -1.0], [-0.6903304832610928, 0.8620001612119133], [-0.2944360223907008, 0.026306450754544675], [0.26082510803737247, 0.440846339426678], [0.5752182260322454, 0.1435181810902083], [0.5304628894434127, -0.2625327135859286], [-0.7069886586360117, 0.1470400363790285], [0.14834746461326942, -0.09072667596010404], [-0.6979283963815338, -0.200958637091477], [-0.45502231529000203, -0.41771973077579866]], "node_coordinates": [[238.52846771937956, 635.2728356354116], [778.2954545454545, 576.196503102838], [506.53021408871444, 272.98491328866504], [469.6492254918454, 510.1034887857806], [556.4394962393172, 130.50000000000006], [150.46547529568141, 760.5], [299.2613300767414, 477.7465134237854], [507.95471352822426, 618.0043583497835], [626.1185105828255, 517.4046142390968], [609.2973392304696, 380.0189850781053], [144.20454545454544, 518.5962193088367], [465.6802976138076, 438.14884239982604], [147.60982034455452, 400.852317426614], [238.9054092953799, 327.5121041087802]]}, "label": "1", "name": "1223", "value": 2.13, "input_type": "classification", "classes": {"0": "low", "1": "high"}, "image_width": 900, "image_height": 900, "image_path": "./1223.png"}