{"graph":{"node_indices":[0,1,2,3,4,5,6,7,8,9,10,11,12,13,14,15,16,17,18,19,20,21,22,23,24],"node_attributes":[[0.0,1.0,0.0],[1.0,0.0,0.0],[0.0,1.0,0.0],[0.0,0.0,1.0],[0.800000011920929,0.800000011920929,0.800000011920929],[1.0,1.0,0.0],[0.0,1.0,0.0],[0.0,0.0,1.0],[0.800000011920929,0.800000011920929,0.800000011920929],[1.0,0.0,0.0],[0.800000011920929,0.800000011920929,0.800000011920929],[0.800000011920929,0.800000011920929,0.800000011920929],[0.0,1.0,1.0],[0.0,0.0,1.0],[0.0,0.0,1.0],[1.0,0.0,1.0],[0.0,1.0,1.0],[1.0,1.0,0.0],[1.0,0.0,0.0],[0.800000011920929,0.800000011920929,0.800000011920929],[0.800000011920929,0.800000011920929,0.800000011920929],[0.0,1.0,1.0],[0.0,1.0,0.0],[0.0,1.0,0.0],[1.0,0.0,0.0]],"node_adjacency":[[0,0,1,0,0,0,0,0,1,0,0,0,0,0,0,0,0,0,1,0,0,1,0,0,1],[0,0,0,0,0,0,0,0,0,0,0,0,0,0,0,1,0,0,0,0,0,0,1,1,1],[1,0,0,0,0,0,0,0,0,0,0,0,0,0,0,0,0,0,0,0,0,0,0,0,0],[0,0,0,0,0,0,0,0,0,0,0,0,0,0,1,0,0,0,0,0,1,0,0,0,0],[0,0,0,0,0,0,0,0,0,0,0,0,0,0,1,0,0,0,0,1,0,0,0,0,0],[0,0,0,0,0,0,0,0,0,0,0,0,1,0,0,0,0,0,0,0,0,0,0,0,0],[0,0,0,0,0,0,0,0,0,0,0,0,0,0,0,1,0,1,0,0,0,0,0,0,0],[0,0,0,0,0,0,0,0,0,0,0,1,0,0,0,0,0,0,0,0,1,0,0,0,0],[1,0,0,0,0,0,0,0,0,0,0,0,0,0,0,0,0,0,0,0,0,0,0,0,0],[0,0,0,0,0,0,0,0,0,0,0,0,0,0,0,0,0,0,0,0,0,0,0,1,0],[0,0,0,0,0,0,0,0,0,0,0,0,0,0,0,0,0,0,0,0,0,0,1,0,0],[0,0,0,0,0,0,0,1,0,0,0,0,0,0,0,0,0,0,0,0,0,0,0,0,0],[0,0,0,0,0,1,0,0,0,0,0,0,0,0,0,0,0,0,0,0,0,1,0,0,1],[0,0,0,0,0,0,0,0,0,0,0,0,0,0,0,0,0,0,0,0,0,0,0,1,0],[0,0,0,1,1,0,0,0,0,0,0,0,0,0,0,0,0,0,0,0,0,0,0,0,0],[0,1,0,0,0,0,1,0,0,0,0,0,0,0,0,0,0,0,0,0,0,0,0,0,0],[0,0,0,0,0,0,0,0,0,0,0,0,0,0,0,0,0,0,1,0,0,0,0,0,0],[0,0,0,0,0,0,1,0,0,0,0,0,0,0,0,0,0,0,0,0,0,0,0,0,0],[1,0,0,0,0,0,0,0,0,0,0,0,0,0,0,0,1,0,0,0,0,0,0,0,0],[0,0,0,0,1,0,0,0,0,0,0,0,0,0,0,0,0,0,0,0,0,0,0,0,0],[0,0,0,1,0,0,0,1,0,0,0,0,0,0,0,0,0,0,0,0,0,0,1,0,0],[1,0,0,0,0,0,0,0,0,0,0,0,1,0,0,0,0,0,0,0,0,0,0,0,0],[0,1,0,0,0,0,0,0,0,0,1,0,0,0,0,0,0,0,0,0,1,0,0,0,1],[0,1,0,0,0,0,0,0,0,1,0,0,0,1,0,0,0,0,0,0,0,0,0,0,0],[1,1,0,0,0,0,0,0,0,0,0,0,1,0,0,0,0,0,0,0,0,0,1,0,0]],"edge_indices":[[24,1],[24,22],[1,24],[1,22],[22,1],[22,24],[12,24],[24,12],[0,24],[24,0],[18,0],[0,18],[15,1],[1,15],[20,22],[22,20],[6,15],[15,6],[23,1],[1,23],[3,20],[20,3],[14,3],[3,14],[5,12],[12,5],[10,22],[22,10],[13,23],[23,13],[8,0],[0,8],[7,20],[20,7],[21,0],[0,21],[2,0],[0,2],[17,6],[6,17],[4,14],[14,4],[19,4],[4,19],[9,23],[23,9],[11,7],[7,11],[16,18],[18,16],[21,12],[12,21]],"edge_attributes":[[1.0],[1.0],[1.0],[1.0],[1.0],[1.0],[1.0],[1.0],[1.0],[1.0],[1.0],[1.0],[1.0],[1.0],[1.0],[1.0],[1.0],[1.0],[1.0],[1.0],[1.0],[1.0],[1.0],[1.0],[1.0],[1.0],[1.0],[1.0],[1.0],[1.0],[1.0],[1.0],[1.0],[1.0],[1.0],[1.0],[1.0],[1.0],[1.0],[1.0],[1.0],[1.0],[1.0],[1.0],[1.0],[1.0],[1.0],[1.0],[1.0],[1.0],[1.0],[1.0]],"seed_graph_indices":[-1,0,-1,-1,-1,-1,-1,-1,-1,-1,-1,-1,-1,-1,-1,-1,-1,-1,-1,-1,-1,-1,0,-1,0],"graph_labels":1,"node_importances":[0,1,0,0,0,0,0,0,0,0,0,0,0,0,0,0,0,0,0,0,0,0,1,0,1],"edge_importances":[1,1,1,1,1,1,0,0,0,0,0,0,0,0,0,0,0,0,0,0,0,0,0,0,0,0,0,0,0,0,0,0,0,0,0,0,0,0,0,0,0,0,0,0,0,0,0,0,0,0,0,0],"multi_node_importances":[[0,0],[0,1],[0,0],[0,0],[0,0],[0,0],[0,0],[0,0],[0,0],[0,0],[0,0],[0,0],[0,0],[0,0],[0,0],[0,0],[0,0],[0,0],[0,0],[0,0],[0,0],[0,0],[0,1],[0,0],[0,1]],"multi_edge_importances":[[0,1],[0,1],[0,1],[0,1],[0,1],[0,1],[0,0],[0,0],[0,0],[0,0],[0,0],[0,0],[0,0],[0,0],[0,0],[0,0],[0,0],[0,0],[0,0],[0,0],[0,0],[0,0],[0,0],[0,0],[0,0],[0,0],[0,0],[0,0],[0,0],[0,0],[0,0],[0,0],[0,0],[0,0],[0,0],[0,0],[0,0],[0,0],[0,0],[0,0],[0,0],[0,0],[0,0],[0,0],[0,0],[0,0],[0,0],[0,0],[0,0],[0,0],[0,0],[0,0]],"original_value":0.7497168948752094,"class":1,"node_positions":[[-0.30786957718235836,-0.3586992213132265],[-0.01190700191735507,-0.09049091074252225],[-0.34519975958993754,-0.5857820576901693],[0.33424139615538895,0.417563121901436],[0.5329325157905854,0.8167928144819852],[-0.6001920189014975,0.07874255477753524],[-0.286815487541423,0.38549020227500624],[0.5339026073355403,0.126600285207396],[-0.19043494958489124,-0.5714636982125224],[0.38864810787531767,-0.41766804608539776],[0.2679466492488034,-0.09143305887557879],[0.7632888875074839,0.08098991046212048],[-0.3889207866157919,-0.041398078422181496],[0.21709722843993595,-0.5566331478883024],[0.42729798473155495,0.6249555772398205],[-0.14539338472383234,0.17218418318952333],[-0.7187529682689517,-0.6013840330323281],[-0.4358385901345626,0.5684282360745694],[-0.5329385089283375,-0.4703909546928836],[0.6433723601212273,1.0],[0.2849125225368698,0.1831253804839076],[-0.5069281787192266,-0.23174835133011393],[0.08289798836471013,0.019514721327727236],[0.16043085406271354,-0.3173543255264691],[-0.16577789006196547,-0.13994110360933165]],"node_coordinates":[[320.0008105660723,225.97455715136851],[446.6282588228251,331.4903061373162],[304.0291096272008,136.63796832165718],[594.7276877011806,531.3636868900967],[679.7375895381078,688.4245174826723],[194.93079173029895,398.0683917672507],[329.0087928902342,518.7458894424792],[680.1526427481399,416.8960867791215],[370.245160603689,142.27094972077634],[618.005573653371,202.77564993101788],[566.3635115005525,331.1196559300067],[778.2954545454545,398.952523276048],[285.3230888322023,350.8039022041194],[544.6076107871082,148.10543196334407],[634.5419052397579,612.9538889703398],[389.516172888739,434.8292340669467],[144.20454545454544,130.5],[265.2493287222491,590.7154850650167],[223.70517425682627,182.03394666835925],[726.9892248536214,760.5],[573.6223523860652,439.13360713004624],[234.83368177081232,275.91825987326666],[487.1905292067581,374.7675880226777],[520.362929232609,242.24003988903195],[380.7946718927677,312.0361209678173]]},"label":"1","name":"1227","value":0.7497168948752094,"input_type":"classification","classes":{"0":"low","1":"high"},"image_width":900,"image_height":900,"image_path":"./1227.png"}