{"graph":{"node_indices":[0,1,2,3,4,5,6,7,8,9,10,11,12,13,14,15,16,17,18,19,20,21,22],"node_attributes":[[1.0,0.0,1.0],[0.0,1.0,1.0],[1.0,0.0,0.0],[0.800000011920929,0.800000011920929,0.800000011920929],[0.0,0.0,1.0],[0.0,1.0,1.0],[1.0,1.0,0.0],[1.0,1.0,0.0],[0.0,1.0,0.0],[1.0,0.0,0.0],[1.0,0.0,0.0],[0.0,0.0,1.0],[0.800000011920929,0.800000011920929,0.800000011920929],[0.0,0.0,1.0],[0.0,0.0,1.0],[1.0,0.0,0.0],[1.0,1.0,0.0],[0.800000011920929,0.800000011920929,0.800000011920929],[0.800000011920929,0.800000011920929,0.800000011920929],[0.0,0.0,1.0],[0.0,0.0,1.0],[1.0,0.0,0.0],[1.0,0.0,1.0]],"node_adjacency":[[0,0,1,0,0,0,0,0,0,0,0,0,0,0,0,0,0,0,0,0,0,0,0],[0,0,0,0,0,0,0,0,0,1,0,0,0,0,0,0,0,0,0,0,0,0,0],[1,0,0,0,0,0,0,1,0,0,0,0,0,0,0,0,0,0,0,0,0,0,0],[0,0,0,0,0,0,0,0,0,1,1,0,0,1,0,0,0,0,0,0,0,0,0],[0,0,0,0,0,0,0,0,0,0,0,0,0,0,0,0,1,0,0,0,0,0,0],[0,0,0,0,0,0,0,0,0,0,0,0,0,0,0,0,1,0,0,0,0,0,0],[0,0,0,0,0,0,0,0,0,0,0,0,0,0,0,0,0,0,0,1,0,0,0],[0,0,1,0,0,0,0,0,0,1,0,0,0,0,0,1,0,0,0,1,1,0,0],[0,0,0,0,0,0,0,0,0,1,0,0,0,0,0,0,0,0,1,0,0,0,0],[0,1,0,1,0,0,0,0,1,0,0,0,1,0,1,0,0,0,0,0,0,0,1],[0,0,0,1,0,0,0,0,0,0,0,0,0,0,0,0,0,0,0,1,0,0,0],[0,0,0,0,0,0,0,0,0,0,0,0,0,0,0,0,1,0,0,0,0,0,0],[0,0,0,0,0,0,0,0,0,1,0,0,0,0,0,0,0,0,0,0,0,1,0],[0,0,0,1,0,0,0,0,0,0,0,0,0,0,0,0,0,0,0,0,0,0,0],[0,0,0,0,0,0,0,0,0,1,0,0,0,0,0,0,0,0,0,0,0,0,0],[0,0,0,0,0,0,0,1,0,0,0,0,0,0,0,0,0,1,0,0,0,0,0],[0,0,0,0,1,1,0,0,0,0,0,1,0,1,0,0,0,0,0,0,0,0,0],[0,0,0,0,0,0,0,0,0,0,0,0,0,0,0,1,0,0,0,0,0,0,0],[0,0,0,0,0,0,0,0,1,0,0,0,0,0,0,0,0,0,0,0,0,0,0],[0,0,0,0,0,0,1,1,0,0,1,0,0,0,0,0,0,0,0,0,0,0,0],[0,0,0,0,0,0,0,1,0,0,0,0,0,0,0,0,0,0,0,0,0,0,0],[0,0,0,0,0,0,0,0,0,0,0,0,1,0,0,0,0,0,0,0,0,0,0],[0,0,0,0,0,0,0,0,0,1,0,0,0,0,0,0,0,0,0,0,0,0,0]],"edge_indices":[[16,4],[16,11],[16,13],[4,16],[11,16],[11,16],[7,2],[7,15],[7,9],[2,7],[15,7],[15,7],[0,2],[2,0],[1,9],[9,1],[14,9],[9,14],[8,9],[9,8],[17,15],[15,17],[5,16],[16,5],[22,9],[9,22],[3,13],[13,3],[12,9],[9,12],[21,12],[12,21],[19,7],[7,19],[10,19],[19,10],[20,7],[7,20],[6,19],[19,6],[18,8],[8,18],[3,10],[10,3],[9,3],[3,9]],"edge_attributes":[[1.0],[1.0],[1.0],[1.0],[1.0],[1.0],[1.0],[1.0],[1.0],[1.0],[1.0],[1.0],[1.0],[1.0],[1.0],[1.0],[1.0],[1.0],[1.0],[1.0],[1.0],[1.0],[1.0],[1.0],[1.0],[1.0],[1.0],[1.0],[1.0],[1.0],[1.0],[1.0],[1.0],[1.0],[1.0],[1.0],[1.0],[1.0],[1.0],[1.0],[1.0],[1.0],[1.0],[1.0],[1.0],[1.0]],"seed_graph_indices":[-1,-1,1,-1,0,-1,-1,1,-1,1,-1,0,-1,0,-1,1,0,-1,-1,-1,-1,-1,-1],"graph_labels":0,"node_importances":[0,0,1,0,1,0,0,1,0,1,0,1,0,1,0,1,1,0,0,0,0,0,0],"edge_importances":[1,1,1,1,1,1,1,1,1,1,1,1,0,0,0,0,0,0,0,0,0,0,0,0,0,0,0,0,0,0,0,0,0,0,0,0,0,0,0,0,0,0,0,0,0,0],"multi_node_importances":[[0,0],[0,0],[0,1],[0,0],[1,0],[0,0],[0,0],[0,1],[0,0],[0,1],[0,0],[1,0],[0,0],[1,0],[0,0],[0,1],[1,0],[0,0],[0,0],[0,0],[0,0],[0,0],[0,0]],"multi_edge_importances":[[1,0],[1,0],[1,0],[1,0],[1,0],[1,0],[0,1],[0,1],[0,1],[0,1],[0,1],[0,1],[0,0],[0,0],[0,0],[0,0],[0,0],[0,0],[0,0],[0,0],[0,0],[0,0],[0,0],[0,0],[0,0],[0,0],[0,0],[0,0],[0,0],[0,0],[0,0],[0,0],[0,0],[0,0],[0,0],[0,0],[0,0],[0,0],[0,0],[0,0],[0,0],[0,0],[0,0],[0,0],[0,0],[0,0]],"original_value":-0.09076234835557262,"class":0,"node_positions":[[-0.8985406664808452,-0.3335794489689243],[0.34324122928460155,-0.1330476261893404],[-0.5960589261508824,-0.28786295092582237],[0.08774112949690491,0.19433714438137803],[0.5841417371306664,0.9696306176456286],[0.75606839551754,0.7167309020618295],[-0.645349000001207,0.3385600805142054],[-0.2929952633482312,-0.17843681539347192],[0.36441617205957805,-0.3230379716621195],[0.05674996837568328,-0.16229385245577785],[-0.17992458942185108,0.322406480867962],[0.27866077979200843,1.0],[0.16080357010250612,-0.48837864615191096],[0.2759553758798611,0.4596263775962948],[-0.016683486863636153,-0.39021849620002586],[-0.3940220317926965,-0.4950489022207636],[0.4369645274081018,0.7227871597238998],[-0.5340459584754842,-0.7699316995747714],[0.6507411898141017,-0.44204717400267446],[-0.3947758358774322,0.14269289383064773],[-0.5440132465921055,-0.07882224291526044],[0.27133647876414113,-0.7779536806648173],[0.22958845137867695,-0.006112149296165794]],"node_coordinates":[[144.2045454545455,287.9595384643152],[620.088927610379,359.01597245639664],[260.123723050234,304.15871962430174],[522.174384369858,475.0214723198296],[712.4085126585128,749.7389148877603],[778.2954545454545,660.1264449171042],[241.23443466499918,526.1254188128038],[376.26590906416584,342.9327698906749],[628.2037379438339,291.69480489758007],[510.29773387853044,348.65286640463154],[419.5976470971407,520.401553288181],[595.3399540499416,760.5],[550.1738861543173,233.10800026855333],[594.3031701560835,569.0240432208348],[482.1560492595977,267.890061883659],[337.5497211036709,230.74446213531812],[656.0062283644023,662.2724188919028],[283.8887681910038,133.3425082957387],[737.9312228061244,249.52509131622597],[337.2608430065153,456.72185169372074],[280.0690340143965,378.2301914960605],[592.5330839536261,130.49999999999994],[576.5341116008282,403.9942816847887]]},"label":"0","name":"1230","value":-0.09076234835557262,"input_type":"classification","classes":{"0":"low","1":"high"},"image_width":900,"image_height":900,"image_path":"./1230.png"}