{"graph":{"node_indices":[0,1,2,3,4,5,6,7,8,9,10,11,12,13,14,15,16,17,18,19,20],"node_attributes":[[0.0,0.0,1.0],[0.800000011920929,0.800000011920929,0.800000011920929],[0.0,1.0,1.0],[1.0,1.0,0.0],[0.800000011920929,0.800000011920929,0.800000011920929],[1.0,0.0,0.0],[0.0,1.0,1.0],[0.800000011920929,0.800000011920929,0.800000011920929],[0.0,0.0,1.0],[0.0,0.0,1.0],[0.0,1.0,1.0],[0.0,0.0,1.0],[0.0,0.0,1.0],[0.0,0.0,1.0],[0.0,1.0,1.0],[1.0,0.0,1.0],[0.0,1.0,1.0],[1.0,0.0,0.0],[1.0,1.0,0.0],[1.0,1.0,0.0],[1.0,0.0,0.0]],"node_adjacency":[[0,0,0,0,0,0,0,0,0,0,0,0,0,0,0,0,0,1,0,0,0],[0,0,0,0,0,0,0,0,0,0,1,0,0,1,0,0,0,0,0,0,0],[0,0,0,0,1,0,0,0,0,0,1,0,0,0,0,0,0,0,0,0,0],[0,0,0,0,0,0,0,0,0,1,0,1,0,1,0,0,0,0,0,0,0],[0,0,1,0,0,0,0,0,0,0,0,0,0,0,0,1,0,0,0,0,0],[0,0,0,0,0,0,0,1,0,0,0,0,0,0,0,0,0,0,0,0,0],[0,0,0,0,0,0,0,0,0,0,0,0,0,0,0,0,1,0,0,0,0],[0,0,0,0,0,1,0,0,1,0,0,0,0,0,0,0,0,0,0,0,0],[0,0,0,0,0,0,0,1,0,0,0,1,0,0,0,1,0,0,0,0,0],[0,0,0,1,0,0,0,0,0,0,0,0,0,0,0,0,0,0,0,0,0],[0,1,1,0,0,0,0,0,0,0,0,0,1,0,0,0,0,0,0,0,0],[0,0,0,1,0,0,0,0,1,0,0,0,0,0,0,1,0,0,0,0,0],[0,0,0,0,0,0,0,0,0,0,1,0,0,0,0,0,1,0,0,0,0],[0,1,0,0,0,0,0,0,0,0,0,0,0,0,0,0,0,0,0,0,0],[0,0,0,0,0,0,0,0,0,0,0,0,0,0,0,1,0,0,0,1,0],[0,0,0,0,1,0,0,0,1,0,0,1,0,0,1,0,0,0,0,0,0],[0,0,0,0,0,0,1,0,0,0,0,0,1,0,0,0,0,1,0,0,0],[1,0,0,0,0,0,0,0,0,0,0,0,0,0,0,0,1,0,1,0,0],[0,0,0,0,0,1,0,0,0,0,0,0,0,0,0,0,0,1,0,0,1],[0,0,0,0,0,0,0,0,0,0,0,0,0,0,1,0,0,0,0,0,0],[0,0,0,0,0,0,0,0,0,0,0,0,0,0,0,0,0,0,1,0,0]],"edge_indices":[[3,11],[3,9],[3,13],[11,3],[9,3],[9,3],[18,20],[18,17],[18,5],[20,18],[17,18],[17,18],[15,11],[11,15],[1,13],[13,1],[16,17],[17,16],[14,15],[15,14],[10,1],[1,10],[4,15],[15,4],[6,16],[16,6],[19,14],[14,19],[12,16],[16,12],[8,15],[15,8],[0,17],[17,0],[7,5],[5,7],[2,4],[4,2],[8,7],[7,8],[11,8],[8,11],[10,12],[12,10],[10,2],[2,10]],"edge_attributes":[[1.0],[1.0],[1.0],[1.0],[1.0],[1.0],[1.0],[1.0],[1.0],[1.0],[1.0],[1.0],[1.0],[1.0],[1.0],[1.0],[1.0],[1.0],[1.0],[1.0],[1.0],[1.0],[1.0],[1.0],[1.0],[1.0],[1.0],[1.0],[1.0],[1.0],[1.0],[1.0],[1.0],[1.0],[1.0],[1.0],[1.0],[1.0],[1.0],[1.0],[1.0],[1.0],[1.0],[1.0],[1.0],[1.0]],"seed_graph_indices":[-1,-1,-1,0,-1,1,-1,-1,-1,0,-1,0,-1,0,-1,-1,-1,1,1,-1,1],"graph_labels":1,"node_importances":[0,0,0,1,0,1,0,0,0,1,0,1,0,1,0,0,0,1,1,0,1],"edge_importances":[1,1,1,1,1,1,1,1,1,1,1,1,0,0,0,0,0,0,0,0,0,0,0,0,0,0,0,0,0,0,0,0,0,0,0,0,0,0,0,0,0,0,0,0,0,0],"multi_node_importances":[[0,0],[0,0],[0,0],[1,0],[0,0],[0,1],[0,0],[0,0],[0,0],[1,0],[0,0],[1,0],[0,0],[1,0],[0,0],[0,0],[0,0],[0,1],[0,1],[0,0],[0,1]],"multi_edge_importances":[[1,0],[1,0],[1,0],[1,0],[1,0],[1,0],[0,1],[0,1],[0,1],[0,1],[0,1],[0,1],[0,0],[0,0],[0,0],[0,0],[0,0],[0,0],[0,0],[0,0],[0,0],[0,0],[0,0],[0,0],[0,0],[0,0],[0,0],[0,0],[0,0],[0,0],[0,0],[0,0],[0,0],[0,0],[0,0],[0,0],[0,0],[0,0],[0,0],[0,0],[0,0],[0,0],[0,0],[0,0],[0,0],[0,0]],"original_value":0.0713144566114009,"class":1,"node_positions":[[0.9999999999999999,-0.05227594508482086],[-0.24074094258307935,-0.610138343079279],[-0.10185483150045564,-0.22000697541456601],[-0.6412216108188228,-0.17631331206042059],[-0.2565606691735287,0.029814440755641585],[0.3499633093167472,0.4142012056174075],[0.7791256839980804,-0.5559397797238433],[0.05352339342210379,0.4528099504374143],[-0.23015320216018093,0.34227035052474913],[-0.9221439616123432,-0.23670690672904238],[0.02264433163522778,-0.47382545190506953],[-0.5206577239309714,0.11358966004982872],[0.321119821516085,-0.46616616196341637],[-0.5082716354813539,-0.46273104242879254],[-0.6144652358713432,0.5236499027796184],[-0.4326856361965837,0.29574104325751466],[0.5935013331416849,-0.3316310801832439],[0.710817185470019,-0.0418999245121343],[0.6106606953845435,0.2552114029645499],[-0.7835330145091098,0.7334047276700535],[0.810932709953282,0.46694223902785137]],"node_coordinates":[[778.2954545454546,392.08693263215827],[368.99075732138374,130.50000000000006],[414.80752349253436,313.43627274017285],[236.87726526955788,333.924643014569],[363.7720302043507,430.5798877189254],[563.8565964944474,610.8224620994035],[705.4318196536078,155.91421682513004],[466.0648288045845,628.9264661809685],[372.48351857342993,577.0934066675591],[144.20454545454544,305.605517658944],[455.8782180452685,194.4183985310243],[276.64976211007775,469.86287708070444],[554.3414957703931,198.00991172348955],[280.73577556273835,199.6206716268591],[245.7038539399471,662.1439870384856],[305.6706378614088,555.2753762548766],[644.1967010908911,261.0946786853981],[682.897712533993,396.95234640497216],[649.857357015366,536.2706461941374],[189.93053851955767,760.5],[715.9245540201294,635.5532294056188]]},"label":"1","name":"1231","value":0.0713144566114009,"input_type":"classification","classes":{"0":"low","1":"high"},"image_width":900,"image_height":900,"image_path":"./1231.png"}