{"graph": {"node_indices": [0, 1, 2, 3, 4, 5, 6, 7, 8, 9, 10, 11, 12, 13, 14], "node_attributes": [[0.0, 0.0, 1.0], [1.0, 0.0, 0.0], [1.0, 1.0, 0.0], [0.0, 0.0, 1.0], [1.0, 0.0, 0.0], [1.0, 0.0, 1.0], [1.0, 0.0, 0.0], [0.0, 1.0, 0.0], [0.0, 1.0, 1.0], [0.0, 1.0, 0.0], [0.0, 0.0, 1.0], [1.0, 0.0, 0.0], [0.0, 1.0, 0.0], [0.0, 1.0, 1.0], [0.0, 0.0, 1.0]], "node_adjacency": [[0, 1, 0, 0, 0, 1, 0, 0, 0, 0, 1, 0, 0, 1, 1], [1, 0, 0, 0, 0, 0, 0, 0, 0, 0, 0, 0, 0, 0, 0], [0, 0, 0, 0, 0, 0, 0, 0, 0, 0, 0, 0, 1, 0, 0], [0, 0, 0, 0, 0, 0, 0, 0, 0, 0, 0, 0, 0, 0, 1], [0, 0, 0, 0, 0, 0, 0, 0, 0, 0, 0, 0, 0, 0, 1], [1, 0, 0, 0, 0, 0, 0, 0, 0, 0, 0, 0, 0, 0, 0], [0, 0, 0, 0, 0, 0, 0, 0, 0, 0, 0, 0, 1, 0, 0], [0, 0, 0, 0, 0, 0, 0, 0, 1, 1, 0, 0, 0, 1, 0], [0, 0, 0, 0, 0, 0, 0, 1, 0, 0, 0, 0, 0, 0, 0], [0, 0, 0, 0, 0, 0, 0, 1, 0, 0, 1, 0, 0, 0, 0], [1, 0, 0, 0, 0, 0, 0, 0, 0, 1, 0, 1, 0, 0, 0], [0, 0, 0, 0, 0, 0, 0, 0, 0, 0, 1, 0, 0, 0, 1], [0, 0, 1, 0, 0, 0, 1, 0, 0, 0, 0, 0, 0, 1, 0], [1, 0, 0, 0, 0, 0, 0, 1, 0, 0, 0, 0, 1, 0, 0], [1, 0, 0, 1, 1, 0, 0, 0, 0, 0, 0, 1, 0, 0, 0]], "edge_indices": [[3, 14], [14, 3], [14, 0], [0, 14], [0, 10], [10, 0], [9, 10], [10, 9], [1, 0], [0, 1], [11, 14], [14, 11], [13, 0], [0, 13], [7, 9], [9, 7], [12, 13], [13, 12], [8, 7], [7, 8], [6, 12], [12, 6], [2, 12], [12, 2], [5, 0], [0, 5], [4, 14], [14, 4], [11, 10], [10, 11], [7, 13], [13, 7]], "edge_attributes": [[1.0], [1.0], [1.0], [1.0], [1.0], [1.0], [1.0], [1.0], [1.0], [1.0], [1.0], [1.0], [1.0], [1.0], [1.0], [1.0], [1.0], [1.0], [1.0], [1.0], [1.0], [1.0], [1.0], [1.0], [1.0], [1.0], [1.0], [1.0], [1.0], [1.0], [1.0], [1.0]], "seed_graph_indices": [0, -1, -1, 0, -1, -1, -1, -1, -1, -1, 0, -1, -1, -1, 0], "graph_labels": 0, "node_importances": [1, 0, 0, 1, 0, 0, 0, 0, 0, 0, 1, 0, 0, 0, 1], "edge_importances": [1, 1, 1, 1, 1, 1, 0, 0, 0, 0, 0, 0, 0, 0, 0, 0, 0, 0, 0, 0, 0, 0, 0, 0, 0, 0, 0, 0, 0, 0, 0, 0], "multi_node_importances": [[1, 0], [0, 0], [0, 0], [1, 0], [0, 0], [0, 0], [0, 0], [0, 0], [0, 0], [0, 0], [1, 0], [0, 0], [0, 0], [0, 0], [1, 0]], "multi_edge_importances": [[1, 0], [1, 0], [1, 0], [1, 0], [1, 0], [1, 0], [0, 0], [0, 0], [0, 0], [0, 0], [0, 0], [0, 0], [0, 0], [0, 0], [0, 0], [0, 0], [0, 0], [0, 0], [0, 0], [0, 0], [0, 0], [0, 0], [0, 0], [0, 0], [0, 0], [0, 0], [0, 0], [0, 0], [0, 0], [0, 0], [0, 0], [0, 0]], "original_value": -3.01, "class": 0, "node_positions": [[0.1282157605374135, 0.13047713559298585], [-0.12047070158366421, 0.12113369100640356], [0.012210912542788088, -1.0], [0.6230780954373295, 0.6230735396224569], [0.30331200290289634, 0.9071294688261018], [0.49016859376357014, 0.035959663910838414], [0.4693730641760305, -0.8298573147608997], [-0.4587255622023449, -0.2741926852984018], [-0.7915795591683622, -0.456042202280698], [-0.5844665432143835, 0.10181348270557974], [-0.2762209589043209, 0.34233552531291883], [-0.13548397927930977, 0.6876707272400594], [0.13509359497915205, -0.6404267548438547], [-0.03580705629812155, -0.27978175057904564], [0.24130233631132697, 0.5307074735455555]], "node_coordinates": [[556.4836919681688, 503.9411360451386], [445.0151509175716, 500.8546281882965], [504.48692845129693, 130.5], [778.2954545454546, 666.6651354438727], [634.9669455938509, 760.5], [718.7215311522191, 472.71829138089805], [709.4003669693092, 186.7048321588843], [293.39943571197205, 370.26275115892577], [144.20454545454544, 310.19069125343594], [237.03865280430108, 494.472402215452], [375.2033332427677, 573.9263088953663], [438.28576103905743, 688.0041314922844], [559.5665383936204, 249.28120922110685], [482.96387132443465, 368.41646270061096], [607.1724005790488, 636.152984811401]]}, "label": "0", "name": "1236", "value": -3.01, "input_type": "classification", "classes": {"0": "low", "1": "high"}, "image_width": 900, "image_height": 900, "image_path": "./1236.png"}