{"graph":{"node_indices":[0,1,2,3,4,5,6,7,8,9,10,11,12,13,14,15,16],"node_attributes":[[0.0,1.0,0.0],[0.0,1.0,0.0],[1.0,0.0,1.0],[0.0,0.0,1.0],[1.0,1.0,0.0],[0.0,0.0,1.0],[1.0,0.0,1.0],[1.0,0.0,0.0],[0.800000011920929,0.800000011920929,0.800000011920929],[1.0,1.0,0.0],[0.0,0.0,1.0],[1.0,0.0,0.0],[0.800000011920929,0.800000011920929,0.800000011920929],[1.0,0.0,0.0],[1.0,0.0,0.0],[1.0,0.0,1.0],[1.0,0.0,1.0]],"node_adjacency":[[0,0,0,0,0,0,0,0,1,0,0,0,0,0,0,0,0],[0,0,0,0,0,0,0,1,0,0,0,0,0,0,1,0,0],[0,0,0,0,1,0,0,0,0,0,0,0,0,0,0,0,0],[0,0,0,0,0,0,0,0,0,0,0,0,0,0,0,0,0],[0,0,1,1,0,1,0,0,0,0,1,0,0,0,0,1,0],[0,0,0,0,1,0,0,0,0,0,0,0,0,0,0,0,0],[0,0,0,0,0,0,0,0,0,0,0,1,0,0,0,0,0],[0,1,0,0,0,0,0,0,0,0,1,0,0,0,0,0,0],[1,0,0,0,0,0,0,0,0,0,0,0,0,0,0,1,0],[0,0,0,0,0,0,0,0,0,0,0,1,0,1,1,0,0],[0,0,0,0,1,0,0,1,0,0,0,0,0,0,0,0,1],[0,0,0,0,0,0,1,0,0,1,0,0,0,0,0,0,0],[0,0,0,0,0,0,0,0,0,0,0,0,0,0,1,0,0],[0,0,0,0,0,0,0,0,0,0,0,0,0,0,0,1,0],[0,1,0,0,0,0,0,0,0,1,0,0,1,0,0,0,0],[0,0,0,0,1,0,0,0,1,0,0,0,0,1,0,0,0],[0,0,0,0,0,0,0,0,0,0,1,0,0,0,0,0,0]],"edge_indices":[[4,5],[4,10],[4,3],[5,4],[10,4],[10,4],[9,14],[9,11],[9,13],[14,9],[11,9],[11,9],[15,13],[13,15],[8,15],[15,8],[2,4],[4,2],[0,8],[8,0],[7,10],[10,7],[16,10],[10,16],[6,11],[11,6],[1,7],[7,1],[12,14],[14,12],[1,14],[14,1],[15,4],[4,15]],"edge_attributes":[[1.0],[1.0],[1.0],[1.0],[1.0],[1.0],[1.0],[1.0],[1.0],[1.0],[1.0],[1.0],[1.0],[1.0],[1.0],[1.0],[1.0],[1.0],[1.0],[1.0],[1.0],[1.0],[1.0],[1.0],[1.0],[1.0],[1.0],[1.0],[1.0],[1.0],[1.0],[1.0],[1.0],[1.0]],"seed_graph_indices":[-1,-1,-1,0,0,0,-1,-1,-1,1,0,1,-1,1,1,-1,-1],"graph_labels":1,"node_importances":[0,0,0,1,1,1,0,0,0,1,1,1,0,1,1,0,0],"edge_importances":[1,1,1,1,1,1,1,1,1,1,1,1,0,0,0,0,0,0,0,0,0,0,0,0,0,0,0,0,0,0,0,0,0,0],"multi_node_importances":[[0,0],[0,0],[0,0],[1,0],[1,0],[1,0],[0,0],[0,0],[0,0],[0,1],[1,0],[0,1],[0,0],[0,1],[0,1],[0,0],[0,0]],"multi_edge_importances":[[1,0],[1,0],[1,0],[1,0],[1,0],[1,0],[0,1],[0,1],[0,1],[0,1],[0,1],[0,1],[0,0],[0,0],[0,0],[0,0],[0,0],[0,0],[0,0],[0,0],[0,0],[0,0],[0,0],[0,0],[0,0],[0,0],[0,0],[0,0],[0,0],[0,0],[0,0],[0,0],[0,0],[0,0]],"original_value":0.23882798778827408,"class":1,"node_positions":[[0.5708099079621932,0.29498825397310363],[-0.006131153085198197,0.4195697611408142],[0.4586713183634179,-0.5423993910108679],[0.23370570902735116,-0.6633557380577106],[0.21147304430887198,-0.37474512920035563],[0.0001376844491735635,-0.5879854873347202],[-1.0,0.12023330782255916],[0.2196308874852976,0.20259842619823243],[0.31545811201637386,0.08866830461440829],[-0.4436871427361852,0.17748987848983958],[0.3851422066149384,-0.12347626987536535],[-0.7295721430287605,0.13997435572294645],[-0.3941765321360418,0.7251625419592252],[-0.25339587789186224,-0.05711143275642162],[-0.30692767861588016,0.45049592437159636],[0.04460401509432138,-0.13860906740693074],[0.6942576421719894,-0.13149823865035307]],"node_coordinates":[[732.0940480639979,565.3208616828932],[516.1687526511781,621.846116442017],[690.1251889879343,185.38044322944123],[605.9298197669784,130.49999999999994],[597.6090483376809,261.44871432151103],[518.5149205492419,164.69707081919347],[144.2045454545455,486.0308604929196],[600.6621933064291,523.4016501493879],[636.526379724188,471.7091534564861],[352.4095531351686,512.0093730119962],[662.6062685163881,375.4546900820988],[245.4145629879901,494.98778987313074],[370.9393370969776,760.5],[423.6277422191562,405.5658150032807],[403.59299228416364,635.8779683202329],[535.1568381188582,368.58862099097394],[778.2954545454545,371.8149538244094]]},"label":"1","name":"1255","value":0.23882798778827408,"input_type":"classification","classes":{"0":"low","1":"high"},"image_width":900,"image_height":900,"image_path":"./1255.png"}