{"graph": {"node_indices": [0, 1, 2, 3, 4, 5, 6, 7, 8, 9, 10, 11, 12, 13], "node_attributes": [[1.0, 1.0, 0.0], [1.0, 0.0, 0.0], [0.0, 0.0, 1.0], [1.0, 0.0, 1.0], [0.0, 1.0, 0.0], [1.0, 1.0, 0.0], [0.0, 0.0, 1.0], [0.0, 0.0, 1.0], [0.0, 0.0, 1.0], [1.0, 0.0, 1.0], [1.0, 0.0, 0.0], [1.0, 0.0, 0.0], [1.0, 1.0, 0.0], [0.0, 1.0, 1.0]], "node_adjacency": [[0, 1, 0, 0, 1, 0, 0, 0, 0, 0, 1, 1, 0, 0], [0, 0, 0, 0, 0, 1, 0, 0, 1, 0, 0, 0, 0, 0], [0, 0, 0, 0, 0, 0, 0, 0, 0, 0, 1, 0, 0, 1], [0, 0, 0, 0, 1, 0, 1, 1, 0, 0, 0, 1, 1, 0], [1, 0, 0, 1, 0, 0, 0, 0, 0, 0, 0, 0, 0, 0], [0, 1, 0, 0, 0, 0, 0, 0, 0, 0, 0, 0, 0, 0], [0, 0, 0, 1, 0, 0, 0, 0, 0, 0, 0, 0, 0, 0], [0, 0, 0, 1, 0, 0, 0, 0, 0, 0, 0, 1, 0, 0], [0, 1, 0, 0, 0, 0, 0, 0, 0, 0, 0, 0, 0, 0], [0, 0, 0, 0, 0, 0, 0, 0, 0, 0, 1, 0, 0, 0], [1, 0, 1, 0, 0, 0, 0, 0, 0, 1, 0, 0, 0, 0], [1, 0, 0, 1, 0, 0, 0, 1, 0, 0, 0, 0, 0, 0], [0, 0, 0, 1, 0, 0, 0, 0, 0, 0, 0, 0, 0, 0], [0, 0, 1, 0, 0, 0, 0, 0, 0, 0, 0, 0, 0, 0]], "edge_indices": [[0, 11], [0, 10], [0, 1], [11, 0], [10, 0], [10, 0], [8, 1], [1, 8], [9, 10], [10, 9], [5, 1], [1, 5], [2, 10], [10, 2], [13, 2], [2, 13], [4, 0], [0, 4], [7, 11], [11, 7], [3, 7], [7, 3], [6, 3], [3, 6], [12, 3], [3, 12], [4, 3], [3, 4], [3, 11], [11, 3]], "edge_attributes": [[1.0], [1.0], [1.0], [1.0], [1.0], [1.0], [1.0], [1.0], [1.0], [1.0], [1.0], [1.0], [1.0], [1.0], [1.0], [1.0], [1.0], [1.0], [1.0], [1.0], [1.0], [1.0], [1.0], [1.0], [1.0], [1.0], [1.0], [1.0], [1.0], [1.0]], "seed_graph_indices": [0, 0, -1, -1, -1, -1, -1, -1, -1, -1, 0, 0, -1, -1], "graph_labels": 1, "node_importances": [1, 1, 0, 0, 0, 0, 0, 0, 0, 0, 1, 1, 0, 0], "edge_importances": [1, 1, 1, 1, 1, 1, 0, 0, 0, 0, 0, 0, 0, 0, 0, 0, 0, 0, 0, 0, 0, 0, 0, 0, 0, 0, 0, 0, 0, 0], "multi_node_importances": [[0, 1], [0, 1], [0, 0], [0, 0], [0, 0], [0, 0], [0, 0], [0, 0], [0, 0], [0, 0], [0, 1], [0, 1], [0, 0], [0, 0]], "multi_edge_importances": [[0, 1], [0, 1], [0, 1], [0, 1], [0, 1], [0, 1], [0, 0], [0, 0], [0, 0], [0, 0], [0, 0], [0, 0], [0, 0], [0, 0], [0, 0], [0, 0], [0, 0], [0, 0], [0, 0], [0, 0], [0, 0], [0, 0], [0, 0], [0, 0], [0, 0], [0, 0], [0, 0], [0, 0], [0, 0], [0, 0]], "original_value": 1.92, "class": 1, "node_positions": [[0.10883964904018112, -0.020461861688171528], [0.4616183741589053, 0.10465497776706795], [-0.08463534799459056, -0.6891896884199212], [-0.41183982987356166, 0.36026764700820585], [-0.24127013863218455, 0.05014001254013551], [0.786752928327108, -0.00508959895354963], [-0.7516321318074763, 0.29369608317634216], [-0.16983815355141318, 0.5689301393943463], [0.6706976125941554, 0.38451247392569854], [0.3722256353963433, -0.6056251093983873], [0.10043607546792754, -0.39222178389630113], [-0.07842663015228228, 0.28089965650419085], [-0.5784808340754036, 0.6694870520403433], [-0.1844472088977084, -1.0]], "node_coordinates": [[498.8734433161977, 500.1399001012075], [644.2816303268634, 547.3541679569944], [419.12700015624745, 247.78781966661086], [284.2599940016858, 643.8125270829959], [354.5653378231725, 526.7823234188809], [778.2954545454546, 505.94079895272955], [144.2045454545455, 618.6909874083889], [384.0081434846316, 722.5537009319391], [730.4598231649064, 652.9615893290032], [607.43576874321, 279.321867636151], [495.40966188453433, 359.8520489885641], [421.68610687337446, 613.8621097039451], [215.57397475698258, 760.5], [377.98658917710253, 130.49999999999994]]}, "label": "1", "name": "1261", "value": 1.92, "input_type": "classification", "classes": {"0": "low", "1": "high"}, "image_width": 900, "image_height": 900, "image_path": "./1261.png"}