{"graph": {"node_indices": [0, 1, 2, 3, 4, 5, 6, 7, 8, 9, 10, 11], "node_attributes": [[0.0, 1.0, 0.0], [1.0, 0.0, 1.0], [1.0, 0.0, 1.0], [0.0, 1.0, 1.0], [1.0, 0.0, 0.0], [1.0, 0.0, 0.0], [0.0, 0.0, 1.0], [1.0, 0.0, 0.0], [0.0, 1.0, 1.0], [0.0, 0.0, 1.0], [1.0, 0.0, 0.0], [0.0, 0.0, 1.0]], "node_adjacency": [[0, 0, 0, 0, 0, 0, 1, 1, 0, 1, 0, 0], [0, 0, 0, 0, 0, 1, 0, 0, 0, 0, 0, 0], [0, 0, 0, 1, 0, 0, 0, 0, 0, 0, 0, 0], [0, 0, 1, 0, 0, 0, 0, 0, 1, 1, 0, 0], [0, 0, 0, 0, 0, 0, 1, 0, 0, 0, 0, 1], [0, 1, 0, 0, 0, 0, 0, 0, 0, 1, 1, 1], [1, 0, 0, 0, 1, 0, 0, 0, 0, 1, 0, 0], [1, 0, 0, 0, 0, 0, 0, 0, 0, 0, 0, 0], [0, 0, 0, 1, 0, 0, 0, 0, 0, 0, 0, 0], [1, 0, 0, 1, 0, 1, 1, 0, 0, 0, 0, 0], [0, 0, 0, 0, 0, 1, 0, 0, 0, 0, 0, 0], [0, 0, 0, 0, 1, 1, 0, 0, 0, 0, 0, 0]], "edge_indices": [[6, 9], [6, 0], [9, 6], [9, 0], [0, 9], [0, 6], [5, 9], [9, 5], [1, 5], [5, 1], [11, 5], [5, 11], [3, 9], [9, 3], [2, 3], [3, 2], [10, 5], [5, 10], [7, 0], [0, 7], [4, 11], [11, 4], [8, 3], [3, 8], [4, 6], [6, 4]], "edge_attributes": [[1.0], [1.0], [1.0], [1.0], [1.0], [1.0], [1.0], [1.0], [1.0], [1.0], [1.0], [1.0], [1.0], [1.0], [1.0], [1.0], [1.0], [1.0], [1.0], [1.0], [1.0], [1.0], [1.0], [1.0], [1.0], [1.0]], "seed_graph_indices": [0, -1, -1, -1, -1, -1, 0, -1, -1, 0, -1, -1], "graph_labels": 0, "node_importances": [1, 0, 0, 0, 0, 0, 1, 0, 0, 1, 0, 0], "edge_importances": [1, 1, 1, 1, 1, 1, 0, 0, 0, 0, 0, 0, 0, 0, 0, 0, 0, 0, 0, 0, 0, 0, 0, 0, 0, 0], "multi_node_importances": [[1, 0], [0, 0], [0, 0], [0, 0], [0, 0], [0, 0], [1, 0], [0, 0], [0, 0], [1, 0], [0, 0], [0, 0]], "multi_edge_importances": [[1, 0], [1, 0], [1, 0], [1, 0], [1, 0], [1, 0], [0, 0], [0, 0], [0, 0], [0, 0], [0, 0], [0, 0], [0, 0], [0, 0], [0, 0], [0, 0], [0, 0], [0, 0], [0, 0], [0, 0], [0, 0], [0, 0], [0, 0], [0, 0], [0, 0], [0, 0]], "original_value": -0.92, "class": 0, "node_positions": [[0.23220916819137732, 0.4928544624864237], [-0.3420436569434638, -0.7336593452770191], [1.0, -0.10398155791784497], [0.5326952079873056, -0.2152129932076981], [-0.5998635343266028, 0.5067972676063897], [-0.36219828215475935, -0.251169460308375], [-0.14614450765320444, 0.4291372171773576], [0.39256445909608434, 0.9330995946381276], [0.7320166050581798, -0.6495829031173144], [0.08515755413627749, 0.02008662161717954], [-0.7784746871887114, -0.501704534405455], [-0.745918326202483, 0.07333563070822834]], "node_coordinates": [[504.55009846013854, 594.0965527986349], [299.80808072956114, 130.5], [778.2954545454545, 368.5050267235856], [611.6843003219105, 326.46187185910657], [207.88591753588585, 599.3666413610672], [292.62222381819936, 312.87107973497393], [369.65325230180946, 570.012767445274], [561.7225917881326, 760.5], [682.7496276950686, 162.2791357179165], [452.12084978363504, 415.40020228571257], [144.2045454545455, 218.17406452700644], [155.8120722206877, 435.5272134113098]]}, "label": "0", "name": "1264", "value": -0.92, "input_type": "classification", "classes": {"0": "low", "1": "high"}, "image_width": 900, "image_height": 900, "image_path": "./1264.png"}