{"graph":{"node_indices":[0,1,2,3,4,5,6,7,8,9,10],"node_attributes":[[0.0,0.0,1.0],[0.0,1.0,0.0],[0.0,0.0,1.0],[0.0,0.0,1.0],[1.0,0.0,1.0],[0.0,0.0,1.0],[0.0,1.0,0.0],[0.0,0.0,1.0],[0.0,1.0,1.0],[0.0,1.0,1.0],[0.800000011920929,0.800000011920929,0.800000011920929]],"node_adjacency":[[0,0,1,0,1,1,1,0,0,1,0],[0,0,0,1,0,0,0,1,0,0,0],[1,0,0,0,0,0,1,0,0,0,0],[0,1,0,0,0,0,0,1,0,0,1],[1,0,0,0,0,0,0,0,1,0,1],[1,0,0,0,0,0,0,0,0,0,0],[1,0,1,0,0,0,0,0,0,0,0],[0,1,0,1,0,0,0,0,0,0,0],[0,0,0,0,1,0,0,0,0,0,1],[1,0,0,0,0,0,0,0,0,0,0],[0,0,0,1,1,0,0,0,1,0,0]],"edge_indices":[[0,2],[0,6],[2,0],[2,6],[6,2],[6,0],[3,7],[3,1],[7,3],[7,1],[1,7],[1,3],[10,3],[3,10],[5,0],[0,5],[4,0],[0,4],[8,4],[4,8],[9,0],[0,9],[4,10],[10,4],[8,10],[10,8]],"edge_attributes":[[1.0],[1.0],[1.0],[1.0],[1.0],[1.0],[1.0],[1.0],[1.0],[1.0],[1.0],[1.0],[1.0],[1.0],[1.0],[1.0],[1.0],[1.0],[1.0],[1.0],[1.0],[1.0],[1.0],[1.0],[1.0],[1.0]],"seed_graph_indices":[0,1,0,1,-1,-1,0,1,-1,-1,-1],"graph_labels":0,"node_importances":[1,1,1,1,0,0,1,1,0,0,0],"edge_importances":[1,1,1,1,1,1,1,1,1,1,1,1,0,0,0,0,0,0,0,0,0,0,0,0,0,0],"multi_node_importances":[[1,0],[1,0],[1,0],[1,0],[0,0],[0,0],[1,0],[1,0],[0,0],[0,0],[0,0]],"multi_edge_importances":[[1,0],[1,0],[1,0],[1,0],[1,0],[1,0],[1,0],[1,0],[1,0],[1,0],[1,0],[1,0],[0,0],[0,0],[0,0],[0,0],[0,0],[0,0],[0,0],[0,0],[0,0],[0,0],[0,0],[0,0],[0,0],[0,0]],"original_value":-1.9990690618889342,"class":0,"node_positions":[[0.017538735226874227,-0.4507398945280365],[-0.09099855765147934,1.0],[0.3091630488986957,-0.7011034452256936],[0.02861485199133731,0.6621088076791323],[-0.05986591796181917,-0.06258668227610739],[-0.3648844360688005,-0.577306354763416],[0.41293259051252257,-0.4429604132098493],[0.24114611462758342,0.9477050115276449],[-0.3548254062880938,0.14555028814145668],[-0.09280773743852594,-0.8237759194246618],[-0.04601328584829456,0.30310860207953083]],"node_coordinates":[[455.96302856477564,259.3605103191692],[367.48140838992356,760.4999999999999],[693.7005938915796,172.87563284075503],[464.99248499007945,643.7798213339167],[392.86131539707924,393.44305912037174],[144.20454545454544,215.63974994557935],[778.2954545454546,262.0478323625505],[638.2519238166813,742.4353669567163],[152.40485365074818,465.3413060302394],[366.0065313729991,130.49999999999994],[404.1542387839246,519.7678047704467]]},"label":"0","name":"1288","value":-1.9990690618889342,"input_type":"classification","classes":{"0":"low","1":"high"},"image_width":900,"image_height":900,"image_path":"./1288.png"}