{"graph":{"node_indices":[0,1,2,3,4,5,6,7,8,9,10,11,12],"node_attributes":[[0.800000011920929,0.800000011920929,0.800000011920929],[1.0,0.0,0.0],[1.0,0.0,0.0],[0.800000011920929,0.800000011920929,0.800000011920929],[1.0,1.0,0.0],[1.0,0.0,0.0],[0.0,0.0,1.0],[1.0,1.0,0.0],[1.0,0.0,1.0],[1.0,0.0,0.0],[0.0,0.0,1.0],[0.0,0.0,1.0],[0.0,0.0,1.0]],"node_adjacency":[[0,0,1,0,0,0,0,0,0,0,0,0,0],[0,0,0,0,1,0,0,0,1,0,0,0,0],[1,0,0,1,1,0,0,0,0,0,0,0,0],[0,0,1,0,1,0,0,0,0,0,1,0,0],[0,1,1,1,0,0,0,0,0,1,0,0,0],[0,0,0,0,0,0,0,0,0,0,0,1,0],[0,0,0,0,0,0,0,1,0,0,0,0,0],[0,0,0,0,0,0,1,0,0,0,1,0,1],[0,1,0,0,0,0,0,0,0,0,1,0,0],[0,0,0,0,0,0,0,0,0,0,0,1,0],[0,0,0,1,0,0,0,1,1,0,0,0,0],[0,0,0,0,0,1,0,0,0,1,0,0,0],[0,0,0,0,0,0,0,0,0,0,0,0,0]],"edge_indices":[[7,6],[7,10],[7,12],[6,7],[10,7],[10,7],[4,1],[4,2],[4,9],[1,4],[2,4],[2,4],[11,9],[9,11],[3,10],[10,3],[8,1],[1,8],[0,2],[2,0],[5,11],[11,5],[3,4],[4,3],[8,10],[10,8],[3,2],[2,3]],"edge_attributes":[[1.0],[1.0],[1.0],[1.0],[1.0],[1.0],[1.0],[1.0],[1.0],[1.0],[1.0],[1.0],[1.0],[1.0],[1.0],[1.0],[1.0],[1.0],[1.0],[1.0],[1.0],[1.0],[1.0],[1.0],[1.0],[1.0],[1.0],[1.0]],"seed_graph_indices":[-1,1,1,-1,1,-1,0,0,-1,1,0,-1,0],"graph_labels":0,"node_importances":[0,1,1,0,1,0,1,1,0,1,1,0,1],"edge_importances":[1,1,1,1,1,1,1,1,1,1,1,1,0,0,0,0,0,0,0,0,0,0,0,0,0,0,0,0],"multi_node_importances":[[0,0],[0,1],[0,1],[0,0],[0,1],[0,0],[1,0],[1,0],[0,0],[0,1],[1,0],[0,0],[1,0]],"multi_edge_importances":[[1,0],[1,0],[1,0],[1,0],[1,0],[1,0],[0,1],[0,1],[0,1],[0,1],[0,1],[0,1],[0,0],[0,0],[0,0],[0,0],[0,0],[0,0],[0,0],[0,0],[0,0],[0,0],[0,0],[0,0],[0,0],[0,0],[0,0],[0,0]],"original_value":-0.06811280552210186,"class":0,"node_positions":[[0.20282875276788248,0.6784850475722006],[0.2584014741013158,0.18236115894334892],[0.06970388707390827,0.3818096485193193],[0.024740942691338932,-0.005369082106986261],[-0.11336633582748147,0.20815757318818343],[-1.0,0.44967919301205567],[0.5881292366448039,-0.7349140277530799],[0.298865957247671,-0.5853176007539966],[0.4599071659764263,-0.06536839553950315],[-0.42823560441407543,0.26864912757535236],[0.22245586350388616,-0.26944214554941054],[-0.7192547488875455,0.3532494203965033],[0.13582340912186944,-0.8619799175039866]],"node_coordinates":[[624.4568824335005,760.5],[646.6453520982358,557.60148758838],[571.3042389566793,639.1694240760798],[553.3519252399564,480.8259331012568],[498.2099583474619,568.151380862611],[144.20454545454544,666.9258573606949],[778.2954545454545,182.46581055584875],[662.8015693078461,243.64587705918612],[727.1003455583548,456.28816799822755],[372.4923932047975,592.8904564845168],[632.2933810019126,372.82865063109085],[256.2974453226604,627.4892209391755],[597.7037201050924,130.50000000000006]]},"label":"0","name":"1292","value":-0.06811280552210186,"input_type":"classification","classes":{"0":"low","1":"high"},"image_width":900,"image_height":900,"image_path":"./1292.png"}