{"graph":{"node_indices":[0,1,2,3,4,5,6,7,8,9,10,11,12,13,14],"node_attributes":[[0.0,0.0,1.0],[0.800000011920929,0.800000011920929,0.800000011920929],[0.0,0.0,1.0],[0.800000011920929,0.800000011920929,0.800000011920929],[1.0,1.0,0.0],[0.0,0.0,1.0],[1.0,0.0,1.0],[0.0,0.0,1.0],[1.0,0.0,0.0],[0.0,1.0,1.0],[0.0,1.0,1.0],[0.0,1.0,1.0],[0.0,1.0,0.0],[0.0,0.0,1.0],[1.0,0.0,0.0]],"node_adjacency":[[0,0,0,0,0,0,0,0,0,0,1,0,1,0,0],[0,0,1,0,0,0,0,0,0,1,1,0,0,0,0],[0,1,0,0,0,0,0,0,0,0,0,1,0,1,0],[0,0,0,0,0,1,0,0,0,0,0,0,0,0,0],[0,0,0,0,0,0,0,0,0,0,0,0,1,0,0],[0,0,0,1,0,0,0,0,0,0,0,0,1,0,0],[0,0,0,0,0,0,0,0,0,0,1,0,0,0,0],[0,0,0,0,0,0,0,0,0,0,0,0,1,1,0],[0,0,0,0,0,0,0,0,0,0,1,0,0,0,0],[0,1,0,0,0,0,0,0,0,0,0,0,0,0,0],[1,1,0,0,0,0,1,0,1,0,0,0,0,1,1],[0,0,1,0,0,0,0,0,0,0,0,0,0,0,0],[1,0,0,0,1,1,0,1,0,0,0,0,0,1,0],[0,0,1,0,0,0,0,1,0,0,1,0,1,0,0],[0,0,0,0,0,0,0,0,0,0,1,0,0,0,0]],"edge_indices":[[13,7],[13,12],[7,13],[7,12],[12,7],[12,13],[0,12],[12,0],[4,12],[12,4],[10,13],[13,10],[5,12],[12,5],[1,10],[10,1],[2,13],[13,2],[8,10],[10,8],[3,5],[5,3],[11,2],[2,11],[6,10],[10,6],[14,10],[10,14],[9,1],[1,9],[2,1],[1,2],[0,10],[10,0]],"edge_attributes":[[1.0],[1.0],[1.0],[1.0],[1.0],[1.0],[1.0],[1.0],[1.0],[1.0],[1.0],[1.0],[1.0],[1.0],[1.0],[1.0],[1.0],[1.0],[1.0],[1.0],[1.0],[1.0],[1.0],[1.0],[1.0],[1.0],[1.0],[1.0],[1.0],[1.0],[1.0],[1.0],[1.0],[1.0]],"seed_graph_indices":[-1,-1,-1,-1,-1,-1,-1,0,-1,-1,-1,-1,0,0,-1],"graph_labels":0,"node_importances":[0,0,0,0,0,0,0,1,0,0,0,0,1,1,0],"edge_importances":[1,1,1,1,1,1,0,0,0,0,0,0,0,0,0,0,0,0,0,0,0,0,0,0,0,0,0,0,0,0,0,0,0,0],"multi_node_importances":[[0,0],[0,0],[0,0],[0,0],[0,0],[0,0],[0,0],[1,0],[0,0],[0,0],[0,0],[0,0],[1,0],[1,0],[0,0]],"multi_edge_importances":[[1,0],[1,0],[1,0],[1,0],[1,0],[1,0],[0,0],[0,0],[0,0],[0,0],[0,0],[0,0],[0,0],[0,0],[0,0],[0,0],[0,0],[0,0],[0,0],[0,0],[0,0],[0,0],[0,0],[0,0],[0,0],[0,0],[0,0],[0,0],[0,0],[0,0],[0,0],[0,0],[0,0],[0,0]],"original_value":-1.2310938342835813,"class":0,"node_positions":[[0.3027113789537138,0.07875873586088963],[-0.4039962235706469,0.30275638014960876],[-0.44598815783955453,-0.07484707896151717],[0.462144634995828,-1.0],[0.6542701479891607,-0.3079575514154498],[0.3558564964145842,-0.6675466054696814],[0.13935431832284992,0.6838948182161995],[-0.025741024346440024,-0.3946949793376002],[-0.14690419404668367,0.6616050019063583],[-0.715888976166458,0.5130445805674846],[0.006645490522248044,0.32532846832408724],[-0.7621925211435394,-0.26561506893921427],[0.2756877434106182,-0.2933040224686812],[-0.0528918102887357,-0.07037718808204495],[0.3569326967930554,0.5089545096495617]],"node_coordinates":[[620.9173433432288,534.0988449161571],[304.55399970459234,617.9036730890855],[285.75597250959333,476.62989715810807],[692.288923029807,130.49999999999994],[778.2954545454545,389.4156626006608],[644.7081827199843,254.8816634437849],[547.7892409660111,760.5],[473.8829826500442,356.96436041728487],[419.6433149921555,752.1606523618407],[164.93269986939276,696.5793509462117],[488.3810665762142,626.3486278428423],[144.2045454545455,405.257367006098],[608.8199954908107,394.8980259505544],[461.72871489851616,478.30222919666767],[645.1899524772957,695.0491219494736]]},"label":"0","name":"1312","value":-1.2310938342835813,"input_type":"classification","classes":{"0":"low","1":"high"},"image_width":900,"image_height":900,"image_path":"./1312.png"}