{"graph":{"node_indices":[0,1,2,3,4,5,6,7,8,9],"node_attributes":[[1.0,0.0,0.0],[0.800000011920929,0.800000011920929,0.800000011920929],[0.0,0.0,1.0],[0.0,0.0,1.0],[0.0,1.0,0.0],[1.0,0.0,1.0],[0.0,1.0,0.0],[0.800000011920929,0.800000011920929,0.800000011920929],[0.0,0.0,1.0],[0.0,0.0,1.0]],"node_adjacency":[[0,1,0,0,0,0,0,1,0,1],[1,0,0,0,0,0,1,0,0,0],[0,0,0,1,1,0,0,1,0,0],[0,0,1,0,1,0,0,0,0,0],[0,0,1,1,0,0,0,0,0,0],[0,0,0,0,0,0,1,0,0,0],[0,1,0,0,0,1,0,0,1,1],[1,0,1,0,0,0,0,0,0,0],[0,0,0,0,0,0,1,0,0,1],[1,0,0,0,0,0,1,0,1,0]],"edge_indices":[[9,8],[9,6],[8,9],[8,6],[6,8],[6,9],[3,2],[3,4],[2,3],[2,4],[4,2],[4,3],[0,9],[9,0],[1,6],[6,1],[5,6],[6,5],[7,2],[2,7],[0,7],[7,0],[1,0],[0,1]],"edge_attributes":[[1.0],[1.0],[1.0],[1.0],[1.0],[1.0],[1.0],[1.0],[1.0],[1.0],[1.0],[1.0],[1.0],[1.0],[1.0],[1.0],[1.0],[1.0],[1.0],[1.0],[1.0],[1.0],[1.0],[1.0]],"seed_graph_indices":[-1,-1,1,1,1,-1,0,-1,0,0],"graph_labels":0,"node_importances":[0,0,1,1,1,0,1,0,1,1],"edge_importances":[1,1,1,1,1,1,1,1,1,1,1,1,0,0,0,0,0,0,0,0,0,0,0,0],"multi_node_importances":[[0,0],[0,0],[1,0],[1,0],[1,0],[0,0],[1,0],[0,0],[1,0],[1,0]],"multi_edge_importances":[[1,0],[1,0],[1,0],[1,0],[1,0],[1,0],[1,0],[1,0],[1,0],[1,0],[1,0],[1,0],[0,0],[0,0],[0,0],[0,0],[0,0],[0,0],[0,0],[0,0],[0,0],[0,0],[0,0],[0,0]],"original_value":-1.8414131432295333,"class":0,"node_positions":[[-0.004767469975224045,0.04819228710310766],[0.0517705159450228,0.4592297137923793],[0.4102575751832083,-0.6144772951106021],[0.7491671597442461,-0.7960311044864908],[0.44012908400358136,-0.9977848916193928],[-0.41841163603767567,1.0],[-0.35111213446045947,0.6018134702160002],[0.20087141567934302,-0.28809089589812004],[-0.6888786019136691,0.3943911536950973],[-0.3890259081683731,0.1927575623080212]],"node_coordinates":[[445.8560374557088,460.3481359827592],[470.7858580818666,589.9684869527451],[628.8568954232647,251.37576936513554],[778.2954545454545,194.1229087660672],[642.0284179775889,130.49999999999994],[263.46406336699795,760.5],[293.1390593054189,634.9321699416917],[536.530306262576,354.3014809201902],[144.20454545454544,569.5216945915435],[276.4213860028659,505.9366894657469]]},"label":"0","name":"132","value":-1.8414131432295333,"input_type":"classification","classes":{"0":"low","1":"high"},"image_width":900,"image_height":900,"image_path":"./132.png"}