{"graph":{"node_indices":[0,1,2,3,4,5,6,7,8,9,10,11,12,13,14],"node_attributes":[[0.0,1.0,0.0],[1.0,1.0,0.0],[1.0,0.0,1.0],[0.0,0.0,1.0],[0.0,1.0,0.0],[0.0,0.0,1.0],[0.0,0.0,1.0],[1.0,0.0,1.0],[1.0,0.0,0.0],[0.800000011920929,0.800000011920929,0.800000011920929],[0.0,1.0,1.0],[0.0,1.0,1.0],[0.0,0.0,1.0],[0.800000011920929,0.800000011920929,0.800000011920929],[1.0,1.0,0.0]],"node_adjacency":[[0,0,0,1,0,0,0,1,1,0,0,0,0,0,0],[0,0,0,1,0,1,1,0,0,0,1,1,0,0,0],[0,0,0,0,0,0,0,0,0,0,1,0,0,0,0],[1,1,0,0,1,0,0,0,0,0,0,1,0,0,0],[0,0,0,1,0,0,0,0,0,0,0,0,0,0,0],[0,1,0,0,0,0,0,0,0,0,0,0,0,1,0],[0,0,0,0,0,0,0,0,0,0,0,0,0,0,0],[1,0,0,0,0,0,0,0,0,0,0,0,0,0,0],[1,0,0,0,0,0,0,0,0,0,0,0,1,0,0],[0,0,0,0,0,0,0,0,0,0,0,0,0,0,1],[0,1,1,0,0,0,0,0,0,0,0,0,0,0,0],[0,1,0,1,0,0,0,0,0,0,0,0,0,0,0],[0,0,0,0,0,0,0,0,1,0,0,0,0,1,0],[0,0,0,0,0,1,0,0,0,0,0,0,1,0,1],[0,0,0,0,0,0,0,0,0,1,0,0,0,1,0]],"edge_indices":[[1,5],[1,3],[1,6],[5,1],[3,1],[3,1],[13,5],[5,13],[0,3],[3,0],[7,0],[0,7],[12,13],[13,12],[11,3],[3,11],[10,1],[1,10],[8,0],[0,8],[14,13],[13,14],[9,14],[14,9],[4,3],[3,4],[2,10],[10,2],[12,8],[8,12],[11,1],[1,11]],"edge_attributes":[[1.0],[1.0],[1.0],[1.0],[1.0],[1.0],[1.0],[1.0],[1.0],[1.0],[1.0],[1.0],[1.0],[1.0],[1.0],[1.0],[1.0],[1.0],[1.0],[1.0],[1.0],[1.0],[1.0],[1.0],[1.0],[1.0],[1.0],[1.0],[1.0],[1.0],[1.0],[1.0]],"seed_graph_indices":[-1,0,-1,0,-1,0,0,-1,-1,-1,-1,-1,-1,-1,-1],"graph_labels":0,"node_importances":[0,1,0,1,0,1,1,0,0,0,0,0,0,0,0],"edge_importances":[1,1,1,1,1,1,0,0,0,0,0,0,0,0,0,0,0,0,0,0,0,0,0,0,0,0,0,0,0,0,0,0],"multi_node_importances":[[0,0],[1,0],[0,0],[1,0],[0,0],[1,0],[1,0],[0,0],[0,0],[0,0],[0,0],[0,0],[0,0],[0,0],[0,0]],"multi_edge_importances":[[1,0],[1,0],[1,0],[1,0],[1,0],[1,0],[0,0],[0,0],[0,0],[0,0],[0,0],[0,0],[0,0],[0,0],[0,0],[0,0],[0,0],[0,0],[0,0],[0,0],[0,0],[0,0],[0,0],[0,0],[0,0],[0,0],[0,0],[0,0],[0,0],[0,0],[0,0],[0,0]],"original_value":-1.6528041378945066,"class":0,"node_positions":[[0.5022304589050056,-0.015506433557234205],[-0.13760644681868184,-0.23923885314855814],[-0.5435023503548115,-0.8186837746423709],[0.2474206211273413,-0.270312402012779],[0.4631641996995401,-0.5688255741666702],[-0.2273351602107785,0.11639358213224732],[-0.480616024426546,-0.22905080321266344],[0.8486543073811732,-0.050717320489859136],[0.4689935585043183,0.3437300588579927],[-0.5442150632475783,0.9999999999999999],[-0.33968042364376444,-0.5542738554266953],[0.06038519158271341,-0.4691905649480114],[0.19992151214436263,0.5597538715372498],[-0.1515963774727522,0.4645722521754927],[-0.36621800316954206,0.7313498169018594]],"node_coordinates":[[620.5891989244652,408.7241376641396],[329.3093605020691,331.2222506908251],[144.5290014126022,130.5],[504.58937504377263,320.458237695598],[602.8046454431917,217.05197153812233],[288.4611929379645,454.4148789810097],[173.15742014166145,334.7514356701521],[778.2954545454545,396.52693269819343],[605.4584071683637,533.1652270811807],[144.20454545454544,760.5],[237.3170499734862,222.09275044317795],[419.4432241892772,251.5659737428752],[482.96584463156375,607.9968189639937],[322.9405738565893,575.0254904493934],[225.23606213542593,667.4384036347329]]},"label":"0","name":"1334","value":-1.6528041378945066,"input_type":"classification","classes":{"0":"low","1":"high"},"image_width":900,"image_height":900,"image_path":"./1334.png"}