{"graph":{"node_indices":[0,1,2,3,4,5,6,7,8,9,10,11,12,13,14,15,16,17,18,19],"node_attributes":[[1.0,0.0,0.0],[0.0,1.0,1.0],[0.0,1.0,0.0],[0.0,1.0,0.0],[1.0,0.0,0.0],[0.0,0.0,1.0],[0.0,1.0,1.0],[1.0,1.0,0.0],[0.800000011920929,0.800000011920929,0.800000011920929],[1.0,0.0,1.0],[0.0,1.0,1.0],[0.800000011920929,0.800000011920929,0.800000011920929],[0.0,0.0,1.0],[0.800000011920929,0.800000011920929,0.800000011920929],[0.0,0.0,1.0],[1.0,0.0,0.0],[0.800000011920929,0.800000011920929,0.800000011920929],[1.0,0.0,0.0],[1.0,1.0,0.0],[0.800000011920929,0.800000011920929,0.800000011920929]],"node_adjacency":[[0,0,1,0,0,1,0,0,0,0,0,0,0,0,0,0,0,0,0,0],[0,0,0,0,1,0,0,0,0,0,0,0,0,0,0,0,1,1,0,0],[1,0,0,0,0,0,0,0,0,0,0,0,0,0,1,0,0,0,0,0],[0,0,0,0,0,1,0,0,0,1,1,0,0,0,0,0,0,0,0,0],[0,1,0,0,0,0,0,0,0,0,1,1,0,1,0,0,0,0,1,0],[1,0,0,1,0,0,0,0,1,0,0,0,1,1,0,0,0,0,0,0],[0,0,0,0,0,0,0,0,0,0,0,0,0,1,0,0,0,0,0,0],[0,0,0,0,0,0,0,0,0,0,0,0,0,0,0,0,0,0,0,1],[0,0,0,0,0,1,0,0,0,0,0,0,0,0,0,0,0,0,0,0],[0,0,0,1,0,0,0,0,0,0,0,0,0,0,0,0,0,0,0,0],[0,0,0,1,1,0,0,0,0,0,0,0,0,0,0,0,0,0,0,0],[0,0,0,0,1,0,0,0,0,0,0,0,0,0,0,0,0,0,0,0],[0,0,0,0,0,1,0,0,0,0,0,0,0,0,0,0,0,0,0,0],[0,0,0,0,1,1,1,0,0,0,0,0,0,0,0,0,0,0,0,0],[0,0,1,0,0,0,0,0,0,0,0,0,0,0,0,0,0,0,0,0],[0,0,0,0,0,0,0,0,0,0,0,0,0,0,0,0,0,0,1,0],[0,1,0,0,0,0,0,0,0,0,0,0,0,0,0,0,0,0,0,0],[0,1,0,0,0,0,0,0,0,0,0,0,0,0,0,0,0,0,0,0],[1,0,0,0,1,0,0,0,0,0,0,0,0,0,0,1,0,0,0,1],[0,0,0,0,0,0,0,1,0,0,0,0,0,0,0,0,0,0,1,0]],"edge_indices":[[18,15],[18,4],[18,0],[15,18],[4,18],[4,18],[2,0],[0,2],[13,4],[4,13],[5,13],[13,5],[1,4],[4,1],[3,5],[5,3],[17,1],[1,17],[19,18],[18,19],[16,1],[1,16],[12,5],[5,12],[7,19],[19,7],[8,5],[5,8],[10,3],[3,10],[11,4],[4,11],[14,2],[2,14],[6,13],[13,6],[9,3],[3,9],[0,5],[5,0],[4,10],[10,4]],"edge_attributes":[[1.0],[1.0],[1.0],[1.0],[1.0],[1.0],[1.0],[1.0],[1.0],[1.0],[1.0],[1.0],[1.0],[1.0],[1.0],[1.0],[1.0],[1.0],[1.0],[1.0],[1.0],[1.0],[1.0],[1.0],[1.0],[1.0],[1.0],[1.0],[1.0],[1.0],[1.0],[1.0],[1.0],[1.0],[1.0],[1.0],[1.0],[1.0],[1.0],[1.0],[1.0],[1.0]],"seed_graph_indices":[0,-1,-1,-1,0,-1,-1,-1,-1,-1,-1,-1,-1,-1,-1,0,-1,-1,0,-1],"graph_labels":1,"node_importances":[1,0,0,0,1,0,0,0,0,0,0,0,0,0,0,1,0,0,1,0],"edge_importances":[1,1,1,1,1,1,0,0,0,0,0,0,0,0,0,0,0,0,0,0,0,0,0,0,0,0,0,0,0,0,0,0,0,0,0,0,0,0,0,0,0,0],"multi_node_importances":[[0,1],[0,0],[0,0],[0,0],[0,1],[0,0],[0,0],[0,0],[0,0],[0,0],[0,0],[0,0],[0,0],[0,0],[0,0],[0,1],[0,0],[0,0],[0,1],[0,0]],"multi_edge_importances":[[0,1],[0,1],[0,1],[0,1],[0,1],[0,1],[0,0],[0,0],[0,0],[0,0],[0,0],[0,0],[0,0],[0,0],[0,0],[0,0],[0,0],[0,0],[0,0],[0,0],[0,0],[0,0],[0,0],[0,0],[0,0],[0,0],[0,0],[0,0],[0,0],[0,0],[0,0],[0,0],[0,0],[0,0],[0,0],[0,0],[0,0],[0,0],[0,0],[0,0],[0,0],[0,0]],"original_value":1.9794061947216866,"class":1,"node_positions":[[-0.25014530625539977,0.30296755474336334],[0.2505113683227491,-0.6341075927394793],[-0.5238535203624761,0.5746734818621344],[0.4913714504350273,0.30343496154390814],[0.06453578123256884,-0.26551225067661394],[0.13422746793197785,0.4029188385924471],[0.6691957678184247,-0.030355519607654445],[-0.9451918917178619,-0.5130664907019986],[0.3271470269604323,0.7296537785164849],[0.8362211872643084,0.46957599859023064],[0.4032062012612579,-0.11547845138634222],[-0.10173233457908676,-0.5512799495997739],[0.05230279059077187,0.7585217744005571],[0.23183750571934905,0.04790390326862741],[-0.7691304767277856,0.8323118797022616],[-0.6579447250615379,-0.022202015134146654],[0.16265478674517025,-1.0],[0.5597815520168937,-0.8405188430332828],[-0.3145838917524409,-0.09870631830894665],[-0.6204107398423425,-0.3507347400317761]],"node_coordinates":[[391.60517725423813,578.4966366979538],[569.8130559721126,256.3040288488359],[294.17921111730584,671.9167230822873],[655.5467862518677,578.6573442104714],[503.61536691388136,383.037402174636],[528.4220024419848,612.8626796857637],[718.8430449346286,463.8908541522096],[144.20454545454538,297.92134036023856],[597.0913863199024,725.2032776114793],[778.2954545454545,635.7812730015629],[624.164518063535,434.6232127563096],[444.4325182238497,284.78248590413455],[499.2610550204324,735.128900868324],[563.1661268268556,490.7986294923275],[206.87330207480971,760.5],[246.44967837058107,466.69425671441127],[538.5406574815971,130.5],[679.8972437705875,185.33407601186212],[368.6683740273881,440.3899405474737],[259.80983559084956,353.73553010333967]]},"label":"1","name":"1347","value":1.9794061947216866,"input_type":"classification","classes":{"0":"low","1":"high"},"image_width":900,"image_height":900,"image_path":"./1347.png"}