{"graph": {"node_indices": [0, 1, 2, 3, 4, 5, 6, 7, 8, 9, 10, 11, 12, 13], "node_attributes": [[0.0, 1.0, 0.0], [1.0, 0.0, 0.0], [0.0, 1.0, 0.0], [1.0, 1.0, 0.0], [1.0, 1.0, 0.0], [1.0, 0.0, 0.0], [1.0, 0.0, 0.0], [1.0, 1.0, 0.0], [1.0, 1.0, 0.0], [0.0, 1.0, 1.0], [0.0, 1.0, 0.0], [0.0, 1.0, 1.0], [1.0, 0.0, 0.0], [1.0, 0.0, 0.0]], "node_adjacency": [[0, 1, 0, 0, 0, 0, 0, 0, 0, 0, 1, 0, 0, 0], [1, 0, 0, 0, 0, 0, 0, 1, 0, 0, 0, 1, 0, 0], [0, 0, 0, 0, 0, 1, 0, 0, 0, 0, 0, 0, 1, 0], [0, 1, 0, 0, 0, 0, 1, 0, 0, 0, 0, 0, 0, 1], [0, 0, 0, 0, 0, 1, 0, 0, 0, 0, 0, 0, 0, 1], [0, 0, 1, 0, 1, 0, 0, 0, 0, 1, 0, 0, 1, 0], [0, 0, 0, 1, 0, 0, 0, 0, 0, 0, 0, 0, 0, 0], [0, 1, 0, 0, 0, 0, 0, 0, 0, 0, 0, 0, 0, 0], [0, 0, 0, 0, 0, 0, 0, 0, 0, 0, 0, 0, 0, 1], [0, 0, 0, 0, 0, 1, 0, 0, 0, 0, 0, 0, 1, 0], [1, 0, 0, 0, 0, 0, 0, 0, 0, 0, 0, 0, 0, 0], [0, 1, 0, 0, 0, 0, 0, 0, 0, 0, 0, 0, 0, 0], [0, 0, 1, 0, 0, 1, 0, 0, 0, 1, 0, 0, 0, 0], [0, 0, 0, 1, 1, 0, 0, 0, 1, 0, 0, 0, 0, 0]], "edge_indices": [[3, 13], [3, 6], [3, 1], [13, 3], [6, 3], [6, 3], [5, 12], [5, 2], [12, 5], [12, 2], [2, 12], [2, 5], [8, 13], [13, 8], [0, 1], [1, 0], [10, 0], [0, 10], [4, 13], [13, 4], [11, 1], [1, 11], [7, 1], [1, 7], [9, 12], [12, 9], [4, 5], [5, 4], [9, 5], [5, 9]], "edge_attributes": [[1.0], [1.0], [1.0], [1.0], [1.0], [1.0], [1.0], [1.0], [1.0], [1.0], [1.0], [1.0], [1.0], [1.0], [1.0], [1.0], [1.0], [1.0], [1.0], [1.0], [1.0], [1.0], [1.0], [1.0], [1.0], [1.0], [1.0], [1.0], [1.0], [1.0]], "seed_graph_indices": [-1, 0, 1, 0, -1, 1, 0, -1, -1, -1, -1, -1, 1, 0], "graph_labels": 1, "node_importances": [0, 1, 1, 1, 0, 1, 1, 0, 0, 0, 0, 0, 1, 1], "edge_importances": [1, 1, 1, 1, 1, 1, 1, 1, 1, 1, 1, 1, 0, 0, 0, 0, 0, 0, 0, 0, 0, 0, 0, 0, 0, 0, 0, 0, 0, 0], "multi_node_importances": [[0, 0], [0, 1], [0, 1], [0, 1], [0, 0], [0, 1], [0, 1], [0, 0], [0, 0], [0, 0], [0, 0], [0, 0], [0, 1], [0, 1]], "multi_edge_importances": [[0, 1], [0, 1], [0, 1], [0, 1], [0, 1], [0, 1], [0, 1], [0, 1], [0, 1], [0, 1], [0, 1], [0, 1], [0, 0], [0, 0], [0, 0], [0, 0], [0, 0], [0, 0], [0, 0], [0, 0], [0, 0], [0, 0], [0, 0], [0, 0], [0, 0], [0, 0], [0, 0], [0, 0], [0, 0], [0, 0]], "original_value": 3.52, "class": 1, "node_positions": [[-0.14021100814921855, -0.7311724039574973], [0.17135044204820052, -0.550633587464256], [-0.6671901038052911, 0.6795074011850392], [0.22692530607475656, -0.18999692341904684], [-0.12475601149202832, 0.3883164745437845], [-0.3214809065300644, 0.6675619734601888], [0.5898715058934724, -0.15634980289148262], [0.2582775054737348, -0.8776654413325978], [0.4336282567462399, 0.3630748374698221], [-0.2170384278075788, 1.0], [-0.3556136754329224, -0.9876759879237071], [0.512658627286082, -0.6841765672448279], [-0.5008516224073327, 0.9219911585518257], [0.1344301121019499, 0.1572188690227554]], "node_coordinates": [[410.02497243945595, 211.79959756042226], [567.1837637581292, 269.0219291083082], [144.2045454545455, 658.918887947458], [595.2170087330093, 383.3268257458191], [417.8208297027313, 566.625030750129], [318.58824907736766, 655.1327479968934], [778.2954545454545, 393.9913837830212], [611.0317822218453, 165.36818011259237], [699.482751073564, 558.6246164707335], [371.27144755378833, 760.5], [301.37089211060004, 130.49999999999994], [739.3474952633167, 226.69507212914667], [228.1095172336995, 735.7748584724382], [548.5602966194227, 493.37793597069725]]}, "label": "1", "name": "1357", "value": 3.52, "input_type": "classification", "classes": {"0": "low", "1": "high"}, "image_width": 900, "image_height": 900, "image_path": "./1357.png"}