{"graph":{"node_indices":[0,1,2,3,4,5,6,7,8,9,10,11,12,13,14,15,16,17,18,19,20,21],"node_attributes":[[0.0,1.0,0.0],[1.0,0.0,0.0],[0.0,0.0,1.0],[0.0,1.0,1.0],[0.0,1.0,0.0],[1.0,0.0,0.0],[0.0,1.0,1.0],[0.800000011920929,0.800000011920929,0.800000011920929],[0.0,0.0,1.0],[0.0,1.0,0.0],[1.0,0.0,0.0],[0.0,1.0,0.0],[1.0,0.0,1.0],[0.800000011920929,0.800000011920929,0.800000011920929],[0.800000011920929,0.800000011920929,0.800000011920929],[1.0,1.0,0.0],[0.800000011920929,0.800000011920929,0.800000011920929],[0.0,1.0,0.0],[0.0,0.0,1.0],[0.800000011920929,0.800000011920929,0.800000011920929],[0.0,1.0,1.0],[0.0,0.0,1.0]],"node_adjacency":[[0,0,0,0,0,0,0,0,1,0,0,0,1,0,0,0,0,0,0,1,0,1],[0,0,0,1,0,0,0,0,0,0,0,0,0,0,0,0,0,0,0,0,0,0],[0,0,0,0,0,1,0,0,0,0,0,0,0,0,0,0,0,0,0,0,0,0],[0,1,0,0,0,0,0,0,0,0,0,0,0,0,0,1,0,0,0,0,0,0],[0,0,0,0,0,0,0,0,0,0,0,0,0,1,0,1,0,0,0,0,0,0],[0,0,1,0,0,0,0,0,0,0,0,0,0,0,0,1,0,0,0,0,0,0],[0,0,0,0,0,0,0,0,0,0,0,0,0,0,1,0,0,0,0,0,0,0],[0,0,0,0,0,0,0,0,0,0,0,0,0,0,0,1,0,0,0,0,0,0],[1,0,0,0,0,0,0,0,0,0,0,1,0,1,0,0,0,0,1,0,0,1],[0,0,0,0,0,0,0,0,0,0,0,0,0,0,0,0,0,0,1,0,0,0],[0,0,0,0,0,0,0,0,0,0,0,0,0,0,1,1,0,0,0,0,1,0],[0,0,0,0,0,0,0,0,1,0,0,0,0,0,0,0,0,1,0,0,0,0],[1,0,0,0,0,0,0,0,0,0,0,0,0,0,0,0,0,0,0,0,0,0],[0,0,0,0,1,0,0,0,1,0,0,0,0,0,0,0,0,0,0,0,0,0],[0,0,0,0,0,0,1,0,0,0,1,0,0,0,0,0,0,0,0,0,0,0],[0,1,0,1,1,1,0,1,0,0,1,0,0,0,0,0,1,0,0,0,0,0],[0,0,0,0,0,0,0,0,0,0,0,0,0,0,0,1,0,0,0,0,0,0],[0,0,0,0,0,0,0,0,0,0,0,1,0,0,0,0,0,0,0,0,0,0],[0,0,0,0,0,0,0,0,1,1,0,0,0,0,0,0,0,0,0,0,0,0],[1,0,0,0,0,0,0,0,0,0,0,0,0,0,0,0,0,0,0,0,0,0],[0,0,0,0,0,0,0,0,0,0,1,0,0,0,0,0,0,0,0,0,0,0],[1,0,0,0,0,0,0,0,1,0,0,0,0,0,0,0,0,0,0,0,0,0]],"edge_indices":[[21,8],[21,0],[8,21],[8,0],[0,8],[0,21],[15,10],[15,5],[15,1],[10,15],[5,15],[5,15],[7,15],[15,7],[3,1],[1,3],[2,5],[5,2],[13,8],[8,13],[4,15],[15,4],[11,8],[8,11],[12,0],[0,12],[16,15],[15,16],[19,0],[0,19],[14,10],[10,14],[17,11],[11,17],[6,14],[14,6],[18,8],[8,18],[20,10],[10,20],[9,18],[18,9],[13,4],[4,13],[3,15],[15,3]],"edge_attributes":[[1.0],[1.0],[1.0],[1.0],[1.0],[1.0],[1.0],[1.0],[1.0],[1.0],[1.0],[1.0],[1.0],[1.0],[1.0],[1.0],[1.0],[1.0],[1.0],[1.0],[1.0],[1.0],[1.0],[1.0],[1.0],[1.0],[1.0],[1.0],[1.0],[1.0],[1.0],[1.0],[1.0],[1.0],[1.0],[1.0],[1.0],[1.0],[1.0],[1.0],[1.0],[1.0],[1.0],[1.0],[1.0],[1.0]],"seed_graph_indices":[0,1,-1,-1,-1,1,-1,-1,0,-1,1,-1,-1,-1,-1,1,-1,-1,-1,-1,-1,0],"graph_labels":1,"node_importances":[1,1,0,0,0,1,0,0,1,0,1,0,0,0,0,1,0,0,0,0,0,1],"edge_importances":[1,1,1,1,1,1,1,1,1,1,1,1,0,0,0,0,0,0,0,0,0,0,0,0,0,0,0,0,0,0,0,0,0,0,0,0,0,0,0,0,0,0,0,0,0,0],"multi_node_importances":[[1,0],[0,1],[0,0],[0,0],[0,0],[0,1],[0,0],[0,0],[1,0],[0,0],[0,1],[0,0],[0,0],[0,0],[0,0],[0,1],[0,0],[0,0],[0,0],[0,0],[0,0],[1,0]],"multi_edge_importances":[[1,0],[1,0],[1,0],[1,0],[1,0],[1,0],[0,1],[0,1],[0,1],[0,1],[0,1],[0,1],[0,0],[0,0],[0,0],[0,0],[0,0],[0,0],[0,0],[0,0],[0,0],[0,0],[0,0],[0,0],[0,0],[0,0],[0,0],[0,0],[0,0],[0,0],[0,0],[0,0],[0,0],[0,0],[0,0],[0,0],[0,0],[0,0],[0,0],[0,0],[0,0],[0,0],[0,0],[0,0],[0,0],[0,0]],"original_value":1.1185359978398317,"class":1,"node_positions":[[-0.05555717416686449,-0.7125551923308344],[0.32293856145423594,0.468399963245855],[-0.4523446357364437,0.3997752656022084],[0.35266117238613987,0.3192113909463904],[0.008870554240660435,0.07161196285740913],[-0.1987413379871009,0.35371359222106796],[-0.31968340429525055,1.0],[0.2315836584768769,0.21786192533307835],[-0.0021414611419491,-0.44655404054948217],[0.516069829226894,-0.6184667276041964],[-0.020531235690970418,0.6151295440795822],[-0.27477771665603196,-0.47425184930228503],[-0.2260300963754157,-0.8891621387158282],[0.006043943303311258,-0.18627508890444125],[-0.19544773974737767,0.7968548441197556],[0.06358795009305532,0.3442427613582157],[0.1655434465680997,0.5210199169663514],[-0.520262649658344,-0.551676991664883],[0.2858380131616613,-0.4999396051163166],[0.07272700589829621,-0.9412737262783084],[0.14322165144825347,0.8336934637080399],[0.09643166519826418,-0.6213592699713781]],"node_coordinates":[[428.53947021815145,204.7258417431705],[660.1260604070259,587.9802679181279],[185.76089543762447,565.7095500228303],[678.3121520044247,539.5642206207422],[467.96025235993517,459.21097749767773],[340.9307360965901,550.7611922321175],[266.931062888278,760.5],[604.2296037591201,506.67336011401903],[461.222435117738,291.0509814459199],[778.2954545454545,235.26029547598938],[449.97045846029584,635.5983006942],[294.40707939712445,282.0622338633113],[324.2338227343632,147.41173157085],[466.23076077742877,375.5191001438122],[342.94595876359836,694.5734660588478],[501.43966556567955,547.6876311145744],[563.8222066554055,605.0569791490923],[144.2045454545455,256.93551472620607],[637.4257003643537,273.7258071431777],[507.0314928236762,130.5],[550.1643819239935,706.5286736251257],[521.5354375242953,234.32158102956348]]},"label":"1","name":"1385","value":1.1185359978398317,"input_type":"classification","classes":{"0":"low","1":"high"},"image_width":900,"image_height":900,"image_path":"./1385.png"}