{"graph":{"node_indices":[0,1,2,3,4,5,6,7,8,9,10,11,12,13,14,15,16,17,18,19,20,21,22,23,24,25,26,27,28],"node_attributes":[[1.0,0.0,0.0],[0.0,1.0,0.0],[1.0,0.0,0.0],[0.0,1.0,0.0],[1.0,0.0,0.0],[0.0,0.0,1.0],[0.800000011920929,0.800000011920929,0.800000011920929],[0.0,0.0,1.0],[1.0,0.0,0.0],[0.0,1.0,1.0],[1.0,0.0,1.0],[1.0,0.0,0.0],[0.0,1.0,0.0],[0.800000011920929,0.800000011920929,0.800000011920929],[0.0,1.0,1.0],[0.800000011920929,0.800000011920929,0.800000011920929],[1.0,0.0,0.0],[1.0,0.0,0.0],[0.800000011920929,0.800000011920929,0.800000011920929],[1.0,1.0,0.0],[0.0,0.0,1.0],[1.0,0.0,1.0],[1.0,1.0,0.0],[1.0,1.0,0.0],[0.800000011920929,0.800000011920929,0.800000011920929],[0.800000011920929,0.800000011920929,0.800000011920929],[0.0,0.0,1.0],[0.800000011920929,0.800000011920929,0.800000011920929],[0.800000011920929,0.800000011920929,0.800000011920929]],"node_adjacency":[[0,0,0,1,1,0,0,0,0,0,0,0,0,1,0,0,0,0,0,0,1,0,0,0,0,0,1,0,1],[0,0,0,0,0,0,0,0,1,0,0,0,0,0,0,0,0,1,0,1,0,0,0,0,0,0,0,1,0],[0,0,0,0,0,0,0,0,0,0,0,0,0,0,0,0,0,1,0,0,0,0,0,0,0,0,0,0,0],[1,0,0,0,1,0,0,0,0,0,0,0,0,0,0,0,0,0,0,0,0,1,0,0,0,0,0,0,0],[1,0,0,1,0,0,0,1,0,0,0,0,0,0,0,0,0,0,1,0,0,0,0,0,0,0,0,0,0],[0,0,0,0,0,0,0,0,1,0,0,0,0,0,0,0,0,0,0,0,0,0,0,0,0,0,0,0,0],[0,0,0,0,0,0,0,0,0,0,0,1,0,1,0,0,0,0,0,0,0,0,0,0,0,0,0,0,0],[0,0,0,0,1,0,0,0,0,0,0,0,0,0,0,0,0,0,0,0,0,0,0,0,0,1,0,0,0],[0,1,0,0,0,1,0,0,0,0,1,0,0,0,0,0,0,1,0,0,0,0,0,0,0,0,0,0,0],[0,0,0,0,0,0,0,0,0,0,1,0,0,0,0,0,0,0,0,0,0,0,0,0,0,0,0,0,0],[0,0,0,0,0,0,0,0,1,1,0,0,0,0,0,0,1,0,0,0,1,0,0,1,0,0,0,0,0],[0,0,0,0,0,0,1,0,0,0,0,0,0,0,0,0,0,0,0,0,0,0,0,0,0,0,0,0,0],[0,0,0,0,0,0,0,0,0,0,0,0,0,0,0,0,0,0,0,0,0,0,0,0,1,0,0,0,0],[1,0,0,0,0,0,1,0,0,0,0,0,0,0,0,0,0,0,0,0,0,0,1,0,0,0,0,0,0],[0,0,0,0,0,0,0,0,0,0,0,0,0,0,0,0,0,0,0,0,0,0,0,0,0,1,0,0,0],[0,0,0,0,0,0,0,0,0,0,0,0,0,0,0,0,1,0,0,0,0,0,1,0,0,0,0,0,0],[0,0,0,0,0,0,0,0,0,0,1,0,0,0,0,1,0,0,0,0,0,0,0,0,0,0,0,0,0],[0,1,1,0,0,0,0,0,1,0,0,0,0,0,0,0,0,0,0,0,0,0,0,0,1,0,0,0,0],[0,0,0,0,1,0,0,0,0,0,0,0,0,0,0,0,0,0,0,0,0,0,0,0,0,0,0,0,0],[0,1,0,0,0,0,0,0,0,0,0,0,0,0,0,0,0,0,0,0,0,0,0,0,0,0,0,0,0],[1,0,0,0,0,0,0,0,0,0,1,0,0,0,0,0,0,0,0,0,0,0,0,0,0,0,0,0,0],[0,0,0,1,0,0,0,0,0,0,0,0,0,0,0,0,0,0,0,0,0,0,0,0,0,0,0,0,0],[0,0,0,0,0,0,0,0,0,0,0,0,0,1,0,1,0,0,0,0,0,0,0,0,0,0,0,0,0],[0,0,0,0,0,0,0,0,0,0,1,0,0,0,0,0,0,0,0,0,0,0,0,0,0,0,0,0,0],[0,0,0,0,0,0,0,0,0,0,0,0,1,0,0,0,0,1,0,0,0,0,0,0,0,0,0,0,0],[0,0,0,0,0,0,0,1,0,0,0,0,0,0,1,0,0,0,0,0,0,0,0,0,0,0,0,0,0],[1,0,0,0,0,0,0,0,0,0,0,0,0,0,0,0,0,0,0,0,0,0,0,0,0,0,0,0,0],[0,1,0,0,0,0,0,0,0,0,0,0,0,0,0,0,0,0,0,0,0,0,0,0,0,0,0,0,0],[1,0,0,0,0,0,0,0,0,0,0,0,0,0,0,0,0,0,0,0,0,0,0,0,0,0,0,0,0]],"edge_indices":[[8,17],[8,1],[17,8],[17,1],[1,17],[1,8],[4,0],[4,3],[0,4],[0,3],[3,0],[3,4],[13,0],[0,13],[19,1],[1,19],[2,17],[17,2],[7,4],[4,7],[5,8],[8,5],[21,3],[3,21],[10,8],[8,10],[25,7],[7,25],[6,13],[13,6],[22,13],[13,22],[27,1],[1,27],[26,0],[0,26],[23,10],[10,23],[16,10],[10,16],[18,4],[4,18],[24,17],[17,24],[11,6],[6,11],[28,0],[0,28],[20,0],[0,20],[14,25],[25,14],[15,22],[22,15],[12,24],[24,12],[9,10],[10,9],[16,15],[15,16],[20,10],[10,20]],"edge_attributes":[[1.0],[1.0],[1.0],[1.0],[1.0],[1.0],[1.0],[1.0],[1.0],[1.0],[1.0],[1.0],[1.0],[1.0],[1.0],[1.0],[1.0],[1.0],[1.0],[1.0],[1.0],[1.0],[1.0],[1.0],[1.0],[1.0],[1.0],[1.0],[1.0],[1.0],[1.0],[1.0],[1.0],[1.0],[1.0],[1.0],[1.0],[1.0],[1.0],[1.0],[1.0],[1.0],[1.0],[1.0],[1.0],[1.0],[1.0],[1.0],[1.0],[1.0],[1.0],[1.0],[1.0],[1.0],[1.0],[1.0],[1.0],[1.0],[1.0],[1.0],[1.0],[1.0]],"seed_graph_indices":[1,0,-1,1,1,-1,-1,-1,0,-1,-1,-1,-1,-1,-1,-1,-1,0,-1,-1,-1,-1,-1,-1,-1,-1,-1,-1,-1],"graph_labels":1,"node_importances":[1,1,0,1,1,0,0,0,1,0,0,0,0,0,0,0,0,1,0,0,0,0,0,0,0,0,0,0,0],"edge_importances":[1,1,1,1,1,1,1,1,1,1,1,1,0,0,0,0,0,0,0,0,0,0,0,0,0,0,0,0,0,0,0,0,0,0,0,0,0,0,0,0,0,0,0,0,0,0,0,0,0,0,0,0,0,0,0,0,0,0,0,0,0,0],"multi_node_importances":[[0,1],[0,1],[0,0],[0,1],[0,1],[0,0],[0,0],[0,0],[0,1],[0,0],[0,0],[0,0],[0,0],[0,0],[0,0],[0,0],[0,0],[0,1],[0,0],[0,0],[0,0],[0,0],[0,0],[0,0],[0,0],[0,0],[0,0],[0,0],[0,0]],"multi_edge_importances":[[0,1],[0,1],[0,1],[0,1],[0,1],[0,1],[0,1],[0,1],[0,1],[0,1],[0,1],[0,1],[0,0],[0,0],[0,0],[0,0],[0,0],[0,0],[0,0],[0,0],[0,0],[0,0],[0,0],[0,0],[0,0],[0,0],[0,0],[0,0],[0,0],[0,0],[0,0],[0,0],[0,0],[0,0],[0,0],[0,0],[0,0],[0,0],[0,0],[0,0],[0,0],[0,0],[0,0],[0,0],[0,0],[0,0],[0,0],[0,0],[0,0],[0,0],[0,0],[0,0],[0,0],[0,0],[0,0],[0,0],[0,0],[0,0],[0,0],[0,0],[0,0],[0,0]],"original_value":1.7346652450673616,"class":1,"node_positions":[[-0.058841262530157194,-0.3010272679497094],[-0.07375494351148078,0.6249434742687855],[0.08278682096013053,0.9107148702290477],[-0.289556133410879,-0.2744531849456814],[-0.27688697799683065,-0.45716235770165553],[0.3362278313791277,0.5042884546362322],[0.34277629357491446,-0.6459636440139973],[-0.5057787737690993,-0.5451630398289427],[0.0956745249873619,0.45030945787706206],[-0.1094517778738539,0.2309687570663638],[0.10509883094867678,0.18208662083648355],[0.4836696277882195,-0.826279770750413],[0.49325104478804244,1.0],[0.2127134881958201,-0.42530404444621495],[-0.8806314755464977,-0.7859106938860039],[0.5026715143316698,-0.0942159784007369],[0.34397629047037265,0.07728120203040452],[0.1340365569230997,0.6842935536710321],[-0.27291248211237,-0.7006829759881157],[-0.19415209398990996,0.8340733971261616],[-0.005318557472318246,-0.05099746583628477],[-0.5202829817041531,-0.20474195527454073],[0.4213027456567535,-0.31485153541432065],[0.31288814342016713,0.23834628473358094],[0.33831362600906495,0.8319190416782906],[-0.7005380964907284,-0.6630711387983538],[-0.055090802720669116,-0.5229249946699445],[-0.31134430565011606,0.6766567867514788],[0.04915332534564213,-0.43313185300000895]],"node_coordinates":[[520.9041601206262,311.6929815268521],[514.067892433406,631.1191597831826],[585.8249192531349,729.6998823747649],[415.14699535773264,320.86007222164665],[420.95439715812597,257.8320626692183],[701.9994969656102,589.4975727810579],[705.0012401681167,192.7024958406369],[316.0329100170685,227.475032695979],[591.7325013392847,570.8767850447387],[497.70485532719806,495.2122325901275],[596.0524997621085,478.3496760869852],[769.5851982957806,130.5],[773.9772146943948,760.5],[645.3818775952017,268.8220203265166],[144.20454545454538,144.42586110403425],[778.2954545454545,383.03534347083644],[705.5513055752727,442.1956240598419],[609.3172357631212,651.5927753935946],[422.77626245227793,173.82631942133088],[458.8791599883572,703.2613657640386],[545.4383807183267,397.944156102768],[309.38434028037483,344.9079072774841],[740.9969039905759,306.92411279042267],[691.3008401535557,497.75721091425197],[702.9556023328012,702.5181916053493],[226.75737392546773,186.80103326805636],[522.6233297367612,235.14634827125485],[405.1595363240296,648.9583689700148],[570.4076939842339,266.1217114976761]]},"label":"1","name":"1405","value":1.7346652450673616,"input_type":"classification","classes":{"0":"low","1":"high"},"image_width":900,"image_height":900,"image_path":"./1405.png"}