{"graph":{"node_indices":[0,1,2,3,4,5,6,7,8,9,10,11,12,13,14,15,16,17,18,19,20,21,22,23,24],"node_attributes":[[0.800000011920929,0.800000011920929,0.800000011920929],[0.0,1.0,0.0],[1.0,1.0,0.0],[0.0,1.0,1.0],[0.800000011920929,0.800000011920929,0.800000011920929],[1.0,0.0,0.0],[0.800000011920929,0.800000011920929,0.800000011920929],[0.0,1.0,0.0],[0.800000011920929,0.800000011920929,0.800000011920929],[1.0,0.0,1.0],[0.0,1.0,0.0],[1.0,1.0,0.0],[0.0,1.0,1.0],[0.0,1.0,1.0],[0.800000011920929,0.800000011920929,0.800000011920929],[1.0,1.0,0.0],[1.0,0.0,1.0],[0.800000011920929,0.800000011920929,0.800000011920929],[0.800000011920929,0.800000011920929,0.800000011920929],[1.0,0.0,0.0],[0.0,0.0,1.0],[0.800000011920929,0.800000011920929,0.800000011920929],[0.800000011920929,0.800000011920929,0.800000011920929],[0.0,1.0,0.0],[1.0,0.0,0.0]],"node_adjacency":[[0,0,0,0,0,0,0,0,0,1,1,0,0,0,0,0,0,0,0,0,0,0,0,0,0],[0,0,0,0,0,0,0,0,0,0,0,0,0,0,0,0,0,0,0,0,0,0,0,0,1],[0,0,0,1,0,1,0,0,0,0,0,0,0,0,0,0,0,1,0,1,0,0,0,0,1],[0,0,1,0,0,0,0,0,0,0,0,0,1,0,0,0,0,0,0,0,0,0,0,0,0],[0,0,0,0,0,0,0,0,0,0,0,0,0,0,0,1,1,0,0,0,0,0,0,0,0],[0,0,0,0,0,0,0,1,0,0,0,0,0,0,0,0,0,0,0,0,1,0,1,0,0],[0,0,0,0,0,0,0,0,0,0,0,0,0,0,0,0,0,0,1,0,0,0,0,0,0],[0,0,0,0,0,1,0,0,0,0,0,0,0,1,0,0,0,0,1,0,0,0,0,0,0],[0,0,0,0,0,0,0,0,0,1,0,0,0,0,0,0,0,0,0,0,0,0,0,0,0],[1,0,0,0,0,0,0,0,1,0,0,1,0,0,1,0,0,0,0,0,0,0,0,0,1],[1,0,0,0,0,0,0,0,0,0,0,0,0,0,0,0,0,0,0,0,0,0,0,0,0],[0,0,0,0,0,0,0,0,0,1,0,0,0,0,0,0,0,0,0,0,0,0,0,0,0],[0,0,0,1,0,0,0,0,0,0,0,0,0,0,0,0,0,0,0,0,0,0,0,0,0],[0,0,0,0,0,0,0,1,0,0,0,0,0,0,0,0,0,0,0,0,0,0,0,0,0],[0,0,0,0,0,0,0,0,0,1,0,0,0,0,0,0,0,0,0,0,0,0,0,0,0],[0,0,0,0,1,0,0,0,0,0,0,0,0,0,0,0,0,0,0,0,0,0,0,1,0],[0,0,0,0,1,0,0,0,0,0,0,0,0,0,0,0,0,0,0,0,0,0,1,0,0],[0,0,1,0,0,0,0,0,0,0,0,0,0,0,0,0,0,0,0,0,0,1,0,0,0],[0,0,0,0,0,0,1,1,0,0,0,0,0,0,0,0,0,0,0,0,0,0,0,0,0],[0,0,1,0,0,0,0,0,0,0,0,0,0,0,0,0,0,0,0,0,0,0,0,1,0],[0,0,0,0,0,1,0,0,0,0,0,0,0,0,0,0,0,0,0,0,0,0,0,0,0],[0,0,0,0,0,0,0,0,0,0,0,0,0,0,0,0,0,1,0,0,0,0,0,0,0],[0,0,0,0,0,1,0,0,0,0,0,0,0,0,0,0,1,0,0,0,0,0,0,0,0],[0,0,0,0,0,0,0,0,0,0,0,0,0,0,0,1,0,0,0,1,0,0,0,0,0],[0,1,1,0,0,0,0,0,0,1,0,0,0,0,0,0,0,0,0,0,0,0,0,0,0]],"edge_indices":[[2,24],[2,19],[2,5],[24,2],[19,2],[19,2],[23,19],[19,23],[3,2],[2,3],[9,24],[24,9],[17,2],[2,17],[21,17],[17,21],[15,23],[23,15],[22,5],[5,22],[7,5],[5,7],[13,7],[7,13],[0,9],[9,0],[1,24],[24,1],[8,9],[9,8],[14,9],[9,14],[16,22],[22,16],[12,3],[3,12],[18,7],[7,18],[6,18],[18,6],[10,0],[0,10],[4,16],[16,4],[11,9],[9,11],[20,5],[5,20],[4,15],[15,4]],"edge_attributes":[[1.0],[1.0],[1.0],[1.0],[1.0],[1.0],[1.0],[1.0],[1.0],[1.0],[1.0],[1.0],[1.0],[1.0],[1.0],[1.0],[1.0],[1.0],[1.0],[1.0],[1.0],[1.0],[1.0],[1.0],[1.0],[1.0],[1.0],[1.0],[1.0],[1.0],[1.0],[1.0],[1.0],[1.0],[1.0],[1.0],[1.0],[1.0],[1.0],[1.0],[1.0],[1.0],[1.0],[1.0],[1.0],[1.0],[1.0],[1.0],[1.0],[1.0]],"seed_graph_indices":[-1,-1,0,-1,-1,0,-1,-1,-1,-1,-1,-1,-1,-1,-1,-1,-1,-1,-1,0,-1,-1,-1,-1,0],"graph_labels":1,"node_importances":[0,0,1,0,0,1,0,0,0,0,0,0,0,0,0,0,0,0,0,1,0,0,0,0,1],"edge_importances":[1,1,1,1,1,1,0,0,0,0,0,0,0,0,0,0,0,0,0,0,0,0,0,0,0,0,0,0,0,0,0,0,0,0,0,0,0,0,0,0,0,0,0,0,0,0,0,0,0,0],"multi_node_importances":[[0,0],[0,0],[0,1],[0,0],[0,0],[0,1],[0,0],[0,0],[0,0],[0,0],[0,0],[0,0],[0,0],[0,0],[0,0],[0,0],[0,0],[0,0],[0,0],[0,1],[0,0],[0,0],[0,0],[0,0],[0,1]],"multi_edge_importances":[[0,1],[0,1],[0,1],[0,1],[0,1],[0,1],[0,0],[0,0],[0,0],[0,0],[0,0],[0,0],[0,0],[0,0],[0,0],[0,0],[0,0],[0,0],[0,0],[0,0],[0,0],[0,0],[0,0],[0,0],[0,0],[0,0],[0,0],[0,0],[0,0],[0,0],[0,0],[0,0],[0,0],[0,0],[0,0],[0,0],[0,0],[0,0],[0,0],[0,0],[0,0],[0,0],[0,0],[0,0],[0,0],[0,0],[0,0],[0,0],[0,0],[0,0]],"original_value":1.6886942568487406,"class":1,"node_positions":[[0.7818177398999332,0.1246992412777636],[0.3173840664048363,0.2822338739802712],[0.0016801057158723615,-0.02439785993130609],[0.1153425805059902,-0.23717809883773397],[-0.6179990201943596,-0.5886029006198071],[-0.2660238596313734,0.05234339549430296],[-0.6140125729822812,0.7352788695935368],[-0.4219340148525762,0.29200867457432017],[0.6266559353285984,-0.22659790029672225],[0.5471698969945881,0.020658894316495164],[1.0,0.2183185396902411],[0.6228677244280478,0.26650851436345946],[0.20412001849867134,-0.48335944899960037],[-0.6795003925741081,0.3057407772910658],[0.7478483250035068,-0.11617588371031894],[-0.3803353949465782,-0.6731432434408744],[-0.6259257294198945,-0.3413262949827191],[0.010856400751515309,0.21453011325436772],[-0.4879182994503635,0.5345824562223888],[-0.09081114937868377,-0.2679004412397931],[-0.46285935901208053,0.06688953556605197],[0.035611855746559846,0.47478770351248717],[-0.4559142776491264,-0.15131872198952828],[-0.18320831201257873,-0.5183564429584349],[0.2750877328258844,0.03977664787008648]],"node_coordinates":[[695.9213221748626,487.3821880322616],[520.575623215199,557.848859695599],[401.3824320007274,420.689700820923],[444.29539724197144,325.51116785807517],[167.42422512538093,168.3156629922006],[300.3115114431509,455.0167612033898],[168.92929767429263,760.5],[241.4480467498225,562.221216759053],[637.3403952802698,330.2437867364288],[607.3306527817884,440.8439961230313],[778.2954545454545,529.258950299782],[635.9101663238619,550.8147635486371],[477.8130829849696,215.39201453987778],[144.20454545454544,568.3637109953236],[683.0962598716927,379.6365574162047],[257.1534951258684,130.5],[164.4315171265366,278.92473402966965],[404.846917800769,527.5643527551168],[216.5358554866829,670.7266719233667],[366.4626044822719,311.7687851347613],[225.996791842293,461.5233817402246],[414.1932740339511,643.9799360842954],[228.61888885079463,363.91684674778736],[331.5783013222404,199.73754136026855],[504.6067548964579,449.3955408817355]]},"label":"1","name":"1411","value":1.6886942568487406,"input_type":"classification","classes":{"0":"low","1":"high"},"image_width":900,"image_height":900,"image_path":"./1411.png"}