{"graph":{"node_indices":[0,1,2,3,4,5,6,7,8,9,10,11,12,13,14,15,16,17,18,19,20,21,22,23],"node_attributes":[[1.0,1.0,0.0],[0.800000011920929,0.800000011920929,0.800000011920929],[0.0,1.0,1.0],[1.0,0.0,1.0],[1.0,0.0,0.0],[0.0,1.0,1.0],[1.0,0.0,1.0],[1.0,0.0,0.0],[0.0,1.0,1.0],[1.0,0.0,1.0],[1.0,0.0,0.0],[0.800000011920929,0.800000011920929,0.800000011920929],[0.0,1.0,0.0],[0.0,0.0,1.0],[1.0,0.0,0.0],[0.800000011920929,0.800000011920929,0.800000011920929],[0.800000011920929,0.800000011920929,0.800000011920929],[0.800000011920929,0.800000011920929,0.800000011920929],[1.0,0.0,1.0],[0.0,1.0,1.0],[0.800000011920929,0.800000011920929,0.800000011920929],[1.0,0.0,1.0],[1.0,1.0,0.0],[0.0,1.0,0.0]],"node_adjacency":[[0,0,0,0,0,0,0,0,0,0,0,0,0,0,0,0,0,0,0,1,0,0,0,0],[0,0,0,0,0,0,0,0,0,1,0,0,0,0,0,0,0,0,0,1,0,0,0,0],[0,0,0,1,0,1,0,0,1,0,0,0,0,0,0,0,0,0,0,0,0,0,0,0],[0,0,1,0,0,0,0,0,0,0,1,0,0,0,0,0,1,0,0,0,0,0,0,0],[0,0,0,0,0,0,0,0,0,0,0,0,0,0,0,0,1,0,0,0,0,0,1,0],[0,0,1,0,0,0,0,0,0,0,0,0,0,0,0,0,0,0,0,0,0,1,0,0],[0,0,0,0,0,0,0,0,0,0,0,0,1,0,0,0,0,0,0,0,0,0,0,0],[0,0,0,0,0,0,0,0,0,0,0,0,0,0,0,0,0,0,1,0,0,0,0,0],[0,0,1,0,0,0,0,0,0,0,0,0,0,0,0,0,0,0,0,0,0,0,0,0],[0,1,0,0,0,0,0,0,0,0,0,0,0,0,0,0,0,0,0,0,0,0,1,0],[0,0,0,1,0,0,0,0,0,0,0,0,0,0,0,0,0,0,0,0,0,0,0,0],[0,0,0,0,0,0,0,0,0,0,0,0,0,0,0,0,0,0,1,0,1,0,0,0],[0,0,0,0,0,0,1,0,0,0,0,0,0,0,0,1,0,0,0,0,0,1,0,0],[0,0,0,0,0,0,0,0,0,0,0,0,0,0,0,0,1,0,0,0,0,0,0,0],[0,0,0,0,0,0,0,0,0,0,0,0,0,0,0,0,0,0,1,0,1,0,1,0],[0,0,0,0,0,0,0,0,0,0,0,0,1,0,0,0,0,0,0,0,0,0,0,0],[0,0,0,1,1,0,0,0,0,0,0,0,0,1,0,0,0,0,0,0,0,0,0,0],[0,0,0,0,0,0,0,0,0,0,0,0,0,0,0,0,0,0,0,0,0,0,1,0],[0,0,0,0,0,0,0,1,0,0,0,1,0,0,1,0,0,0,0,0,0,0,0,0],[1,1,0,0,0,0,0,0,0,0,0,0,0,0,0,0,0,0,0,0,1,0,0,1],[0,0,0,0,0,0,0,0,0,0,0,1,0,0,1,0,0,0,0,1,0,0,0,0],[0,0,0,0,0,1,0,0,0,0,0,0,1,0,0,0,0,0,0,0,0,0,1,0],[0,0,0,0,1,0,0,1,0,1,0,0,0,0,1,0,0,1,0,0,0,1,0,0],[0,0,0,0,0,0,0,0,0,0,0,0,0,0,0,0,0,0,0,1,0,0,0,0]],"edge_indices":[[22,14],[22,4],[22,7],[14,22],[4,22],[4,22],[9,22],[22,9],[16,4],[4,16],[17,22],[22,17],[18,14],[14,18],[3,16],[16,3],[21,22],[22,21],[20,14],[14,20],[11,20],[20,11],[19,20],[20,19],[12,21],[21,12],[2,3],[3,2],[15,12],[12,15],[6,12],[12,6],[1,9],[9,1],[0,19],[19,0],[13,16],[16,13],[23,19],[19,23],[10,3],[3,10],[5,2],[2,5],[8,2],[2,8],[21,5],[5,21],[18,11],[11,18],[18,7],[7,18],[19,1],[1,19]],"edge_attributes":[[1.0],[1.0],[1.0],[1.0],[1.0],[1.0],[1.0],[1.0],[1.0],[1.0],[1.0],[1.0],[1.0],[1.0],[1.0],[1.0],[1.0],[1.0],[1.0],[1.0],[1.0],[1.0],[1.0],[1.0],[1.0],[1.0],[1.0],[1.0],[1.0],[1.0],[1.0],[1.0],[1.0],[1.0],[1.0],[1.0],[1.0],[1.0],[1.0],[1.0],[1.0],[1.0],[1.0],[1.0],[1.0],[1.0],[1.0],[1.0],[1.0],[1.0],[1.0],[1.0],[1.0],[1.0]],"seed_graph_indices":[-1,-1,-1,-1,0,-1,-1,0,-1,-1,-1,-1,-1,-1,0,-1,-1,-1,-1,-1,-1,-1,0,-1],"graph_labels":1,"node_importances":[0,0,0,0,1,0,0,1,0,0,0,0,0,0,1,0,0,0,0,0,0,0,1,0],"edge_importances":[1,1,1,1,1,1,0,0,0,0,0,0,0,0,0,0,0,0,0,0,0,0,0,0,0,0,0,0,0,0,0,0,0,0,0,0,0,0,0,0,0,0,0,0,0,0,0,0,0,0,0,0,0,0],"multi_node_importances":[[0,0],[0,0],[0,0],[0,0],[0,1],[0,0],[0,0],[0,1],[0,0],[0,0],[0,0],[0,0],[0,0],[0,0],[0,1],[0,0],[0,0],[0,0],[0,0],[0,0],[0,0],[0,0],[0,1],[0,0]],"multi_edge_importances":[[0,1],[0,1],[0,1],[0,1],[0,1],[0,1],[0,0],[0,0],[0,0],[0,0],[0,0],[0,0],[0,0],[0,0],[0,0],[0,0],[0,0],[0,0],[0,0],[0,0],[0,0],[0,0],[0,0],[0,0],[0,0],[0,0],[0,0],[0,0],[0,0],[0,0],[0,0],[0,0],[0,0],[0,0],[0,0],[0,0],[0,0],[0,0],[0,0],[0,0],[0,0],[0,0],[0,0],[0,0],[0,0],[0,0],[0,0],[0,0],[0,0],[0,0],[0,0],[0,0],[0,0],[0,0]],"original_value":1.7736155860541734,"class":1,"node_positions":[[-0.15770996934757076,-1.0],[0.16535490396167665,-0.5648130231239965],[0.06259600657097529,0.6860227270042878],[-0.20905405418803621,0.6778981501923905],[-0.1826356264842183,0.18851576032633793],[0.19161717219538277,0.444948120516797],[0.7290477426118117,0.3462711818533555],[-0.2649282766847876,-0.08501705490960816],[0.178803258400928,0.9223144599330946],[0.1375229856300153,-0.2900081723655711],[-0.3425761004084243,0.9045517572739564],[-0.4651355373817663,-0.5576975217290645],[0.5230817961639895,0.17918662849572106],[-0.5959173574739012,0.4759781259408878],[-0.15566082829986097,-0.27774763747649567],[0.7682120645605519,0.06663522605756876],[-0.328973340745241,0.4271354044749209],[0.21742593054540493,-0.08288969715598796],[-0.42643794909774185,-0.294466673245502],[-0.02103067013222993,-0.7692656841475123],[-0.19545539855845043,-0.5576352435616984],[0.22893275804411148,0.1709530093531107],[-0.002737598886337896,-0.033373301438863114],[0.14565808900371915,-0.9774965422681295]],"node_coordinates":[[347.89733047854577,130.49999999999994],[498.0681983618032,273.12380122835077],[450.3025819832103,683.0601248661837],[324.03096053809213,680.3974578061475],[336.31108921861204,520.012197204017],[510.27573913477784,604.0527588744587],[760.0906272708044,571.7133718211398],[298.05883797740887,430.3673044508075],[504.31942288230636,760.5],[485.13103410773476,363.1855781052899],[261.96565038204017,754.6786305474462],[204.99611101663697,275.4557640639023],[664.3510793105445,516.9547614016076],[144.20454545454538,614.2222206480843],[348.84983666220387,367.20372245217595],[778.2954545454545,480.06829718674453],[268.28864738045485,598.214998539049],[522.2724740342176,431.06450327686605],[222.9839855821216,361.72439388548526],[411.4302326309744,206.11854317639919],[330.3520498506577,275.4761744838718],[527.6212148439607,514.2563579052177],[419.9334362046302,447.2925086068964],[488.9124898922506,137.87505682164596]]},"label":"1","name":"1423","value":1.7736155860541734,"input_type":"classification","classes":{"0":"low","1":"high"},"image_width":900,"image_height":900,"image_path":"./1423.png"}