{"graph":{"node_indices":[0,1,2,3,4,5,6,7,8,9,10,11,12,13],"node_attributes":[[0.800000011920929,0.800000011920929,0.800000011920929],[0.0,1.0,0.0],[0.0,1.0,0.0],[0.0,1.0,0.0],[1.0,0.0,0.0],[0.0,1.0,0.0],[0.0,0.0,1.0],[0.800000011920929,0.800000011920929,0.800000011920929],[0.800000011920929,0.800000011920929,0.800000011920929],[0.0,0.0,1.0],[0.800000011920929,0.800000011920929,0.800000011920929],[0.0,0.0,1.0],[1.0,0.0,0.0],[0.0,0.0,1.0]],"node_adjacency":[[0,1,0,0,0,0,0,0,0,0,1,1,0,0],[1,0,1,0,0,0,0,0,0,0,0,1,0,0],[0,1,0,0,0,0,0,0,0,0,0,0,0,0],[0,0,0,0,1,0,0,0,0,0,0,0,1,1],[0,0,0,1,0,0,0,0,0,0,1,0,1,0],[0,0,0,0,0,0,1,1,0,0,0,1,0,0],[0,0,0,0,0,1,0,0,0,0,0,1,0,0],[0,0,0,0,0,1,0,0,0,0,0,0,0,0],[0,0,0,0,0,0,0,0,0,1,0,0,0,0],[0,0,0,0,0,0,0,0,1,0,0,1,0,0],[1,0,0,0,1,0,0,0,0,0,0,0,0,0],[1,1,0,0,0,1,1,0,0,1,0,0,0,0],[0,0,0,1,1,0,0,0,0,0,0,0,0,0],[0,0,0,1,0,0,0,0,0,0,0,0,0,0]],"edge_indices":[[6,11],[6,5],[11,6],[11,5],[5,11],[5,6],[4,12],[4,3],[12,4],[12,3],[3,12],[3,4],[13,3],[3,13],[1,11],[11,1],[7,5],[5,7],[0,1],[1,0],[10,0],[0,10],[9,11],[11,9],[2,1],[1,2],[8,9],[9,8],[10,4],[4,10],[0,11],[11,0]],"edge_attributes":[[1.0],[1.0],[1.0],[1.0],[1.0],[1.0],[1.0],[1.0],[1.0],[1.0],[1.0],[1.0],[1.0],[1.0],[1.0],[1.0],[1.0],[1.0],[1.0],[1.0],[1.0],[1.0],[1.0],[1.0],[1.0],[1.0],[1.0],[1.0],[1.0],[1.0],[1.0],[1.0]],"seed_graph_indices":[-1,-1,-1,1,1,0,0,-1,-1,-1,-1,0,1,-1],"graph_labels":0,"node_importances":[0,0,0,1,1,1,1,0,0,0,0,1,1,0],"edge_importances":[1,1,1,1,1,1,1,1,1,1,1,1,0,0,0,0,0,0,0,0,0,0,0,0,0,0,0,0,0,0,0,0],"multi_node_importances":[[0,0],[0,0],[0,0],[0,1],[0,1],[1,0],[1,0],[0,0],[0,0],[0,0],[0,0],[1,0],[0,1],[0,0]],"multi_edge_importances":[[1,0],[1,0],[1,0],[1,0],[1,0],[1,0],[0,1],[0,1],[0,1],[0,1],[0,1],[0,1],[0,0],[0,0],[0,0],[0,0],[0,0],[0,0],[0,0],[0,0],[0,0],[0,0],[0,0],[0,0],[0,0],[0,0],[0,0],[0,0],[0,0],[0,0],[0,0],[0,0]],"original_value":-0.3044757278272794,"class":0,"node_positions":[[-0.007767013995333558,0.05146969249665797],[0.07168582385331665,0.34755022755276266],[-0.06383060603586539,0.6690009716470525],[-0.8265944856618356,-0.5044226764046464],[-0.6076904320615537,-0.2626668396521572],[0.6523249984938506,-0.04319413596978187],[0.43625876458921176,-0.18904735600690245],[0.93140471779024,-0.23965984269272272],[0.7572613774377807,0.7056709231017478],[0.553945225440189,0.4359545126481936],[-0.30636692194693255,-0.1182532915936529],[0.34054275511198306,0.13740277175871257],[-0.931174203015051,-0.20793655967466917],[-0.9999999999999999,-0.7818683972105946]],"node_coordinates":[[469.9601524127432,483.4338615434601],[496.0449609032932,608.829361708242],[451.5541633849461,744.9696075586039],[201.13454009278212,248.0033168676483],[273.0019581810518,350.3913176917798],[686.672030781662,443.3420057387109],[615.7362846801445,381.5705101092091],[778.2954545454545,360.13520001241676],[721.1232275237894,760.4999999999999],[654.3734042135723,646.2701868680282],[371.928142164721,411.55308601246816],[584.3121865069716,519.8280860159446],[166.8004373342257,373.5705882596177],[144.2045454545455,130.5]]},"label":"0","name":"144","value":-0.3044757278272794,"input_type":"classification","classes":{"0":"low","1":"high"},"image_width":900,"image_height":900,"image_path":"./144.png"}