{"graph":{"node_indices":[0,1,2,3,4,5,6,7,8,9,10,11,12,13,14,15,16,17,18,19,20,21,22,23,24,25,26,27,28,29,30,31,32],"node_attributes":[[0.0,0.0,1.0],[1.0,1.0,0.0],[0.800000011920929,0.800000011920929,0.800000011920929],[0.800000011920929,0.800000011920929,0.800000011920929],[0.800000011920929,0.800000011920929,0.800000011920929],[0.0,1.0,0.0],[1.0,0.0,0.0],[0.0,1.0,0.0],[1.0,0.0,1.0],[0.800000011920929,0.800000011920929,0.800000011920929],[0.0,0.0,1.0],[0.0,0.0,1.0],[1.0,0.0,1.0],[0.0,0.0,1.0],[1.0,0.0,1.0],[0.0,0.0,1.0],[0.0,0.0,1.0],[0.800000011920929,0.800000011920929,0.800000011920929],[0.0,1.0,0.0],[1.0,1.0,0.0],[0.0,1.0,0.0],[0.0,1.0,1.0],[1.0,0.0,1.0],[1.0,0.0,0.0],[1.0,0.0,0.0],[0.0,1.0,0.0],[1.0,0.0,0.0],[0.0,1.0,1.0],[1.0,0.0,0.0],[1.0,0.0,0.0],[0.0,1.0,0.0],[1.0,0.0,0.0],[1.0,0.0,1.0]],"node_adjacency":[[0,0,0,0,0,0,0,0,0,0,0,0,0,0,0,0,0,0,0,0,0,0,0,0,0,0,1,0,0,0,0,0,0],[0,0,0,0,0,0,0,1,0,0,1,1,0,1,0,0,0,0,0,0,0,0,0,0,0,0,0,1,0,0,0,0,0],[0,0,0,0,0,0,0,0,0,0,0,0,0,0,1,0,0,0,0,0,0,0,0,0,0,0,0,0,0,0,0,0,1],[0,0,0,0,0,0,0,1,1,0,0,0,0,0,0,0,0,0,0,0,0,0,0,0,0,0,0,0,0,0,0,0,0],[0,0,0,0,0,0,0,0,0,0,1,0,0,0,0,0,1,0,0,0,0,0,0,0,0,0,0,0,0,0,0,0,0],[0,0,0,0,0,0,0,0,0,0,0,0,0,0,0,0,0,0,1,0,0,1,0,0,0,0,0,0,0,0,0,0,0],[0,0,0,0,0,0,0,0,0,0,0,0,0,0,0,0,0,0,0,0,0,0,0,0,0,0,0,0,0,0,0,0,1],[0,1,0,1,0,0,0,0,0,0,0,0,0,0,0,0,0,0,0,0,0,0,0,0,0,0,0,0,0,0,0,0,0],[0,0,0,1,0,0,0,0,0,0,0,0,0,0,0,0,0,0,0,0,0,0,1,0,0,0,0,0,1,0,0,0,0],[0,0,0,0,0,0,0,0,0,0,0,0,0,0,0,0,0,0,0,0,0,0,0,0,0,0,0,0,0,0,1,0,0],[0,1,0,0,1,0,0,0,0,0,0,0,0,0,0,0,0,0,0,0,0,0,0,0,0,0,0,0,0,0,0,0,0],[0,1,0,0,0,0,0,0,0,0,0,0,0,0,0,0,0,0,0,0,1,0,0,0,0,0,0,0,0,0,0,0,0],[0,0,0,0,0,0,0,0,0,0,0,0,0,0,0,0,0,0,0,1,0,0,0,0,0,0,0,0,0,0,0,0,0],[0,0,0,0,0,0,0,0,0,0,0,0,0,0,0,0,0,0,1,0,0,0,0,0,0,1,0,1,0,0,0,0,0],[0,0,1,0,0,0,0,0,0,0,0,0,0,0,0,0,0,0,0,0,0,0,0,0,0,0,0,0,0,1,0,0,0],[0,0,0,0,0,0,0,0,0,0,0,0,0,0,0,0,0,0,0,0,0,0,0,1,0,0,0,0,1,0,0,0,0],[0,0,0,0,1,0,0,0,0,0,0,0,0,0,0,0,0,0,0,0,0,0,0,0,0,0,0,0,0,0,0,0,0],[0,0,0,0,0,0,0,0,0,0,0,0,0,0,0,0,0,0,0,0,0,0,0,0,0,0,0,0,0,0,0,0,1],[0,0,0,0,0,1,0,0,0,0,0,0,0,1,0,0,0,0,0,0,0,0,0,0,0,0,0,0,0,0,0,0,0],[0,0,0,0,0,0,0,0,0,0,0,0,1,0,0,0,0,0,0,0,1,0,0,0,0,0,0,0,0,0,0,0,0],[0,0,0,0,0,0,0,0,0,0,0,1,0,0,0,0,0,0,0,1,0,0,0,0,0,0,0,0,0,0,0,0,0],[0,0,0,0,0,1,0,0,0,0,0,0,0,0,0,0,0,0,0,0,0,0,0,0,0,0,0,0,0,0,0,0,0],[0,0,0,0,0,0,0,0,1,0,0,0,0,0,0,0,0,0,0,0,0,0,0,0,1,0,0,0,1,0,0,0,0],[0,0,0,0,0,0,0,0,0,0,0,0,0,0,0,1,0,0,0,0,0,0,0,0,0,0,0,0,0,0,0,0,0],[0,0,0,0,0,0,0,0,0,0,0,0,0,0,0,0,0,0,0,0,0,0,1,0,0,0,0,0,0,0,0,0,0],[0,0,0,0,0,0,0,0,0,0,0,0,0,1,0,0,0,0,0,0,0,0,0,0,0,0,0,0,0,0,0,0,0],[1,0,0,0,0,0,0,0,0,0,0,0,0,0,0,0,0,0,0,0,0,0,0,0,0,0,0,0,0,1,1,0,0],[0,1,0,0,0,0,0,0,0,0,0,0,0,1,0,0,0,0,0,0,0,0,0,0,0,0,0,0,0,0,0,0,0],[0,0,0,0,0,0,0,0,1,0,0,0,0,0,0,1,0,0,0,0,0,0,1,0,0,0,0,0,0,1,0,0,0],[0,0,0,0,0,0,0,0,0,0,0,0,0,0,1,0,0,0,0,0,0,0,0,0,0,0,1,0,1,0,1,1,0],[0,0,0,0,0,0,0,0,0,1,0,0,0,0,0,0,0,0,0,0,0,0,0,0,0,0,1,0,0,1,0,0,0],[0,0,0,0,0,0,0,0,0,0,0,0,0,0,0,0,0,0,0,0,0,0,0,0,0,0,0,0,0,1,0,0,0],[0,0,1,0,0,0,1,0,0,0,0,0,0,0,0,0,0,1,0,0,0,0,0,0,0,0,0,0,0,0,0,0,0]],"edge_indices":[[1,10],[1,11],[1,13],[10,1],[11,1],[11,1],[26,29],[26,30],[29,26],[29,30],[30,29],[30,26],[27,1],[1,27],[14,29],[29,14],[7,1],[1,7],[28,29],[29,28],[2,14],[14,2],[15,28],[28,15],[18,13],[13,18],[31,29],[29,31],[0,26],[26,0],[4,10],[10,4],[22,28],[28,22],[8,22],[22,8],[20,11],[11,20],[5,18],[18,5],[32,2],[2,32],[17,32],[32,17],[9,30],[30,9],[19,20],[20,19],[24,22],[22,24],[23,15],[15,23],[21,5],[5,21],[3,8],[8,3],[6,32],[32,6],[16,4],[4,16],[12,19],[19,12],[25,13],[13,25],[7,3],[3,7],[13,27],[27,13],[8,28],[28,8]],"edge_attributes":[[1.0],[1.0],[1.0],[1.0],[1.0],[1.0],[1.0],[1.0],[1.0],[1.0],[1.0],[1.0],[1.0],[1.0],[1.0],[1.0],[1.0],[1.0],[1.0],[1.0],[1.0],[1.0],[1.0],[1.0],[1.0],[1.0],[1.0],[1.0],[1.0],[1.0],[1.0],[1.0],[1.0],[1.0],[1.0],[1.0],[1.0],[1.0],[1.0],[1.0],[1.0],[1.0],[1.0],[1.0],[1.0],[1.0],[1.0],[1.0],[1.0],[1.0],[1.0],[1.0],[1.0],[1.0],[1.0],[1.0],[1.0],[1.0],[1.0],[1.0],[1.0],[1.0],[1.0],[1.0],[1.0],[1.0],[1.0],[1.0],[1.0],[1.0]],"seed_graph_indices":[-1,0,-1,-1,-1,-1,-1,-1,-1,-1,0,0,-1,0,-1,-1,-1,-1,-1,-1,-1,-1,-1,-1,-1,-1,1,-1,-1,1,1,-1,-1],"graph_labels":0,"node_importances":[0,1,0,0,0,0,0,0,0,0,1,1,0,1,0,0,0,0,0,0,0,0,0,0,0,0,1,0,0,1,1,0,0],"edge_importances":[1,1,1,1,1,1,1,1,1,1,1,1,0,0,0,0,0,0,0,0,0,0,0,0,0,0,0,0,0,0,0,0,0,0,0,0,0,0,0,0,0,0,0,0,0,0,0,0,0,0,0,0,0,0,0,0,0,0,0,0,0,0,0,0,0,0,0,0,0,0],"multi_node_importances":[[0,0],[1,0],[0,0],[0,0],[0,0],[0,0],[0,0],[0,0],[0,0],[0,0],[1,0],[1,0],[0,0],[1,0],[0,0],[0,0],[0,0],[0,0],[0,0],[0,0],[0,0],[0,0],[0,0],[0,0],[0,0],[0,0],[0,1],[0,0],[0,0],[0,1],[0,1],[0,0],[0,0]],"multi_edge_importances":[[1,0],[1,0],[1,0],[1,0],[1,0],[1,0],[0,1],[0,1],[0,1],[0,1],[0,1],[0,1],[0,0],[0,0],[0,0],[0,0],[0,0],[0,0],[0,0],[0,0],[0,0],[0,0],[0,0],[0,0],[0,0],[0,0],[0,0],[0,0],[0,0],[0,0],[0,0],[0,0],[0,0],[0,0],[0,0],[0,0],[0,0],[0,0],[0,0],[0,0],[0,0],[0,0],[0,0],[0,0],[0,0],[0,0],[0,0],[0,0],[0,0],[0,0],[0,0],[0,0],[0,0],[0,0],[0,0],[0,0],[0,0],[0,0],[0,0],[0,0],[0,0],[0,0],[0,0],[0,0],[0,0],[0,0],[0,0],[0,0],[0,0],[0,0]],"original_value":-1.0329283748729865,"class":0,"node_positions":[[-0.2747563534540986,-0.6833148442102633],[0.3384187349558016,0.23942733397655272],[-0.6692503050257929,-0.4153248759538021],[0.050123449016056,0.0391389493244028],[0.5926794305613066,-0.02652593539582136],[0.8460126086840017,0.36037040319840286],[-0.8925044780480209,-0.6399881644287563],[0.1894086575048564,0.142545966146269],[-0.09764257642242735,-0.05602399401076331],[-0.07529422548857098,-0.6062476647357458],[0.45677238621079663,0.09266554646049682],[0.2552541481242424,0.42869820775621104],[0.2030242621145559,0.9426653620880483],[0.5135883026570347,0.31498821855451],[-0.5056575084757035,-0.3506810105357596],[-0.4162295502902847,-0.04864108640578283],[0.7321364832951481,-0.1258152145550886],[-0.9853534967901252,-0.41859066815396484],[0.6852946567822338,0.31886352331736384],[0.2098463838208497,0.7794231085211977],[0.22439990523479741,0.6091488102801047],[1.0,0.4018297252270356],[-0.2303009000147059,0.0015589804941324352],[-0.5573719671762338,0.0637297757220865],[-0.323684437919364,0.1525719091504761],[0.5537327941113936,0.48631239601871695],[-0.27523887526016994,-0.5078338509000582],[0.3993010549230691,0.3409618237992087],[-0.2558733702994142,-0.14905251174046838],[-0.3040788115220738,-0.3293153309395024],[-0.16909072212207718,-0.45271641850310995],[-0.39141845790048296,-0.42313577436253935],[-0.8262472217865986,-0.481692695203789]],"node_coordinates":[[371.15817831833357,130.5],[566.9967279118188,488.02438437189716],[245.16296951174598,234.3350155479048],[474.9197148037186,410.4209290271865],[648.2036242571021,384.97850530425495],[729.1142859999212,534.8848155841739],[173.85907236754457,147.28729430814585],[519.4052357028296,450.48686608191076],[427.7255533838376,373.54922907110756],[434.8632677421334,160.36034078451652],[604.7970362397022,431.1602689435744],[540.4352573457699,561.35901047577],[523.7538472315802,760.5],[622.9431528725713,517.3010982579083],[297.41195451763184,259.38183657045727],[325.9738481026362,376.4098000504595],[692.7440295250353,346.50802108308227],[144.20454545454544,233.06965630298106],[677.7834814890941,518.8026183816718],[525.9327263892045,697.2503864138382],[530.5808939013197,631.2761467051614],[778.2954545454545,550.9485860881837],[385.3565560535873,395.86024724805867],[280.8951638385007,419.94885597889896],[355.5313120656399,454.3715038334552],[635.764676657853,583.6821226912698],[371.0040683871991,198.49161844479832],[586.441590339605,527.3647947535827],[377.1891083135514,337.50453065307426],[361.79304302974975,267.66015268617787],[404.9061311838122,219.8473411501378],[333.89812363060844,231.30861585469617],[195.02060552755887,208.62023380238782]]},"label":"0","name":"1456","value":-1.0329283748729865,"input_type":"classification","classes":{"0":"low","1":"high"},"image_width":900,"image_height":900,"image_path":"./1456.png"}