{"graph": {"node_indices": [0, 1, 2, 3, 4, 5, 6, 7, 8, 9, 10, 11, 12, 13], "node_attributes": [[0.0, 1.0, 0.0], [1.0, 0.0, 0.0], [0.0, 0.0, 1.0], [0.0, 1.0, 0.0], [1.0, 0.0, 0.0], [1.0, 0.0, 0.0], [0.0, 0.0, 1.0], [0.0, 1.0, 1.0], [1.0, 0.0, 1.0], [0.0, 0.0, 1.0], [0.0, 1.0, 1.0], [1.0, 0.0, 0.0], [1.0, 1.0, 0.0], [1.0, 1.0, 0.0]], "node_adjacency": [[0, 0, 0, 0, 0, 0, 1, 0, 0, 0, 0, 0, 0, 0], [0, 0, 0, 0, 1, 0, 0, 0, 0, 0, 0, 0, 0, 0], [0, 0, 0, 0, 1, 0, 0, 1, 0, 0, 0, 1, 1, 0], [0, 0, 0, 0, 0, 1, 1, 0, 0, 0, 0, 0, 1, 0], [0, 1, 1, 0, 0, 0, 0, 0, 1, 0, 0, 0, 0, 0], [0, 0, 0, 1, 0, 0, 0, 0, 0, 0, 0, 1, 0, 0], [1, 0, 0, 1, 0, 0, 0, 0, 0, 0, 0, 0, 1, 0], [0, 0, 1, 0, 0, 0, 0, 0, 0, 0, 0, 0, 0, 0], [0, 0, 0, 0, 1, 0, 0, 0, 0, 0, 0, 0, 0, 0], [0, 0, 0, 0, 0, 0, 0, 0, 0, 0, 1, 0, 0, 0], [0, 0, 0, 0, 0, 0, 0, 0, 0, 1, 0, 0, 0, 1], [0, 0, 1, 0, 0, 1, 0, 0, 0, 0, 0, 0, 0, 0], [0, 0, 1, 1, 0, 0, 1, 0, 0, 1, 0, 0, 0, 0], [0, 0, 0, 0, 0, 0, 0, 0, 0, 0, 1, 0, 0, 0]], "edge_indices": [[12, 6], [12, 2], [12, 9], [6, 12], [2, 12], [2, 12], [10, 9], [9, 10], [0, 6], [6, 0], [3, 12], [12, 3], [11, 2], [2, 11], [5, 11], [11, 5], [4, 2], [2, 4], [1, 4], [4, 1], [7, 2], [2, 7], [13, 10], [10, 13], [8, 4], [4, 8], [6, 3], [3, 6], [3, 5], [5, 3]], "edge_attributes": [[1.0], [1.0], [1.0], [1.0], [1.0], [1.0], [1.0], [1.0], [1.0], [1.0], [1.0], [1.0], [1.0], [1.0], [1.0], [1.0], [1.0], [1.0], [1.0], [1.0], [1.0], [1.0], [1.0], [1.0], [1.0], [1.0], [1.0], [1.0], [1.0], [1.0]], "seed_graph_indices": [-1, -1, 0, -1, -1, -1, 0, -1, -1, 0, -1, -1, 0, -1], "graph_labels": 0, "node_importances": [0, 0, 1, 0, 0, 0, 1, 0, 0, 1, 0, 0, 1, 0], "edge_importances": [1, 1, 1, 1, 1, 1, 0, 0, 0, 0, 0, 0, 0, 0, 0, 0, 0, 0, 0, 0, 0, 0, 0, 0, 0, 0, 0, 0, 0, 0], "multi_node_importances": [[0, 0], [0, 0], [1, 0], [0, 0], [0, 0], [0, 0], [1, 0], [0, 0], [0, 0], [1, 0], [0, 0], [0, 0], [1, 0], [0, 0]], "multi_edge_importances": [[1, 0], [1, 0], [1, 0], [1, 0], [1, 0], [1, 0], [0, 0], [0, 0], [0, 0], [0, 0], [0, 0], [0, 0], [0, 0], [0, 0], [0, 0], [0, 0], [0, 0], [0, 0], [0, 0], [0, 0], [0, 0], [0, 0], [0, 0], [0, 0], [0, 0], [0, 0], [0, 0], [0, 0], [0, 0], [0, 0]], "original_value": -1.9, "class": 0, "node_positions": [[-0.13138020020905636, 0.5825049147441999], [0.8129956170023241, -0.10006174903483084], [0.23730515479567083, -0.11477245454253356], [-0.20065850206815353, -0.07623977841172053], [0.5296643301424865, 0.024792132329236685], [-0.1636548519738105, -0.38590757409949733], [-0.12278758764758188, 0.27953753513439566], [0.4067637332473278, -0.3768434480051097], [0.6972046585855569, 0.27949468717713694], [-0.4170800748789864, 0.0835328965537481], [-0.7168168528768665, 0.08064404956157714], [0.11597358090568978, -0.41365286719198846], [-0.04752900502460094, 0.0569852922671234], [-1.0, 0.07998636351826272]], "node_coordinates": [[448.0022564575593, 760.4999999999999], [778.2954545454545, 328.8244100698745], [576.9490833175121, 319.52091956073104], [423.77233499821085, 343.8901373720188], [679.2010102048198, 407.7857419850642], [436.71427369235926, 148.04695387139896], [451.0075022835697, 568.8943601954379], [636.2168184714061, 153.77937853646068], [737.7978419762668, 568.867261864669], [348.07940415847264, 444.9351596099649], [243.24717827427068, 443.1081662981922], [534.51365365192, 130.5], [477.32901273002216, 428.14565999067173], [144.20454545454544, 442.6922259574133]]}, "label": "0", "name": "1478", "value": -1.9, "input_type": "classification", "classes": {"0": "low", "1": "high"}, "image_width": 900, "image_height": 900, "image_path": "./1478.png"}