{"graph": {"node_indices": [0, 1, 2, 3, 4, 5, 6, 7, 8, 9], "node_attributes": [[1.0, 1.0, 0.0], [0.0, 1.0, 0.0], [0.0, 1.0, 1.0], [0.0, 1.0, 1.0], [1.0, 1.0, 0.0], [1.0, 1.0, 0.0], [0.0, 1.0, 0.0], [1.0, 0.0, 0.0], [0.0, 1.0, 0.0], [1.0, 0.0, 0.0]], "node_adjacency": [[0, 0, 0, 0, 0, 0, 0, 0, 1, 0], [0, 0, 0, 0, 0, 1, 0, 1, 0, 1], [0, 0, 0, 0, 1, 0, 0, 0, 1, 1], [0, 0, 0, 0, 0, 1, 0, 0, 0, 0], [0, 0, 1, 0, 0, 1, 0, 0, 0, 0], [0, 1, 0, 1, 1, 0, 0, 0, 0, 0], [0, 0, 0, 0, 0, 0, 0, 0, 1, 0], [0, 1, 0, 0, 0, 0, 0, 0, 0, 1], [1, 0, 1, 0, 0, 0, 1, 0, 0, 0], [0, 1, 1, 0, 0, 0, 0, 1, 0, 0]], "edge_indices": [[7, 9], [7, 1], [9, 7], [9, 1], [1, 9], [1, 7], [2, 9], [9, 2], [5, 1], [1, 5], [8, 2], [2, 8], [3, 5], [5, 3], [6, 8], [8, 6], [4, 5], [5, 4], [0, 8], [8, 0], [2, 4], [4, 2]], "edge_attributes": [[1.0], [1.0], [1.0], [1.0], [1.0], [1.0], [1.0], [1.0], [1.0], [1.0], [1.0], [1.0], [1.0], [1.0], [1.0], [1.0], [1.0], [1.0], [1.0], [1.0], [1.0], [1.0]], "seed_graph_indices": [-1, 0, -1, -1, -1, -1, -1, 0, -1, 0], "graph_labels": 1, "node_importances": [0, 1, 0, 0, 0, 0, 0, 1, 0, 1], "edge_importances": [1, 1, 1, 1, 1, 1, 0, 0, 0, 0, 0, 0, 0, 0, 0, 0, 0, 0, 0, 0, 0, 0], "multi_node_importances": [[0, 0], [0, 1], [0, 0], [0, 0], [0, 0], [0, 0], [0, 0], [0, 1], [0, 0], [0, 1]], "multi_edge_importances": [[0, 1], [0, 1], [0, 1], [0, 1], [0, 1], [0, 1], [0, 0], [0, 0], [0, 0], [0, 0], [0, 0], [0, 0], [0, 0], [0, 0], [0, 0], [0, 0], [0, 0], [0, 0], [0, 0], [0, 0], [0, 0], [0, 0]], "original_value": 1.21, "class": 1, "node_positions": [[0.6310819781751743, -0.7222369138835966], [-0.3717974699995125, 0.4266798583259757], [0.15213348934103627, -0.08413382071743204], [-1.0, -0.007037791343016022], [-0.26487372515889135, -0.25821672548903324], [-0.5849524497595253, 0.05005231451120514], [0.9521968217425086, -0.16754759033860656], [-0.10334562109962331, 0.7142659275704217], [0.537653256812567, -0.29781043290705944], [0.051903719946266566, 0.3459851742711414]], "node_coordinates": [[673.9944943080278, 130.5], [348.25032040139047, 634.3747892481628], [518.4277608157156, 410.3497413954134], [144.20454545454538, 444.16136856680095], [382.98010472143505, 334.0030563480666], [279.0156851494803, 469.19909606043683], [778.2954545454544, 373.76737389508287], [435.44587108573546, 760.4999999999999], [643.648013766615, 316.6386384342751], [485.8722393203095, 598.9849177578369]]}, "label": "1", "name": "1491", "value": 1.21, "input_type": "classification", "classes": {"0": "low", "1": "high"}, "image_width": 900, "image_height": 900, "image_path": "./1491.png"}