{"graph":{"node_indices":[0,1,2,3,4,5,6,7,8,9,10,11,12],"node_attributes":[[1.0,0.0,1.0],[0.800000011920929,0.800000011920929,0.800000011920929],[0.800000011920929,0.800000011920929,0.800000011920929],[0.800000011920929,0.800000011920929,0.800000011920929],[0.0,0.0,1.0],[0.0,0.0,1.0],[0.800000011920929,0.800000011920929,0.800000011920929],[1.0,0.0,1.0],[1.0,0.0,1.0],[0.0,1.0,0.0],[1.0,0.0,0.0],[0.800000011920929,0.800000011920929,0.800000011920929],[0.0,1.0,0.0]],"node_adjacency":[[0,0,0,0,1,0,0,0,0,0,0,0,0],[0,0,0,1,0,0,1,0,0,1,0,0,0],[0,0,0,0,0,0,0,1,0,0,1,0,0],[0,1,0,0,0,0,0,1,0,0,0,0,0],[1,0,0,0,0,1,0,0,0,0,0,1,1],[0,0,0,0,1,0,1,0,0,0,0,0,1],[0,1,0,0,0,1,0,0,0,0,0,0,0],[0,0,1,1,0,0,0,0,0,0,0,0,0],[0,0,0,0,0,0,0,0,0,0,1,1,0],[0,1,0,0,0,0,0,0,0,0,1,0,0],[0,0,1,0,0,0,0,0,1,1,0,0,0],[0,0,0,0,1,0,0,0,1,0,0,0,0],[0,0,0,0,1,1,0,0,0,0,0,0,0]],"edge_indices":[[4,5],[4,12],[5,4],[5,12],[12,5],[12,4],[6,5],[5,6],[1,6],[6,1],[3,1],[1,3],[7,3],[3,7],[0,4],[4,0],[11,4],[4,11],[8,11],[11,8],[2,7],[7,2],[9,1],[1,9],[10,2],[2,10],[8,10],[10,8],[10,9],[9,10]],"edge_attributes":[[1.0],[1.0],[1.0],[1.0],[1.0],[1.0],[1.0],[1.0],[1.0],[1.0],[1.0],[1.0],[1.0],[1.0],[1.0],[1.0],[1.0],[1.0],[1.0],[1.0],[1.0],[1.0],[1.0],[1.0],[1.0],[1.0],[1.0],[1.0],[1.0],[1.0]],"seed_graph_indices":[-1,-1,-1,-1,0,0,-1,-1,-1,-1,-1,-1,0],"graph_labels":0,"node_importances":[0,0,0,0,1,1,0,0,0,0,0,0,1],"edge_importances":[1,1,1,1,1,1,0,0,0,0,0,0,0,0,0,0,0,0,0,0,0,0,0,0,0,0,0,0,0,0],"multi_node_importances":[[0,0],[0,0],[0,0],[0,0],[1,0],[1,0],[0,0],[0,0],[0,0],[0,0],[0,0],[0,0],[1,0]],"multi_edge_importances":[[1,0],[1,0],[1,0],[1,0],[1,0],[1,0],[0,0],[0,0],[0,0],[0,0],[0,0],[0,0],[0,0],[0,0],[0,0],[0,0],[0,0],[0,0],[0,0],[0,0],[0,0],[0,0],[0,0],[0,0],[0,0],[0,0],[0,0],[0,0],[0,0],[0,0]],"original_value":-1.015259499561696,"class":0,"node_positions":[[1.0,0.4571349062860788],[-0.5037299452828194,0.14659039344773117],[-0.44560633468783767,-0.7859086541684129],[-0.8660307066696667,-0.09380579919652808],[0.5849262411252775,0.35666940798026314],[0.1928193821892483,0.5619360376908207],[-0.23184809002980508,0.48937391567317673],[-0.8269046248527333,-0.5439223367283],[0.36027164315341076,-0.4549640913295228],[-0.295996787373215,-0.22142786598719702],[-0.0646971967493469,-0.5710403097670245],[0.6050559707532966,-0.09025964552327742],[0.49174044842419085,0.7496240416221921]],"node_coordinates":[[778.2954545454545,640.4972441049999],[267.3169992480417,513.0867085791331],[287.0678280795751,130.5],[144.20454545454544,414.4567010377397],[637.2503494654953,599.278151795099],[504.0095652946583,683.4951646090585],[359.70444611400876,653.7242994256385],[157.49987478636683,229.78240564671137],[560.9110707225057,266.2802899020344],[337.90624865129087,362.09578270722864],[416.50354459439933,218.6564146071001],[644.0905791112149,415.91162076707684],[605.5851342056432,760.5]]},"label":"0","name":"1492","value":-1.015259499561696,"input_type":"classification","classes":{"0":"low","1":"high"},"image_width":900,"image_height":900,"image_path":"./1492.png"}