{"graph":{"node_indices":[0,1,2,3,4,5,6,7,8,9,10,11,12,13,14,15,16,17,18,19,20,21,22],"node_attributes":[[1.0,0.0,0.0],[1.0,0.0,1.0],[1.0,0.0,0.0],[0.0,1.0,1.0],[1.0,0.0,0.0],[0.0,1.0,1.0],[1.0,0.0,1.0],[0.0,0.0,1.0],[1.0,0.0,1.0],[0.0,0.0,1.0],[1.0,0.0,0.0],[1.0,0.0,1.0],[1.0,0.0,1.0],[0.800000011920929,0.800000011920929,0.800000011920929],[0.0,1.0,1.0],[0.800000011920929,0.800000011920929,0.800000011920929],[0.0,1.0,1.0],[1.0,0.0,0.0],[0.800000011920929,0.800000011920929,0.800000011920929],[0.0,1.0,0.0],[0.800000011920929,0.800000011920929,0.800000011920929],[1.0,1.0,0.0],[0.800000011920929,0.800000011920929,0.800000011920929]],"node_adjacency":[[0,0,0,0,0,0,0,0,0,0,0,0,0,0,1,0,0,0,0,0,0,0,0],[0,0,0,0,0,0,0,0,0,0,0,0,0,0,0,0,0,0,0,0,1,0,0],[0,0,0,0,0,0,0,1,0,0,0,0,0,0,1,0,0,0,0,0,0,0,0],[0,0,0,0,0,0,0,0,0,0,0,0,0,0,0,0,1,0,0,0,0,0,0],[0,0,0,0,0,0,1,0,0,0,1,1,0,0,0,0,0,0,0,1,0,0,0],[0,0,0,0,0,0,0,0,0,0,0,0,0,0,0,1,0,0,0,0,0,0,0],[0,0,0,0,1,0,0,0,0,0,0,0,0,0,0,0,1,0,0,0,1,0,0],[0,0,1,0,0,0,0,0,0,0,0,0,0,0,0,0,0,0,0,0,0,0,0],[0,0,0,0,0,0,0,0,0,0,0,0,0,0,0,0,0,1,0,0,0,0,0],[0,0,0,0,0,0,0,0,0,0,1,0,0,0,0,0,0,1,0,0,0,0,0],[0,0,0,0,1,0,0,0,0,1,0,0,0,0,0,0,0,0,0,1,0,0,1],[0,0,0,0,1,0,0,0,0,0,0,0,1,0,0,0,0,0,1,0,0,0,0],[0,0,0,0,0,0,0,0,0,0,0,1,0,0,0,0,0,0,0,0,0,0,0],[0,0,0,0,0,0,0,0,0,0,0,0,0,0,1,0,0,0,1,0,0,0,0],[1,0,1,0,0,0,0,0,0,0,0,0,0,1,0,0,0,0,0,1,0,0,0],[0,0,0,0,0,1,0,0,0,0,0,0,0,0,0,0,0,0,0,0,0,1,0],[0,0,0,1,0,0,1,0,0,0,0,0,0,0,0,0,0,0,0,0,0,0,0],[0,0,0,0,0,0,0,0,1,1,0,0,0,0,0,0,0,0,0,0,0,0,0],[0,0,0,0,0,0,0,0,0,0,0,1,0,1,0,0,0,0,0,0,0,0,0],[0,0,0,0,1,0,0,0,0,0,1,0,0,0,1,0,0,0,0,0,0,1,0],[0,1,0,0,0,0,1,0,0,0,0,0,0,0,0,0,0,0,0,0,0,0,0],[0,0,0,0,0,0,0,0,0,0,0,0,0,0,0,1,0,0,0,1,0,0,0],[0,0,0,0,0,0,0,0,0,0,1,0,0,0,0,0,0,0,0,0,0,0,0]],"edge_indices":[[4,10],[4,19],[10,4],[10,19],[19,10],[19,4],[11,4],[4,11],[6,4],[4,6],[20,6],[6,20],[21,19],[19,21],[14,19],[19,14],[9,10],[10,9],[15,21],[21,15],[2,14],[14,2],[17,9],[9,17],[7,2],[2,7],[0,14],[14,0],[12,11],[11,12],[13,14],[14,13],[5,15],[15,5],[22,10],[10,22],[16,6],[6,16],[8,17],[17,8],[18,11],[11,18],[1,20],[20,1],[3,16],[16,3],[13,18],[18,13]],"edge_attributes":[[1.0],[1.0],[1.0],[1.0],[1.0],[1.0],[1.0],[1.0],[1.0],[1.0],[1.0],[1.0],[1.0],[1.0],[1.0],[1.0],[1.0],[1.0],[1.0],[1.0],[1.0],[1.0],[1.0],[1.0],[1.0],[1.0],[1.0],[1.0],[1.0],[1.0],[1.0],[1.0],[1.0],[1.0],[1.0],[1.0],[1.0],[1.0],[1.0],[1.0],[1.0],[1.0],[1.0],[1.0],[1.0],[1.0],[1.0],[1.0]],"seed_graph_indices":[-1,-1,-1,-1,0,-1,-1,-1,-1,-1,0,-1,-1,-1,-1,-1,-1,-1,-1,0,-1,-1,-1],"graph_labels":1,"node_importances":[0,0,0,0,1,0,0,0,0,0,1,0,0,0,0,0,0,0,0,1,0,0,0],"edge_importances":[1,1,1,1,1,1,0,0,0,0,0,0,0,0,0,0,0,0,0,0,0,0,0,0,0,0,0,0,0,0,0,0,0,0,0,0,0,0,0,0,0,0,0,0,0,0,0,0],"multi_node_importances":[[0,0],[0,0],[0,0],[0,0],[0,1],[0,0],[0,0],[0,0],[0,0],[0,0],[0,1],[0,0],[0,0],[0,0],[0,0],[0,0],[0,0],[0,0],[0,0],[0,1],[0,0],[0,0],[0,0]],"multi_edge_importances":[[0,1],[0,1],[0,1],[0,1],[0,1],[0,1],[0,0],[0,0],[0,0],[0,0],[0,0],[0,0],[0,0],[0,0],[0,0],[0,0],[0,0],[0,0],[0,0],[0,0],[0,0],[0,0],[0,0],[0,0],[0,0],[0,0],[0,0],[0,0],[0,0],[0,0],[0,0],[0,0],[0,0],[0,0],[0,0],[0,0],[0,0],[0,0],[0,0],[0,0],[0,0],[0,0],[0,0],[0,0],[0,0],[0,0],[0,0],[0,0]],"original_value":0.7866379084123287,"class":1,"node_positions":[[-0.322572862156824,-0.6214101368817828],[0.9999999999999999,-0.06273641899344187],[-0.5333999857930617,-0.46237708772712194],[0.8067324496162283,0.5419413133595902],[0.15873585399733312,-0.01776085839789932],[-0.9627074426877265,0.21006503609008764],[0.4524819572712176,0.09926130614562925],[-0.7328488291709111,-0.6612566627984653],[-0.2698809097184985,0.9989390251569159],[-0.15916886072764025,0.4570553014851521],[-0.03298576614216532,0.17722658257250842],[0.2784641723400928,-0.28983418534375277],[0.5087868149708964,-0.46977767551314736],[-0.0708830681115384,-0.5802200343068877],[-0.25620803307817186,-0.3513573947330774],[-0.7004657916094557,0.13588268004855147],[0.6112490828823048,0.3459859737548541],[-0.21501418570711872,0.736662497430119],[0.18564412797109958,-0.5621993883271846],[-0.14663671713916113,-0.061081998277309736],[0.7285281208570608,-0.003971832998047401],[-0.42600704305896236,0.04686661427272727],[0.09815691519500186,0.39409734398198276]],"node_coordinates":[[351.01250331989314,145.62069421070836],[778.2954545454545,357.6224749785633],[282.90069022947273,205.96949627923237],[715.8566039785048,587.0815526922072],[506.50866884196233,374.6895011013015],[144.20454545454544,461.1433538421172],[601.409075094961,419.096292539977],[218.46485243522412,130.49999999999997],[368.03566596589565,760.5],[403.8033521044863,554.8695743881572],[444.5692611836511,448.6820362599992],[545.1892365978595,271.4449274528881],[619.5994572316553,203.1611705264183],[432.3257988442281,161.25123994121944],[372.4529553642993,248.09850980075635],[228.92682413812315,432.99312754938165],[652.7018907346795,512.7217258075697],[385.76143097322336,660.9730504562527],[515.2019114185166,168.08959463011445],[407.8521054479773,358.25028353072673],[690.5911707105502,379.92206860218766],[317.59607437442776,399.21390390386375],[486.93746146714807,530.978708079593]]},"label":"1","name":"1495","value":0.7866379084123287,"input_type":"classification","classes":{"0":"low","1":"high"},"image_width":900,"image_height":900,"image_path":"./1495.png"}