{"graph":{"node_indices":[0,1,2,3,4,5,6,7,8,9,10,11,12,13,14,15,16,17,18,19,20,21,22,23,24,25,26,27,28,29],"node_attributes":[[0.800000011920929,0.800000011920929,0.800000011920929],[0.0,0.0,1.0],[0.0,1.0,0.0],[0.0,1.0,1.0],[0.0,1.0,1.0],[0.0,1.0,0.0],[1.0,0.0,0.0],[0.800000011920929,0.800000011920929,0.800000011920929],[0.0,1.0,1.0],[1.0,1.0,0.0],[0.0,0.0,1.0],[0.0,1.0,1.0],[0.0,1.0,0.0],[0.0,1.0,1.0],[0.0,1.0,0.0],[0.0,0.0,1.0],[0.800000011920929,0.800000011920929,0.800000011920929],[1.0,0.0,1.0],[1.0,0.0,0.0],[1.0,1.0,0.0],[0.0,1.0,1.0],[1.0,0.0,0.0],[0.0,0.0,1.0],[1.0,0.0,1.0],[0.0,0.0,1.0],[0.0,0.0,1.0],[0.0,0.0,1.0],[0.800000011920929,0.800000011920929,0.800000011920929],[0.800000011920929,0.800000011920929,0.800000011920929],[0.0,1.0,0.0]],"node_adjacency":[[0,0,0,0,0,0,0,0,0,0,0,0,1,0,0,0,0,0,0,0,1,1,0,0,0,0,0,0,0,0],[0,0,0,0,0,0,0,0,0,0,0,0,0,1,0,0,0,0,0,1,0,0,0,0,0,0,0,0,1,0],[0,0,0,0,0,0,0,0,1,0,1,0,0,0,0,0,0,0,1,0,0,0,1,0,1,0,0,0,0,0],[0,0,0,0,0,0,1,0,0,0,0,0,0,0,0,0,0,0,0,0,0,0,0,0,0,0,0,0,0,0],[0,0,0,0,0,0,0,0,1,0,0,0,0,1,1,0,0,0,0,0,0,0,0,1,0,0,0,0,0,0],[0,0,0,0,0,0,0,0,0,0,0,0,0,0,0,0,0,1,0,0,0,0,0,0,0,1,0,0,0,0],[0,0,0,1,0,0,0,0,0,0,0,0,0,0,0,0,0,0,0,0,0,0,1,0,0,0,0,0,0,0],[0,0,0,0,0,0,0,0,0,0,0,0,0,0,0,0,0,0,0,0,0,0,0,0,0,0,0,0,1,0],[0,0,1,0,1,0,0,0,0,0,0,0,0,0,0,0,0,0,0,0,0,0,0,0,0,0,0,0,1,1],[0,0,0,0,0,0,0,0,0,0,0,0,0,1,0,0,0,0,0,0,0,0,0,0,0,0,0,0,0,0],[0,0,1,0,0,0,0,0,0,0,0,0,0,0,0,0,0,0,0,0,0,0,0,0,0,0,0,0,0,0],[0,0,0,0,0,0,0,0,0,0,0,0,0,0,0,0,0,0,0,0,0,0,0,0,0,1,0,0,0,0],[1,0,0,0,0,0,0,0,0,0,0,0,0,0,0,0,1,1,0,0,0,0,0,0,0,0,0,0,0,0],[0,1,0,0,1,0,0,0,0,1,0,0,0,0,0,0,0,0,0,0,0,0,0,0,0,0,0,0,0,0],[0,0,0,0,1,0,0,0,0,0,0,0,0,0,0,0,0,0,0,0,0,0,0,0,0,1,0,0,0,1],[0,0,0,0,0,0,0,0,0,0,0,0,0,0,0,0,0,0,0,0,0,0,0,1,0,0,0,0,0,0],[0,0,0,0,0,0,0,0,0,0,0,0,1,0,0,0,0,0,0,0,0,0,0,0,0,0,0,0,0,0],[0,0,0,0,0,1,0,0,0,0,0,0,1,0,0,0,0,0,0,0,0,0,0,0,0,0,0,0,0,0],[0,0,1,0,0,0,0,0,0,0,0,0,0,0,0,0,0,0,0,0,0,0,0,0,0,0,0,0,0,0],[0,1,0,0,0,0,0,0,0,0,0,0,0,0,0,0,0,0,0,0,0,0,0,0,0,1,1,0,0,0],[1,0,0,0,0,0,0,0,0,0,0,0,0,0,0,0,0,0,0,0,0,0,0,0,0,0,0,0,0,0],[1,0,0,0,0,0,0,0,0,0,0,0,0,0,0,0,0,0,0,0,0,0,0,0,0,0,0,0,0,0],[0,0,1,0,0,0,1,0,0,0,0,0,0,0,0,0,0,0,0,0,0,0,0,0,1,0,0,0,0,0],[0,0,0,0,1,0,0,0,0,0,0,0,0,0,0,1,0,0,0,0,0,0,0,0,0,0,0,1,1,0],[0,0,1,0,0,0,0,0,0,0,0,0,0,0,0,0,0,0,0,0,0,0,1,0,0,0,0,0,0,0],[0,0,0,0,0,1,0,0,0,0,0,1,0,0,1,0,0,0,0,0,0,0,0,0,0,0,0,0,0,0],[0,0,0,0,0,0,0,0,0,0,0,0,0,0,0,0,0,0,0,1,0,0,0,0,0,0,0,0,0,0],[0,0,0,0,0,0,0,0,0,0,0,0,0,0,0,0,0,0,0,0,0,0,0,1,0,0,0,0,0,0],[0,1,0,0,0,0,0,1,1,0,0,0,0,0,0,0,0,0,0,0,0,0,0,1,0,0,0,0,0,0],[0,0,0,0,0,0,0,0,1,0,0,0,0,0,1,0,0,0,0,0,0,0,0,0,0,0,0,0,0,0]],"edge_indices":[[24,22],[24,2],[22,24],[22,2],[2,22],[2,24],[19,26],[19,1],[19,25],[26,19],[1,19],[1,19],[14,25],[25,14],[8,2],[2,8],[4,8],[8,4],[5,25],[25,5],[28,8],[8,28],[17,5],[5,17],[10,2],[2,10],[12,17],[17,12],[6,22],[22,6],[11,25],[25,11],[0,12],[12,0],[20,0],[0,20],[23,28],[28,23],[3,6],[6,3],[21,0],[0,21],[7,28],[28,7],[13,4],[4,13],[27,23],[23,27],[15,23],[23,15],[9,13],[13,9],[16,12],[12,16],[29,8],[8,29],[18,2],[2,18],[28,1],[1,28],[4,14],[14,4],[29,14],[14,29],[13,1],[1,13],[23,4],[4,23]],"edge_attributes":[[1.0],[1.0],[1.0],[1.0],[1.0],[1.0],[1.0],[1.0],[1.0],[1.0],[1.0],[1.0],[1.0],[1.0],[1.0],[1.0],[1.0],[1.0],[1.0],[1.0],[1.0],[1.0],[1.0],[1.0],[1.0],[1.0],[1.0],[1.0],[1.0],[1.0],[1.0],[1.0],[1.0],[1.0],[1.0],[1.0],[1.0],[1.0],[1.0],[1.0],[1.0],[1.0],[1.0],[1.0],[1.0],[1.0],[1.0],[1.0],[1.0],[1.0],[1.0],[1.0],[1.0],[1.0],[1.0],[1.0],[1.0],[1.0],[1.0],[1.0],[1.0],[1.0],[1.0],[1.0],[1.0],[1.0],[1.0],[1.0]],"seed_graph_indices":[-1,1,0,-1,-1,-1,-1,-1,-1,-1,-1,-1,-1,-1,-1,-1,-1,-1,-1,1,-1,-1,0,-1,0,1,1,-1,-1,-1],"graph_labels":0,"node_importances":[0,1,1,0,0,0,0,0,0,0,0,0,0,0,0,0,0,0,0,1,0,0,1,0,1,1,1,0,0,0],"edge_importances":[1,1,1,1,1,1,1,1,1,1,1,1,0,0,0,0,0,0,0,0,0,0,0,0,0,0,0,0,0,0,0,0,0,0,0,0,0,0,0,0,0,0,0,0,0,0,0,0,0,0,0,0,0,0,0,0,0,0,0,0,0,0,0,0,0,0,0,0],"multi_node_importances":[[0,0],[1,0],[1,0],[0,0],[0,0],[0,0],[0,0],[0,0],[0,0],[0,0],[0,0],[0,0],[0,0],[0,0],[0,0],[0,0],[0,0],[0,0],[0,0],[1,0],[0,0],[0,0],[1,0],[0,0],[1,0],[1,0],[1,0],[0,0],[0,0],[0,0]],"multi_edge_importances":[[1,0],[1,0],[1,0],[1,0],[1,0],[1,0],[1,0],[1,0],[1,0],[1,0],[1,0],[1,0],[0,0],[0,0],[0,0],[0,0],[0,0],[0,0],[0,0],[0,0],[0,0],[0,0],[0,0],[0,0],[0,0],[0,0],[0,0],[0,0],[0,0],[0,0],[0,0],[0,0],[0,0],[0,0],[0,0],[0,0],[0,0],[0,0],[0,0],[0,0],[0,0],[0,0],[0,0],[0,0],[0,0],[0,0],[0,0],[0,0],[0,0],[0,0],[0,0],[0,0],[0,0],[0,0],[0,0],[0,0],[0,0],[0,0],[0,0],[0,0],[0,0],[0,0],[0,0],[0,0],[0,0],[0,0],[0,0],[0,0]],"original_value":-2.9255554557160757,"class":0,"node_positions":[[0.08084391005113835,0.8471258242306554],[0.17069667362778246,-0.12293772572051281],[-0.29897516352459114,-0.3165301133083073],[-0.812127756221846,-0.2850880865649318],[0.05269434316383194,-0.18766402459844458],[0.09072498737821441,0.34367913563138025],[-0.6521248647399079,-0.23973368457020777],[0.0045675023015480255,-0.4778318005814425],[-0.12906964742441204,-0.22646724450003453],[0.42505442551976935,-0.27379841554527634],[-0.2855102375671189,-0.5087867962930013],[0.2845921467577257,0.24461072287902538],[0.16154956858688044,0.6868592348716989],[0.24744356172833118,-0.2189956857042304],[0.02567024898259178,0.015014370916076726],[0.1885410765582469,-0.5505641083720659],[0.3344004385932503,0.7478752778550705],[0.11241796240674573,0.5172726326520125],[-0.38815482091179365,-0.4767746756780209],[0.2605109675411541,0.0406789464671632],[0.16827105618111576,0.9999999999999999],[-0.05977900550867172,0.9488585670305204],[-0.4740792028805666,-0.2255677539345473],[0.15662739708333634,-0.3674380590133481],[-0.44612607503095913,-0.33999452010602604],[0.13210998942226385,0.16526734817536456],[0.44756061617990595,0.06053685553875118],[0.31645262144017716,-0.46390155986515286],[0.027724852695601265,-0.2964739934011773],[-0.1425075723897437,-0.03923066849099155]],"node_coordinates":[[593.700808232523,698.3866502747805],[638.9301060405318,304.2461996030114],[402.51080685582514,225.58888803376618],[144.20454545454555,238.36390116696936],[579.5311255958122,277.9476621398237],[598.6746584659559,493.8343766183621],[224.74540074839655,256.7915644299061],[555.3054576110749,160.05140884577838],[488.03635866997064,262.18176867820637],[766.9664852475561,242.95093675226374],[409.28866344978303,147.47427824344763],[696.2618125804663,453.5825097674578],[634.325716353361,633.2697352430321],[677.5622829437689,265.21749097820117],[565.9279735606232,360.29665273280676],[647.9124654273929,130.49999999999997],[721.3338746413681,658.0607818511484],[609.5942783958451,564.3660641071299],[357.6203313509578,160.48092265018008],[684.140039326099,370.72426582528317],[637.709119957338,760.4999999999999],[522.9152756199413,739.7210443948693],[314.3684678985918,262.54723506118097],[631.8480367369073,204.90479917797035],[328.4392687715866,216.05521173960574],[619.5066786256778,421.3449996939228],[778.2954545454547,378.7926085965054],[712.2994595081307,165.7113177807765],[566.962201997391,233.7377646092454],[481.2720935991448,338.2566902172726]]},"label":"0","name":"1496","value":-2.9255554557160757,"input_type":"classification","classes":{"0":"low","1":"high"},"image_width":900,"image_height":900,"image_path":"./1496.png"}