{"graph": {"node_indices": [0, 1, 2, 3, 4, 5, 6, 7, 8, 9, 10, 11, 12, 13], "node_attributes": [[0.0, 0.0, 1.0], [0.0, 0.0, 1.0], [1.0, 1.0, 0.0], [1.0, 0.0, 0.0], [0.0, 1.0, 1.0], [0.0, 0.0, 1.0], [0.0, 1.0, 0.0], [1.0, 0.0, 1.0], [0.0, 0.0, 1.0], [1.0, 0.0, 0.0], [1.0, 0.0, 1.0], [1.0, 0.0, 0.0], [1.0, 1.0, 0.0], [0.0, 0.0, 1.0]], "node_adjacency": [[0, 1, 0, 0, 0, 1, 0, 0, 0, 0, 0, 0, 0, 0], [1, 0, 0, 0, 0, 0, 0, 0, 0, 0, 1, 0, 0, 1], [0, 0, 0, 1, 1, 0, 0, 0, 0, 1, 0, 1, 0, 0], [0, 0, 0, 0, 0, 0, 0, 0, 0, 0, 0, 0, 0, 0], [0, 0, 1, 0, 0, 0, 0, 0, 0, 1, 0, 0, 0, 0], [1, 0, 0, 0, 0, 0, 0, 1, 0, 0, 0, 0, 0, 0], [0, 0, 0, 0, 0, 0, 0, 0, 0, 1, 0, 0, 0, 0], [0, 0, 0, 0, 0, 1, 0, 0, 0, 0, 0, 1, 0, 0], [0, 0, 0, 0, 0, 0, 0, 0, 0, 0, 0, 1, 0, 0], [0, 0, 1, 0, 1, 0, 1, 0, 0, 0, 1, 0, 0, 0], [0, 1, 0, 0, 0, 0, 0, 0, 0, 1, 0, 0, 0, 0], [0, 0, 1, 0, 0, 0, 0, 1, 1, 0, 0, 0, 1, 0], [0, 0, 0, 0, 0, 0, 0, 0, 0, 0, 0, 1, 0, 0], [0, 1, 0, 0, 0, 0, 0, 0, 0, 0, 0, 0, 0, 0]], "edge_indices": [[5, 0], [0, 5], [0, 1], [1, 0], [1, 13], [13, 1], [2, 11], [2, 9], [2, 3], [11, 2], [9, 2], [9, 2], [12, 11], [11, 12], [8, 11], [11, 8], [10, 9], [9, 10], [7, 5], [5, 7], [4, 2], [2, 4], [6, 9], [9, 6], [7, 11], [11, 7], [10, 1], [1, 10], [4, 9], [9, 4]], "edge_attributes": [[1.0], [1.0], [1.0], [1.0], [1.0], [1.0], [1.0], [1.0], [1.0], [1.0], [1.0], [1.0], [1.0], [1.0], [1.0], [1.0], [1.0], [1.0], [1.0], [1.0], [1.0], [1.0], [1.0], [1.0], [1.0], [1.0], [1.0], [1.0], [1.0], [1.0]], "seed_graph_indices": [0, 0, 1, 1, -1, 0, -1, -1, -1, 1, -1, 1, -1, 0], "graph_labels": 0, "node_importances": [1, 1, 1, 1, 0, 1, 0, 0, 0, 1, 0, 1, 0, 1], "edge_importances": [1, 1, 1, 1, 1, 1, 1, 1, 1, 1, 1, 1, 0, 0, 0, 0, 0, 0, 0, 0, 0, 0, 0, 0, 0, 0, 0, 0, 0, 0], "multi_node_importances": [[1, 0], [1, 0], [0, 1], [0, 1], [0, 0], [1, 0], [0, 0], [0, 0], [0, 0], [0, 1], [0, 0], [0, 1], [0, 0], [1, 0]], "multi_edge_importances": [[1, 0], [1, 0], [1, 0], [1, 0], [1, 0], [1, 0], [0, 1], [0, 1], [0, 1], [0, 1], [0, 1], [0, 1], [0, 0], [0, 0], [0, 0], [0, 0], [0, 0], [0, 0], [0, 0], [0, 0], [0, 0], [0, 0], [0, 0], [0, 0], [0, 0], [0, 0], [0, 0], [0, 0], [0, 0], [0, 0]], "original_value": -1.19, "class": 0, "node_positions": [[-0.5139862399044147, 0.4277732880059221], [-0.16955219010235809, 0.6345311871814023], [0.26339781504432935, -0.25794378489924874], [0.031244607278703235, -0.10893620296631747], [0.5738334886505229, -0.17536235578286416], [-0.6320010102367617, 0.052687289127995564], [0.7634405549342291, 0.2701414311254153], [-0.4469895152680418, -0.2976964829740596], [-0.2890951599442692, -0.8053019549134688], [0.4102845968780344, 0.13073329698754077], [0.19252864393807798, 0.4707906039428933], [-0.07651926012452513, -0.5008432495083136], [0.10425340195635656, -0.8405730653268974], [-0.2108397330998828, 1.0]], "node_coordinates": [[197.83064838421072, 564.6355513956511], [354.3420389088921, 635.4056169444577], [551.0752230180649, 329.92508862272587], [445.5844291112354, 380.92810414336964], [692.1376962912325, 358.19144833612415], [144.2045454545455, 436.2493526923007], [778.2954545454545, 510.6805785094856], [228.27406865425655, 316.31834827705916], [300.02151964501576, 142.57276145623342], [617.8208147727144, 462.9633071001801], [518.8721567952413, 579.3597204877804], [396.61635308829415, 246.78431818200858], [478.7597437530291, 130.5], [335.58091244766155, 760.5]]}, "label": "0", "name": "1498", "value": -1.19, "input_type": "classification", "classes": {"0": "low", "1": "high"}, "image_width": 900, "image_height": 900, "image_path": "./1498.png"}