{"graph": {"node_indices": [0, 1, 2, 3, 4, 5, 6, 7, 8, 9, 10], "node_attributes": [[1.0, 0.0, 0.0], [1.0, 0.0, 0.0], [1.0, 0.0, 0.0], [1.0, 0.0, 0.0], [0.0, 0.0, 1.0], [1.0, 0.0, 0.0], [1.0, 0.0, 0.0], [1.0, 0.0, 0.0], [1.0, 0.0, 1.0], [0.0, 0.0, 1.0], [1.0, 0.0, 0.0]], "node_adjacency": [[0, 1, 0, 0, 0, 0, 0, 0, 0, 0, 0], [1, 0, 0, 0, 0, 0, 0, 0, 1, 0, 1], [0, 0, 0, 0, 0, 0, 0, 0, 0, 1, 1], [0, 0, 0, 0, 0, 0, 0, 1, 0, 0, 0], [0, 0, 0, 0, 0, 0, 0, 1, 0, 0, 0], [0, 0, 0, 0, 0, 0, 1, 1, 0, 0, 0], [0, 0, 0, 0, 0, 1, 0, 0, 0, 1, 0], [0, 0, 0, 1, 1, 1, 0, 0, 0, 0, 0], [0, 1, 0, 0, 0, 0, 0, 0, 0, 1, 0], [0, 0, 1, 0, 0, 0, 1, 0, 1, 0, 0], [0, 1, 1, 0, 0, 0, 0, 0, 0, 0, 0]], "edge_indices": [[2, 10], [10, 2], [10, 1], [1, 10], [1, 0], [0, 1], [6, 5], [5, 6], [5, 7], [7, 5], [7, 3], [3, 7], [4, 7], [7, 4], [9, 2], [2, 9], [8, 9], [9, 8], [9, 6], [6, 9], [8, 1], [1, 8]], "edge_attributes": [[1.0], [1.0], [1.0], [1.0], [1.0], [1.0], [1.0], [1.0], [1.0], [1.0], [1.0], [1.0], [1.0], [1.0], [1.0], [1.0], [1.0], [1.0], [1.0], [1.0], [1.0], [1.0]], "seed_graph_indices": [0, 0, 0, 1, -1, 1, 1, 1, -1, -1, 0], "graph_labels": 1, "node_importances": [1, 1, 1, 1, 0, 1, 1, 1, 0, 0, 1], "edge_importances": [1, 1, 1, 1, 1, 1, 1, 1, 1, 1, 1, 1, 0, 0, 0, 0, 0, 0, 0, 0, 0, 0], "multi_node_importances": [[0, 1], [0, 1], [0, 1], [0, 1], [0, 0], [0, 1], [0, 1], [0, 1], [0, 0], [0, 0], [0, 1]], "multi_edge_importances": [[0, 1], [0, 1], [0, 1], [0, 1], [0, 1], [0, 1], [0, 1], [0, 1], [0, 1], [0, 1], [0, 1], [0, 1], [0, 0], [0, 0], [0, 0], [0, 0], [0, 0], [0, 0], [0, 0], [0, 0], [0, 0], [0, 0]], "original_value": 3.6, "class": 1, "node_positions": [[1.0, 0.4872885433747908], [0.6626382199648668, 0.43019620525048985], [0.08600454318293102, 0.5135880732822271], [-0.6052312261270618, -0.9109092047179463], [-0.9848179248651896, -0.49885097038850773], [-0.37935319995871997, -0.3219432812377083], [-0.13520027377982552, -0.09175570610182558], [-0.6342168170093115, -0.5568132261267292], [0.47564248283823035, 0.12189281750008986], [0.1116465655356379, 0.14981527111946297], [0.40288763021844237, 0.6774914780456567]], "node_coordinates": [[778.2954545454545, 685.0606916800356], [670.5182951823183, 662.4164222531742], [486.3008071485353, 695.491752319507], [265.4713235636884, 130.49999999999994], [144.20454545454544, 293.93274744498535], [337.6327047979253, 364.0988241625378], [415.6323787118416, 455.39705508705117], [256.2112803915615, 270.94344662729355], [610.7786608988325, 540.1354786660586], [494.4926785846327, 551.2102320145643], [587.5356268348442, 760.5]]}, "label": "1", "name": "151", "value": 3.6, "input_type": "classification", "classes": {"0": "low", "1": "high"}, "image_width": 900, "image_height": 900, "image_path": "./151.png"}