{"graph":{"node_indices":[0,1,2,3,4,5,6,7,8,9,10,11,12,13,14,15,16,17,18],"node_attributes":[[0.0,0.0,1.0],[1.0,0.0,1.0],[1.0,1.0,0.0],[0.0,0.0,1.0],[1.0,0.0,1.0],[0.0,0.0,1.0],[0.0,0.0,1.0],[0.0,0.0,1.0],[0.0,0.0,1.0],[1.0,1.0,0.0],[1.0,1.0,0.0],[1.0,1.0,0.0],[0.0,1.0,1.0],[1.0,0.0,1.0],[0.0,0.0,1.0],[0.800000011920929,0.800000011920929,0.800000011920929],[1.0,0.0,1.0],[0.0,1.0,0.0],[0.800000011920929,0.800000011920929,0.800000011920929]],"node_adjacency":[[0,0,0,0,0,0,0,0,0,0,1,0,0,1,0,0,0,0,0],[0,0,0,0,0,0,0,0,0,0,0,0,0,0,1,1,0,0,0],[0,0,0,0,0,0,0,0,0,0,0,0,0,0,0,0,0,0,1],[0,0,0,0,0,0,0,0,0,0,1,0,0,1,0,0,1,0,0],[0,0,0,0,0,1,0,1,0,1,0,1,0,0,1,0,0,0,0],[0,0,0,0,1,0,1,0,0,0,0,0,0,0,1,0,0,1,0],[0,0,0,0,0,1,0,0,0,0,0,0,0,0,0,0,0,0,0],[0,0,0,0,1,0,0,0,0,1,0,0,0,0,0,0,0,0,1],[0,0,0,0,0,0,0,0,0,0,0,0,0,1,0,0,0,0,0],[0,0,0,0,1,0,0,1,0,0,0,0,0,0,0,0,0,0,0],[1,0,0,1,0,0,0,0,0,0,0,0,0,0,1,0,0,0,0],[0,0,0,0,1,0,0,0,0,0,0,0,0,0,0,0,0,0,0],[0,0,0,0,0,0,0,0,0,0,0,0,0,0,1,0,0,0,0],[1,0,0,1,0,0,0,0,1,0,0,0,0,0,0,0,0,0,0],[0,1,0,0,1,1,0,0,0,0,0,0,1,0,0,0,0,0,1],[0,1,0,0,0,0,0,0,0,0,0,0,0,0,0,0,0,0,0],[0,0,0,1,0,0,0,0,0,0,0,0,0,0,0,0,0,0,0],[0,0,0,0,0,1,0,0,0,0,0,0,0,0,0,0,0,0,0],[0,0,1,0,0,0,0,1,0,0,0,0,0,0,1,0,0,0,0]],"edge_indices":[[10,0],[10,3],[10,14],[0,10],[3,10],[3,10],[4,14],[14,4],[7,4],[4,7],[1,14],[14,1],[13,0],[0,13],[18,7],[7,18],[5,4],[4,5],[9,7],[7,9],[6,5],[5,6],[11,4],[4,11],[8,13],[13,8],[17,5],[5,17],[2,18],[18,2],[12,14],[14,12],[15,1],[1,15],[16,3],[3,16],[3,13],[13,3],[14,18],[18,14],[9,4],[4,9],[14,5],[5,14]],"edge_attributes":[[1.0],[1.0],[1.0],[1.0],[1.0],[1.0],[1.0],[1.0],[1.0],[1.0],[1.0],[1.0],[1.0],[1.0],[1.0],[1.0],[1.0],[1.0],[1.0],[1.0],[1.0],[1.0],[1.0],[1.0],[1.0],[1.0],[1.0],[1.0],[1.0],[1.0],[1.0],[1.0],[1.0],[1.0],[1.0],[1.0],[1.0],[1.0],[1.0],[1.0],[1.0],[1.0],[1.0],[1.0]],"seed_graph_indices":[0,-1,-1,0,-1,-1,-1,-1,-1,-1,0,-1,-1,-1,0,-1,-1,-1,-1],"graph_labels":0,"node_importances":[1,0,0,1,0,0,0,0,0,0,1,0,0,0,1,0,0,0,0],"edge_importances":[1,1,1,1,1,1,0,0,0,0,0,0,0,0,0,0,0,0,0,0,0,0,0,0,0,0,0,0,0,0,0,0,0,0,0,0,0,0,0,0,0,0,0,0],"multi_node_importances":[[1,0],[0,0],[0,0],[1,0],[0,0],[0,0],[0,0],[0,0],[0,0],[0,0],[1,0],[0,0],[0,0],[0,0],[1,0],[0,0],[0,0],[0,0],[0,0]],"multi_edge_importances":[[1,0],[1,0],[1,0],[1,0],[1,0],[1,0],[0,0],[0,0],[0,0],[0,0],[0,0],[0,0],[0,0],[0,0],[0,0],[0,0],[0,0],[0,0],[0,0],[0,0],[0,0],[0,0],[0,0],[0,0],[0,0],[0,0],[0,0],[0,0],[0,0],[0,0],[0,0],[0,0],[0,0],[0,0],[0,0],[0,0],[0,0],[0,0],[0,0],[0,0],[0,0],[0,0],[0,0],[0,0]],"original_value":-1.738354012028317,"class":0,"node_positions":[[-0.4606187845795435,-0.24600146404331263],[-0.018765660498665432,0.3248933489685637],[0.3842378895217142,0.5844476520896916],[-0.5540445728132081,0.06850208504705112],[0.39631226564708444,-0.04438037831744617],[0.24716758191300292,-0.24909280046082816],[0.17687311934942782,-0.550969761786465],[0.5420707329704737,0.212527966038712],[-1.0,-0.3060939341954815],[0.6801425788259376,0.05035376445033696],[-0.2502716502104404,-0.006830815442066655],[0.654033818225538,-0.22737261272582932],[-0.024341891724908395,-0.18575820698704013],[-0.7455845782805864,-0.17546989444162403],[0.090191140310401,0.03606321159096657],[-0.07808941135874842,0.6290588286195719],[-0.7494082961748685,0.2954411036370388],[0.43333395373393657,-0.49923455560868923],[0.2767617651434529,0.2899164635668502]],"node_coordinates":[[347.7686533718114,293.318112323936],[514.5253635843965,598.1105005098232],[666.6201266240041,736.6827455348739],[312.50947731127997,461.2269558365766],[671.1770328238289,400.9606601740597],[614.8893764743867,291.66769303844677],[588.3600329337086,130.5],[726.186720821481,538.1202665262141],[144.20454545454544,261.2356216930609],[778.2954545454545,451.5378329891414],[427.15430036254236,421.0078224240431],[768.4419290453075,303.2637834927813],[512.4208769937285,325.481105876823],[240.2216978545162,330.97388542158114],[555.6459909331398,443.90831589557206],[492.1363999407046,760.5],[238.77861511484377,582.3863776286342],[685.1491302820555,158.12066966596439],[626.0583110546364,579.4368531234516]]},"label":"0","name":"1522","value":-1.738354012028317,"input_type":"classification","classes":{"0":"low","1":"high"},"image_width":900,"image_height":900,"image_path":"./1522.png"}