{"graph":{"node_indices":[0,1,2,3,4,5,6,7,8,9,10,11,12,13,14,15,16,17,18,19,20,21,22,23,24,25,26,27,28,29,30,31,32],"node_attributes":[[0.0,0.0,1.0],[1.0,0.0,0.0],[0.800000011920929,0.800000011920929,0.800000011920929],[1.0,1.0,0.0],[0.0,0.0,1.0],[1.0,0.0,0.0],[1.0,0.0,1.0],[1.0,0.0,1.0],[0.0,1.0,0.0],[1.0,0.0,0.0],[0.0,1.0,0.0],[0.0,1.0,1.0],[0.0,0.0,1.0],[0.0,1.0,1.0],[1.0,0.0,0.0],[0.800000011920929,0.800000011920929,0.800000011920929],[1.0,0.0,0.0],[1.0,0.0,0.0],[0.800000011920929,0.800000011920929,0.800000011920929],[0.0,1.0,1.0],[1.0,0.0,1.0],[0.0,1.0,1.0],[0.800000011920929,0.800000011920929,0.800000011920929],[0.0,0.0,1.0],[1.0,0.0,0.0],[1.0,0.0,0.0],[0.0,0.0,1.0],[1.0,0.0,1.0],[0.800000011920929,0.800000011920929,0.800000011920929],[1.0,0.0,1.0],[1.0,0.0,1.0],[0.0,1.0,0.0],[0.0,1.0,1.0]],"node_adjacency":[[0,0,0,0,0,0,0,0,0,0,1,0,0,0,0,0,0,0,0,0,0,0,0,0,0,0,0,0,0,1,0,0,0],[0,0,0,0,0,0,0,0,0,0,1,0,0,0,1,0,0,0,0,0,0,0,0,0,0,0,0,0,0,0,0,0,0],[0,0,0,0,0,0,0,0,0,0,0,0,0,0,0,0,0,0,1,0,0,0,0,0,0,0,0,1,1,0,0,0,0],[0,0,0,0,0,0,0,0,0,0,0,0,0,1,0,0,0,0,0,0,0,0,0,0,0,0,0,0,0,0,1,0,0],[0,0,0,0,0,0,0,0,0,0,1,0,0,0,0,0,0,0,0,0,0,0,0,0,0,0,0,0,0,0,0,0,0],[0,0,0,0,0,0,0,0,0,1,0,0,0,0,0,0,0,0,0,0,0,0,0,0,0,0,0,0,0,0,0,0,0],[0,0,0,0,0,0,0,0,0,0,0,0,0,0,1,0,0,0,0,0,0,0,0,0,0,1,0,0,0,1,0,0,1],[0,0,0,0,0,0,0,0,0,0,0,0,0,0,0,0,0,0,0,0,0,0,0,0,0,0,1,0,0,0,0,0,0],[0,0,0,0,0,0,0,0,0,1,0,0,0,0,0,1,1,0,0,1,1,0,0,0,0,0,0,0,0,0,0,0,0],[0,0,0,0,0,1,0,0,1,0,0,0,0,0,0,0,1,0,0,0,0,0,1,0,0,0,0,0,0,0,0,0,0],[1,1,0,0,1,0,0,0,0,0,0,0,0,0,1,0,0,0,0,0,0,0,0,0,1,0,0,0,0,0,0,0,0],[0,0,0,0,0,0,0,0,0,0,0,0,0,0,0,0,0,0,0,0,0,0,0,0,0,0,0,0,0,1,0,0,0],[0,0,0,0,0,0,0,0,0,0,0,0,0,0,1,0,0,0,1,0,0,0,0,0,0,0,0,0,0,0,0,0,0],[0,0,0,1,0,0,0,0,0,0,0,0,0,0,1,0,0,1,0,0,0,0,0,0,0,0,0,0,0,0,0,0,0],[0,1,0,0,0,0,1,0,0,0,1,0,1,1,0,0,0,0,0,0,0,0,1,0,0,0,0,0,0,0,0,0,0],[0,0,0,0,0,0,0,0,1,0,0,0,0,0,0,0,0,0,0,0,0,0,0,0,1,0,0,0,0,0,0,0,0],[0,0,0,0,0,0,0,0,1,1,0,0,0,0,0,0,0,0,0,0,0,0,0,0,0,0,0,0,0,0,1,0,0],[0,0,0,0,0,0,0,0,0,0,0,0,0,1,0,0,0,0,0,0,0,0,0,0,0,0,0,0,0,0,0,0,0],[0,0,1,0,0,0,0,0,0,0,0,0,1,0,0,0,0,0,0,0,0,1,0,0,0,0,0,0,0,1,0,0,0],[0,0,0,0,0,0,0,0,1,0,0,0,0,0,0,0,0,0,0,0,0,0,0,0,0,0,0,0,0,0,0,0,0],[0,0,0,0,0,0,0,0,1,0,0,0,0,0,0,0,0,0,0,0,0,0,0,0,0,0,0,0,1,0,0,0,0],[0,0,0,0,0,0,0,0,0,0,0,0,0,0,0,0,0,0,1,0,0,0,0,0,0,0,0,0,0,0,0,0,0],[0,0,0,0,0,0,0,0,0,1,0,0,0,0,1,0,0,0,0,0,0,0,0,0,0,0,0,0,0,0,0,0,0],[0,0,0,0,0,0,0,0,0,0,0,0,0,0,0,0,0,0,0,0,0,0,0,0,1,0,0,0,0,0,0,0,0],[0,0,0,0,0,0,0,0,0,0,1,0,0,0,0,1,0,0,0,0,0,0,0,1,0,0,1,0,0,0,0,0,0],[0,0,0,0,0,0,1,0,0,0,0,0,0,0,0,0,0,0,0,0,0,0,0,0,0,0,0,0,0,0,0,1,0],[0,0,0,0,0,0,0,1,0,0,0,0,0,0,0,0,0,0,0,0,0,0,0,0,1,0,0,0,0,0,0,0,0],[0,0,1,0,0,0,0,0,0,0,0,0,0,0,0,0,0,0,0,0,0,0,0,0,0,0,0,0,0,0,0,0,0],[0,0,1,0,0,0,0,0,0,0,0,0,0,0,0,0,0,0,0,0,1,0,0,0,0,0,0,0,0,0,0,0,0],[1,0,0,0,0,0,1,0,0,0,0,1,0,0,0,0,0,0,1,0,0,0,0,0,0,0,0,0,0,0,0,0,0],[0,0,0,1,0,0,0,0,0,0,0,0,0,0,0,0,1,0,0,0,0,0,0,0,0,0,0,0,0,0,0,0,0],[0,0,0,0,0,0,0,0,0,0,0,0,0,0,0,0,0,0,0,0,0,0,0,0,0,1,0,0,0,0,0,0,0],[0,0,0,0,0,0,1,0,0,0,0,0,0,0,0,0,0,0,0,0,0,0,0,0,0,0,0,0,0,0,0,0,0]],"edge_indices":[[16,9],[16,8],[9,16],[9,8],[8,9],[8,16],[1,14],[1,10],[14,1],[14,10],[10,14],[10,1],[4,10],[10,4],[5,9],[9,5],[24,10],[10,24],[22,14],[14,22],[12,14],[14,12],[18,12],[12,18],[20,8],[8,20],[15,8],[8,15],[6,14],[14,6],[28,20],[20,28],[2,18],[18,2],[30,16],[16,30],[29,6],[6,29],[21,18],[18,21],[25,6],[6,25],[23,24],[24,23],[3,30],[30,3],[27,2],[2,27],[26,24],[24,26],[13,14],[14,13],[31,25],[25,31],[19,8],[8,19],[17,13],[13,17],[0,29],[29,0],[32,6],[6,32],[7,26],[26,7],[11,29],[29,11],[15,24],[24,15],[10,0],[0,10],[3,13],[13,3],[22,9],[9,22],[2,28],[28,2],[29,18],[18,29]],"edge_attributes":[[1.0],[1.0],[1.0],[1.0],[1.0],[1.0],[1.0],[1.0],[1.0],[1.0],[1.0],[1.0],[1.0],[1.0],[1.0],[1.0],[1.0],[1.0],[1.0],[1.0],[1.0],[1.0],[1.0],[1.0],[1.0],[1.0],[1.0],[1.0],[1.0],[1.0],[1.0],[1.0],[1.0],[1.0],[1.0],[1.0],[1.0],[1.0],[1.0],[1.0],[1.0],[1.0],[1.0],[1.0],[1.0],[1.0],[1.0],[1.0],[1.0],[1.0],[1.0],[1.0],[1.0],[1.0],[1.0],[1.0],[1.0],[1.0],[1.0],[1.0],[1.0],[1.0],[1.0],[1.0],[1.0],[1.0],[1.0],[1.0],[1.0],[1.0],[1.0],[1.0],[1.0],[1.0],[1.0],[1.0],[1.0],[1.0]],"seed_graph_indices":[-1,1,-1,-1,-1,-1,-1,-1,0,0,1,-1,-1,-1,1,-1,0,-1,-1,-1,-1,-1,-1,-1,-1,-1,-1,-1,-1,-1,-1,-1,-1],"graph_labels":1,"node_importances":[0,1,0,0,0,0,0,0,1,1,1,0,0,0,1,0,1,0,0,0,0,0,0,0,0,0,0,0,0,0,0,0,0],"edge_importances":[1,1,1,1,1,1,1,1,1,1,1,1,0,0,0,0,0,0,0,0,0,0,0,0,0,0,0,0,0,0,0,0,0,0,0,0,0,0,0,0,0,0,0,0,0,0,0,0,0,0,0,0,0,0,0,0,0,0,0,0,0,0,0,0,0,0,0,0,0,0,0,0,0,0,0,0,0,0],"multi_node_importances":[[0,0],[0,1],[0,0],[0,0],[0,0],[0,0],[0,0],[0,0],[0,1],[0,1],[0,1],[0,0],[0,0],[0,0],[0,1],[0,0],[0,1],[0,0],[0,0],[0,0],[0,0],[0,0],[0,0],[0,0],[0,0],[0,0],[0,0],[0,0],[0,0],[0,0],[0,0],[0,0],[0,0]],"multi_edge_importances":[[0,1],[0,1],[0,1],[0,1],[0,1],[0,1],[0,1],[0,1],[0,1],[0,1],[0,1],[0,1],[0,0],[0,0],[0,0],[0,0],[0,0],[0,0],[0,0],[0,0],[0,0],[0,0],[0,0],[0,0],[0,0],[0,0],[0,0],[0,0],[0,0],[0,0],[0,0],[0,0],[0,0],[0,0],[0,0],[0,0],[0,0],[0,0],[0,0],[0,0],[0,0],[0,0],[0,0],[0,0],[0,0],[0,0],[0,0],[0,0],[0,0],[0,0],[0,0],[0,0],[0,0],[0,0],[0,0],[0,0],[0,0],[0,0],[0,0],[0,0],[0,0],[0,0],[0,0],[0,0],[0,0],[0,0],[0,0],[0,0],[0,0],[0,0],[0,0],[0,0],[0,0],[0,0],[0,0],[0,0],[0,0],[0,0]],"original_value":2.0208037846334896,"class":1,"node_positions":[[0.325396208137296,0.06116247220690791],[-0.041941246084209335,-0.09537827509462958],[0.40224888280373083,0.43601197414984516],[-0.38375661130706334,-0.6038442795923701],[0.17300302300552087,0.3232759108811494],[-0.8295447254276211,-0.2710567463440313],[0.35005485667728903,-0.36549513924988675],[-0.20413103360510207,1.0],[-0.5879765539599777,0.13877903335562186],[-0.5145741345076115,-0.132056148603383],[0.026984609725285432,0.09696527613220894],[0.8409502133841733,-0.15942937640103957],[0.31022329977965435,-0.09762619530590884],[-0.08502655287440573,-0.5186144648264683],[0.06498261762898416,-0.24052000943553684],[-0.5071710164979909,0.3351405623070994],[-0.6992255733699844,-0.1269791921667482],[-0.07855062730072307,-0.814127317282003],[0.5470502481406203,0.13770234806155368],[-0.8697674723414677,0.26553433352154776],[-0.33443806303061957,0.37367868161983714],[0.8341419394457138,0.21358582292129227],[-0.23820298266538162,-0.24694938576606396],[-0.37601635916495285,0.6127078868097005],[-0.18657066631993396,0.3698281184508314],[0.5751102807805785,-0.5631937587165176],[-0.15002528646406224,0.7090443815291543],[0.5859591353771304,0.6728029260135452],[0.04838326572189233,0.5046521429230467],[0.5512842163255114,-0.1200870080165422],[-0.6495923545264062,-0.4616325775997688],[0.7434806571291697,-0.7897952638121293],[0.35725780538496255,-0.6440867326703145]],"node_coordinates":[[587.2013245202622,434.46574822774403],[451.0448200110721,380.10315203040216],[615.687370319594,564.6413891402393],[324.3482776862265,203.52591856835772],[530.7155968600152,525.4910388959748],[159.113421635314,319.09451397464295],[596.3412457358689,286.2984764728052],[390.9279049452406,760.5000000000001],[248.65255642737256,461.41999397326936],[275.8597381081304,367.3658650217182],[476.5927283157512,446.8991459601223],[778.2954545454545,357.8598433945476],[581.577367198532,379.3225068575883],[435.074913591669,233.12405249810072],[490.6769875575557,329.6991413726664],[278.6037617819352,529.6113287604962],[207.41723604589112,369.1289620902702],[437.4752661270318,130.5],[669.3591305113563,461.046088719321],[144.2045454545455,505.4388664877831],[342.6285838832067,542.9946315395981],[775.7719144856308,487.39847794041555],[378.2988701638718,327.46638347874926],[327.21726276677873,626.0033585650151],[397.4367926177845,541.6574294736989],[679.7598013843206,217.64280436122297],[410.98262389622414,659.4585582608045],[683.7810143121595,646.8728280547009],[484.5243077618692,588.4783634888236],[670.9284839808511,371.522441298298],[225.81417735317817,252.9124039609988],[742.167600107446,138.94989959634546],[599.0110750901183,189.55074428065146]]},"label":"1",