{"graph":{"node_indices":[0,1,2,3,4,5,6,7,8,9,10,11,12,13,14,15,16,17],"node_attributes":[[1.0,0.0,0.0],[0.800000011920929,0.800000011920929,0.800000011920929],[0.0,1.0,1.0],[0.800000011920929,0.800000011920929,0.800000011920929],[0.0,1.0,0.0],[1.0,0.0,0.0],[1.0,0.0,0.0],[0.800000011920929,0.800000011920929,0.800000011920929],[0.0,0.0,1.0],[0.800000011920929,0.800000011920929,0.800000011920929],[1.0,0.0,0.0],[1.0,0.0,1.0],[1.0,0.0,1.0],[0.800000011920929,0.800000011920929,0.800000011920929],[0.0,1.0,1.0],[0.0,1.0,0.0],[1.0,1.0,0.0],[0.0,1.0,0.0]],"node_adjacency":[[0,0,0,1,0,0,0,0,0,0,0,0,1,1,1,0,0,0],[0,0,0,0,0,0,0,0,0,0,0,0,0,1,0,0,0,0],[0,0,0,0,0,0,0,0,0,0,1,1,0,0,0,0,0,0],[1,0,0,0,0,0,0,0,0,0,0,0,0,0,0,0,0,0],[0,0,0,0,0,0,0,0,1,0,1,0,1,0,0,0,0,0],[0,0,0,0,0,0,0,1,1,0,0,1,0,1,0,0,0,0],[0,0,0,0,0,0,0,0,0,1,0,0,0,0,0,0,1,0],[0,0,0,0,0,1,0,0,0,1,0,0,0,0,0,0,0,0],[0,0,0,0,1,1,0,0,0,0,0,0,0,0,0,1,0,0],[0,0,0,0,0,0,1,1,0,0,0,0,0,0,0,0,0,0],[0,0,1,0,1,0,0,0,0,0,0,0,0,0,0,0,1,1],[0,0,1,0,0,1,0,0,0,0,0,0,0,0,0,0,0,0],[1,0,0,0,1,0,0,0,0,0,0,0,0,0,0,0,0,0],[1,1,0,0,0,1,0,0,0,0,0,0,0,0,0,0,0,0],[1,0,0,0,0,0,0,0,0,0,0,0,0,0,0,0,0,0],[0,0,0,0,0,0,0,0,1,0,0,0,0,0,0,0,0,0],[1,0,0,0,0,0,1,0,0,0,1,0,0,0,0,0,0,0],[0,0,0,0,0,0,0,0,0,0,1,0,0,0,0,0,0,0]],"edge_indices":[[16,6],[16,10],[16,0],[6,16],[10,16],[10,16],[4,10],[10,4],[8,4],[4,8],[3,0],[0,3],[15,8],[8,15],[5,8],[8,5],[7,5],[5,7],[14,0],[0,14],[13,5],[5,13],[1,13],[13,1],[11,5],[5,11],[2,10],[10,2],[17,10],[10,17],[9,6],[6,9],[12,4],[4,12],[12,0],[0,12],[7,9],[9,7],[13,0],[0,13],[11,2],[2,11]],"edge_attributes":[[1.0],[1.0],[1.0],[1.0],[1.0],[1.0],[1.0],[1.0],[1.0],[1.0],[1.0],[1.0],[1.0],[1.0],[1.0],[1.0],[1.0],[1.0],[1.0],[1.0],[1.0],[1.0],[1.0],[1.0],[1.0],[1.0],[1.0],[1.0],[1.0],[1.0],[1.0],[1.0],[1.0],[1.0],[1.0],[1.0],[1.0],[1.0],[1.0],[1.0],[1.0],[1.0]],"seed_graph_indices":[0,-1,-1,-1,-1,-1,0,-1,-1,-1,0,-1,-1,-1,-1,-1,0,-1],"graph_labels":1,"node_importances":[1,0,0,0,0,0,1,0,0,0,1,0,0,0,0,0,1,0],"edge_importances":[1,1,1,1,1,1,0,0,0,0,0,0,0,0,0,0,0,0,0,0,0,0,0,0,0,0,0,0,0,0,0,0,0,0,0,0,0,0,0,0,0,0],"multi_node_importances":[[0,1],[0,0],[0,0],[0,0],[0,0],[0,0],[0,1],[0,0],[0,0],[0,0],[0,1],[0,0],[0,0],[0,0],[0,0],[0,0],[0,1],[0,0]],"multi_edge_importances":[[0,1],[0,1],[0,1],[0,1],[0,1],[0,1],[0,0],[0,0],[0,0],[0,0],[0,0],[0,0],[0,0],[0,0],[0,0],[0,0],[0,0],[0,0],[0,0],[0,0],[0,0],[0,0],[0,0],[0,0],[0,0],[0,0],[0,0],[0,0],[0,0],[0,0],[0,0],[0,0],[0,0],[0,0],[0,0],[0,0],[0,0],[0,0],[0,0],[0,0],[0,0],[0,0]],"original_value":2.075051028162413,"class":1,"node_positions":[[-0.5165329868146399,0.3689105240937089],[-0.9224652975339718,-0.397086555859469],[0.8437029016342353,0.2924368605184204],[-1.0,0.45024741582760364],[0.3610661433877714,0.19521543123793805],[0.12445136349238548,-0.44031878100323685],[-0.36838274113969416,-0.3815921758730703],[0.05293826262922303,-0.9500981034076851],[0.5287498322681873,-0.3749366995959043],[-0.38470447109373074,-0.9127001800769888],[0.39604320208398724,0.5307531143399292],[0.6724222481418093,-0.17731268808697878],[-0.09187822819924248,0.6028855320515719],[-0.43926713638977233,-0.15453683715525204],[-0.7141959491770691,0.8323612663590172],[0.9712534295094002,-0.6659463121786128],[-0.13024920578971122,0.20713837739532068],[0.6170486329908325,0.974579811413688]],"node_coordinates":[[299.7208445346022,562.247789553142],[169.14504738940457,311.51588440978736],[737.2664174035801,537.215856843038],[144.20454545454538,588.8715905526507],[582.0171855108778,505.39260996363043],[505.90557112269073,297.36478846233814],[347.3761701034955,316.5876209929637],[482.9020311113396,130.50000000000006],[635.9558121380803,318.76614136893204],[342.12597729238286,142.7413685515404],[593.2682172726992,615.2233191573155],[682.1707591503806,383.453913952522],[436.3190707744587,638.8342427349119],[324.57486513091885,390.90907617810376],[236.13881818439913,713.9479599446341],[778.2954545454546,223.51069394300703],[423.9763208779613,509.2953180589993],[664.358789646555,760.5]]},"label":"1","name":"153","value":2.075051028162413,"input_type":"classification","classes":{"0":"low","1":"high"},"image_width":900,"image_height":900,"image_path":"./153.png"}