{"graph":{"node_indices":[0,1,2,3,4,5,6,7,8,9,10,11,12,13,14,15,16,17,18,19,20,21,22,23,24,25,26,27,28,29],"node_attributes":[[0.800000011920929,0.800000011920929,0.800000011920929],[0.800000011920929,0.800000011920929,0.800000011920929],[0.0,1.0,0.0],[1.0,0.0,0.0],[0.800000011920929,0.800000011920929,0.800000011920929],[1.0,0.0,1.0],[0.0,1.0,0.0],[0.0,1.0,0.0],[1.0,0.0,0.0],[0.0,1.0,1.0],[1.0,0.0,1.0],[1.0,0.0,0.0],[1.0,0.0,0.0],[0.800000011920929,0.800000011920929,0.800000011920929],[0.0,1.0,1.0],[0.0,1.0,0.0],[0.800000011920929,0.800000011920929,0.800000011920929],[1.0,0.0,0.0],[0.800000011920929,0.800000011920929,0.800000011920929],[0.800000011920929,0.800000011920929,0.800000011920929],[0.800000011920929,0.800000011920929,0.800000011920929],[1.0,0.0,1.0],[0.0,1.0,0.0],[0.0,1.0,1.0],[1.0,0.0,1.0],[0.0,0.0,1.0],[1.0,0.0,1.0],[1.0,1.0,0.0],[0.800000011920929,0.800000011920929,0.800000011920929],[1.0,0.0,0.0]],"node_adjacency":[[0,0,0,0,0,0,0,0,0,0,0,0,0,0,0,0,1,1,0,0,0,0,0,0,0,0,0,0,0,0],[0,0,0,0,0,0,0,0,0,0,0,0,0,0,0,1,0,0,0,1,0,1,0,0,0,0,0,0,0,0],[0,0,0,0,0,0,0,0,1,0,0,1,0,0,0,0,0,0,0,0,0,0,1,0,0,1,0,0,0,0],[0,0,0,0,0,0,0,0,0,0,0,0,0,0,0,0,0,0,1,0,0,0,0,0,0,0,0,0,0,0],[0,0,0,0,0,0,0,0,0,0,0,0,0,0,0,0,1,0,1,0,0,0,0,0,0,0,1,0,0,0],[0,0,0,0,0,0,0,0,0,0,0,0,0,0,1,0,0,0,0,0,0,0,0,0,0,0,0,0,0,0],[0,0,0,0,0,0,0,0,0,0,0,0,1,0,0,0,0,0,0,0,0,0,0,0,0,0,0,0,0,1],[0,0,0,0,0,0,0,0,0,0,1,0,0,0,0,0,0,0,0,1,0,1,0,0,0,0,0,0,0,0],[0,0,1,0,0,0,0,0,0,0,0,0,0,0,0,0,0,1,1,0,0,0,1,0,0,0,0,0,0,0],[0,0,0,0,0,0,0,0,0,0,0,0,0,0,0,0,0,0,0,0,0,0,0,0,0,0,1,0,0,0],[0,0,0,0,0,0,0,1,0,0,0,0,0,0,0,0,0,0,0,0,0,0,0,0,0,0,0,0,0,0],[0,0,1,0,0,0,0,0,0,0,0,0,0,0,0,0,0,0,0,0,0,0,0,0,0,0,0,0,0,0],[0,0,0,0,0,0,1,0,0,0,0,0,0,0,1,0,0,0,0,0,0,0,0,0,1,0,0,0,0,0],[0,0,0,0,0,0,0,0,0,0,0,0,0,0,0,0,0,0,0,0,0,0,0,0,0,1,0,0,0,0],[0,0,0,0,0,1,0,0,0,0,0,0,1,0,0,0,1,0,0,0,1,0,0,0,0,0,0,0,0,0],[0,1,0,0,0,0,0,0,0,0,0,0,0,0,0,0,0,0,0,0,0,0,1,0,0,0,0,0,0,0],[1,0,0,0,1,0,0,0,0,0,0,0,0,0,1,0,0,0,0,0,0,0,0,0,0,0,0,0,0,0],[1,0,0,0,0,0,0,0,1,0,0,0,0,0,0,0,0,0,0,0,0,0,1,0,0,0,0,0,1,0],[0,0,0,1,1,0,0,0,1,0,0,0,0,0,0,0,0,0,0,1,0,1,0,1,0,0,0,0,0,0],[0,1,0,0,0,0,0,1,0,0,0,0,0,0,0,0,0,0,1,0,0,0,0,0,0,0,0,0,0,0],[0,0,0,0,0,0,0,0,0,0,0,0,0,0,1,0,0,0,0,0,0,0,0,0,0,0,0,0,0,0],[0,1,0,0,0,0,0,1,0,0,0,0,0,0,0,0,0,0,1,0,0,0,0,0,0,0,0,0,0,0],[0,0,1,0,0,0,0,0,1,0,0,0,0,0,0,1,0,1,0,0,0,0,0,0,1,0,0,0,0,0],[0,0,0,0,0,0,0,0,0,0,0,0,0,0,0,0,0,0,1,0,0,0,0,0,0,0,0,0,0,0],[0,0,0,0,0,0,0,0,0,0,0,0,1,0,0,0,0,0,0,0,0,0,1,0,0,0,0,1,0,0],[0,0,1,0,0,0,0,0,0,0,0,0,0,1,0,0,0,0,0,0,0,0,0,0,0,0,0,0,0,0],[0,0,0,0,1,0,0,0,0,1,0,0,0,0,0,0,0,0,0,0,0,0,0,0,0,0,0,0,0,0],[0,0,0,0,0,0,0,0,0,0,0,0,0,0,0,0,0,0,0,0,0,0,0,0,1,0,0,0,0,0],[0,0,0,0,0,0,0,0,0,0,0,0,0,0,0,0,0,1,0,0,0,0,0,0,0,0,0,0,0,0],[0,0,0,0,0,0,1,0,0,0,0,0,0,0,0,0,0,0,0,0,0,0,0,0,0,0,0,0,0,0]],"edge_indices":[[17,8],[17,22],[8,17],[8,22],[22,8],[22,17],[15,22],[22,15],[2,8],[8,2],[1,15],[15,1],[24,22],[22,24],[0,17],[17,0],[18,8],[8,18],[25,2],[2,25],[27,24],[24,27],[12,24],[24,12],[19,1],[1,19],[14,12],[12,14],[28,17],[17,28],[4,18],[18,4],[23,18],[18,23],[3,18],[18,3],[11,2],[2,11],[7,19],[19,7],[26,4],[4,26],[13,25],[25,13],[10,7],[7,10],[6,12],[12,6],[21,18],[18,21],[9,26],[26,9],[20,14],[14,20],[5,14],[14,5],[29,6],[6,29],[16,0],[0,16],[21,7],[7,21],[2,22],[22,2],[16,4],[4,16],[21,1],[1,21],[19,18],[18,19],[14,16],[16,14]],"edge_attributes":[[1.0],[1.0],[1.0],[1.0],[1.0],[1.0],[1.0],[1.0],[1.0],[1.0],[1.0],[1.0],[1.0],[1.0],[1.0],[1.0],[1.0],[1.0],[1.0],[1.0],[1.0],[1.0],[1.0],[1.0],[1.0],[1.0],[1.0],[1.0],[1.0],[1.0],[1.0],[1.0],[1.0],[1.0],[1.0],[1.0],[1.0],[1.0],[1.0],[1.0],[1.0],[1.0],[1.0],[1.0],[1.0],[1.0],[1.0],[1.0],[1.0],[1.0],[1.0],[1.0],[1.0],[1.0],[1.0],[1.0],[1.0],[1.0],[1.0],[1.0],[1.0],[1.0],[1.0],[1.0],[1.0],[1.0],[1.0],[1.0],[1.0],[1.0],[1.0],[1.0]],"seed_graph_indices":[-1,-1,-1,-1,-1,-1,-1,-1,0,-1,-1,-1,-1,-1,-1,-1,-1,0,-1,-1,-1,-1,0,-1,-1,-1,-1,-1,-1,-1],"graph_labels":1,"node_importances":[0,0,0,0,0,0,0,0,1,0,0,0,0,0,0,0,0,1,0,0,0,0,1,0,0,0,0,0,0,0],"edge_importances":[1,1,1,1,1,1,0,0,0,0,0,0,0,0,0,0,0,0,0,0,0,0,0,0,0,0,0,0,0,0,0,0,0,0,0,0,0,0,0,0,0,0,0,0,0,0,0,0,0,0,0,0,0,0,0,0,0,0,0,0,0,0,0,0,0,0,0,0,0,0,0,0],"multi_node_importances":[[0,0],[0,0],[0,0],[0,0],[0,0],[0,0],[0,0],[0,0],[0,1],[0,0],[0,0],[0,0],[0,0],[0,0],[0,0],[0,0],[0,0],[0,1],[0,0],[0,0],[0,0],[0,0],[0,1],[0,0],[0,0],[0,0],[0,0],[0,0],[0,0],[0,0]],"multi_edge_importances":[[0,1],[0,1],[0,1],[0,1],[0,1],[0,1],[0,0],[0,0],[0,0],[0,0],[0,0],[0,0],[0,0],[0,0],[0,0],[0,0],[0,0],[0,0],[0,0],[0,0],[0,0],[0,0],[0,0],[0,0],[0,0],[0,0],[0,0],[0,0],[0,0],[0,0],[0,0],[0,0],[0,0],[0,0],[0,0],[0,0],[0,0],[0,0],[0,0],[0,0],[0,0],[0,0],[0,0],[0,0],[0,0],[0,0],[0,0],[0,0],[0,0],[0,0],[0,0],[0,0],[0,0],[0,0],[0,0],[0,0],[0,0],[0,0],[0,0],[0,0],[0,0],[0,0],[0,0],[0,0],[0,0],[0,0],[0,0],[0,0],[0,0],[0,0],[0,0],[0,0]],"original_value":1.2493125968763323,"class":1,"node_positions":[[0.04211919620851324,-0.2248200091242499],[-0.3732876243691095,0.09273810774293112],[0.3563866440279758,0.15247976927324683],[-0.20375759240759558,0.536642227141756],[-0.13408125658048528,0.13247562929160164],[-0.4715381884707774,-0.49121982580286705],[0.07535180295129966,-0.7763875933817286],[-0.5902922361795815,0.4239067860946683],[0.13875792092241984,0.15853694922001058],[0.11760320446553223,0.7066049156852179],[-0.7828890828502055,0.5448623651453954],[0.48246096011711603,0.3610335307063541],[0.017970507734926186,-0.53717589611181],[0.8414479478520904,0.22974695466621556],[-0.2261827400031465,-0.432112129705057],[-0.10469194596132236,-0.010798787312706675],[-0.19393322088169362,-0.16935571892715642],[0.2585463882272388,-0.07607265971391808],[-0.12665415096914187,0.3022274681213582],[-0.4080444632380563,0.27636535575337734],[-0.34383866553936887,-0.6386518153851044],[-0.3624292290880857,0.3510419914169435],[0.1578014148953255,-0.04603730689491006],[-0.05447871425901099,0.5419720421953999],[0.20188627033242534,-0.3496776942036709],[0.6129649737204865,0.1646817875873456],[0.047070327622525894,0.42488457776756633],[0.40888116578223965,-0.4940832987485802],[0.49239734998836054,-0.15380772249762917],[0.12445303594910538,-1.0]],"node_coordinates":[[466.26224640450755,416.6607802504425],[304.10027907637044,533.8886235477281],[588.9425325267571,555.9424957815293],[370.27955717742424,697.7575967652192],[397.47904243919515,548.5578878546405],[265.7462993711947,318.31822717034504],[479.2352276409713,213.04741028502667],[219.38839417873362,656.1408598116936],[503.9870138936371,558.1785278774107],[495.72886725524603,760.5],[144.20454545454544,700.7920934402821],[638.1580439575429,632.9309472358037],[456.83534574402734,301.3533608275046],[778.2954545454546,584.4659849325174],[361.5254735380131,340.1380685404075],[408.95171980591317,495.66756647379947],[374.11468779031964,437.13564382490904],[550.7487244846212,471.5714565688001],[400.37835462625696,611.2224550780436],[290.53228478764333,601.6753533194119],[315.5962412585891,263.89312117004],[308.3390605637542,629.2425307227168],[511.4210046094223,482.65912665697493],[428.5534115341039,699.7251192145774],[528.6303678960339,370.56906864392084],[689.1027722138429,560.4469194282851],[468.19501488789456,656.5018155011237],[609.4347692930777,317.2611647306327],[642.0369030658741,442.87524861602105],[498.4028294874932,130.5]]},"label":"1","name":"1535","value":1.2493125968763323,"input_type":"classification","classes":{"0":"low","1":"high"},"image_width":900,"image_height":900,"image_path":"./1535.png"}