{"graph": {"node_indices": [0, 1, 2, 3, 4, 5, 6, 7, 8, 9, 10, 11, 12, 13], "node_attributes": [[1.0, 1.0, 0.0], [0.0, 1.0, 1.0], [1.0, 0.0, 0.0], [0.0, 1.0, 0.0], [1.0, 0.0, 0.0], [1.0, 0.0, 0.0], [0.0, 1.0, 0.0], [0.0, 0.0, 1.0], [0.0, 1.0, 1.0], [1.0, 0.0, 1.0], [0.0, 0.0, 1.0], [1.0, 1.0, 0.0], [0.0, 0.0, 1.0], [0.0, 1.0, 1.0]], "node_adjacency": [[0, 0, 1, 0, 1, 1, 0, 0, 1, 0, 0, 0, 0, 1], [0, 0, 0, 0, 1, 0, 0, 0, 0, 0, 0, 1, 0, 0], [1, 0, 0, 0, 0, 0, 0, 1, 0, 0, 1, 0, 0, 0], [0, 0, 0, 0, 0, 0, 0, 0, 0, 0, 0, 0, 1, 0], [0, 1, 0, 0, 0, 0, 0, 0, 0, 0, 0, 0, 0, 0], [1, 0, 0, 0, 0, 0, 1, 0, 0, 0, 0, 0, 0, 0], [0, 0, 0, 0, 0, 1, 0, 0, 0, 1, 0, 0, 1, 0], [0, 0, 1, 0, 0, 0, 0, 0, 0, 0, 0, 0, 0, 0], [1, 0, 0, 0, 0, 0, 0, 0, 0, 0, 0, 0, 0, 0], [0, 0, 0, 0, 0, 0, 1, 0, 0, 0, 1, 0, 0, 0], [0, 0, 1, 0, 0, 0, 0, 0, 0, 1, 0, 0, 0, 0], [0, 1, 0, 0, 0, 0, 0, 0, 0, 0, 0, 0, 0, 0], [0, 0, 0, 1, 0, 0, 1, 0, 0, 0, 0, 0, 0, 0], [1, 0, 0, 0, 0, 0, 0, 0, 0, 0, 0, 0, 0, 0]], "edge_indices": [[0, 2], [0, 5], [0, 4], [2, 0], [5, 0], [5, 0], [1, 4], [4, 1], [6, 5], [5, 6], [7, 2], [2, 7], [12, 6], [6, 12], [9, 6], [6, 9], [10, 2], [2, 10], [11, 1], [1, 11], [8, 0], [0, 8], [3, 12], [12, 3], [13, 0], [0, 13], [10, 9], [9, 10]], "edge_attributes": [[1.0], [1.0], [1.0], [1.0], [1.0], [1.0], [1.0], [1.0], [1.0], [1.0], [1.0], [1.0], [1.0], [1.0], [1.0], [1.0], [1.0], [1.0], [1.0], [1.0], [1.0], [1.0], [1.0], [1.0], [1.0], [1.0], [1.0], [1.0]], "seed_graph_indices": [0, -1, 0, -1, 0, 0, -1, -1, -1, -1, -1, -1, -1, -1], "graph_labels": 1, "node_importances": [1, 0, 1, 0, 1, 1, 0, 0, 0, 0, 0, 0, 0, 0], "edge_importances": [1, 1, 1, 1, 1, 1, 0, 0, 0, 0, 0, 0, 0, 0, 0, 0, 0, 0, 0, 0, 0, 0, 0, 0, 0, 0, 0, 0], "multi_node_importances": [[0, 1], [0, 0], [0, 1], [0, 0], [0, 1], [0, 1], [0, 0], [0, 0], [0, 0], [0, 0], [0, 0], [0, 0], [0, 0], [0, 0]], "multi_edge_importances": [[0, 1], [0, 1], [0, 1], [0, 1], [0, 1], [0, 1], [0, 0], [0, 0], [0, 0], [0, 0], [0, 0], [0, 0], [0, 0], [0, 0], [0, 0], [0, 0], [0, 0], [0, 0], [0, 0], [0, 0], [0, 0], [0, 0], [0, 0], [0, 0], [0, 0], [0, 0], [0, 0], [0, 0]], "original_value": 1.99, "class": 1, "node_positions": [[-0.056567195989942, -0.1442422947917175], [0.10011171555546756, -0.7330708456386735], [-0.33838766350448274, 0.029820718205488712], [0.5927494256360024, 0.7981049853190956], [0.022465383992834327, -0.45323325948961984], [0.12663400249967985, 0.11833121265023243], [0.15697550237649438, 0.4251992725979281], [-0.6462426091193441, -0.009849947628926206], [-0.2900236152397917, -0.32797820365429897], [-0.12962632673857657, 0.5579118415216212], [-0.3417565036975249, 0.34258766755294157], [0.17423818335741, -1.0], [0.3906357038621011, 0.6056630178226184], [0.2387939970096722, -0.2092441644666901]], "node_coordinates": [[445.98842161450193, 430.33085452907704], [526.1735000252929, 224.02366442485157], [301.7584415710818, 491.31711455481155], [778.2954545454545, 760.4999999999999], [486.4356876850818, 322.0700414235881], [539.7470667374844, 522.3284358933668], [555.2752289051048, 629.8454492743958], [144.20454545454544, 477.4177484556479], [326.5101772329903, 365.95551297309754], [408.5982452983637, 676.3438012085512], [300.0343377183803, 600.900915110221], [564.1099177243082, 130.50000000000006], [674.8577648877753, 693.0743265756723], [597.148269398578, 407.55622333146346]]}, "label": "1", "name": "1539", "value": 1.99, "input_type": "classification", "classes": {"0": "low", "1": "high"}, "image_width": 900, "image_height": 900, "image_path": "./1539.png"}