{"graph": {"node_indices": [0, 1, 2, 3, 4, 5, 6, 7, 8, 9, 10, 11, 12, 13, 14], "node_attributes": [[1.0, 0.0, 1.0], [0.0, 1.0, 0.0], [0.0, 1.0, 1.0], [0.0, 1.0, 0.0], [1.0, 1.0, 0.0], [0.0, 0.0, 1.0], [1.0, 0.0, 1.0], [1.0, 0.0, 0.0], [0.0, 0.0, 1.0], [0.0, 1.0, 0.0], [0.0, 1.0, 0.0], [1.0, 0.0, 1.0], [0.0, 1.0, 1.0], [0.0, 1.0, 1.0], [0.0, 1.0, 1.0]], "node_adjacency": [[0, 1, 0, 0, 0, 0, 0, 0, 0, 0, 0, 0, 0, 0, 0], [1, 0, 0, 0, 0, 0, 0, 0, 0, 0, 0, 0, 1, 0, 0], [0, 0, 0, 0, 1, 1, 1, 0, 0, 0, 1, 0, 0, 0, 1], [0, 0, 0, 0, 0, 0, 0, 1, 0, 1, 1, 1, 1, 0, 0], [0, 0, 1, 0, 0, 0, 0, 0, 0, 0, 0, 1, 0, 0, 0], [0, 0, 1, 0, 0, 0, 0, 1, 0, 0, 0, 0, 0, 0, 0], [0, 0, 1, 0, 0, 0, 0, 0, 0, 0, 0, 0, 0, 0, 0], [0, 0, 0, 1, 0, 1, 0, 0, 0, 0, 0, 0, 0, 0, 0], [0, 0, 0, 0, 0, 0, 0, 0, 0, 0, 1, 0, 1, 0, 0], [0, 0, 0, 1, 0, 0, 0, 0, 0, 0, 0, 0, 0, 0, 0], [0, 0, 1, 1, 0, 0, 0, 0, 1, 0, 0, 0, 0, 0, 0], [0, 0, 0, 1, 1, 0, 0, 0, 0, 0, 0, 0, 0, 0, 0], [0, 1, 0, 1, 0, 0, 0, 0, 1, 0, 0, 0, 0, 1, 0], [0, 0, 0, 0, 0, 0, 0, 0, 0, 0, 0, 0, 1, 0, 0], [0, 0, 1, 0, 0, 0, 0, 0, 0, 0, 0, 0, 0, 0, 0]], "edge_indices": [[12, 13], [13, 12], [3, 12], [12, 3], [1, 12], [12, 1], [10, 3], [3, 10], [2, 10], [10, 2], [0, 1], [1, 0], [7, 3], [3, 7], [4, 2], [2, 4], [6, 2], [2, 6], [8, 12], [12, 8], [11, 4], [4, 11], [5, 7], [7, 5], [9, 3], [3, 9], [14, 2], [2, 14], [5, 2], [2, 5], [3, 11], [11, 3], [10, 8], [8, 10]], "edge_attributes": [[1.0], [1.0], [1.0], [1.0], [1.0], [1.0], [1.0], [1.0], [1.0], [1.0], [1.0], [1.0], [1.0], [1.0], [1.0], [1.0], [1.0], [1.0], [1.0], [1.0], [1.0], [1.0], [1.0], [1.0], [1.0], [1.0], [1.0], [1.0], [1.0], [1.0], [1.0], [1.0], [1.0], [1.0]], "seed_graph_indices": [-1, -1, -1, -1, -1, -1, -1, -1, -1, -1, -1, -1, -1, -1, -1], "graph_labels": 0, "node_importances": [0, 0, 0, 0, 0, 0, 0, 0, 0, 0, 0, 0, 0, 0, 0], "edge_importances": [0, 0, 0, 0, 0, 0, 0, 0, 0, 0, 0, 0, 0, 0, 0, 0, 0, 0, 0, 0, 0, 0, 0, 0, 0, 0, 0, 0, 0, 0, 0, 0, 0, 0], "multi_node_importances": [[0, 0], [0, 0], [0, 0], [0, 0], [0, 0], [0, 0], [0, 0], [0, 0], [0, 0], [0, 0], [0, 0], [0, 0], [0, 0], [0, 0], [0, 0]], "multi_edge_importances": [[0, 0], [0, 0], [0, 0], [0, 0], [0, 0], [0, 0], [0, 0], [0, 0], [0, 0], [0, 0], [0, 0], [0, 0], [0, 0], [0, 0], [0, 0], [0, 0], [0, 0], [0, 0], [0, 0], [0, 0], [0, 0], [0, 0], [0, 0], [0, 0], [0, 0], [0, 0], [0, 0], [0, 0], [0, 0], [0, 0], [0, 0], [0, 0], [0, 0], [0, 0]], "original_value": -0.13, "class": 0, "node_positions": [[-0.9200111110936134, -0.9010602342643848], [-0.6991699539297765, -0.575920015719135], [0.5900278578676913, 0.20875352949688653], [-0.1757511323533769, 0.11179063490065332], [0.5919889295456342, -0.2036015296134038], [0.3794399843961537, 0.5881760735529709], [1.0, 0.0728550494754977], [-0.02783716317138821, 0.5274760324102328], [-0.11726109754780656, -0.3377892694298303], [-0.46719832260423044, 0.4374684818692803], [0.18311296672006563, 0.0527116613632285], [0.17326622883945947, -0.24581110547171894], [-0.49856018071017494, -0.19827806242680965], [-0.8978747021115215, -0.0465421282933212], [0.8858276961528838, 0.5097708821498537]], "node_coordinates": [[144.20454545454544, 130.5], [217.13817031828097, 268.04589289037756], [642.9006087528418, 599.9907500572103], [389.99920976280197, 558.9719921374842], [643.5482600689588, 425.5498732965401], [573.3531694898311, 760.5], [778.2954545454546, 542.5008527426902], [438.84835581406094, 734.8217206569644], [409.31576430164426, 368.7836800197665], [293.74767624282515, 696.7453209995405], [508.51543162568396, 533.9794821286949], [505.2635093122047, 407.69371933954176], [283.3903043493617, 427.80188952119806], [151.5151779890977, 491.9915940041629], [740.5896206983859, 727.3318114964856]]}, "label": "0", "name": "154", "value": -0.13, "input_type": "classification", "classes": {"0": "low", "1": "high"}, "image_width": 900, "image_height": 900, "image_path": "./154.png"}