{"graph":{"node_indices":[0,1,2,3,4,5,6,7,8,9,10,11,12,13,14,15,16,17],"node_attributes":[[0.800000011920929,0.800000011920929,0.800000011920929],[0.800000011920929,0.800000011920929,0.800000011920929],[0.800000011920929,0.800000011920929,0.800000011920929],[0.0,1.0,1.0],[0.0,1.0,1.0],[0.0,1.0,1.0],[1.0,0.0,0.0],[0.800000011920929,0.800000011920929,0.800000011920929],[0.0,0.0,1.0],[1.0,0.0,1.0],[1.0,1.0,0.0],[0.0,1.0,0.0],[0.800000011920929,0.800000011920929,0.800000011920929],[0.0,1.0,0.0],[1.0,0.0,0.0],[1.0,0.0,0.0],[0.800000011920929,0.800000011920929,0.800000011920929],[0.0,1.0,1.0]],"node_adjacency":[[0,1,0,0,0,0,0,0,0,0,0,1,0,0,0,1,0,0],[1,0,0,0,0,0,0,0,0,1,0,0,0,0,0,0,0,0],[0,0,0,0,0,0,1,0,0,1,0,0,0,0,0,0,0,0],[0,0,0,0,0,0,0,1,0,0,0,0,0,0,0,0,0,1],[0,0,0,0,0,0,0,0,0,0,0,0,0,1,0,0,0,0],[0,0,0,0,0,0,0,0,0,0,0,0,0,1,0,0,0,0],[0,0,1,0,0,0,0,0,0,0,0,0,0,1,1,1,0,0],[0,0,0,1,0,0,0,0,0,0,0,0,0,0,1,0,0,0],[0,0,0,0,0,0,0,0,0,0,0,1,0,1,0,0,0,0],[0,1,1,0,0,0,0,0,0,0,0,0,0,0,0,0,0,0],[0,0,0,0,0,0,0,0,0,0,0,0,0,0,0,0,1,0],[1,0,0,0,0,0,0,0,1,0,0,0,0,0,0,0,0,0],[0,0,0,0,0,0,0,0,0,0,0,0,0,1,0,0,0,0],[0,0,0,0,1,1,1,0,1,0,0,0,1,0,1,0,0,0],[0,0,0,0,0,0,1,1,0,0,0,0,0,1,0,0,0,0],[1,0,0,0,0,0,1,0,0,0,0,0,0,0,0,0,1,0],[0,0,0,0,0,0,0,0,0,0,1,0,0,0,0,1,0,0],[0,0,0,1,0,0,0,0,0,0,0,0,0,0,0,0,0,0]],"edge_indices":[[6,14],[6,13],[14,6],[14,13],[13,14],[13,6],[15,6],[6,15],[16,15],[15,16],[7,14],[14,7],[4,13],[13,4],[3,7],[7,3],[17,3],[3,17],[0,15],[15,0],[11,0],[0,11],[5,13],[13,5],[12,13],[13,12],[1,0],[0,1],[2,6],[6,2],[8,11],[11,8],[9,1],[1,9],[10,16],[16,10],[13,8],[8,13],[2,9],[9,2]],"edge_attributes":[[1.0],[1.0],[1.0],[1.0],[1.0],[1.0],[1.0],[1.0],[1.0],[1.0],[1.0],[1.0],[1.0],[1.0],[1.0],[1.0],[1.0],[1.0],[1.0],[1.0],[1.0],[1.0],[1.0],[1.0],[1.0],[1.0],[1.0],[1.0],[1.0],[1.0],[1.0],[1.0],[1.0],[1.0],[1.0],[1.0],[1.0],[1.0],[1.0],[1.0]],"seed_graph_indices":[-1,-1,-1,-1,-1,-1,0,-1,-1,-1,-1,-1,-1,0,0,-1,-1,-1],"graph_labels":1,"node_importances":[0,0,0,0,0,0,1,0,0,0,0,0,0,1,1,0,0,0],"edge_importances":[1,1,1,1,1,1,0,0,0,0,0,0,0,0,0,0,0,0,0,0,0,0,0,0,0,0,0,0,0,0,0,0,0,0,0,0,0,0,0,0],"multi_node_importances":[[0,0],[0,0],[0,0],[0,0],[0,0],[0,0],[0,1],[0,0],[0,0],[0,0],[0,0],[0,0],[0,0],[0,1],[0,1],[0,0],[0,0],[0,0]],"multi_edge_importances":[[0,1],[0,1],[0,1],[0,1],[0,1],[0,1],[0,0],[0,0],[0,0],[0,0],[0,0],[0,0],[0,0],[0,0],[0,0],[0,0],[0,0],[0,0],[0,0],[0,0],[0,0],[0,0],[0,0],[0,0],[0,0],[0,0],[0,0],[0,0],[0,0],[0,0],[0,0],[0,0],[0,0],[0,0],[0,0],[0,0],[0,0],[0,0],[0,0],[0,0]],"original_value":0.6447704981761803,"class":1,"node_positions":[[0.5054742165634339,0.049638838716516066],[0.7945982797507573,-0.010079996054513929],[0.30506128937346927,-0.1285674883537519],[-0.7501019351166194,0.3566436351922668],[-0.4672109226529953,-0.2792861682679307],[-0.17364370703395307,-0.573190446492683],[0.017235740882911205,0.003866439473100687],[-0.49901092825184445,0.21713105838492702],[0.09230475184455107,-0.41322442544058313],[0.6409637849858436,-0.24193876615665963],[0.40840511378787914,0.7899238459033684],[0.3834432238424621,-0.30038996866161044],[-0.37482089635797755,-0.4843111495390891],[-0.17128519324996364,-0.25179246466884336],[-0.2552302026439478,0.034482196452240994],[0.23904942991027234,0.2293109720910765],[0.30476795436572085,0.524191558478922],[-0.9999999999999999,0.47759232894324666]],"node_coordinates":[[676.1383633818716,418.35733659359875],[778.2954545454545,390.7566679514878],[605.3258497238821,335.9944806830183],[232.5017944433103,560.2478756765291],[332.4565426957271,266.3357815734764],[436.18354652246575,130.49999999999994],[503.6275667369425,397.2023889239772],[321.22054927770665,495.7683790716422],[530.1519304022373,204.43260699047954],[724.0113077520359,283.5968898028841],[641.8406398645288,760.4999999999999],[633.0207788033028,256.5820915695018],[365.1009937828401,171.5779619824389],[437.0168874245873,279.04273752284035],[407.3563400358597,411.3522859681601],[582.0016771499436,501.39765438456266],[605.2222047667739,637.6846630827049],[144.20454545454544,616.1475735141762]]},"label":"1","name":"1555","value":0.6447704981761803,"input_type":"classification","classes":{"0":"low","1":"high"},"image_width":900,"image_height":900,"image_path":"./1555.png"}