{"graph":{"node_indices":[0,1,2,3,4,5,6,7,8,9,10,11,12,13,14,15,16,17,18,19,20,21,22,23,24,25,26,27,28],"node_attributes":[[1.0,1.0,0.0],[1.0,1.0,0.0],[1.0,0.0,0.0],[1.0,0.0,0.0],[0.0,1.0,0.0],[1.0,0.0,0.0],[1.0,0.0,0.0],[0.800000011920929,0.800000011920929,0.800000011920929],[0.0,0.0,1.0],[0.800000011920929,0.800000011920929,0.800000011920929],[0.800000011920929,0.800000011920929,0.800000011920929],[0.800000011920929,0.800000011920929,0.800000011920929],[1.0,1.0,0.0],[0.0,1.0,1.0],[0.0,1.0,1.0],[0.0,1.0,1.0],[1.0,0.0,1.0],[1.0,0.0,1.0],[0.0,1.0,0.0],[1.0,0.0,1.0],[0.0,1.0,0.0],[1.0,1.0,0.0],[0.800000011920929,0.800000011920929,0.800000011920929],[1.0,1.0,0.0],[1.0,0.0,0.0],[0.800000011920929,0.800000011920929,0.800000011920929],[0.800000011920929,0.800000011920929,0.800000011920929],[1.0,0.0,0.0],[1.0,0.0,0.0]],"node_adjacency":[[0,0,1,0,0,1,0,0,0,0,0,0,0,0,0,0,1,0,0,0,0,0,0,0,0,0,0,0,1],[0,0,1,0,0,0,0,0,0,0,0,0,0,0,0,0,0,1,0,0,0,0,0,0,0,0,0,0,0],[1,1,0,0,0,0,0,0,0,0,0,0,0,0,0,0,0,0,0,0,1,0,0,0,0,0,1,0,0],[0,0,0,0,0,0,0,0,0,0,0,0,0,0,0,0,0,0,0,0,0,1,0,0,0,0,0,0,0],[0,0,0,0,0,0,1,1,0,0,0,0,0,0,0,0,0,0,0,1,0,1,0,1,0,0,0,1,0],[0,0,0,0,0,0,0,0,1,0,0,0,0,0,1,1,0,0,1,0,0,0,0,0,0,0,0,0,0],[0,0,0,0,1,0,0,0,0,0,0,0,0,0,0,0,0,0,0,0,1,0,0,0,0,1,0,1,0],[0,0,0,0,1,0,0,0,0,1,0,0,0,0,0,0,0,0,0,0,0,0,0,0,1,0,0,1,0],[0,0,0,0,0,1,0,0,0,0,0,0,0,0,0,0,0,0,0,0,0,0,0,0,0,0,0,0,0],[0,0,0,0,0,0,0,1,0,0,0,0,0,0,0,0,0,0,0,0,0,0,1,0,0,0,0,0,0],[0,0,0,0,0,0,0,0,0,0,0,0,0,0,0,0,0,0,0,0,0,1,0,0,0,0,0,0,0],[0,0,0,0,0,0,0,0,0,0,0,0,0,0,0,0,0,0,0,1,0,0,0,0,0,0,0,0,0],[0,0,0,0,0,0,0,0,0,0,0,0,0,0,0,0,0,0,0,0,0,0,0,0,0,1,0,0,0],[0,0,0,0,0,0,0,0,0,0,0,0,0,0,0,0,0,0,0,0,0,0,0,0,0,1,0,0,1],[0,0,0,0,0,1,0,0,0,0,0,0,0,0,0,0,0,0,0,0,0,0,0,0,0,0,0,0,0],[0,0,0,0,0,1,0,0,0,0,0,0,0,0,0,0,0,0,0,0,0,0,0,0,0,0,0,0,0],[1,0,0,0,0,0,0,0,0,0,0,0,0,0,0,0,0,0,0,0,0,0,0,0,0,0,0,0,0],[0,1,0,0,0,0,0,0,0,0,0,0,0,0,0,0,0,0,0,0,0,0,0,0,0,0,0,0,1],[0,0,0,0,0,1,0,0,0,0,0,0,0,0,0,0,0,0,0,0,0,0,0,0,0,0,0,0,0],[0,0,0,0,1,0,0,0,0,0,0,1,0,0,0,0,0,0,0,0,0,0,0,0,0,1,0,0,0],[0,0,1,0,0,0,1,0,0,0,0,0,0,0,0,0,0,0,0,0,0,0,0,0,0,0,0,0,0],[0,0,0,1,1,0,0,0,0,0,1,0,0,0,0,0,0,0,0,0,0,0,0,1,0,0,0,0,0],[0,0,0,0,0,0,0,0,0,1,0,0,0,0,0,0,0,0,0,0,0,0,0,0,0,0,0,0,0],[0,0,0,0,1,0,0,0,0,0,0,0,0,0,0,0,0,0,0,0,0,1,0,0,0,0,0,0,0],[0,0,0,0,0,0,0,1,0,0,0,0,0,0,0,0,0,0,0,0,0,0,0,0,0,0,0,0,0],[0,0,0,0,0,0,1,0,0,0,0,0,1,1,0,0,0,0,0,1,0,0,0,0,0,0,0,0,0],[0,0,1,0,0,0,0,0,0,0,0,0,0,0,0,0,0,0,0,0,0,0,0,0,0,0,0,0,0],[0,0,0,0,1,0,1,1,0,0,0,0,0,0,0,0,0,0,0,0,0,0,0,0,0,0,0,0,0],[1,0,0,0,0,0,0,0,0,0,0,0,0,1,0,0,0,1,0,0,0,0,0,0,0,0,0,0,0]],"edge_indices":[[27,6],[27,4],[6,27],[6,4],[4,6],[4,27],[0,2],[0,28],[0,5],[2,0],[28,0],[28,0],[16,0],[0,16],[26,2],[2,26],[7,4],[4,7],[15,5],[5,15],[17,28],[28,17],[19,4],[4,19],[21,4],[4,21],[20,6],[6,20],[24,7],[7,24],[8,5],[5,8],[3,21],[21,3],[18,5],[5,18],[25,19],[19,25],[1,17],[17,1],[9,7],[7,9],[10,21],[21,10],[13,28],[28,13],[12,25],[25,12],[22,9],[9,22],[11,19],[19,11],[14,5],[5,14],[23,4],[4,23],[20,2],[2,20],[25,13],[13,25],[6,25],[25,6],[23,21],[21,23],[2,1],[1,2],[7,27],[27,7]],"edge_attributes":[[1.0],[1.0],[1.0],[1.0],[1.0],[1.0],[1.0],[1.0],[1.0],[1.0],[1.0],[1.0],[1.0],[1.0],[1.0],[1.0],[1.0],[1.0],[1.0],[1.0],[1.0],[1.0],[1.0],[1.0],[1.0],[1.0],[1.0],[1.0],[1.0],[1.0],[1.0],[1.0],[1.0],[1.0],[1.0],[1.0],[1.0],[1.0],[1.0],[1.0],[1.0],[1.0],[1.0],[1.0],[1.0],[1.0],[1.0],[1.0],[1.0],[1.0],[1.0],[1.0],[1.0],[1.0],[1.0],[1.0],[1.0],[1.0],[1.0],[1.0],[1.0],[1.0],[1.0],[1.0],[1.0],[1.0],[1.0],[1.0]],"seed_graph_indices":[1,-1,1,-1,0,1,0,-1,-1,-1,-1,-1,-1,-1,-1,-1,-1,-1,-1,-1,-1,-1,-1,-1,-1,-1,-1,0,1],"graph_labels":1,"node_importances":[1,0,1,0,1,1,1,0,0,0,0,0,0,0,0,0,0,0,0,0,0,0,0,0,0,0,0,1,1],"edge_importances":[1,1,1,1,1,1,1,1,1,1,1,1,0,0,0,0,0,0,0,0,0,0,0,0,0,0,0,0,0,0,0,0,0,0,0,0,0,0,0,0,0,0,0,0,0,0,0,0,0,0,0,0,0,0,0,0,0,0,0,0,0,0,0,0,0,0,0,0],"multi_node_importances":[[0,1],[0,0],[0,1],[0,0],[0,1],[0,1],[0,1],[0,0],[0,0],[0,0],[0,0],[0,0],[0,0],[0,0],[0,0],[0,0],[0,0],[0,0],[0,0],[0,0],[0,0],[0,0],[0,0],[0,0],[0,0],[0,0],[0,0],[0,1],[0,1]],"multi_edge_importances":[[0,1],[0,1],[0,1],[0,1],[0,1],[0,1],[0,1],[0,1],[0,1],[0,1],[0,1],[0,1],[0,0],[0,0],[0,0],[0,0],[0,0],[0,0],[0,0],[0,0],[0,0],[0,0],[0,0],[0,0],[0,0],[0,0],[0,0],[0,0],[0,0],[0,0],[0,0],[0,0],[0,0],[0,0],[0,0],[0,0],[0,0],[0,0],[0,0],[0,0],[0,0],[0,0],[0,0],[0,0],[0,0],[0,0],[0,0],[0,0],[0,0],[0,0],[0,0],[0,0],[0,0],[0,0],[0,0],[0,0],[0,0],[0,0],[0,0],[0,0],[0,0],[0,0],[0,0],[0,0],[0,0],[0,0],[0,0],[0,0]],"original_value":2.9888021425865485,"class":1,"node_positions":[[-0.1643912725756581,0.5051523111201677],[-0.0009163059880529429,0.384444117339569],[-0.1977944447696584,0.25556374662122305],[0.4882417086231538,-0.7963906852199275],[0.13500544865665423,-0.4597629788180739],[-0.20780986434337556,0.7652743208994718],[0.05926675465875083,-0.18999892882860428],[-0.07109144426125091,-0.645784235502026],[-0.47302904707581594,0.8060882821302578],[-0.2916213722924117,-0.7690708260584657],[0.6278138174453474,-0.5848943445744209],[-0.08646544701008423,-0.28475658897666506],[0.5240832345498746,-0.009695674874601443],[0.2518471712756183,0.207986771712845],[0.0018656460976613346,0.926483315852427],[-0.15923248778892024,1.0],[-0.4137734639001127,0.5040194682058132],[0.23153360838004455,0.5539543911776086],[-0.3602501966798239,0.9491430778021038],[0.21413560254751626,-0.2687234373849691],[-0.11767324239028963,0.01023752432637452],[0.3872801558278104,-0.5673089306505356],[-0.4497313710598736,-0.9418850749183701],[0.23572372049697582,-0.6368411746417344],[-0.03635413542886803,-0.885971464387435],[0.266770537347442,-0.041393955690877886],[-0.4519123677286172,0.20785749155889854],[-0.05201783510069781,-0.42374742096315743],[0.11049689248666143,0.4300209027431042]],"node_coordinates":[[321.98142289992563,599.9580358946323],[416.1438083937254,560.7970355532635],[302.74103128215665,518.9847601507292],[697.9012327912938,177.7023121728107],[494.4354081720305,286.9134378837814],[296.9721003047209,684.3486459660602],[450.8095475898497,374.4321863867071],[375.7225832967289,226.56311477528524],[144.2045454545455,697.5897980339682],[248.69625914659113,186.5656128356702],[778.2954545454545,246.31744101212692],[366.8670820316921,343.6902404990043],[718.5461281624105,432.92743487395177],[561.736815578103,503.54950366752144],[417.74622648983143,736.6492007888687],[324.95290833227193,760.5000000000001],[178.33605306161624,599.590511036822],[550.0361033525372,615.7907495980837],[209.16571845985723,744.0006399716929],[540.0147663477183,348.89182818986853],[348.89123826586547,439.3943034125767],[639.7468813770475,252.0226245552434],[157.62412152735777,130.49999999999994],[552.4496285585833,229.46448541495639],[395.7314441857699,148.63988638641234],[570.33274789883,422.6436558943468],[156.36785670975422,503.5075616916351],[386.7090760669941,298.5978582141406],[480.3183591696771,575.583376503659]]},"label":"1","name":"1571","value":2.9888021425865485,"input_type":"classification","classes":{"0":"low","1":"high"},"image_width":900,"image_height":900,"image_path":"./1571.png"}