{"graph":{"node_indices":[0,1,2,3,4,5,6,7,8,9,10,11,12,13,14,15,16,17],"node_attributes":[[0.800000011920929,0.800000011920929,0.800000011920929],[0.0,0.0,1.0],[0.800000011920929,0.800000011920929,0.800000011920929],[1.0,0.0,0.0],[1.0,0.0,0.0],[1.0,0.0,0.0],[0.0,0.0,1.0],[0.800000011920929,0.800000011920929,0.800000011920929],[1.0,1.0,0.0],[1.0,0.0,1.0],[0.0,1.0,0.0],[0.0,1.0,1.0],[1.0,1.0,0.0],[1.0,0.0,0.0],[0.0,1.0,0.0],[0.0,0.0,1.0],[0.0,1.0,1.0],[1.0,0.0,0.0]],"node_adjacency":[[0,0,0,0,0,0,0,0,0,0,0,0,1,0,0,0,0,0],[0,0,0,0,0,0,0,0,0,1,0,0,0,0,0,0,0,0],[0,0,0,0,0,0,1,0,0,0,0,0,0,0,0,0,0,0],[0,0,0,0,0,0,0,0,0,0,0,0,1,0,0,0,0,0],[0,0,0,0,0,0,0,0,0,0,0,0,0,0,0,1,0,0],[0,0,0,0,0,0,0,0,0,0,0,0,0,0,0,0,0,0],[0,0,1,0,0,0,0,0,1,0,0,0,0,0,0,0,0,0],[0,0,0,0,0,0,0,0,0,0,0,0,0,0,1,0,0,0],[0,1,0,0,0,0,1,0,0,0,0,0,0,0,0,1,0,1],[0,1,0,0,0,0,0,0,0,0,0,0,0,0,0,0,0,1],[0,0,0,0,0,0,0,0,0,0,0,0,0,0,0,1,0,0],[0,0,0,0,0,0,0,0,0,0,0,0,0,1,0,0,0,0],[1,0,0,1,0,1,0,0,0,0,0,0,0,1,1,0,0,1],[0,0,0,0,0,0,0,0,0,0,0,1,1,0,0,0,1,0],[0,0,0,0,0,0,0,1,0,0,0,0,1,0,0,0,0,0],[0,0,0,0,1,0,0,0,1,0,1,0,0,0,0,0,0,0],[0,0,0,0,0,0,0,0,0,0,0,0,0,1,0,0,0,0],[0,0,0,0,0,0,0,0,1,1,0,0,1,0,0,0,0,0]],"edge_indices":[[8,15],[8,6],[8,1],[15,8],[6,8],[6,8],[12,13],[12,3],[12,5],[13,12],[3,12],[3,12],[14,12],[12,14],[2,6],[6,2],[0,12],[12,0],[10,15],[15,10],[9,1],[1,9],[17,9],[9,17],[11,13],[13,11],[7,14],[14,7],[16,13],[13,16],[4,15],[15,4],[17,12],[12,17],[17,8],[8,17]],"edge_attributes":[[1.0],[1.0],[1.0],[1.0],[1.0],[1.0],[1.0],[1.0],[1.0],[1.0],[1.0],[1.0],[1.0],[1.0],[1.0],[1.0],[1.0],[1.0],[1.0],[1.0],[1.0],[1.0],[1.0],[1.0],[1.0],[1.0],[1.0],[1.0],[1.0],[1.0],[1.0],[1.0],[1.0],[1.0],[1.0],[1.0]],"seed_graph_indices":[-1,0,-1,1,-1,1,0,-1,0,-1,-1,-1,1,1,-1,0,-1,-1],"graph_labels":0,"node_importances":[0,1,0,1,0,1,1,0,1,0,0,0,1,1,0,1,0,0],"edge_importances":[1,1,1,1,1,1,1,1,1,1,1,1,0,0,0,0,0,0,0,0,0,0,0,0,0,0,0,0,0,0,0,0,0,0,0,0],"multi_node_importances":[[0,0],[1,0],[0,0],[0,1],[0,0],[0,1],[1,0],[0,0],[1,0],[0,0],[0,0],[0,0],[0,1],[0,1],[0,0],[1,0],[0,0],[0,0]],"multi_edge_importances":[[1,0],[1,0],[1,0],[1,0],[1,0],[1,0],[0,1],[0,1],[0,1],[0,1],[0,1],[0,1],[0,0],[0,0],[0,0],[0,0],[0,0],[0,0],[0,0],[0,0],[0,0],[0,0],[0,0],[0,0],[0,0],[0,0],[0,0],[0,0],[0,0],[0,0],[0,0],[0,0],[0,0],[0,0],[0,0],[0,0]],"original_value":-0.19500550530963967,"class":0,"node_positions":[[0.5993187065681682,0.1792679166336379],[-0.28049552464623545,-0.4867332081136094],[-0.7601258372450802,-0.7345459190523296],[0.4150783309689358,-0.203167759991278],[-1.0,0.011355208936002541],[0.13021161499439232,0.3332574808729261],[-0.6029790175366087,-0.4411352975140547],[0.9345549771508713,-0.272945663890219],[-0.3806891144509196,-0.16223433913256793],[0.020456653548822635,-0.43564639082492695],[-0.8224293466903672,0.3529400887570395],[0.7115926776742247,0.6461068394434569],[0.31465769765446083,0.0908112122312766],[0.4219930468757459,0.4618903602476785],[0.6490031825856932,-0.10174438633396654],[-0.6651508608592951,0.05557528711744673],[0.3357849415754451,0.793099599609887],[-0.02078212816825438,-0.0861510289963996]],"node_coordinates":[[668.41474601832,507.356220536235],[380.0372058134481,232.6977978425991],[222.8283259752195,130.5],[608.0261043747402,349.64000081748304],[144.20454545454544,438.10913110533886],[514.6550722585755,570.8614148274523],[274.3364872560343,251.50234597027983],[778.2954545454545,320.86363946970823],[347.1966584034692,366.5209164657483],[478.68058504976284,253.76596745308217],[202.40704593390535,578.9785092813086],[705.2148913989047,699.88028307382],[575.1111386994615,470.87673423349037],[610.2925473278951,623.909529076536],[684.699873573628,391.46693293198405],[253.95836354388226,456.3454620564525],[582.0360353618311,760.4999999999999],[465.16371067936154,397.897623169121]]},"label":"0","name":"1574","value":-0.19500550530963967,"input_type":"classification","classes":{"0":"low","1":"high"},"image_width":900,"image_height":900,"image_path":"./1574.png"}