{"graph":{"node_indices":[0,1,2,3,4,5,6,7,8,9,10,11,12,13,14,15,16,17,18,19,20,21,22,23,24,25],"node_attributes":[[1.0,0.0,1.0],[1.0,0.0,1.0],[0.0,1.0,1.0],[0.0,0.0,1.0],[0.800000011920929,0.800000011920929,0.800000011920929],[0.0,1.0,0.0],[0.800000011920929,0.800000011920929,0.800000011920929],[0.0,1.0,0.0],[0.0,0.0,1.0],[0.800000011920929,0.800000011920929,0.800000011920929],[0.800000011920929,0.800000011920929,0.800000011920929],[0.0,1.0,1.0],[0.0,1.0,0.0],[0.800000011920929,0.800000011920929,0.800000011920929],[0.0,0.0,1.0],[1.0,0.0,1.0],[1.0,0.0,1.0],[0.0,0.0,1.0],[1.0,1.0,0.0],[1.0,0.0,1.0],[0.0,1.0,0.0],[0.800000011920929,0.800000011920929,0.800000011920929],[0.0,0.0,1.0],[1.0,0.0,0.0],[0.800000011920929,0.800000011920929,0.800000011920929],[1.0,0.0,0.0]],"node_adjacency":[[0,1,0,0,0,0,0,0,0,0,0,0,0,0,0,0,0,0,1,0,0,0,0,0,0,0],[1,0,0,0,0,0,0,0,0,0,0,0,0,0,0,0,1,0,0,0,0,0,0,0,0,0],[0,0,0,0,0,0,0,0,0,0,0,0,0,0,1,0,0,0,0,0,0,0,0,1,0,0],[0,0,0,0,0,0,0,0,0,0,0,0,1,0,0,0,0,1,0,0,1,0,1,0,0,0],[0,0,0,0,0,1,0,0,0,0,0,0,0,0,0,0,0,0,0,0,0,0,0,0,0,0],[0,0,0,0,1,0,0,0,0,0,0,0,0,0,0,0,0,0,0,0,0,0,0,1,1,1],[0,0,0,0,0,0,0,0,0,0,0,0,0,0,0,0,0,0,0,0,1,0,0,0,0,0],[0,0,0,0,0,0,0,0,0,0,0,0,0,1,0,0,0,0,0,0,0,0,1,0,0,0],[0,0,0,0,0,0,0,0,0,0,0,0,0,0,0,0,0,1,0,0,0,0,1,0,0,0],[0,0,0,0,0,0,0,0,0,0,1,0,0,0,0,0,0,0,1,0,0,0,0,0,0,0],[0,0,0,0,0,0,0,0,0,1,0,0,0,0,0,0,0,0,0,0,0,0,0,0,0,1],[0,0,0,0,0,0,0,0,0,0,0,0,1,0,0,0,0,0,0,0,0,0,0,0,0,0],[0,0,0,1,0,0,0,0,0,0,0,1,0,0,0,0,0,0,0,0,0,1,1,0,1,0],[0,0,0,0,0,0,0,1,0,0,0,0,0,0,0,0,0,0,0,0,0,0,0,0,0,0],[0,0,1,0,0,0,0,0,0,0,0,0,0,0,0,0,0,0,0,0,0,0,0,0,0,0],[0,0,0,0,0,0,0,0,0,0,0,0,0,0,0,0,0,0,1,0,0,0,0,1,0,0],[0,1,0,0,0,0,0,0,0,0,0,0,0,0,0,0,0,0,0,0,0,0,0,0,0,0],[0,0,0,1,0,0,0,0,1,0,0,0,0,0,0,0,0,0,0,0,0,0,0,0,0,0],[1,0,0,0,0,0,0,0,0,1,0,0,0,0,0,1,0,0,0,0,0,0,0,0,0,0],[0,0,0,0,0,0,0,0,0,0,0,0,0,0,0,0,0,0,0,0,0,1,0,0,0,1],[0,0,0,1,0,0,1,0,0,0,0,0,0,0,0,0,0,0,0,0,0,0,0,0,0,0],[0,0,0,0,0,0,0,0,0,0,0,0,1,0,0,0,0,0,0,1,0,0,0,0,0,0],[0,0,0,1,0,0,0,1,1,0,0,0,1,0,0,0,0,0,0,0,0,0,0,0,0,0],[0,0,1,0,0,1,0,0,0,0,0,0,0,0,0,1,0,0,0,0,0,0,0,0,0,1],[0,0,0,0,0,1,0,0,0,0,0,0,1,0,0,0,0,0,0,0,0,0,0,0,0,0],[0,0,0,0,0,1,0,0,0,0,1,0,0,0,0,0,0,0,0,1,0,0,0,1,0,0]],"edge_indices":[[3,22],[3,12],[22,3],[22,12],[12,22],[12,3],[25,23],[25,5],[23,25],[23,5],[5,23],[5,25],[15,23],[23,15],[11,12],[12,11],[17,3],[3,17],[24,5],[5,24],[18,15],[15,18],[4,5],[5,4],[2,23],[23,2],[0,18],[18,0],[10,25],[25,10],[7,22],[22,7],[14,2],[2,14],[9,10],[10,9],[13,7],[7,13],[20,3],[3,20],[1,0],[0,1],[19,25],[25,19],[6,20],[20,6],[21,12],[12,21],[8,17],[17,8],[16,1],[1,16],[21,19],[19,21],[24,12],[12,24],[8,22],[22,8],[9,18],[18,9]],"edge_attributes":[[1.0],[1.0],[1.0],[1.0],[1.0],[1.0],[1.0],[1.0],[1.0],[1.0],[1.0],[1.0],[1.0],[1.0],[1.0],[1.0],[1.0],[1.0],[1.0],[1.0],[1.0],[1.0],[1.0],[1.0],[1.0],[1.0],[1.0],[1.0],[1.0],[1.0],[1.0],[1.0],[1.0],[1.0],[1.0],[1.0],[1.0],[1.0],[1.0],[1.0],[1.0],[1.0],[1.0],[1.0],[1.0],[1.0],[1.0],[1.0],[1.0],[1.0],[1.0],[1.0],[1.0],[1.0],[1.0],[1.0],[1.0],[1.0],[1.0],[1.0]],"seed_graph_indices":[-1,-1,-1,0,-1,1,-1,-1,-1,-1,-1,-1,0,-1,-1,-1,-1,-1,-1,-1,-1,-1,0,1,-1,1],"graph_labels":1,"node_importances":[0,0,0,1,0,1,0,0,0,0,0,0,1,0,0,0,0,0,0,0,0,0,1,1,0,1],"edge_importances":[1,1,1,1,1,1,1,1,1,1,1,1,0,0,0,0,0,0,0,0,0,0,0,0,0,0,0,0,0,0,0,0,0,0,0,0,0,0,0,0,0,0,0,0,0,0,0,0,0,0,0,0,0,0,0,0,0,0,0,0],"multi_node_importances":[[0,0],[0,0],[0,0],[1,0],[0,0],[0,1],[0,0],[0,0],[0,0],[0,0],[0,0],[0,0],[1,0],[0,0],[0,0],[0,0],[0,0],[0,0],[0,0],[0,0],[0,0],[0,0],[1,0],[0,1],[0,0],[0,1]],"multi_edge_importances":[[1,0],[1,0],[1,0],[1,0],[1,0],[1,0],[0,1],[0,1],[0,1],[0,1],[0,1],[0,1],[0,0],[0,0],[0,0],[0,0],[0,0],[0,0],[0,0],[0,0],[0,0],[0,0],[0,0],[0,0],[0,0],[0,0],[0,0],[0,0],[0,0],[0,0],[0,0],[0,0],[0,0],[0,0],[0,0],[0,0],[0,0],[0,0],[0,0],[0,0],[0,0],[0,0],[0,0],[0,0],[0,0],[0,0],[0,0],[0,0],[0,0],[0,0],[0,0],[0,0],[0,0],[0,0],[0,0],[0,0],[0,0],[0,0],[0,0],[0,0]],"original_value":0.22796353316521123,"class":1,"node_positions":[[0.698031453828642,-0.3395363349519866],[0.8529623495584264,-0.422078512380981],[0.36016584022073644,0.16882134603399934],[-0.3748101779505246,0.2941058332305499],[-0.004122285870951532,-0.2314014085996588],[0.06560851675312727,-0.006550109708931845],[-0.3647796404637322,0.6781395112022974],[-0.6687602011274594,0.05166962904624916],[-0.6332467152790571,0.2787477206585364],[0.38326115425858065,-0.4135262486114118],[0.2166668694429774,-0.3292877943628016],[-0.42908839628766965,-0.053946477333645985],[-0.307691551240814,0.11244692703535399],[-0.8406825118846639,-0.01742592535633602],[0.47950075828881006,0.31311703416715714],[0.4268826354899401,-0.10641128278761275],[1.0,-0.5125610688711089],[-0.5305100151794396,0.4017951825677714],[0.5247555037409278,-0.27822055644414945],[-0.07794095869381719,-0.14934829011934952],[-0.3367169931621673,0.4916373196342564],[-0.24020154364085844,-0.056032992741476266],[-0.4911309635962237,0.15664030482767588],[0.2559639162763049,-0.000038283696461794235],[-0.10140690575707681,0.11031301218051985],[0.1372898622759821,-0.141068534618455]],"node_coordinates":[[674.2712631260414,222.0474336649159],[727.6429184143726,178.37434519034693],[557.8810042411249,491.019620611719],[304.69143541914787,557.3076767819451],[432.3885374234817,279.2616525391241],[456.4098815401641,398.23053579306935],[308.1468236203203,760.5],[203.4295196786046,429.0346153657045],[215.66344833344021,549.1816952528424],[565.8370360822717,182.89935027138623],[508.44749669890695,227.4699392714795],[285.99330329314887,373.1531048223638],[327.81291929944916,461.1919002229736],[144.2045454545455,392.47613878299796],[598.9903135302084,567.3665083559788],[580.864062476717,345.3939620209373],[778.2954545454546,130.5],[251.05488990065842,614.2861407365583],[614.579977961273,254.48962871075685],[406.95897580385775,322.6759797912431],[317.81403641995047,661.8216398360852],[351.06233901050564,372.0491289539284],[264.6204550952626,484.57462840426524],[521.9848123360395,401.6759447031777],[398.87526576155045,460.0628452942671],[481.1031620238843,327.0568006733846]]},"label":"1","name":"1587","value":0.22796353316521123,"input_type":"classification","classes":{"0":"low","1":"high"},"image_width":900,"image_height":900,"image_path":"./1587.png"}