{"graph": {"node_indices": [0, 1, 2, 3, 4, 5, 6, 7, 8, 9, 10, 11, 12, 13], "node_attributes": [[1.0, 1.0, 0.0], [0.0, 1.0, 0.0], [1.0, 0.0, 0.0], [1.0, 0.0, 0.0], [0.0, 0.0, 1.0], [0.0, 1.0, 0.0], [1.0, 0.0, 1.0], [1.0, 0.0, 0.0], [1.0, 1.0, 0.0], [0.0, 1.0, 1.0], [0.0, 0.0, 1.0], [0.0, 0.0, 1.0], [0.0, 1.0, 0.0], [1.0, 1.0, 0.0]], "node_adjacency": [[0, 0, 0, 0, 0, 1, 0, 0, 0, 0, 0, 0, 0, 1], [0, 0, 0, 0, 0, 0, 0, 0, 1, 0, 0, 0, 0, 0], [0, 0, 0, 0, 0, 0, 0, 0, 0, 0, 1, 0, 0, 1], [0, 0, 0, 0, 0, 1, 0, 0, 1, 0, 0, 0, 0, 0], [0, 0, 0, 0, 0, 0, 0, 0, 0, 0, 0, 1, 0, 0], [1, 0, 0, 1, 0, 0, 0, 0, 0, 0, 0, 0, 1, 0], [0, 0, 0, 0, 0, 0, 0, 0, 1, 0, 0, 0, 0, 0], [0, 0, 0, 0, 0, 0, 0, 0, 1, 0, 0, 0, 0, 0], [0, 1, 1, 1, 0, 0, 1, 1, 0, 0, 0, 0, 1, 0], [0, 0, 0, 0, 0, 0, 0, 0, 0, 0, 0, 1, 1, 0], [0, 0, 1, 0, 0, 0, 0, 0, 0, 0, 0, 0, 0, 0], [0, 0, 0, 0, 1, 0, 0, 0, 0, 1, 0, 0, 0, 0], [0, 0, 0, 0, 0, 1, 0, 0, 1, 1, 0, 0, 0, 1], [1, 0, 1, 0, 0, 0, 0, 0, 0, 0, 0, 0, 1, 0]], "edge_indices": [[8, 3], [8, 7], [8, 2], [3, 8], [7, 8], [7, 8], [13, 2], [2, 13], [12, 8], [8, 12], [6, 8], [8, 6], [9, 12], [12, 9], [5, 12], [12, 5], [10, 2], [2, 10], [11, 9], [9, 11], [4, 11], [11, 4], [0, 13], [13, 0], [1, 8], [8, 1], [5, 0], [0, 5], [13, 12], [12, 13], [5, 3], [3, 5]], "edge_attributes": [[1.0], [1.0], [1.0], [1.0], [1.0], [1.0], [1.0], [1.0], [1.0], [1.0], [1.0], [1.0], [1.0], [1.0], [1.0], [1.0], [1.0], [1.0], [1.0], [1.0], [1.0], [1.0], [1.0], [1.0], [1.0], [1.0], [1.0], [1.0], [1.0], [1.0], [1.0], [1.0]], "seed_graph_indices": [-1, -1, 0, 0, -1, -1, -1, 0, 0, -1, -1, -1, -1, -1], "graph_labels": 1, "node_importances": [0, 0, 1, 1, 0, 0, 0, 1, 1, 0, 0, 0, 0, 0], "edge_importances": [1, 1, 1, 1, 1, 1, 0, 0, 0, 0, 0, 0, 0, 0, 0, 0, 0, 0, 0, 0, 0, 0, 0, 0, 0, 0, 0, 0, 0, 0, 0, 0], "multi_node_importances": [[0, 0], [0, 0], [0, 1], [0, 1], [0, 0], [0, 0], [0, 0], [0, 1], [0, 1], [0, 0], [0, 0], [0, 0], [0, 0], [0, 0]], "multi_edge_importances": [[0, 1], [0, 1], [0, 1], [0, 1], [0, 1], [0, 1], [0, 0], [0, 0], [0, 0], [0, 0], [0, 0], [0, 0], [0, 0], [0, 0], [0, 0], [0, 0], [0, 0], [0, 0], [0, 0], [0, 0], [0, 0], [0, 0], [0, 0], [0, 0], [0, 0], [0, 0], [0, 0], [0, 0], [0, 0], [0, 0], [0, 0], [0, 0]], "original_value": 2.02, "class": 1, "node_positions": [[-0.3457572134946449, -0.05272726801893122], [0.6325845118015131, -0.0548962369438408], [0.3225286343590501, 0.198254878513262], [0.05775366364987677, -0.4587312969820034], [-1.0, 0.5124159806306624], [-0.2637092166663817, -0.35592382717000126], [0.604556755081374, -0.3383292476390414], [0.3885052624681435, -0.5286313178654957], [0.28958627594916475, -0.16961702493115696], [-0.40933258762346836, 0.20228869612571446], [0.5361974432531188, 0.48427791610194076], [-0.7095676007273587, 0.3679999965201293], [-0.07599558033400997, -0.046818531466165644], [-0.027350347716377354, 0.24043728312492738]], "node_coordinates": [[398.31047397617226, 418.4980110763834], [778.2954545454545, 417.18543822338535], [657.870685245442, 570.3823227149533], [555.0328837914549, 172.80068433990817], [144.2045454545455, 760.5], [430.17766891881706, 235.0156346837809], [767.4095582197319, 245.66316733721263], [683.4958089643261, 130.5], [645.0759724200258, 347.76102634852384], [373.61799007366574, 572.8234270716104], [740.8590073179741, 743.4719738203037], [257.00761491465374, 673.1052484636732], [503.0850801127467, 422.0737410490942], [521.9787420031295, 595.9094192683356]]}, "label": "1", "name": "1591", "value": 2.02, "input_type": "classification", "classes": {"0": "low", "1": "high"}, "image_width": 900, "image_height": 900, "image_path": "./1591.png"}