{"graph":{"node_indices":[0,1,2,3,4,5,6,7,8,9,10,11,12,13,14,15,16,17,18],"node_attributes":[[1.0,0.0,0.0],[0.0,1.0,0.0],[0.800000011920929,0.800000011920929,0.800000011920929],[0.0,1.0,1.0],[0.0,0.0,1.0],[1.0,0.0,0.0],[1.0,1.0,0.0],[0.0,1.0,0.0],[1.0,0.0,0.0],[0.800000011920929,0.800000011920929,0.800000011920929],[1.0,1.0,0.0],[0.800000011920929,0.800000011920929,0.800000011920929],[1.0,0.0,0.0],[0.800000011920929,0.800000011920929,0.800000011920929],[1.0,0.0,1.0],[1.0,0.0,0.0],[0.0,1.0,0.0],[1.0,0.0,1.0],[0.800000011920929,0.800000011920929,0.800000011920929]],"node_adjacency":[[0,0,1,0,0,0,0,0,0,0,0,0,0,0,0,0,0,0,0],[0,0,0,0,0,0,0,0,0,0,0,0,0,0,0,0,1,0,0],[1,0,0,0,0,0,1,0,0,0,0,0,0,0,0,0,0,0,0],[0,0,0,0,0,1,0,0,0,0,0,0,0,0,0,1,0,0,0],[0,0,0,0,0,0,0,1,0,1,0,0,0,0,0,1,0,0,0],[0,0,0,1,0,0,0,1,0,0,0,1,1,0,0,0,0,0,0],[1,0,1,0,0,0,0,0,1,0,0,0,0,0,0,1,0,0,0],[0,0,0,0,1,1,0,0,0,0,0,0,1,0,0,0,0,0,0],[0,0,0,0,0,0,1,0,0,0,0,0,0,0,1,0,0,0,1],[0,0,0,0,1,0,0,0,0,0,0,0,0,0,0,0,1,0,0],[0,0,0,0,0,0,0,0,0,0,0,0,1,0,0,0,0,0,0],[0,0,0,0,0,1,0,0,0,0,0,0,0,0,0,0,0,0,0],[0,0,0,0,0,1,0,1,0,0,1,0,0,1,0,0,0,0,0],[0,0,0,0,0,0,0,0,0,0,0,0,1,0,0,1,0,0,0],[0,0,0,0,0,0,0,0,1,0,0,0,0,0,0,0,0,0,0],[0,0,0,1,1,0,1,0,0,0,0,0,0,1,0,0,0,1,0],[0,1,0,0,0,0,0,0,0,1,0,0,0,0,0,0,0,0,0],[0,0,0,0,0,0,0,0,0,0,0,0,0,0,0,1,0,0,0],[0,0,0,0,0,0,0,0,1,0,0,0,0,0,0,0,0,0,0]],"edge_indices":[[12,5],[12,7],[5,12],[5,7],[7,5],[7,12],[6,15],[6,8],[6,0],[15,6],[8,6],[8,6],[17,15],[15,17],[4,7],[7,4],[14,8],[8,14],[2,0],[0,2],[9,4],[4,9],[16,9],[9,16],[10,12],[12,10],[3,5],[5,3],[11,5],[5,11],[1,16],[16,1],[18,8],[8,18],[13,15],[15,13],[4,15],[15,4],[2,6],[6,2],[3,15],[15,3],[13,12],[12,13]],"edge_attributes":[[1.0],[1.0],[1.0],[1.0],[1.0],[1.0],[1.0],[1.0],[1.0],[1.0],[1.0],[1.0],[1.0],[1.0],[1.0],[1.0],[1.0],[1.0],[1.0],[1.0],[1.0],[1.0],[1.0],[1.0],[1.0],[1.0],[1.0],[1.0],[1.0],[1.0],[1.0],[1.0],[1.0],[1.0],[1.0],[1.0],[1.0],[1.0],[1.0],[1.0],[1.0],[1.0],[1.0],[1.0]],"seed_graph_indices":[1,-1,-1,-1,-1,0,1,0,1,-1,-1,-1,0,-1,-1,1,-1,-1,-1],"graph_labels":1,"node_importances":[1,0,0,0,0,1,1,1,1,0,0,0,1,0,0,1,0,0,0],"edge_importances":[1,1,1,1,1,1,1,1,1,1,1,1,0,0,0,0,0,0,0,0,0,0,0,0,0,0,0,0,0,0,0,0,0,0,0,0,0,0,0,0,0,0,0,0],"multi_node_importances":[[0,1],[0,0],[0,0],[0,0],[0,0],[0,1],[0,1],[0,1],[0,1],[0,0],[0,0],[0,0],[0,1],[0,0],[0,0],[0,1],[0,0],[0,0],[0,0]],"multi_edge_importances":[[0,1],[0,1],[0,1],[0,1],[0,1],[0,1],[0,1],[0,1],[0,1],[0,1],[0,1],[0,1],[0,0],[0,0],[0,0],[0,0],[0,0],[0,0],[0,0],[0,0],[0,0],[0,0],[0,0],[0,0],[0,0],[0,0],[0,0],[0,0],[0,0],[0,0],[0,0],[0,0],[0,0],[0,0],[0,0],[0,0],[0,0],[0,0],[0,0],[0,0],[0,0],[0,0],[0,0],[0,0]],"original_value":2.9864436222958286,"class":1,"node_positions":[[-0.23253106091645037,0.6530612386592599],[-0.9176667678507923,-0.7459202576623545],[-0.37515051981424663,0.5062860946216186],[0.15910218664091177,-0.14768955305920053],[-0.16358887798796085,-0.23885879968248735],[0.31811433554377794,-0.456392534056326],[-0.04721588634366872,0.4176958587059513],[0.10308425261401195,-0.42765674839388507],[0.1568441888240064,0.6877638423352506],[-0.43401274616432967,-0.4140593561259847],[0.749935243572627,-0.3014252324659703],[0.43398575928309224,-0.7413850068691479],[0.4372076096918123,-0.25628526715115013],[0.3126422028597724,0.040966863561333396],[0.43227724938796747,0.8345823632255376],[-0.019842819239672675,0.07471527331302992],[-0.6804938549987706,-0.5820860334492669],[-0.31881191576871565,0.0966872544937922],[0.08612142066662797,1.0]],"node_coordinates":[[404.72133560270254,635.3101932574425],[144.20454545454555,130.49999999999994],[350.4915483230833,582.3476708639389],[553.6364126251297,346.3662987303932],[430.9359906273287,313.46867633292266],[614.0993752286906,234.9735377067106],[475.1857909752978,550.3806618428064],[532.336088885299,245.34259373197088],[552.7778289351131,647.832323188592],[328.1097075950428,250.2490933794673],[778.2954545454545,290.89212824568625],[658.1584588189085,132.1365054401429],[659.3835389283264,307.18048850929483],[612.0186451956863,414.44131071866786],[657.5088130490129,700.8104977386286],[485.5941575313946,426.61912814776184],[234.38744694535706,189.61814173715035],[371.91380400005426,434.54752469573134],[525.8861221326852,760.5]]},"label":"1","name":"1593","value":2.9864436222958286,"input_type":"classification","classes":{"0":"low","1":"high"},"image_width":900,"image_height":900,"image_path":"./1593.png"}