{"graph":{"node_indices":[0,1,2,3,4,5,6,7,8,9,10,11,12,13,14,15,16,17,18,19,20,21,22,23,24,25,26,27,28,29,30],"node_attributes":[[0.800000011920929,0.800000011920929,0.800000011920929],[0.800000011920929,0.800000011920929,0.800000011920929],[0.800000011920929,0.800000011920929,0.800000011920929],[1.0,0.0,0.0],[0.0,1.0,1.0],[0.0,0.0,1.0],[1.0,0.0,0.0],[0.0,1.0,1.0],[0.800000011920929,0.800000011920929,0.800000011920929],[0.0,0.0,1.0],[1.0,0.0,0.0],[1.0,0.0,1.0],[0.800000011920929,0.800000011920929,0.800000011920929],[1.0,1.0,0.0],[0.0,0.0,1.0],[0.0,0.0,1.0],[0.800000011920929,0.800000011920929,0.800000011920929],[0.0,1.0,0.0],[0.0,1.0,0.0],[0.0,1.0,0.0],[1.0,0.0,1.0],[1.0,1.0,0.0],[0.800000011920929,0.800000011920929,0.800000011920929],[0.0,0.0,1.0],[0.0,1.0,1.0],[1.0,0.0,0.0],[1.0,0.0,0.0],[0.0,0.0,1.0],[0.0,1.0,1.0],[0.800000011920929,0.800000011920929,0.800000011920929],[0.800000011920929,0.800000011920929,0.800000011920929]],"node_adjacency":[[0,1,0,0,0,0,0,1,0,0,0,0,0,0,0,0,0,0,0,0,0,0,0,0,0,0,0,0,0,0,0],[1,0,1,0,0,0,0,0,0,0,0,0,0,0,0,0,0,0,0,0,0,0,0,0,0,0,0,0,0,0,0],[0,1,0,0,0,0,0,0,0,0,0,0,0,0,0,0,0,0,0,0,0,0,0,0,0,1,0,1,0,0,0],[0,0,0,0,0,0,1,0,0,0,0,0,0,0,0,0,0,0,1,0,0,0,0,0,0,0,0,0,0,0,0],[0,0,0,0,0,0,0,1,0,0,0,0,0,0,0,0,0,0,0,0,0,0,0,0,0,0,0,0,0,0,0],[0,0,0,0,0,0,0,1,0,0,0,0,0,0,0,1,0,0,1,1,0,1,0,0,0,0,0,0,0,0,0],[0,0,0,1,0,0,0,0,0,0,0,0,0,0,0,0,0,0,0,0,0,0,0,0,0,0,0,0,0,0,0],[1,0,0,0,1,1,0,0,1,0,0,0,0,0,0,0,0,0,0,0,0,0,0,0,0,0,0,0,0,0,0],[0,0,0,0,0,0,0,1,0,0,0,0,0,0,0,0,0,0,0,0,0,0,0,0,0,0,0,0,0,1,0],[0,0,0,0,0,0,0,0,0,0,0,1,0,0,0,0,0,0,0,0,0,0,0,0,0,1,0,0,0,0,0],[0,0,0,0,0,0,0,0,0,0,0,0,0,0,0,0,0,0,0,0,0,0,0,0,0,0,0,0,1,0,0],[0,0,0,0,0,0,0,0,0,1,0,0,0,0,0,0,0,0,0,0,0,0,0,0,0,0,0,0,0,0,0],[0,0,0,0,0,0,0,0,0,0,0,0,0,1,0,0,0,0,0,0,0,0,0,0,0,0,0,0,0,0,1],[0,0,0,0,0,0,0,0,0,0,0,0,1,0,1,0,0,0,0,0,0,0,0,1,0,0,0,1,0,1,0],[0,0,0,0,0,0,0,0,0,0,0,0,0,1,0,0,0,0,0,0,0,0,0,0,0,0,0,0,0,0,0],[0,0,0,0,0,1,0,0,0,0,0,0,0,0,0,0,0,0,0,1,0,0,0,0,0,0,0,0,0,0,0],[0,0,0,0,0,0,0,0,0,0,0,0,0,0,0,0,0,0,0,0,1,0,0,0,0,0,0,0,0,0,0],[0,0,0,0,0,0,0,0,0,0,0,0,0,0,0,0,0,0,0,0,0,0,0,0,0,1,0,0,0,0,0],[0,0,0,1,0,1,0,0,0,0,0,0,0,0,0,0,0,0,0,0,0,0,0,0,0,0,0,0,0,0,0],[0,0,0,0,0,1,0,0,0,0,0,0,0,0,0,1,0,0,0,0,0,0,0,0,0,0,0,0,0,0,0],[0,0,0,0,0,0,0,0,0,0,0,0,0,0,0,0,1,0,0,0,0,0,0,0,0,0,0,1,0,0,0],[0,0,0,0,0,1,0,0,0,0,0,0,0,0,0,0,0,0,0,0,0,0,0,0,1,0,0,0,0,0,0],[0,0,0,0,0,0,0,0,0,0,0,0,0,0,0,0,0,0,0,0,0,0,0,0,0,0,0,1,0,0,0],[0,0,0,0,0,0,0,0,0,0,0,0,0,1,0,0,0,0,0,0,0,0,0,0,0,0,1,0,0,0,0],[0,0,0,0,0,0,0,0,0,0,0,0,0,0,0,0,0,0,0,0,0,1,0,0,0,0,0,0,0,0,0],[0,0,1,0,0,0,0,0,0,1,0,0,0,0,0,0,0,1,0,0,0,0,0,0,0,0,0,0,0,0,0],[0,0,0,0,0,0,0,0,0,0,0,0,0,0,0,0,0,0,0,0,0,0,0,1,0,0,0,0,0,0,0],[0,0,1,0,0,0,0,0,0,0,0,0,0,0,0,0,0,0,0,0,1,0,1,0,0,0,0,0,1,0,0],[0,0,0,0,0,0,0,0,0,0,1,0,0,0,0,0,0,0,0,0,0,0,0,0,0,0,0,1,0,0,0],[0,0,0,0,0,0,0,0,1,0,0,0,0,1,0,0,0,0,0,0,0,0,0,0,0,0,0,0,0,0,0],[0,0,0,0,0,0,0,0,0,0,0,0,1,0,0,0,0,0,0,0,0,0,0,0,0,0,0,0,0,0,0]],"edge_indices":[[13,23],[13,14],[13,27],[23,13],[14,13],[14,13],[15,5],[15,19],[5,15],[5,19],[19,5],[19,15],[18,5],[5,18],[20,27],[27,20],[7,5],[5,7],[22,27],[27,22],[0,7],[7,0],[2,27],[27,2],[28,27],[27,28],[16,20],[20,16],[10,28],[28,10],[29,13],[13,29],[12,13],[13,12],[25,2],[2,25],[1,0],[0,1],[3,18],[18,3],[21,5],[5,21],[9,25],[25,9],[17,25],[25,17],[6,3],[3,6],[11,9],[9,11],[24,21],[21,24],[30,12],[12,30],[8,29],[29,8],[4,7],[7,4],[26,23],[23,26],[8,7],[7,8],[1,2],[2,1]],"edge_attributes":[[1.0],[1.0],[1.0],[1.0],[1.0],[1.0],[1.0],[1.0],[1.0],[1.0],[1.0],[1.0],[1.0],[1.0],[1.0],[1.0],[1.0],[1.0],[1.0],[1.0],[1.0],[1.0],[1.0],[1.0],[1.0],[1.0],[1.0],[1.0],[1.0],[1.0],[1.0],[1.0],[1.0],[1.0],[1.0],[1.0],[1.0],[1.0],[1.0],[1.0],[1.0],[1.0],[1.0],[1.0],[1.0],[1.0],[1.0],[1.0],[1.0],[1.0],[1.0],[1.0],[1.0],[1.0],[1.0],[1.0],[1.0],[1.0],[1.0],[1.0],[1.0],[1.0],[1.0],[1.0]],"seed_graph_indices":[-1,-1,-1,-1,-1,1,-1,-1,-1,-1,-1,-1,-1,0,0,1,-1,-1,-1,1,-1,-1,-1,0,-1,-1,-1,0,-1,-1,-1],"graph_labels":0,"node_importances":[0,0,0,0,0,1,0,0,0,0,0,0,0,1,1,1,0,0,0,1,0,0,0,1,0,0,0,1,0,0,0],"edge_importances":[1,1,1,1,1,1,1,1,1,1,1,1,0,0,0,0,0,0,0,0,0,0,0,0,0,0,0,0,0,0,0,0,0,0,0,0,0,0,0,0,0,0,0,0,0,0,0,0,0,0,0,0,0,0,0,0,0,0,0,0,0,0,0,0],"multi_node_importances":[[0,0],[0,0],[0,0],[0,0],[0,0],[1,0],[0,0],[0,0],[0,0],[0,0],[0,0],[0,0],[0,0],[1,0],[1,0],[1,0],[0,0],[0,0],[0,0],[1,0],[0,0],[0,0],[0,0],[1,0],[0,0],[0,0],[0,0],[1,0],[0,0],[0,0],[0,0]],"multi_edge_importances":[[1,0],[1,0],[1,0],[1,0],[1,0],[1,0],[1,0],[1,0],[1,0],[1,0],[1,0],[1,0],[0,0],[0,0],[0,0],[0,0],[0,0],[0,0],[0,0],[0,0],[0,0],[0,0],[0,0],[0,0],[0,0],[0,0],[0,0],[0,0],[0,0],[0,0],[0,0],[0,0],[0,0],[0,0],[0,0],[0,0],[0,0],[0,0],[0,0],[0,0],[0,0],[0,0],[0,0],[0,0],[0,0],[0,0],[0,0],[0,0],[0,0],[0,0],[0,0],[0,0],[0,0],[0,0],[0,0],[0,0],[0,0],[0,0],[0,0],[0,0],[0,0],[0,0],[0,0],[0,0]],"original_value":-2.9632289831203042,"class":0,"node_positions":[[0.13650575664943734,0.21096225578610292],[0.19789163557887873,-0.004859877245149798],[0.19122255193814117,-0.23522026064386514],[0.32557870069745365,0.8374114710872248],[-0.258310387782041,0.38838916929615763],[-0.03145531081713533,0.5804910058340889],[0.4464516579241783,1.0],[-0.047580626595701545,0.34657359039146945],[-0.184594574041172,0.16839097544849962],[0.6363861893204896,-0.2409517192624561],[0.02590853323944343,-0.816843036285972],[0.8411624273073776,-0.28614922365777845],[-0.3842326709510934,-0.4563440609408971],[-0.22165161351147797,-0.27177602605589635],[-0.3707304004053073,-0.30855136816543],[-0.270121254030572,0.632555691352904],[0.15495407633691474,-0.8086567170022513],[0.5465341104901202,-0.4523066919384516],[0.17384045347676313,0.6860055385125728],[-0.17030699452785178,0.7089795833485237],[0.027417914737080305,-0.6112352905983871],[-0.059405287543400666,0.8011242935574286],[-0.11972197909780412,-0.5326771455331116],[-0.46271256394921473,-0.21626840154767202],[-0.18195042476430515,0.9847303378575483],[0.42071029577217856,-0.2802853079199864],[-0.6820380301837384,-0.24324917411293626],[-0.0011887586490936734,-0.38455186081608783],[0.10665094097074798,-0.5676000968299868],[-0.22244794362573847,-0.04413400098652096],[-0.5627664239635572,-0.5839536529296843]],"node_coordinates":[[484.9549512013157,486.8969594913799],[510.50918970241656,412.0594853154942],[507.73292654692625,332.18079538867346],[563.6638528342451,704.1215615937635],[320.5975111052974,548.4206867913647],[415.0346820483111,615.0330218152513],[613.981880875441,760.5],[408.3218977321544,533.9209120811585],[351.28456028483475,472.1351412841693],[693.0494514558845,330.1933815848406],[438.91459348603286,130.5],[778.2954545454546,314.52090619738993],[268.1775064914706,255.50493984976768],[335.8581390739016,319.5048890227288],[273.7983471123242,306.7528432673796],[315.6807827260152,633.0867288343813],[492.63477544526324,133.33864981494872],[655.6450598874234,256.9049190558637],[500.49695799066865,651.6207480303528],[357.2323160367153,659.5871204453505],[439.54293172037006,201.79558095892108],[403.3994267775643,691.5387895065808],[378.2902787379927,229.0360361896026],[235.50722566809034,338.75245347478364],[352.3852893520399,755.2051633203221],[603.2660465622839,316.55425021282065],[144.2045454545455,329.3967268783552],[427.6343011495894,280.39926763445516],[472.52673328597797,216.92631681505105],[335.5266359656898,398.4409737198842],[193.85594940794056,211.255634132484]]},"label":"0","name":"1598","value":-2.9632289831203042,"input_type":"classification","classes":{"0":"low","1":"high"},"image_width":900,"image_height":900,"image_path":"./1598.png"}