{"graph":{"node_indices":[0,1,2,3,4,5,6,7,8,9],"node_attributes":[[0.0,1.0,0.0],[0.0,0.0,1.0],[1.0,0.0,1.0],[0.0,1.0,0.0],[1.0,0.0,0.0],[1.0,1.0,0.0],[1.0,0.0,0.0],[1.0,0.0,0.0],[0.800000011920929,0.800000011920929,0.800000011920929],[0.800000011920929,0.800000011920929,0.800000011920929]],"node_adjacency":[[0,0,1,0,0,1,0,0,0,0],[0,0,1,0,0,0,0,0,0,1],[1,1,0,0,0,0,0,0,0,0],[0,0,0,0,0,1,0,0,1,0],[0,0,0,0,0,1,0,0,1,0],[1,0,0,1,1,0,1,1,0,1],[0,0,0,0,0,0,0,0,0,0],[0,0,0,0,0,1,0,0,0,0],[0,0,0,1,1,0,0,0,0,0],[0,1,0,0,0,1,0,0,0,0]],"edge_indices":[[5,7],[5,4],[5,6],[7,5],[4,5],[4,5],[0,5],[5,0],[2,0],[0,2],[3,5],[5,3],[9,5],[5,9],[8,4],[4,8],[1,2],[2,1],[3,8],[8,3],[1,9],[9,1]],"edge_attributes":[[1.0],[1.0],[1.0],[1.0],[1.0],[1.0],[1.0],[1.0],[1.0],[1.0],[1.0],[1.0],[1.0],[1.0],[1.0],[1.0],[1.0],[1.0],[1.0],[1.0],[1.0],[1.0]],"seed_graph_indices":[-1,-1,-1,-1,0,0,0,0,-1,-1],"graph_labels":1,"node_importances":[0,0,0,0,1,1,1,1,0,0],"edge_importances":[1,1,1,1,1,1,0,0,0,0,0,0,0,0,0,0,0,0,0,0,0,0],"multi_node_importances":[[0,0],[0,0],[0,0],[0,0],[0,1],[0,1],[0,1],[0,1],[0,0],[0,0]],"multi_edge_importances":[[0,1],[0,1],[0,1],[0,1],[0,1],[0,1],[0,0],[0,0],[0,0],[0,0],[0,0],[0,0],[0,0],[0,0],[0,0],[0,0],[0,0],[0,0],[0,0],[0,0],[0,0],[0,0]],"original_value":2.1678131550314164,"class":1,"node_positions":[[0.06173947453015632,0.49960687057028363],[-0.7022572760143896,0.5648899393709165],[-0.30603829172837677,0.8782524328039778],[-0.20870217341842318,-0.5052200676708893],[0.2410501644868237,-0.5866714055337238],[0.12602177099124534,-0.04660266524298657],[0.6659656855504988,-0.1879348913228672],[0.5989679353338426,0.2598873958924912],[-0.06556961249470566,-1.0],[-0.4111776772366716,0.12379239113279787]],"node_coordinates":[[498.2721263269023,633.4953971889129],[144.2045454545455,655.3925248731824],[327.8287521829892,760.5],[372.9383209304302,296.45818108538083],[581.3720900011701,269.13792212690834],[528.0631917793075,450.28679244953423],[778.2954545454546,402.88139534995423],[747.2459359104682,553.0891288889954],[439.2718485981909,130.5],[279.102827819051,507.44039099777984]]},"label":"1","name":"161","value":2.1678131550314164,"input_type":"classification","classes":{"0":"low","1":"high"},"image_width":900,"image_height":900,"image_path":"./161.png"}