{"graph":{"node_indices":[0,1,2,3,4,5,6,7,8,9,10,11,12,13,14,15],"node_attributes":[[0.0,0.0,1.0],[0.0,1.0,1.0],[0.800000011920929,0.800000011920929,0.800000011920929],[0.0,0.0,1.0],[0.0,1.0,1.0],[0.0,0.0,1.0],[1.0,1.0,0.0],[0.800000011920929,0.800000011920929,0.800000011920929],[0.0,1.0,1.0],[0.800000011920929,0.800000011920929,0.800000011920929],[0.0,0.0,1.0],[1.0,1.0,0.0],[0.0,0.0,1.0],[0.0,0.0,1.0],[0.0,1.0,1.0],[0.800000011920929,0.800000011920929,0.800000011920929]],"node_adjacency":[[0,0,0,0,1,0,0,0,0,0,0,0,0,0,0,1],[0,0,0,0,0,0,0,0,0,0,0,0,1,0,0,0],[0,0,0,0,0,0,0,0,1,1,0,0,0,0,0,0],[0,0,0,0,0,0,1,0,0,0,0,1,0,0,0,0],[1,0,0,0,0,0,1,0,0,0,1,0,0,0,0,0],[0,0,0,0,0,0,1,0,0,0,0,0,0,0,0,0],[0,0,0,1,1,1,0,0,0,0,0,0,0,0,1,1],[0,0,0,0,0,0,0,0,0,0,0,1,0,0,0,0],[0,0,1,0,0,0,0,0,0,0,0,0,0,1,0,0],[0,0,1,0,0,0,0,0,0,0,0,1,0,0,0,0],[0,0,0,0,1,0,0,0,0,0,0,0,0,1,0,0],[0,0,0,1,0,0,0,1,0,1,0,0,1,1,0,0],[0,1,0,0,0,0,0,0,0,0,0,1,0,0,0,0],[0,0,0,0,0,0,0,0,1,0,1,0,0,0,1,0],[0,0,0,0,0,0,1,0,0,0,0,0,0,1,0,0],[1,0,0,0,0,0,1,0,0,0,0,0,0,0,0,0]],"edge_indices":[[11,3],[11,12],[11,13],[3,11],[12,11],[12,11],[8,13],[13,8],[14,13],[13,14],[2,8],[8,2],[6,14],[14,6],[4,6],[6,4],[5,6],[6,5],[7,11],[11,7],[1,12],[12,1],[10,4],[4,10],[15,6],[6,15],[9,2],[2,9],[0,15],[15,0],[3,6],[6,3],[4,0],[0,4],[13,10],[10,13],[9,11],[11,9]],"edge_attributes":[[1.0],[1.0],[1.0],[1.0],[1.0],[1.0],[1.0],[1.0],[1.0],[1.0],[1.0],[1.0],[1.0],[1.0],[1.0],[1.0],[1.0],[1.0],[1.0],[1.0],[1.0],[1.0],[1.0],[1.0],[1.0],[1.0],[1.0],[1.0],[1.0],[1.0],[1.0],[1.0],[1.0],[1.0],[1.0],[1.0],[1.0],[1.0]],"seed_graph_indices":[-1,-1,-1,0,-1,-1,-1,-1,-1,-1,-1,0,0,0,-1,-1],"graph_labels":0,"node_importances":[0,0,0,1,0,0,0,0,0,0,0,1,1,1,0,0],"edge_importances":[1,1,1,1,1,1,0,0,0,0,0,0,0,0,0,0,0,0,0,0,0,0,0,0,0,0,0,0,0,0,0,0,0,0,0,0,0,0],"multi_node_importances":[[0,0],[0,0],[0,0],[1,0],[0,0],[0,0],[0,0],[0,0],[0,0],[0,0],[0,0],[1,0],[1,0],[1,0],[0,0],[0,0]],"multi_edge_importances":[[1,0],[1,0],[1,0],[1,0],[1,0],[1,0],[0,0],[0,0],[0,0],[0,0],[0,0],[0,0],[0,0],[0,0],[0,0],[0,0],[0,0],[0,0],[0,0],[0,0],[0,0],[0,0],[0,0],[0,0],[0,0],[0,0],[0,0],[0,0],[0,0],[0,0],[0,0],[0,0],[0,0],[0,0],[0,0],[0,0],[0,0],[0,0]],"original_value":-1.556094756117985,"class":0,"node_positions":[[0.9028066001079029,0.7024177056980366],[-0.7674184448214414,-1.0],[-0.9435001179304033,0.25543773353251265],[0.1998937204300795,-0.279425265331905],[0.5100319775918418,0.5327576743887548],[0.8742292037133834,-0.26930713447665816],[0.5482197941619057,0.044289920017159985],[-0.1413775673631184,-0.6911031979182515],[-0.5836574245510939,0.46826939044897775],[-0.7257527975683721,-0.11723901186262509],[0.055933429492244016,0.5987971117860195],[-0.28202034118991,-0.262559479240528],[-0.5577418302649398,-0.6280714055298741],[-0.21193902741347556,0.2086669991617228],[0.18474836126138708,0.17035589445586005],[0.9375444643440096,0.26671306487079793]],"node_coordinates":[[766.5854907727107,760.5],[203.56081442766532,130.50000000000006],[144.20454545454544,595.0897240602196],[529.6370042314182,397.157284708375],[634.1830906350648,697.7152795597121],[756.9521905149667,400.90161984861123],[647.0560164302792,516.9519544226974],[414.596125794734,244.81095004484132],[265.5057536899816,673.8506200545403],[217.60609990017392,457.1762444170623],[481.10869575114265,722.1539619236373],[367.18613607239183,403.3986702402593],[274.2417735033288,268.13661745993414],[390.8102034557676,577.7816553324476],[524.5315778878423,563.6041735758201],[778.2954545454545,599.2622950569522]]},"label":"0","name":"1614","value":-1.556094756117985,"input_type":"classification","classes":{"0":"low","1":"high"},"image_width":900,"image_height":900,"image_path":"./1614.png"}