{"graph":{"node_indices":[0,1,2,3,4,5,6,7,8,9,10,11,12,13,14,15,16,17,18,19,20,21,22,23,24,25,26,27,28],"node_attributes":[[1.0,0.0,0.0],[0.0,1.0,0.0],[1.0,1.0,0.0],[1.0,1.0,0.0],[0.0,0.0,1.0],[0.0,1.0,0.0],[1.0,0.0,0.0],[1.0,0.0,1.0],[0.0,0.0,1.0],[1.0,0.0,0.0],[0.0,1.0,0.0],[0.800000011920929,0.800000011920929,0.800000011920929],[0.800000011920929,0.800000011920929,0.800000011920929],[0.0,0.0,1.0],[0.0,0.0,1.0],[1.0,0.0,0.0],[1.0,0.0,0.0],[0.0,1.0,1.0],[0.0,1.0,0.0],[0.0,1.0,1.0],[1.0,0.0,0.0],[0.800000011920929,0.800000011920929,0.800000011920929],[0.0,0.0,1.0],[1.0,1.0,0.0],[0.800000011920929,0.800000011920929,0.800000011920929],[0.0,1.0,0.0],[0.800000011920929,0.800000011920929,0.800000011920929],[1.0,0.0,1.0],[0.800000011920929,0.800000011920929,0.800000011920929]],"node_adjacency":[[0,0,0,0,0,0,0,0,0,0,0,0,0,0,0,0,0,0,0,0,0,0,0,1,0,1,0,0,0],[0,0,0,0,1,0,0,0,0,0,0,1,0,0,0,0,0,0,0,0,0,0,0,0,0,0,0,0,0],[0,0,0,0,0,0,1,0,0,0,1,0,1,0,0,1,1,0,0,0,0,0,0,0,0,0,0,0,0],[0,0,0,0,0,0,0,0,0,0,0,0,0,0,0,0,0,0,0,0,0,0,0,0,0,1,0,0,0],[0,1,0,0,0,0,0,0,0,0,0,0,0,0,0,0,1,0,0,0,1,0,0,0,0,0,0,0,1],[0,0,0,0,0,0,0,0,0,0,0,0,0,0,0,0,0,0,0,0,1,0,1,0,0,0,0,0,0],[0,0,1,0,0,0,0,0,0,0,0,0,0,0,0,0,0,0,1,0,0,0,0,0,0,0,0,0,0],[0,0,0,0,0,0,0,0,0,0,0,0,0,0,0,0,0,0,0,0,0,0,0,1,0,0,0,0,0],[0,0,0,0,0,0,0,0,0,0,0,0,0,0,0,0,0,0,0,0,0,0,0,0,0,0,0,0,1],[0,0,0,0,0,0,0,0,0,0,0,0,0,0,0,0,0,0,0,0,0,0,0,1,0,0,0,0,0],[0,0,1,0,0,0,0,0,0,0,0,0,0,0,0,0,0,0,0,0,0,0,0,0,0,0,0,0,0],[0,1,0,0,0,0,0,0,0,0,0,0,0,0,0,0,0,0,0,0,0,0,0,0,0,0,0,0,0],[0,0,1,0,0,0,0,0,0,0,0,0,0,0,0,0,0,0,0,0,0,0,0,0,0,0,0,0,0],[0,0,0,0,0,0,0,0,0,0,0,0,0,0,0,1,0,0,0,0,0,1,0,0,0,0,0,0,0],[0,0,0,0,0,0,0,0,0,0,0,0,0,0,0,0,0,0,0,1,0,0,1,0,0,1,0,0,0],[0,0,1,0,0,0,0,0,0,0,0,0,0,1,0,0,0,0,0,0,0,0,0,0,0,0,0,0,0],[0,0,0,0,1,0,0,0,0,0,0,0,0,0,0,0,0,0,0,0,0,0,0,0,0,0,0,0,0],[0,0,0,0,0,0,0,0,0,0,0,0,0,0,0,0,0,0,0,0,0,0,1,0,0,0,0,0,0],[0,0,0,0,0,0,1,0,0,0,0,0,0,0,0,0,0,0,0,0,0,0,0,1,0,0,1,0,1],[0,0,0,0,0,0,0,0,0,0,0,0,0,0,1,0,0,0,0,0,0,0,0,0,0,0,0,0,0],[0,0,0,0,1,1,0,0,0,0,0,0,0,0,0,0,0,0,0,0,0,0,0,0,0,0,0,0,0],[0,0,0,0,0,0,0,0,0,0,0,0,0,1,0,0,0,0,0,0,0,0,0,0,0,0,0,0,0],[0,0,0,0,0,1,0,0,0,0,0,0,0,0,1,0,0,1,0,0,0,0,0,0,1,1,0,0,0],[1,0,0,0,0,0,0,1,0,1,0,0,0,0,0,0,0,0,1,0,0,0,0,0,0,0,0,0,0],[0,0,0,0,0,0,0,0,0,0,0,0,0,0,0,0,0,0,0,0,0,0,1,0,0,0,0,1,0],[1,0,0,1,0,0,0,0,0,0,0,0,0,0,1,0,0,0,0,0,0,0,1,0,0,0,0,0,0],[0,0,0,0,0,0,0,0,0,0,0,0,0,0,0,0,0,0,1,0,0,0,0,0,0,0,0,0,0],[0,0,0,0,0,0,0,0,0,0,0,0,0,0,0,0,0,0,0,0,0,0,0,0,1,0,0,0,0],[0,0,0,0,1,0,0,0,1,0,0,0,0,0,0,0,0,0,1,0,0,0,0,0,0,0,0,0,0]],"edge_indices":[[14,22],[14,25],[22,14],[22,25],[25,22],[25,14],[2,6],[2,15],[2,16],[6,2],[15,2],[15,2],[0,25],[25,0],[4,16],[16,4],[1,4],[4,1],[28,4],[4,28],[23,0],[0,23],[13,15],[15,13],[8,28],[28,8],[18,23],[23,18],[24,22],[22,24],[27,24],[24,27],[12,2],[2,12],[5,22],[22,5],[17,22],[22,17],[10,2],[2,10],[26,18],[18,26],[19,14],[14,19],[11,1],[1,11],[3,25],[25,3],[7,23],[23,7],[21,13],[13,21],[20,5],[5,20],[9,23],[23,9],[18,28],[28,18],[6,18],[18,6],[4,20],[20,4]],"edge_attributes":[[1.0],[1.0],[1.0],[1.0],[1.0],[1.0],[1.0],[1.0],[1.0],[1.0],[1.0],[1.0],[1.0],[1.0],[1.0],[1.0],[1.0],[1.0],[1.0],[1.0],[1.0],[1.0],[1.0],[1.0],[1.0],[1.0],[1.0],[1.0],[1.0],[1.0],[1.0],[1.0],[1.0],[1.0],[1.0],[1.0],[1.0],[1.0],[1.0],[1.0],[1.0],[1.0],[1.0],[1.0],[1.0],[1.0],[1.0],[1.0],[1.0],[1.0],[1.0],[1.0],[1.0],[1.0],[1.0],[1.0],[1.0],[1.0],[1.0],[1.0],[1.0],[1.0]],"seed_graph_indices":[-1,-1,1,-1,-1,-1,1,-1,-1,-1,-1,-1,-1,-1,0,1,1,-1,-1,-1,-1,-1,0,-1,-1,0,-1,-1,-1],"graph_labels":1,"node_importances":[0,0,1,0,0,0,1,0,0,0,0,0,0,0,1,1,1,0,0,0,0,0,1,0,0,1,0,0,0],"edge_importances":[1,1,1,1,1,1,1,1,1,1,1,1,0,0,0,0,0,0,0,0,0,0,0,0,0,0,0,0,0,0,0,0,0,0,0,0,0,0,0,0,0,0,0,0,0,0,0,0,0,0,0,0,0,0,0,0,0,0,0,0,0,0],"multi_node_importances":[[0,0],[0,0],[0,1],[0,0],[0,0],[0,0],[0,1],[0,0],[0,0],[0,0],[0,0],[0,0],[0,0],[0,0],[1,0],[0,1],[0,1],[0,0],[0,0],[0,0],[0,0],[0,0],[1,0],[0,0],[0,0],[1,0],[0,0],[0,0],[0,0]],"multi_edge_importances":[[1,0],[1,0],[1,0],[1,0],[1,0],[1,0],[0,1],[0,1],[0,1],[0,1],[0,1],[0,1],[0,0],[0,0],[0,0],[0,0],[0,0],[0,0],[0,0],[0,0],[0,0],[0,0],[0,0],[0,0],[0,0],[0,0],[0,0],[0,0],[0,0],[0,0],[0,0],[0,0],[0,0],[0,0],[0,0],[0,0],[0,0],[0,0],[0,0],[0,0],[0,0],[0,0],[0,0],[0,0],[0,0],[0,0],[0,0],[0,0],[0,0],[0,0],[0,0],[0,0],[0,0],[0,0],[0,0],[0,0],[0,0],[0,0],[0,0],[0,0],[0,0],[0,0]],"original_value":1.0789816582460632,"class":1,"node_positions":[[0.3402537587860781,0.12814604425050807],[-0.2974225382591851,-0.31720354077750224],[-0.4292478518333122,0.18189907067105668],[0.632490000560381,0.07118861672976941],[-0.192209442395359,-0.14245829169492394],[0.19645400702371726,-0.298234302997174],[-0.24554630122150828,0.2776600515350307],[0.20169591966358158,0.47038931492286173],[0.0049620986811019325,-0.04618530194924027],[0.3170399166591066,0.40796931138438886],[-0.5628472401318866,0.30531186938583066],[-0.39241985145742847,-0.4844608090805698],[-0.4645609139206205,0.3941647959619337],[-0.821312627485086,0.13294356927240397],[0.5690937189527411,-0.1636832222063725],[-0.6296048520783607,0.12305717523871328],[-0.3671666402383227,-0.023813931627503022],[0.38402586351870505,-0.44422674446245736],[-0.04244676099964272,0.23963338652323077],[0.7691156001695006,-0.1654972658532107],[-0.011399636574375909,-0.27050652686783644],[-1.0,0.16697066991284548],[0.40581497776454845,-0.2525097230818703],[0.17706291878529384,0.26629049354653755],[0.5390486976096337,-0.41448631780563006],[0.4557244575649008,-0.042066495609301965],[-0.061566108314484405,0.4384636752002919],[0.6308455968749963,-0.5846076174450381],[-0.10587676770471276,0.045852046923228376]],"node_coordinates":[[624.5817035327107,556.1266469518094],[396.02414468216693,290.18251957134646],[348.7749807963227,588.2257039309974],[729.325759940457,522.1140557895518],[433.7348898692935,394.5330665202676],[573.0406310819865,301.51015421648617],[414.6177573891514,645.4101526183472],[574.9194507311198,760.5],[504.40561467441637,452.0232654762491],[616.2613392465249,723.2253871336144],[300.8899485394618,661.92266058072],[361.97496627839473,190.30348125563398],[336.1179833454045,714.9819084567362],[208.25012759185296,558.991528043938],[706.6031035839588,381.8584266118839],[276.96251562110297,553.0877874261851],[371.0262864170297,465.3825112430222],[640.2706125446907,214.3295802249641],[487.413210712207,622.7022202799433],[778.2954545454545,380.77515569189836],[498.54119994569163,318.06802128276786],[144.2045454545455,579.3110879836655],[648.0803222432027,328.8149590579432],[566.0904279589199,638.6207285802374],[695.834290683727,232.08931792557328],[665.96900482326,454.4828441864327],[480.5604056615188,741.4353445416417],[728.7363685927813,130.50000000000006],[464.6784665205856,506.98411703011425]]},"label":"1","name":"1647","value":1.0789816582460632,"input_type":"classification","classes":{"0":"low","1":"high"},"image_width":900,"image_height":900,"image_path":"./1647.png"}