{"graph":{"node_indices":[0,1,2,3,4,5,6,7,8,9,10,11,12,13,14,15,16,17,18,19,20,21,22,23],"node_attributes":[[0.0,0.0,1.0],[1.0,1.0,0.0],[0.800000011920929,0.800000011920929,0.800000011920929],[0.800000011920929,0.800000011920929,0.800000011920929],[0.800000011920929,0.800000011920929,0.800000011920929],[1.0,0.0,0.0],[1.0,0.0,0.0],[0.0,1.0,0.0],[0.800000011920929,0.800000011920929,0.800000011920929],[0.0,1.0,0.0],[0.800000011920929,0.800000011920929,0.800000011920929],[0.800000011920929,0.800000011920929,0.800000011920929],[1.0,0.0,1.0],[0.0,1.0,1.0],[1.0,0.0,0.0],[1.0,0.0,1.0],[0.0,1.0,0.0],[0.800000011920929,0.800000011920929,0.800000011920929],[0.0,0.0,1.0],[0.800000011920929,0.800000011920929,0.800000011920929],[0.0,1.0,0.0],[1.0,0.0,0.0],[1.0,1.0,0.0],[1.0,1.0,0.0]],"node_adjacency":[[0,0,0,0,0,0,0,0,0,0,0,0,0,0,0,1,0,0,0,0,0,0,0,0],[0,0,0,0,0,0,0,1,1,0,0,0,0,0,0,0,0,0,0,0,0,0,0,0],[0,0,0,0,0,0,0,0,0,0,0,0,0,0,0,0,1,0,0,0,0,0,0,0],[0,0,0,0,0,0,0,0,0,0,0,1,0,0,0,0,0,1,0,0,0,0,0,0],[0,0,0,0,0,0,0,0,0,0,0,0,0,0,0,1,0,0,0,0,0,0,0,0],[0,0,0,0,0,0,0,0,0,0,0,0,0,0,0,0,0,0,1,1,0,0,0,0],[0,0,0,0,0,0,0,1,0,0,0,0,1,1,0,0,0,0,0,0,0,0,0,0],[0,1,0,0,0,0,1,0,0,0,0,0,0,0,0,0,0,0,0,0,0,0,0,0],[0,1,0,0,0,0,0,0,0,0,0,0,0,0,0,0,0,0,0,0,0,0,0,0],[0,0,0,0,0,0,0,0,0,0,0,0,0,0,0,1,0,0,0,0,0,0,0,0],[0,0,0,0,0,0,0,0,0,0,0,1,0,0,0,0,0,0,0,0,0,0,0,0],[0,0,0,1,0,0,0,0,0,0,1,0,0,0,1,0,0,0,0,1,0,0,0,0],[0,0,0,0,0,0,1,0,0,0,0,0,0,0,0,0,0,0,0,0,0,0,1,0],[0,0,0,0,0,0,1,0,0,0,0,0,0,0,0,1,0,0,0,0,0,0,1,0],[0,0,0,0,0,0,0,0,0,0,0,1,0,0,0,1,0,0,0,0,1,1,0,0],[1,0,0,0,1,0,0,0,0,1,0,0,0,1,1,0,0,0,0,0,0,0,0,1],[0,0,1,0,0,0,0,0,0,0,0,0,0,0,0,0,0,0,0,0,0,0,1,0],[0,0,0,1,0,0,0,0,0,0,0,0,0,0,0,0,0,0,0,0,0,0,0,0],[0,0,0,0,0,1,0,0,0,0,0,0,0,0,0,0,0,0,0,0,0,0,0,0],[0,0,0,0,0,1,0,0,0,0,0,1,0,0,0,0,0,0,0,0,0,0,0,0],[0,0,0,0,0,0,0,0,0,0,0,0,0,0,1,0,0,0,0,0,0,1,0,0],[0,0,0,0,0,0,0,0,0,0,0,0,0,0,1,0,0,0,0,0,1,0,0,0],[0,0,0,0,0,0,0,0,0,0,0,0,1,1,0,0,1,0,0,0,0,0,0,0],[0,0,0,0,0,0,0,0,0,0,0,0,0,0,0,1,0,0,0,0,0,0,0,0]],"edge_indices":[[14,21],[14,20],[21,14],[21,20],[20,21],[20,14],[11,14],[14,11],[10,11],[11,10],[3,11],[11,3],[19,11],[11,19],[15,14],[14,15],[13,15],[15,13],[5,19],[19,5],[17,3],[3,17],[9,15],[15,9],[6,13],[13,6],[22,13],[13,22],[16,22],[22,16],[12,6],[6,12],[18,5],[5,18],[2,16],[16,2],[23,15],[15,23],[4,15],[15,4],[0,15],[15,0],[7,6],[6,7],[1,7],[7,1],[8,1],[1,8],[22,12],[12,22]],"edge_attributes":[[1.0],[1.0],[1.0],[1.0],[1.0],[1.0],[1.0],[1.0],[1.0],[1.0],[1.0],[1.0],[1.0],[1.0],[1.0],[1.0],[1.0],[1.0],[1.0],[1.0],[1.0],[1.0],[1.0],[1.0],[1.0],[1.0],[1.0],[1.0],[1.0],[1.0],[1.0],[1.0],[1.0],[1.0],[1.0],[1.0],[1.0],[1.0],[1.0],[1.0],[1.0],[1.0],[1.0],[1.0],[1.0],[1.0],[1.0],[1.0],[1.0],[1.0]],"seed_graph_indices":[-1,-1,-1,-1,-1,-1,-1,-1,-1,-1,-1,-1,-1,-1,0,-1,-1,-1,-1,-1,0,0,-1,-1],"graph_labels":1,"node_importances":[0,0,0,0,0,0,0,0,0,0,0,0,0,0,1,0,0,0,0,0,1,1,0,0],"edge_importances":[1,1,1,1,1,1,0,0,0,0,0,0,0,0,0,0,0,0,0,0,0,0,0,0,0,0,0,0,0,0,0,0,0,0,0,0,0,0,0,0,0,0,0,0,0,0,0,0,0,0],"multi_node_importances":[[0,0],[0,0],[0,0],[0,0],[0,0],[0,0],[0,0],[0,0],[0,0],[0,0],[0,0],[0,0],[0,0],[0,0],[0,1],[0,0],[0,0],[0,0],[0,0],[0,0],[0,1],[0,1],[0,0],[0,0]],"multi_edge_importances":[[0,1],[0,1],[0,1],[0,1],[0,1],[0,1],[0,0],[0,0],[0,0],[0,0],[0,0],[0,0],[0,0],[0,0],[0,0],[0,0],[0,0],[0,0],[0,0],[0,0],[0,0],[0,0],[0,0],[0,0],[0,0],[0,0],[0,0],[0,0],[0,0],[0,0],[0,0],[0,0],[0,0],[0,0],[0,0],[0,0],[0,0],[0,0],[0,0],[0,0],[0,0],[0,0],[0,0],[0,0],[0,0],[0,0],[0,0],[0,0],[0,0],[0,0]],"original_value":1.2632702782852823,"class":1,"node_positions":[[0.32778186012875765,0.13981999547320756],[0.7997366844856231,-0.44318434568075826],[-0.17079549211154132,-0.8274817224905461],[-0.4357879889131048,0.5391607251626221],[-0.0992586926416588,-0.07046321837375553],[-0.7569028604838359,0.22417510467057683],[0.3627037078076531,-0.3415919351838984],[0.5916235000124036,-0.38368452255634483],[1.0,-0.5043622227447916],[0.21281544278686537,0.2007223508768696],[-0.25805913865203656,0.5639598719441052],[-0.3103865813336473,0.33729341551120157],[0.2621362286918781,-0.5520119286131392],[0.14545540101211776,-0.21958809773715982],[-0.07333677787762095,0.24383217410393257],[0.07937107300193044,0.036391514190370886],[-0.08321342378920295,-0.6287860767000252],[-0.49025476840161614,0.7632436330120225],[-0.9714545097752945,0.22771208056933764],[-0.5330427541121429,0.24772900995818045],[-0.02302682501842884,0.4492784308543419],[0.11007800516995997,0.43812705059894147],[0.05335942538690764,-0.44331182371876143],[0.26045848462603416,0.003020536873469786]],"node_coordinates":[[562.0858441766414,513.595724355656],[713.8835458950518,282.6993388441814],[401.7253768330538,130.5],[316.4942277672176,671.7529190178649],[424.73419290483935,430.3139533916595],[213.212097833566,547.0042059709833],[573.3179705239894,322.9345802022351],[646.9468361296974,306.263990302533],[778.2954545454545,258.4701012721405],[525.1084958656452,537.7158427479255],[373.6582392495662,681.5745154476259],[356.82784547894505,591.8042310558154],[540.9718403235156,239.5986382674065],[503.4430757843979,371.2536802439653],[433.071616069617,554.7893045740678],[482.187971283195,472.63331498512025],[429.8949303516402,209.19256400233826],[298.97574608281866,760.5],[144.20454545454544,548.4050102069323],[285.2135858996505,556.332629812258],[449.25311231344455,636.1554192871043],[492.0644287095639,631.7389626457361],[473.8216867955848,282.6488517103313],[540.4322172915573,459.4168815908053]]},"label":"1","name":"1685","value":1.2632702782852823,"input_type":"classification","classes":{"0":"low","1":"high"},"image_width":900,"image_height":900,"image_path":"./1685.png"}