{"graph":{"node_indices":[0,1,2,3,4,5,6,7,8,9,10],"node_attributes":[[0.0,0.0,1.0],[0.0,1.0,0.0],[0.0,1.0,0.0],[0.800000011920929,0.800000011920929,0.800000011920929],[0.800000011920929,0.800000011920929,0.800000011920929],[0.0,0.0,1.0],[0.0,0.0,1.0],[1.0,1.0,0.0],[0.800000011920929,0.800000011920929,0.800000011920929],[0.0,0.0,1.0],[1.0,0.0,0.0]],"node_adjacency":[[0,0,1,0,0,0,1,0,0,1,0],[0,0,0,1,0,0,0,0,0,0,0],[1,0,0,1,0,0,1,0,0,0,0],[0,1,1,0,0,0,0,1,0,0,0],[0,0,0,0,0,0,1,0,0,0,1],[0,0,0,0,0,0,0,0,1,0,0],[1,0,1,0,1,0,0,0,0,0,0],[0,0,0,1,0,0,0,0,1,0,0],[0,0,0,0,0,1,0,1,0,0,1],[1,0,0,0,0,0,0,0,0,0,0],[0,0,0,0,1,0,0,0,1,0,0]],"edge_indices":[[0,6],[0,2],[6,0],[6,2],[2,6],[2,0],[9,0],[0,9],[3,2],[2,3],[4,6],[6,4],[10,4],[4,10],[1,3],[3,1],[7,3],[3,7],[8,10],[10,8],[5,8],[8,5],[7,8],[8,7]],"edge_attributes":[[1.0],[1.0],[1.0],[1.0],[1.0],[1.0],[1.0],[1.0],[1.0],[1.0],[1.0],[1.0],[1.0],[1.0],[1.0],[1.0],[1.0],[1.0],[1.0],[1.0],[1.0],[1.0],[1.0],[1.0]],"seed_graph_indices":[0,-1,0,-1,-1,-1,0,-1,-1,-1,-1],"graph_labels":0,"node_importances":[1,0,1,0,0,0,1,0,0,0,0],"edge_importances":[1,1,1,1,1,1,0,0,0,0,0,0,0,0,0,0,0,0,0,0,0,0,0,0],"multi_node_importances":[[1,0],[0,0],[1,0],[0,0],[0,0],[0,0],[1,0],[0,0],[0,0],[0,0],[0,0]],"multi_edge_importances":[[1,0],[1,0],[1,0],[1,0],[1,0],[1,0],[0,0],[0,0],[0,0],[0,0],[0,0],[0,0],[0,0],[0,0],[0,0],[0,0],[0,0],[0,0],[0,0],[0,0],[0,0],[0,0],[0,0],[0,0]],"original_value":-0.9807517676067954,"class":0,"node_positions":[[0.3003786240743468,-0.5931744583549815],[-0.7451627082523904,-0.3318548647929827],[-0.010989780939824147,-0.36880196214420097],[-0.3763522791620493,-0.14987849950124033],[0.503584218666497,0.17448505491563074],[-0.26664214946082515,1.0],[0.37459088645506294,-0.2218614545263377],[-0.40099970024781,0.28094034087709624],[-0.13770072497302632,0.6177423010591998],[0.47333721552342395,-0.9417308484249416],[0.2859563983165949,0.5341343908927577]],"node_coordinates":[[675.111360611212,243.5900948101012],[144.20454545454544,328.37596720719574],[517.0041647162294,316.38837822175594],[331.47975328317943,387.41870746483414],[778.2954545454546,492.659369139643],[387.1885557467626,760.5],[712.7949936230576,364.0636365482872],[318.96424248902827,527.1990841625183],[452.6626588740297,636.4754213473767],[762.936578133571,130.5],[667.7880174704114,609.3486012489141]]},"label":"0","name":"1700","value":-0.9807517676067954,"input_type":"classification","classes":{"0":"low","1":"high"},"image_width":900,"image_height":900,"image_path":"./1700.png"}