{"graph":{"node_indices":[0,1,2,3,4,5,6,7,8,9,10,11,12,13,14,15,16,17,18,19,20,21,22,23,24,25,26,27],"node_attributes":[[0.0,0.0,1.0],[1.0,0.0,0.0],[0.800000011920929,0.800000011920929,0.800000011920929],[0.0,1.0,1.0],[0.0,0.0,1.0],[0.0,1.0,0.0],[0.800000011920929,0.800000011920929,0.800000011920929],[0.0,1.0,0.0],[1.0,0.0,0.0],[1.0,1.0,0.0],[1.0,0.0,0.0],[0.800000011920929,0.800000011920929,0.800000011920929],[0.800000011920929,0.800000011920929,0.800000011920929],[0.800000011920929,0.800000011920929,0.800000011920929],[0.0,1.0,1.0],[1.0,0.0,1.0],[1.0,0.0,1.0],[0.0,1.0,0.0],[0.0,1.0,0.0],[0.0,1.0,0.0],[0.800000011920929,0.800000011920929,0.800000011920929],[0.800000011920929,0.800000011920929,0.800000011920929],[0.0,1.0,1.0],[0.0,0.0,1.0],[0.0,1.0,0.0],[1.0,0.0,0.0],[1.0,1.0,0.0],[1.0,0.0,0.0]],"node_adjacency":[[0,0,0,0,0,0,0,0,0,0,0,0,1,0,0,0,0,0,1,0,0,0,0,1,0,1,0,0],[0,0,0,0,0,0,0,0,0,0,0,0,0,0,0,0,0,0,0,1,0,0,0,0,0,0,0,0],[0,0,0,0,0,0,0,0,1,0,0,0,0,0,0,0,0,0,0,1,0,0,0,0,1,0,0,0],[0,0,0,0,0,0,0,1,0,0,0,0,0,0,0,0,0,0,0,0,0,1,0,0,0,0,0,0],[0,0,0,0,0,0,0,0,1,0,0,0,0,0,0,0,0,0,0,0,0,0,0,0,1,0,0,0],[0,0,0,0,0,0,0,0,0,0,0,0,0,0,0,0,0,0,0,0,0,0,0,0,0,0,0,1],[0,0,0,0,0,0,0,0,0,0,0,0,0,0,0,0,0,0,0,0,0,0,0,0,0,0,1,0],[0,0,0,1,0,0,0,0,0,0,0,0,0,0,0,0,0,0,1,0,0,0,0,0,0,1,0,0],[0,0,1,0,1,0,0,0,0,0,0,0,0,0,0,0,0,0,0,0,0,0,0,0,0,0,0,0],[0,0,0,0,0,0,0,0,0,0,0,0,0,0,0,0,0,0,0,1,0,0,0,0,0,0,0,0],[0,0,0,0,0,0,0,0,0,0,0,0,0,0,1,0,0,0,0,0,0,0,0,0,0,0,1,0],[0,0,0,0,0,0,0,0,0,0,0,0,0,0,0,0,0,0,0,0,0,0,0,0,0,0,1,0],[1,0,0,0,0,0,0,0,0,0,0,0,0,0,0,0,1,1,0,0,0,0,1,0,0,0,0,0],[0,0,0,0,0,0,0,0,0,0,0,0,0,0,0,0,0,0,0,0,0,0,0,0,1,1,0,1],[0,0,0,0,0,0,0,0,0,0,1,0,0,0,0,0,1,0,0,0,1,0,0,0,0,0,0,0],[0,0,0,0,0,0,0,0,0,0,0,0,0,0,0,0,0,0,0,0,0,0,1,0,0,0,0,0],[0,0,0,0,0,0,0,0,0,0,0,0,1,0,1,0,0,0,0,0,0,0,0,0,0,0,0,0],[0,0,0,0,0,0,0,0,0,0,0,0,1,0,0,0,0,0,0,0,0,0,0,0,0,0,0,0],[1,0,0,0,0,0,0,1,0,0,0,0,0,0,0,0,0,0,0,0,0,0,0,1,0,0,0,0],[0,1,1,0,0,0,0,0,0,1,0,0,0,0,0,0,0,0,0,0,0,0,0,0,0,0,0,0],[0,0,0,0,0,0,0,0,0,0,0,0,0,0,1,0,0,0,0,0,0,0,0,0,0,0,0,0],[0,0,0,1,0,0,0,0,0,0,0,0,0,0,0,0,0,0,0,0,0,0,0,0,0,0,0,0],[0,0,0,0,0,0,0,0,0,0,0,0,1,0,0,1,0,0,0,0,0,0,0,0,0,0,0,0],[1,0,0,0,0,0,0,0,0,0,0,0,0,0,0,0,0,0,1,0,0,0,0,0,0,0,0,0],[0,0,1,0,1,0,0,0,0,0,0,0,0,1,0,0,0,0,0,0,0,0,0,0,0,0,0,0],[1,0,0,0,0,0,0,1,0,0,0,0,0,1,0,0,0,0,0,0,0,0,0,0,0,0,0,0],[0,1,0,0,0,0,1,0,0,0,1,1,0,0,0,0,0,0,0,0,0,0,0,0,0,0,0,1],[0,0,0,0,0,1,0,0,0,0,0,0,0,1,0,0,0,0,0,0,0,0,0,0,0,0,1,0]],"edge_indices":[[23,0],[23,18],[0,23],[0,18],[18,0],[18,23],[26,10],[26,27],[26,1],[10,26],[27,26],[27,26],[13,27],[27,13],[24,13],[13,24],[12,0],[0,12],[19,1],[1,19],[22,12],[12,22],[4,24],[24,4],[17,12],[12,17],[15,22],[22,15],[2,24],[24,2],[9,19],[19,9],[7,18],[18,7],[3,7],[7,3],[14,10],[10,14],[6,26],[26,6],[21,3],[3,21],[8,4],[4,8],[25,13],[13,25],[5,27],[27,5],[11,26],[26,11],[16,14],[14,16],[20,14],[14,20],[7,25],[25,7],[19,2],[2,19],[8,2],[2,8],[16,12],[12,16],[0,25],[25,0]],"edge_attributes":[[1.0],[1.0],[1.0],[1.0],[1.0],[1.0],[1.0],[1.0],[1.0],[1.0],[1.0],[1.0],[1.0],[1.0],[1.0],[1.0],[1.0],[1.0],[1.0],[1.0],[1.0],[1.0],[1.0],[1.0],[1.0],[1.0],[1.0],[1.0],[1.0],[1.0],[1.0],[1.0],[1.0],[1.0],[1.0],[1.0],[1.0],[1.0],[1.0],[1.0],[1.0],[1.0],[1.0],[1.0],[1.0],[1.0],[1.0],[1.0],[1.0],[1.0],[1.0],[1.0],[1.0],[1.0],[1.0],[1.0],[1.0],[1.0],[1.0],[1.0],[1.0],[1.0],[1.0],[1.0]],"seed_graph_indices":[0,1,-1,-1,-1,-1,-1,-1,-1,-1,1,-1,-1,-1,-1,-1,-1,-1,0,-1,-1,-1,-1,0,-1,-1,1,1],"graph_labels":1,"node_importances":[1,1,0,0,0,0,0,0,0,0,1,0,0,0,0,0,0,0,1,0,0,0,0,1,0,0,1,1],"edge_importances":[1,1,1,1,1,1,1,1,1,1,1,1,0,0,0,0,0,0,0,0,0,0,0,0,0,0,0,0,0,0,0,0,0,0,0,0,0,0,0,0,0,0,0,0,0,0,0,0,0,0,0,0,0,0,0,0,0,0,0,0,0,0,0,0],"multi_node_importances":[[1,0],[0,1],[0,0],[0,0],[0,0],[0,0],[0,0],[0,0],[0,0],[0,0],[0,1],[0,0],[0,0],[0,0],[0,0],[0,0],[0,0],[0,0],[1,0],[0,0],[0,0],[0,0],[0,0],[1,0],[0,0],[0,0],[0,1],[0,1]],"multi_edge_importances":[[1,0],[1,0],[1,0],[1,0],[1,0],[1,0],[0,1],[0,1],[0,1],[0,1],[0,1],[0,1],[0,0],[0,0],[0,0],[0,0],[0,0],[0,0],[0,0],[0,0],[0,0],[0,0],[0,0],[0,0],[0,0],[0,0],[0,0],[0,0],[0,0],[0,0],[0,0],[0,0],[0,0],[0,0],[0,0],[0,0],[0,0],[0,0],[0,0],[0,0],[0,0],[0,0],[0,0],[0,0],[0,0],[0,0],[0,0],[0,0],[0,0],[0,0],[0,0],[0,0],[0,0],[0,0],[0,0],[0,0],[0,0],[0,0],[0,0],[0,0],[0,0],[0,0],[0,0],[0,0]],"original_value":0.8216364308623944,"class":1,"node_positions":[[0.19786755628427802,-0.34936255223437024],[-0.3255468075405087,0.5039817622910832],[0.09665122642151677,0.6319411799478558],[0.7624075237950061,-0.12446729281853326],[0.4064740245813386,0.574846882135141],[-0.19794727896518843,0.04378816150035492],[-0.5774409904416997,0.3997269364950528],[0.5160303108566759,-0.1302306400294684],[0.2881818891057806,0.7855279352092908],[-0.24137270280906223,0.916437197821104],[-0.4834821209256605,-0.007282238874129382],[-0.6326701125426628,0.2473046251981322],[-0.0171114683893042,-0.520544905320211],[0.14070732740499878,0.15848529791704816],[-0.46928063455694397,-0.27037745484258524],[-0.13672136803309393,-1.0],[-0.2671966079322987,-0.4379746797461064],[0.10031187984936307,-0.7291075073413896],[0.44751810237923745,-0.35867817275700603],[-0.15531355617730014,0.6886375880416095],[-0.6944629262683095,-0.37495546223655135],[0.992332772301333,-0.15064779997280703],[-0.10944617018615824,-0.7619630704086124],[0.37805228628910037,-0.5137859318158138],[0.22399072010615692,0.40661511206721646],[0.2625169552788931,-0.08276551355850938],[-0.3844995672591535,0.24900424190241505],[-0.1205502626263342,0.20584630142978957]],"node_coordinates":[[479.64448484441874,344.3873074256672],[282.8854522773245,624.9114585756597],[441.5958019648342,666.9761989258375],[691.8632268773623,418.3182526155566],[558.0626745735561,648.2073044048451],[330.8519612875772,473.62971095158633],[188.194784304926,590.6392474506749],[599.2464677382293,416.4236386167168],[513.5949492968043,717.4655423411682],[314.5277161486018,760.5],[223.51528283305265,456.84108241082026],[167.43335820513883,540.5326975328186],[398.83075896976703,288.1136749963373],[458.1571277657629,511.33467515530344],[228.85382703826826,370.35247414931456],[353.8676670756412,130.49999999999994],[304.82013657049663,315.25739886625036],[442.97189455381704,219.55184608656057],[573.4917372785042,341.3249368267594],[346.8785945446015,685.6142931663767],[144.2045454545455,335.97402191873493],[778.2954545454545,409.7118033533814],[364.1208085871257,208.75107225693333],[547.3785319195575,290.3355862139924],[489.4645600972737,592.9036319112756],[503.9471293291289,432.02708740736983],[260.72425692028634,541.0914210458643],[359.9466195753851,526.9038950843211]]},"label":"1","name":"1707","value":0.8216364308623944,"input_type":"classification","classes":{"0":"low","1":"high"},"image_width":900,"image_height":900,"image_path":"./1707.png"}