{"graph":{"node_indices":[0,1,2,3,4,5,6,7,8,9,10,11,12,13,14,15,16,17,18,19,20,21],"node_attributes":[[0.0,1.0,1.0],[1.0,0.0,0.0],[1.0,0.0,0.0],[0.0,1.0,0.0],[0.0,1.0,0.0],[0.0,0.0,1.0],[1.0,0.0,1.0],[0.0,1.0,0.0],[0.0,0.0,1.0],[1.0,0.0,0.0],[0.800000011920929,0.800000011920929,0.800000011920929],[0.0,0.0,1.0],[1.0,0.0,0.0],[0.0,0.0,1.0],[1.0,0.0,0.0],[0.0,1.0,0.0],[0.800000011920929,0.800000011920929,0.800000011920929],[0.800000011920929,0.800000011920929,0.800000011920929],[0.800000011920929,0.800000011920929,0.800000011920929],[0.800000011920929,0.800000011920929,0.800000011920929],[0.800000011920929,0.800000011920929,0.800000011920929],[1.0,0.0,1.0]],"node_adjacency":[[0,0,0,0,0,0,0,0,0,0,0,1,0,0,1,0,0,0,1,0,0,0],[0,0,0,0,0,1,0,0,0,0,0,0,1,0,1,1,0,0,0,0,0,1],[0,0,0,1,0,0,0,0,1,1,0,0,0,0,0,0,1,0,0,0,0,0],[0,0,1,0,1,0,0,0,0,1,1,0,0,0,0,0,0,0,1,1,0,0],[0,0,0,1,0,0,0,0,0,0,0,0,0,0,0,0,0,0,0,0,0,0],[0,1,0,0,0,0,0,0,1,0,0,0,0,0,0,0,0,0,0,1,0,0],[0,0,0,0,0,0,0,0,0,0,0,0,0,0,0,1,0,0,0,0,0,0],[0,0,0,0,0,0,0,0,0,0,1,1,0,0,0,0,0,0,0,0,0,0],[0,0,1,0,0,1,0,0,0,0,0,0,0,0,0,0,0,0,0,0,0,0],[0,0,1,1,0,0,0,0,0,0,0,0,0,0,0,0,0,0,0,0,0,0],[0,0,0,1,0,0,0,1,0,0,0,0,0,0,0,0,0,1,0,0,0,0],[1,0,0,0,0,0,0,1,0,0,0,0,0,1,0,0,0,0,0,0,0,0],[0,1,0,0,0,0,0,0,0,0,0,0,0,0,0,0,0,0,0,0,0,0],[0,0,0,0,0,0,0,0,0,0,0,1,0,0,0,0,0,0,0,1,0,0],[1,1,0,0,0,0,0,0,0,0,0,0,0,0,0,1,0,0,0,0,0,0],[0,1,0,0,0,0,1,0,0,0,0,0,0,0,1,0,0,0,0,0,1,0],[0,0,1,0,0,0,0,0,0,0,0,0,0,0,0,0,0,0,0,0,0,0],[0,0,0,0,0,0,0,0,0,0,1,0,0,0,0,0,0,0,0,0,0,0],[1,0,0,1,0,0,0,0,0,0,0,0,0,0,0,0,0,0,0,0,0,0],[0,0,0,1,0,1,0,0,0,0,0,0,0,1,0,0,0,0,0,0,0,0],[0,0,0,0,0,0,0,0,0,0,0,0,0,0,0,1,0,0,0,0,0,0],[0,1,0,0,0,0,0,0,0,0,0,0,0,0,0,0,0,0,0,0,0,0]],"edge_indices":[[14,1],[14,15],[1,14],[1,15],[15,1],[15,14],[9,2],[9,3],[2,9],[2,3],[3,2],[3,9],[18,3],[3,18],[5,1],[1,5],[6,15],[15,6],[10,3],[3,10],[19,5],[5,19],[21,1],[1,21],[17,10],[10,17],[20,15],[15,20],[8,2],[2,8],[7,10],[10,7],[16,2],[2,16],[12,1],[1,12],[0,14],[14,0],[11,0],[0,11],[4,3],[3,4],[13,11],[11,13],[5,8],[8,5],[19,13],[13,19],[3,19],[19,3],[7,11],[11,7],[18,0],[0,18]],"edge_attributes":[[1.0],[1.0],[1.0],[1.0],[1.0],[1.0],[1.0],[1.0],[1.0],[1.0],[1.0],[1.0],[1.0],[1.0],[1.0],[1.0],[1.0],[1.0],[1.0],[1.0],[1.0],[1.0],[1.0],[1.0],[1.0],[1.0],[1.0],[1.0],[1.0],[1.0],[1.0],[1.0],[1.0],[1.0],[1.0],[1.0],[1.0],[1.0],[1.0],[1.0],[1.0],[1.0],[1.0],[1.0],[1.0],[1.0],[1.0],[1.0],[1.0],[1.0],[1.0],[1.0],[1.0],[1.0]],"seed_graph_indices":[-1,0,1,1,-1,-1,-1,-1,-1,1,-1,-1,-1,-1,0,0,-1,-1,-1,-1,-1,-1],"graph_labels":1,"node_importances":[0,1,1,1,0,0,0,0,0,1,0,0,0,0,1,1,0,0,0,0,0,0],"edge_importances":[1,1,1,1,1,1,1,1,1,1,1,1,0,0,0,0,0,0,0,0,0,0,0,0,0,0,0,0,0,0,0,0,0,0,0,0,0,0,0,0,0,0,0,0,0,0,0,0,0,0,0,0,0,0],"multi_node_importances":[[0,0],[0,1],[0,1],[0,1],[0,0],[0,0],[0,0],[0,0],[0,0],[0,1],[0,0],[0,0],[0,0],[0,0],[0,1],[0,1],[0,0],[0,0],[0,0],[0,0],[0,0],[0,0]],"multi_edge_importances":[[0,1],[0,1],[0,1],[0,1],[0,1],[0,1],[0,1],[0,1],[0,1],[0,1],[0,1],[0,1],[0,0],[0,0],[0,0],[0,0],[0,0],[0,0],[0,0],[0,0],[0,0],[0,0],[0,0],[0,0],[0,0],[0,0],[0,0],[0,0],[0,0],[0,0],[0,0],[0,0],[0,0],[0,0],[0,0],[0,0],[0,0],[0,0],[0,0],[0,0],[0,0],[0,0],[0,0],[0,0],[0,0],[0,0],[0,0],[0,0],[0,0],[0,0],[0,0],[0,0],[0,0],[0,0]],"original_value":1.805356148468921,"class":1,"node_positions":[[0.3457595810262278,0.17157160493191673],[0.2987639564925309,-0.46198077635517365],[-0.5894848593034547,-0.07491810532301522],[-0.39930671698859077,0.2533251805424916],[-0.6816610006830875,0.45578525824280136],[-0.04264926149675698,-0.32123036066294086],[1.0,-0.29764066853261684],[0.04792968201978966,0.7586556905276758],[-0.39101244274288777,-0.37269518944457325],[-0.717090692023592,0.16832478769293643],[-0.31955265063064836,0.6416768206929743],[0.34616226589205923,0.5227249383380589],[0.4013268229247107,-0.7879884248265225],[0.11393205354755415,0.3429140376207791],[0.4744668679109136,-0.16315416023856869],[0.6589862671319534,-0.399652205844255],[-0.9167969876740012,-0.21918956381511956],[-0.47992310785136233,0.9529757334423695],[-0.055545006891693165,0.2525548181875185],[-0.13619701161239847,0.030555067155839655],[0.8899394938969531,-0.6548529356966547],[0.15195274705578032,-0.7977615466359219]],"node_coordinates":[[561.8677865666423,479.3129786443054],[546.3212793071394,251.33017119930838],[252.48186765902844,390.61405206769035],[315.39423236176435,508.7318715991404],[221.9893044612799,581.586805576151],[433.3792102395209,301.97898235739444],[778.2954545454546,310.46769520495525],[463.34340833052363,690.5742444744294],[318.1380408769735,283.45944633027653],[210.26889518717496,478.14461667256165],[341.77747939616825,648.4795859357329],[562.0009977592172,605.6749420086638],[580.2498495381832,134.01684219556137],[485.17749093464033,540.9702780131496],[604.4451283885164,358.8624493404594],[665.485538170753,273.7590072495253],[144.2045454545455,338.6981993099532],[288.7257218734242,760.5],[429.11320034203936,508.4546579422681],[402.43290852072624,428.56840388151994],[741.8866085285515,181.92543425345477],[497.7550232794471,130.50000000000006]]},"label":"1","name":"1725","value":1.805356148468921,"input_type":"classification","classes":{"0":"low","1":"high"},"image_width":900,"image_height":900,"image_path":"./1725.png"}