{"graph":{"node_indices":[0,1,2,3,4,5,6,7,8,9,10,11,12,13,14,15,16,17,18,19,20,21,22,23,24,25,26,27,28],"node_attributes":[[1.0,0.0,1.0],[0.800000011920929,0.800000011920929,0.800000011920929],[1.0,1.0,0.0],[1.0,0.0,0.0],[0.0,0.0,1.0],[0.800000011920929,0.800000011920929,0.800000011920929],[0.0,0.0,1.0],[0.0,0.0,1.0],[0.0,1.0,0.0],[0.0,0.0,1.0],[1.0,0.0,0.0],[0.0,0.0,1.0],[0.800000011920929,0.800000011920929,0.800000011920929],[0.0,1.0,0.0],[0.0,1.0,0.0],[1.0,0.0,0.0],[0.0,1.0,0.0],[0.800000011920929,0.800000011920929,0.800000011920929],[1.0,0.0,0.0],[1.0,0.0,0.0],[0.800000011920929,0.800000011920929,0.800000011920929],[0.0,1.0,0.0],[0.800000011920929,0.800000011920929,0.800000011920929],[1.0,0.0,1.0],[0.800000011920929,0.800000011920929,0.800000011920929],[1.0,0.0,0.0],[1.0,0.0,0.0],[1.0,0.0,0.0],[0.0,1.0,0.0]],"node_adjacency":[[0,0,0,0,0,1,0,0,0,0,0,0,0,0,0,0,0,0,0,0,0,0,0,0,0,1,0,0,0],[0,0,0,0,0,0,1,0,0,0,0,0,0,0,0,0,0,0,0,0,1,0,0,1,0,0,0,0,0],[0,0,0,0,0,0,0,0,0,0,0,0,0,0,0,0,0,0,0,0,0,1,0,0,0,0,0,0,0],[0,0,0,0,0,0,0,0,0,0,0,0,0,0,0,0,0,0,0,0,0,0,0,0,0,1,0,0,0],[0,0,0,0,0,0,0,1,0,0,0,0,0,1,0,0,0,0,0,0,0,0,0,0,0,0,0,0,0],[1,0,0,0,0,0,0,0,0,1,0,0,0,1,0,0,0,0,1,1,0,1,0,0,0,0,0,0,0],[0,1,0,0,0,0,0,0,0,0,0,0,0,0,0,0,0,0,0,0,0,0,0,0,0,0,0,0,0],[0,0,0,0,1,0,0,0,0,0,0,0,0,1,0,0,0,0,0,0,1,0,0,0,0,0,0,1,0],[0,0,0,0,0,0,0,0,0,0,1,0,0,0,0,1,0,0,0,0,0,0,0,0,0,0,0,0,0],[0,0,0,0,0,1,0,0,0,0,0,0,0,0,0,0,0,0,0,0,0,0,0,0,0,0,0,0,0],[0,0,0,0,0,0,0,0,1,0,0,0,0,0,0,0,0,0,0,0,0,0,0,0,0,0,0,0,0],[0,0,0,0,0,0,0,0,0,0,0,0,0,1,0,0,1,0,0,0,0,0,0,0,0,0,0,0,0],[0,0,0,0,0,0,0,0,0,0,0,0,0,0,0,0,0,0,0,1,0,0,0,0,0,0,0,0,0],[0,0,0,0,1,1,0,1,0,0,0,1,0,0,0,0,0,0,0,0,0,0,0,0,0,0,0,0,0],[0,0,0,0,0,0,0,0,0,0,0,0,0,0,0,0,0,1,0,0,0,0,0,0,0,0,0,0,0],[0,0,0,0,0,0,0,0,1,0,0,0,0,0,0,0,1,0,0,1,0,0,0,0,0,0,0,0,0],[0,0,0,0,0,0,0,0,0,0,0,1,0,0,0,1,0,0,0,1,0,0,0,0,1,0,0,0,0],[0,0,0,0,0,0,0,0,0,0,0,0,0,0,1,0,0,0,0,1,0,0,0,0,0,0,1,0,0],[0,0,0,0,0,1,0,0,0,0,0,0,0,0,0,0,0,0,0,0,1,0,0,0,0,0,0,0,0],[0,0,0,0,0,1,0,0,0,0,0,0,1,0,0,1,1,1,0,0,0,0,0,0,0,0,0,0,1],[0,1,0,0,0,0,0,1,0,0,0,0,0,0,0,0,0,0,1,0,0,0,0,0,0,0,0,0,0],[0,0,1,0,0,1,0,0,0,0,0,0,0,0,0,0,0,0,0,0,0,0,0,0,0,0,0,0,0],[0,0,0,0,0,0,0,0,0,0,0,0,0,0,0,0,0,0,0,0,0,0,0,0,0,0,0,0,1],[0,1,0,0,0,0,0,0,0,0,0,0,0,0,0,0,0,0,0,0,0,0,0,0,0,0,0,0,0],[0,0,0,0,0,0,0,0,0,0,0,0,0,0,0,0,1,0,0,0,0,0,0,0,0,0,0,0,0],[1,0,0,1,0,0,0,0,0,0,0,0,0,0,0,0,0,0,0,0,0,0,0,0,0,0,0,0,0],[0,0,0,0,0,0,0,0,0,0,0,0,0,0,0,0,0,1,0,0,0,0,0,0,0,0,0,0,0],[0,0,0,0,0,0,0,1,0,0,0,0,0,0,0,0,0,0,0,0,0,0,0,0,0,0,0,0,0],[0,0,0,0,0,0,0,0,0,0,0,0,0,0,0,0,0,0,0,1,0,0,1,0,0,0,0,0,0]],"edge_indices":[[7,4],[7,13],[4,7],[4,13],[13,4],[13,7],[19,15],[19,16],[15,19],[15,16],[16,15],[16,19],[27,7],[7,27],[20,7],[7,20],[24,16],[16,24],[1,20],[20,1],[5,19],[19,5],[28,19],[19,28],[9,5],[5,9],[0,5],[5,0],[17,19],[19,17],[22,28],[28,22],[26,17],[17,26],[12,19],[19,12],[18,20],[20,18],[11,13],[13,11],[21,5],[5,21],[8,15],[15,8],[6,1],[1,6],[23,1],[1,23],[10,8],[8,10],[14,17],[17,14],[25,0],[0,25],[3,25],[25,3],[2,21],[21,2],[11,16],[16,11],[18,5],[5,18],[5,13],[13,5]],"edge_attributes":[[1.0],[1.0],[1.0],[1.0],[1.0],[1.0],[1.0],[1.0],[1.0],[1.0],[1.0],[1.0],[1.0],[1.0],[1.0],[1.0],[1.0],[1.0],[1.0],[1.0],[1.0],[1.0],[1.0],[1.0],[1.0],[1.0],[1.0],[1.0],[1.0],[1.0],[1.0],[1.0],[1.0],[1.0],[1.0],[1.0],[1.0],[1.0],[1.0],[1.0],[1.0],[1.0],[1.0],[1.0],[1.0],[1.0],[1.0],[1.0],[1.0],[1.0],[1.0],[1.0],[1.0],[1.0],[1.0],[1.0],[1.0],[1.0],[1.0],[1.0],[1.0],[1.0],[1.0],[1.0]],"seed_graph_indices":[-1,-1,-1,-1,0,-1,-1,0,-1,-1,-1,-1,-1,0,-1,1,1,-1,-1,1,-1,-1,-1,-1,-1,-1,-1,-1,-1],"graph_labels":1,"node_importances":[0,0,0,0,1,0,0,1,0,0,0,0,0,1,0,1,1,0,0,1,0,0,0,0,0,0,0,0,0],"edge_importances":[1,1,1,1,1,1,1,1,1,1,1,1,0,0,0,0,0,0,0,0,0,0,0,0,0,0,0,0,0,0,0,0,0,0,0,0,0,0,0,0,0,0,0,0,0,0,0,0,0,0,0,0,0,0,0,0,0,0,0,0,0,0,0,0],"multi_node_importances":[[0,0],[0,0],[0,0],[0,0],[1,0],[0,0],[0,0],[1,0],[0,0],[0,0],[0,0],[0,0],[0,0],[1,0],[0,0],[0,1],[0,1],[0,0],[0,0],[0,1],[0,0],[0,0],[0,0],[0,0],[0,0],[0,0],[0,0],[0,0],[0,0]],"multi_edge_importances":[[1,0],[1,0],[1,0],[1,0],[1,0],[1,0],[0,1],[0,1],[0,1],[0,1],[0,1],[0,1],[0,0],[0,0],[0,0],[0,0],[0,0],[0,0],[0,0],[0,0],[0,0],[0,0],[0,0],[0,0],[0,0],[0,0],[0,0],[0,0],[0,0],[0,0],[0,0],[0,0],[0,0],[0,0],[0,0],[0,0],[0,0],[0,0],[0,0],[0,0],[0,0],[0,0],[0,0],[0,0],[0,0],[0,0],[0,0],[0,0],[0,0],[0,0],[0,0],[0,0],[0,0],[0,0],[0,0],[0,0],[0,0],[0,0],[0,0],[0,0],[0,0],[0,0],[0,0],[0,0]],"original_value":0.27682058291644684,"class":1,"node_positions":[[-0.1057332498245993,0.36487123409527045],[0.6442733542238267,0.6052978831894845],[0.4182440262004133,-0.3980940697718721],[-0.35708297955363166,0.8643141577114665],[0.5431032008797935,-0.0809670799758294],[0.008369279319852565,0.05863128688994482],[0.9202484708149931,0.6538750415269975],[0.5431714845755137,0.1328576717269976],[-0.3569136760935639,-0.7414395195624548],[-0.1356099068872673,0.207709687659394],[-0.4237957115801022,-1.0],[0.19398313609202322,-0.3094110724112739],[-0.39423546469869286,-0.2852091605552349],[0.2847327195284695,-0.007908935915778145],[-0.772578237223711,-0.38533551967091983],[-0.266412656652713,-0.46528995085604924],[-0.06830613699447798,-0.39515307042376774],[-0.5561518904456174,-0.19440767684456325],[0.1968464130771058,0.2861284687405625],[-0.2392042411566454,-0.15585819531918244],[0.46737504443035305,0.3852438705822888],[0.17489805583047058,-0.14994946832714479],[-0.7101959445566332,0.19703278521478518],[0.6543252442608632,0.8796882761176057],[0.02993378102886488,-0.6793119719974571],[-0.23374677508693134,0.6239189822507298],[-0.829427570648368,-0.10950736318127574],[0.8275470343052366,0.05908315437153449],[-0.45765680316482493,0.039190554735741866]],"node_coordinates":[[406.4748051600367,587.9529130202551],[678.2807613000668,668.5347790955202],[596.3666590942073,332.2359691293809],[315.3844690939736,755.3471803974471],[641.6162171292892,438.5248714489519],[447.82610375487,485.31293319453425],[778.2954545454546,684.8159945190921],[641.6409634649933,510.1907935512147],[315.4458254721617,217.15963646488254],[395.647362714394,535.27834164978],[291.20745809528427,130.5],[515.0934471895432,361.959136022018],[301.92023198816327,370.07069614771973],[547.9815273239151,463.0111819412947],[164.807013944829,336.5121497417332],[348.24382483375086,309.7144661648208],[420.03856864350473,333.2216802245912],[243.24095012936323,400.5038990700026],[516.1311123706539,561.5613337335403],[358.1042838604375,413.42421871531724],[614.1719734928254,594.7810457217747],[508.1769234409529,415.40459921365834],[187.4146531483466,531.6998501384127],[681.9236140000075,760.5],[455.64118161426836,237.9824268515901],[360.08209548925964,674.7758630867526],[144.20454545454544,428.9592542942986],[744.7000135852284,485.4643819836864],[278.93603765118314,478.79713937235607]]},"label":"1","name":"1729","value":0.27682058291644684,"input_type":"classification","classes":{"0":"low","1":"high"},"image_width":900,"image_height":900,"image_path":"./1729.png"}