{"graph":{"node_indices":[0,1,2,3,4,5,6,7,8,9,10],"node_attributes":[[1.0,0.0,0.0],[1.0,0.0,0.0],[0.800000011920929,0.800000011920929,0.800000011920929],[1.0,0.0,0.0],[1.0,0.0,0.0],[0.800000011920929,0.800000011920929,0.800000011920929],[0.0,1.0,0.0],[0.800000011920929,0.800000011920929,0.800000011920929],[0.800000011920929,0.800000011920929,0.800000011920929],[1.0,1.0,0.0],[0.0,1.0,1.0]],"node_adjacency":[[0,0,1,0,0,0,1,0,0,0,1],[0,0,0,0,0,0,0,0,0,1,0],[1,0,0,0,0,0,0,0,0,0,0],[0,0,0,0,0,0,0,0,1,0,0],[0,0,0,0,0,1,0,0,1,1,0],[0,0,0,0,1,0,0,0,0,0,0],[1,0,0,0,0,0,0,1,0,0,0],[0,0,0,0,0,0,1,0,1,0,0],[0,0,0,1,1,0,0,1,0,0,0],[1,1,0,0,1,0,0,0,0,0,0],[1,0,0,0,0,0,0,0,0,0,0]],"edge_indices":[[9,4],[9,1],[9,0],[4,9],[1,9],[1,9],[6,0],[0,6],[7,6],[6,7],[8,7],[7,8],[2,0],[0,2],[10,0],[0,10],[3,8],[8,3],[5,4],[4,5],[8,4],[4,8]],"edge_attributes":[[1.0],[1.0],[1.0],[1.0],[1.0],[1.0],[1.0],[1.0],[1.0],[1.0],[1.0],[1.0],[1.0],[1.0],[1.0],[1.0],[1.0],[1.0],[1.0],[1.0],[1.0],[1.0]],"seed_graph_indices":[0,0,-1,-1,0,-1,-1,-1,-1,0,-1],"graph_labels":1,"node_importances":[1,1,0,0,1,0,0,0,0,1,0],"edge_importances":[1,1,1,1,1,1,0,0,0,0,0,0,0,0,0,0,0,0,0,0,0,0],"multi_node_importances":[[0,1],[0,1],[0,0],[0,0],[0,1],[0,0],[0,0],[0,0],[0,0],[0,1],[0,0]],"multi_edge_importances":[[0,1],[0,1],[0,1],[0,1],[0,1],[0,1],[0,0],[0,0],[0,0],[0,0],[0,0],[0,0],[0,0],[0,0],[0,0],[0,0],[0,0],[0,0],[0,0],[0,0],[0,0],[0,0]],"original_value":2.4144744525132014,"class":1,"node_positions":[[-0.21845496693201782,-0.48373041749397566],[-0.8545073692257719,0.19667126727135814],[-0.6702987795630485,-0.7383383398128663],[0.9232926886837377,0.7188355754480353],[-0.008908071992444208,0.4703019257441583],[-0.16972692531391007,0.9569083845260294],[0.3198325747953741,-0.48100578957345835],[0.6628650063453412,-0.09993468610533662],[0.5264932632816347,0.41151276080394456],[-0.35682118551145237,0.04877931919211145],[-0.1537662345674428,-1.0]],"node_coordinates":[[371.06641566629224,296.70596015156434],[144.20454545454544,515.7520150367457],[209.90653008544922,214.738407490814],[778.2954545454545,683.8557018278792],[445.8058558627638,603.8436784998858],[388.4463274681729,760.5],[563.0583301494034,297.58311699932426],[685.4082791222677,420.2637683181461],[636.768342280743,584.9173075950439],[321.7151059190794,468.1402167396619],[394.1390536328052,130.5]]},"label":"1","name":"1733","value":2.4144744525132014,"input_type":"classification","classes":{"0":"low","1":"high"},"image_width":900,"image_height":900,"image_path":"./1733.png"}