{"graph":{"node_indices":[0,1,2,3,4,5,6,7,8,9,10,11,12,13,14,15],"node_attributes":[[0.0,0.0,1.0],[0.800000011920929,0.800000011920929,0.800000011920929],[1.0,0.0,0.0],[1.0,0.0,0.0],[0.0,0.0,1.0],[1.0,1.0,0.0],[0.0,1.0,1.0],[1.0,0.0,0.0],[0.0,0.0,1.0],[0.800000011920929,0.800000011920929,0.800000011920929],[0.0,0.0,1.0],[0.0,0.0,1.0],[0.0,1.0,0.0],[0.0,1.0,0.0],[0.0,0.0,1.0],[0.0,0.0,1.0]],"node_adjacency":[[0,0,0,0,0,1,0,0,0,0,0,0,0,0,0,0],[0,0,0,0,0,0,0,0,0,0,0,0,0,1,0,0],[0,0,0,1,1,0,1,0,0,0,1,1,0,0,0,0],[0,0,1,0,0,0,0,0,0,0,0,0,0,0,0,0],[0,0,1,0,0,0,0,0,0,0,0,0,0,0,0,0],[1,0,0,0,0,0,0,0,0,1,0,1,0,0,1,0],[0,0,1,0,0,0,0,0,1,0,0,0,0,0,0,0],[0,0,0,0,0,0,0,0,0,0,1,1,0,0,0,0],[0,0,0,0,0,0,1,0,0,0,0,0,0,0,1,0],[0,0,0,0,0,1,0,0,0,0,0,1,0,0,0,0],[0,0,1,0,0,0,0,1,0,0,0,0,0,1,0,1],[0,0,1,0,0,0,0,1,0,1,0,0,1,0,0,0],[0,0,0,0,0,0,0,0,0,0,0,1,0,0,0,0],[0,1,0,0,0,0,0,0,0,0,1,0,0,0,0,1],[0,0,0,0,0,1,0,0,1,0,0,0,0,0,0,0],[0,0,0,0,0,0,0,0,0,0,1,0,0,1,0,0]],"edge_indices":[[15,10],[15,13],[10,15],[10,13],[13,10],[13,15],[5,14],[5,0],[5,11],[14,5],[0,5],[0,5],[2,11],[11,2],[6,2],[2,6],[8,6],[6,8],[9,11],[11,9],[1,13],[13,1],[3,2],[2,3],[12,11],[11,12],[7,10],[10,7],[4,2],[2,4],[7,11],[11,7],[10,2],[2,10],[14,8],[8,14],[9,5],[5,9]],"edge_attributes":[[1.0],[1.0],[1.0],[1.0],[1.0],[1.0],[1.0],[1.0],[1.0],[1.0],[1.0],[1.0],[1.0],[1.0],[1.0],[1.0],[1.0],[1.0],[1.0],[1.0],[1.0],[1.0],[1.0],[1.0],[1.0],[1.0],[1.0],[1.0],[1.0],[1.0],[1.0],[1.0],[1.0],[1.0],[1.0],[1.0],[1.0],[1.0]],"seed_graph_indices":[1,-1,-1,-1,-1,1,-1,-1,-1,-1,0,1,-1,0,1,0],"graph_labels":0,"node_importances":[1,0,0,0,0,1,0,0,0,0,1,1,0,1,1,1],"edge_importances":[1,1,1,1,1,1,1,1,1,1,1,1,0,0,0,0,0,0,0,0,0,0,0,0,0,0,0,0,0,0,0,0,0,0,0,0,0,0],"multi_node_importances":[[1,0],[0,0],[0,0],[0,0],[0,0],[1,0],[0,0],[0,0],[0,0],[0,0],[1,0],[1,0],[0,0],[1,0],[1,0],[1,0]],"multi_edge_importances":[[1,0],[1,0],[1,0],[1,0],[1,0],[1,0],[1,0],[1,0],[1,0],[1,0],[1,0],[1,0],[0,0],[0,0],[0,0],[0,0],[0,0],[0,0],[0,0],[0,0],[0,0],[0,0],[0,0],[0,0],[0,0],[0,0],[0,0],[0,0],[0,0],[0,0],[0,0],[0,0],[0,0],[0,0],[0,0],[0,0],[0,0],[0,0]],"original_value":-2.743320434092744,"class":0,"node_positions":[[-0.8663982689395615,0.4247722835177089],[0.582668809628955,-1.0],[0.20588628907033288,0.007388918256458598],[0.5629287099194688,-0.08494648219740229],[0.5638656233211156,0.17914594240597367],[-0.5016630853364777,0.3425149462943692],[0.2709444225668976,0.4114437653773325],[-0.21190761504836328,-0.32797318363228306],[0.05207871459058232,0.7409243848181891],[-0.5657933299647795,0.028389154735651918],[0.16473107743546775,-0.4013822770387312],[-0.2112367736059167,0.050369558846100136],[-0.16341446973164822,0.3659026745824273],[0.384382397293191,-0.7048542403348069],[-0.35173611707918606,0.7260091960731944],[0.08466361587992195,-0.7577046417041822]],"node_coordinates":[[144.20454545454544,646.0919156763932],[778.2954545454545,130.49999999999994],[613.4208434773485,495.0505939465878],[769.6574708692963,461.63656241643184],[770.067450696577,557.2054618764175],[303.8074151690296,616.324900576472],[641.8893468494261,641.2686352963473],[430.6002409025051,373.69085768672045],[546.1168613709596,760.5],[275.7449426182397,502.65009056876505],[595.4119148740158,347.12581600577914],[430.8937914678226,510.6042870349306],[451.8201437305573,624.7883748950395],[691.5281728109435,237.30637838758867],[369.4132998140825,755.1025404714358],[560.3755454489982,218.18104867593462]]},"label":"0","name":"1738","value":-2.743320434092744,"input_type":"classification","classes":{"0":"low","1":"high"},"image_width":900,"image_height":900,"image_path":"./1738.png"}