{"graph":{"node_indices":[0,1,2,3,4,5,6,7,8,9,10,11,12,13,14,15,16,17,18,19,20,21,22,23,24,25,26,27,28,29,30],"node_attributes":[[0.0,1.0,1.0],[1.0,0.0,1.0],[1.0,0.0,1.0],[0.800000011920929,0.800000011920929,0.800000011920929],[0.800000011920929,0.800000011920929,0.800000011920929],[0.800000011920929,0.800000011920929,0.800000011920929],[0.0,0.0,1.0],[1.0,0.0,0.0],[1.0,0.0,0.0],[0.800000011920929,0.800000011920929,0.800000011920929],[0.0,0.0,1.0],[1.0,0.0,0.0],[1.0,1.0,0.0],[0.800000011920929,0.800000011920929,0.800000011920929],[1.0,1.0,0.0],[0.800000011920929,0.800000011920929,0.800000011920929],[1.0,0.0,0.0],[0.0,0.0,1.0],[0.0,1.0,0.0],[0.800000011920929,0.800000011920929,0.800000011920929],[0.800000011920929,0.800000011920929,0.800000011920929],[1.0,0.0,0.0],[0.0,1.0,1.0],[0.0,1.0,0.0],[0.0,1.0,1.0],[1.0,0.0,0.0],[0.0,0.0,1.0],[1.0,1.0,0.0],[0.800000011920929,0.800000011920929,0.800000011920929],[0.0,1.0,0.0],[0.0,0.0,1.0]],"node_adjacency":[[0,0,0,0,0,0,0,0,0,0,0,0,1,0,0,0,0,1,0,1,0,0,0,0,0,0,0,1,0,0,0],[0,0,0,0,0,0,0,0,0,0,0,0,0,0,1,0,0,0,0,0,0,0,0,0,0,0,0,0,0,0,0],[0,0,0,0,0,0,0,0,0,0,0,0,0,0,0,0,0,0,0,0,0,0,0,0,0,1,0,0,0,0,0],[0,0,0,0,0,0,0,0,0,0,0,0,0,0,0,0,1,0,0,0,0,0,0,0,0,0,0,0,0,0,0],[0,0,0,0,0,0,1,0,1,0,0,0,0,0,0,1,1,0,0,0,0,0,0,0,0,0,0,0,0,0,0],[0,0,0,0,0,0,0,0,0,0,0,0,0,0,1,0,0,0,0,0,0,0,0,0,0,0,0,0,0,0,0],[0,0,0,0,1,0,0,0,0,0,0,0,0,0,0,0,0,0,0,0,0,0,0,0,0,0,0,0,0,0,0],[0,0,0,0,0,0,0,0,0,0,0,0,0,0,0,1,0,0,0,0,0,0,0,0,0,0,0,0,0,0,0],[0,0,0,0,1,0,0,0,0,0,0,0,0,0,0,0,0,0,0,0,0,0,0,0,0,0,0,0,0,0,0],[0,0,0,0,0,0,0,0,0,0,0,0,0,0,0,0,0,0,0,0,0,0,0,0,0,0,1,0,0,0,0],[0,0,0,0,0,0,0,0,0,0,0,0,0,0,1,0,0,0,0,0,0,0,0,0,0,0,0,0,0,0,0],[0,0,0,0,0,0,0,0,0,0,0,0,0,0,0,0,0,0,1,0,0,0,0,0,0,0,0,0,0,0,0],[1,0,0,0,0,0,0,0,0,0,0,1,0,0,0,0,1,0,0,0,0,0,0,0,1,1,0,0,0,0,0],[0,0,0,0,0,0,0,0,0,0,0,0,0,0,0,0,1,0,0,0,0,0,0,0,0,0,0,0,0,0,0],[0,1,0,0,0,1,0,0,0,0,1,0,0,0,0,0,0,0,0,0,0,0,0,0,0,0,1,0,0,1,1],[0,0,0,0,1,0,0,1,0,0,0,0,0,0,0,0,0,0,1,0,0,0,0,0,0,0,0,0,0,0,0],[0,0,0,1,1,0,0,0,0,0,0,0,1,1,0,0,0,0,0,0,0,0,0,0,0,0,0,0,0,0,0],[1,0,0,0,0,0,0,0,0,0,0,0,0,0,0,0,0,0,0,1,0,1,1,0,0,0,0,0,0,0,0],[0,0,0,0,0,0,0,0,0,0,0,1,0,0,0,1,0,0,0,0,0,0,0,0,0,0,0,0,1,0,0],[1,0,0,0,0,0,0,0,0,0,0,0,0,0,0,0,0,1,0,0,0,0,0,0,0,0,0,0,0,0,0],[0,0,0,0,0,0,0,0,0,0,0,0,0,0,0,0,0,0,0,0,0,0,0,0,0,0,0,0,0,0,1],[0,0,0,0,0,0,0,0,0,0,0,0,0,0,0,0,0,1,0,0,0,0,0,0,0,0,1,0,0,0,0],[0,0,0,0,0,0,0,0,0,0,0,0,0,0,0,0,0,1,0,0,0,0,0,1,0,0,0,0,0,0,0],[0,0,0,0,0,0,0,0,0,0,0,0,0,0,0,0,0,0,0,0,0,0,1,0,1,0,1,1,0,0,0],[0,0,0,0,0,0,0,0,0,0,0,0,1,0,0,0,0,0,0,0,0,0,0,1,0,0,0,0,0,0,0],[0,0,1,0,0,0,0,0,0,0,0,0,1,0,0,0,0,0,0,0,0,0,0,0,0,0,0,0,0,0,0],[0,0,0,0,0,0,0,0,0,1,0,0,0,0,0,0,0,0,0,0,0,1,0,1,0,0,0,0,0,0,0],[1,0,0,0,0,0,0,0,0,0,0,0,0,0,0,0,0,0,0,0,0,0,0,1,0,0,0,0,0,0,0],[0,0,0,0,0,0,0,0,0,0,0,0,0,0,0,0,0,0,1,0,0,0,0,0,0,0,0,0,0,0,0],[0,0,0,0,0,0,0,0,0,0,0,0,0,0,1,0,0,0,0,0,0,0,0,0,0,0,0,0,0,0,0],[0,0,0,0,0,0,0,0,0,0,0,0,0,0,1,0,0,0,0,0,1,0,0,0,0,0,0,0,0,0,0]],"edge_indices":[[14,10],[14,30],[14,26],[10,14],[30,14],[30,14],[12,25],[12,16],[12,11],[25,12],[16,12],[16,12],[9,26],[26,9],[21,26],[26,21],[5,14],[14,5],[4,16],[16,4],[17,21],[21,17],[6,4],[4,6],[20,30],[30,20],[23,26],[26,23],[13,16],[16,13],[29,14],[14,29],[1,14],[14,1],[15,4],[4,15],[19,17],[17,19],[24,12],[12,24],[7,15],[15,7],[18,15],[15,18],[22,23],[23,22],[3,16],[16,3],[28,18],[18,28],[0,12],[12,0],[2,25],[25,2],[27,23],[23,27],[8,4],[4,8],[17,0],[0,17],[23,24],[24,23],[27,0],[0,27],[19,0],[0,19],[18,11],[11,18],[17,22],[22,17]],"edge_attributes":[[1.0],[1.0],[1.0],[1.0],[1.0],[1.0],[1.0],[1.0],[1.0],[1.0],[1.0],[1.0],[1.0],[1.0],[1.0],[1.0],[1.0],[1.0],[1.0],[1.0],[1.0],[1.0],[1.0],[1.0],[1.0],[1.0],[1.0],[1.0],[1.0],[1.0],[1.0],[1.0],[1.0],[1.0],[1.0],[1.0],[1.0],[1.0],[1.0],[1.0],[1.0],[1.0],[1.0],[1.0],[1.0],[1.0],[1.0],[1.0],[1.0],[1.0],[1.0],[1.0],[1.0],[1.0],[1.0],[1.0],[1.0],[1.0],[1.0],[1.0],[1.0],[1.0],[1.0],[1.0],[1.0],[1.0],[1.0],[1.0],[1.0],[1.0]],"seed_graph_indices":[-1,-1,-1,-1,-1,-1,-1,-1,-1,-1,0,1,1,-1,0,-1,1,-1,-1,-1,-1,-1,-1,-1,-1,1,0,-1,-1,-1,0],"graph_labels":1,"node_importances":[0,0,0,0,0,0,0,0,0,0,1,1,1,0,1,0,1,0,0,0,0,0,0,0,0,1,1,0,0,0,1],"edge_importances":[1,1,1,1,1,1,1,1,1,1,1,1,0,0,0,0,0,0,0,0,0,0,0,0,0,0,0,0,0,0,0,0,0,0,0,0,0,0,0,0,0,0,0,0,0,0,0,0,0,0,0,0,0,0,0,0,0,0,0,0,0,0,0,0,0,0,0,0,0,0],"multi_node_importances":[[0,0],[0,0],[0,0],[0,0],[0,0],[0,0],[0,0],[0,0],[0,0],[0,0],[1,0],[0,1],[0,1],[0,0],[1,0],[0,0],[0,1],[0,0],[0,0],[0,0],[0,0],[0,0],[0,0],[0,0],[0,0],[0,1],[1,0],[0,0],[0,0],[0,0],[1,0]],"multi_edge_importances":[[1,0],[1,0],[1,0],[1,0],[1,0],[1,0],[0,1],[0,1],[0,1],[0,1],[0,1],[0,1],[0,0],[0,0],[0,0],[0,0],[0,0],[0,0],[0,0],[0,0],[0,0],[0,0],[0,0],[0,0],[0,0],[0,0],[0,0],[0,0],[0,0],[0,0],[0,0],[0,0],[0,0],[0,0],[0,0],[0,0],[0,0],[0,0],[0,0],[0,0],[0,0],[0,0],[0,0],[0,0],[0,0],[0,0],[0,0],[0,0],[0,0],[0,0],[0,0],[0,0],[0,0],[0,0],[0,0],[0,0],[0,0],[0,0],[0,0],[0,0],[0,0],[0,0],[0,0],[0,0],[0,0],[0,0],[0,0],[0,0],[0,0],[0,0]],"original_value":0.32976113153599684,"class":1,"node_positions":[[-0.231444500837588,-0.04060166153452583],[0.3987232196742878,-0.8475329055346611],[-0.6968270984959817,0.09135653829989437],[-0.5544441246930847,0.3987357031962488],[-0.2212207417973292,0.6656158299975248],[0.5561412747306496,-0.44746622606989317],[-0.4264578765894097,0.8140679503974623],[0.08883905134227954,1.0],[-0.26088923559833765,0.8921589980603489],[0.023217013320343725,-0.686668885329223],[0.2614021770091867,-0.8326043923630658],[0.021636882207851767,0.355171347124888],[-0.17850750149110817,0.19064601810849074],[-0.49644832679675766,0.5232347833026549],[0.38004839103461185,-0.6013583747708695],[0.005724350670277074,0.7739754528336026],[-0.29628622563573026,0.41458561175387926],[-0.23680088504774074,-0.28787912835094726],[0.14449497403179584,0.5738930050238108],[-0.4047040859905989,-0.2063099956150657],[0.8689238019716645,-0.6327094432108862],[-0.08920931274713373,-0.49043871650838744],[-0.06501911924872589,-0.33059614694133255],[0.12499820818656127,-0.21075272622287305],[0.044418021658305815,0.04699507768220634],[-0.4396907844967937,0.14089801956764403],[0.16363991406708236,-0.4656775116227185],[-0.019572323023613475,-0.11190936841709487],[0.3660970240114081,0.6644977807086421],[0.5291711476331078,-0.758240773830928],[0.6400466909405198,-0.5950858597348259]],"node_coordinates":[[332.6731417913976,405.65974529989114],[587.8756919925675,130.5],[144.20454545454544,450.6568685698697],[201.86617558407679,555.4717128979943],[336.8135147346467,646.4765764006268],[651.6261631615116,266.9208492892119],[253.69748309726754,697.098048728285],[462.3801652444519,760.5],[320.7487426888277,723.7267273733244],[435.8048410767956,185.35387157426447],[532.2640204585967,135.59055252544113],[435.1649265327237,540.6164731116075],[354.11133482077975,484.51411251503964],[225.3530585873381,597.9253115495093],[580.3128420745426,214.44435298910517],[428.72073953874855,683.426696304972],[306.4138254390989,560.8764569008717],[330.5039368864274,321.3392963229553],[484.91945588381753,615.1995260377716],[262.50723747956,349.1539855605112],[778.2954545454545,203.7537866354333],[390.2749223134815,252.26743288988843],[400.0713604198937,306.7729946179501],[477.0237414534794,347.6390353939762],[444.39073213178216,435.52981989570515],[248.33847828851842,467.5502798347965],[492.67268944596333,260.7108868772246],[418.47620395218473,381.34415384198536],[574.6628788548746,646.0953268705719],[640.7039197800965,160.9481954312323],[685.6058093659476,216.5832510086584]]},"label":"1","name":"1739","value":0.32976113153599684,"input_type":"classification","classes":{"0":"low","1":"high"},"image_width":900,"image_height":900,"image_path":"./1739.png"}