{"graph": {"node_indices": [0, 1, 2, 3, 4, 5, 6, 7, 8, 9, 10, 11], "node_attributes": [[0.0, 1.0, 0.0], [1.0, 0.0, 0.0], [1.0, 0.0, 0.0], [1.0, 0.0, 1.0], [1.0, 0.0, 0.0], [1.0, 1.0, 0.0], [1.0, 0.0, 1.0], [1.0, 1.0, 0.0], [0.0, 0.0, 1.0], [0.0, 1.0, 0.0], [1.0, 0.0, 1.0], [0.0, 1.0, 1.0]], "node_adjacency": [[0, 1, 0, 0, 0, 0, 0, 0, 0, 0, 0, 0], [1, 0, 0, 0, 1, 0, 1, 0, 1, 1, 0, 1], [0, 0, 0, 1, 0, 0, 0, 0, 0, 0, 1, 0], [0, 0, 1, 0, 1, 0, 0, 0, 0, 0, 1, 0], [0, 1, 0, 1, 0, 0, 0, 0, 0, 1, 0, 0], [0, 0, 0, 0, 0, 0, 0, 0, 0, 0, 1, 0], [0, 1, 0, 0, 0, 0, 0, 1, 0, 0, 0, 0], [0, 0, 0, 0, 0, 0, 1, 0, 0, 0, 0, 0], [0, 1, 0, 0, 0, 0, 0, 0, 0, 1, 1, 0], [0, 1, 0, 0, 1, 0, 0, 0, 1, 0, 0, 0], [0, 0, 1, 1, 0, 1, 0, 0, 1, 0, 0, 0], [0, 1, 0, 0, 0, 0, 0, 0, 0, 0, 0, 0]], "edge_indices": [[4, 1], [4, 9], [1, 4], [1, 9], [9, 1], [9, 4], [6, 1], [1, 6], [8, 9], [9, 8], [10, 8], [8, 10], [11, 1], [1, 11], [2, 10], [10, 2], [0, 1], [1, 0], [5, 10], [10, 5], [3, 2], [2, 3], [7, 6], [6, 7], [10, 3], [3, 10], [4, 3], [3, 4], [1, 8], [8, 1]], "edge_attributes": [[1.0], [1.0], [1.0], [1.0], [1.0], [1.0], [1.0], [1.0], [1.0], [1.0], [1.0], [1.0], [1.0], [1.0], [1.0], [1.0], [1.0], [1.0], [1.0], [1.0], [1.0], [1.0], [1.0], [1.0], [1.0], [1.0], [1.0], [1.0], [1.0], [1.0]], "seed_graph_indices": [-1, 0, -1, -1, 0, -1, -1, -1, -1, 0, -1, -1], "graph_labels": 1, "node_importances": [0, 1, 0, 0, 1, 0, 0, 0, 0, 1, 0, 0], "edge_importances": [1, 1, 1, 1, 1, 1, 0, 0, 0, 0, 0, 0, 0, 0, 0, 0, 0, 0, 0, 0, 0, 0, 0, 0, 0, 0, 0, 0, 0, 0], "multi_node_importances": [[0, 0], [0, 1], [0, 0], [0, 0], [0, 1], [0, 0], [0, 0], [0, 0], [0, 0], [0, 1], [0, 0], [0, 0]], "multi_edge_importances": [[0, 1], [0, 1], [0, 1], [0, 1], [0, 1], [0, 1], [0, 0], [0, 0], [0, 0], [0, 0], [0, 0], [0, 0], [0, 0], [0, 0], [0, 0], [0, 0], [0, 0], [0, 0], [0, 0], [0, 0], [0, 0], [0, 0], [0, 0], [0, 0], [0, 0], [0, 0], [0, 0], [0, 0], [0, 0], [0, 0]], "original_value": 1.21, "class": 1, "node_positions": [[0.2786162519046863, 0.5437735784113253], [-0.061163380739623824, 0.26344373465798404], [0.39237540896870665, -0.7448848851127988], [0.39744920169557313, -0.3857859777871383], [0.34097344096138504, 0.0315326877889832], [-0.20210943046225985, -0.8868944687535131], [-0.20151585070383216, 0.6394720076457439], [-0.34003754254238683, 1.0], [-0.1851530796419024, -0.18182999567248767], [0.04506656931460756, 0.016351783855193314], [0.03399925487600419, -0.5563072571940448], [-0.498500843630958, 0.2611287921607532]], "node_coordinates": [[694.1937866501246, 608.174233847992], [453.7214776437847, 514.5771596664812], [774.7045781796354, 177.91443635305762], [778.2954545454545, 297.81107888474924], [738.3258528334633, 437.14624768549095], [353.96970100446697, 130.49999999999994], [354.3897953284783, 640.1262117757833], [256.3538099910278, 760.5], [365.9702226436241, 365.9082994023928], [528.9036219540963, 432.0776179148999], [521.0709492396132, 240.87710202205878], [144.20454545454538, 513.8042421570992]]}, "label": "1", "name": "1759", "value": 1.21, "input_type": "classification", "classes": {"0": "low", "1": "high"}, "image_width": 900, "image_height": 900, "image_path": "./1759.png"}