{"graph":{"node_indices":[0,1,2,3,4,5,6,7,8,9,10,11,12,13,14,15,16,17,18,19,20,21,22,23,24,25,26,27],"node_attributes":[[0.0,0.0,1.0],[0.0,0.0,1.0],[1.0,1.0,0.0],[0.800000011920929,0.800000011920929,0.800000011920929],[0.800000011920929,0.800000011920929,0.800000011920929],[0.0,0.0,1.0],[1.0,0.0,1.0],[1.0,0.0,1.0],[0.0,1.0,1.0],[0.800000011920929,0.800000011920929,0.800000011920929],[0.0,1.0,0.0],[0.800000011920929,0.800000011920929,0.800000011920929],[0.0,1.0,1.0],[0.800000011920929,0.800000011920929,0.800000011920929],[0.0,1.0,1.0],[0.0,1.0,1.0],[1.0,0.0,1.0],[1.0,0.0,0.0],[1.0,0.0,1.0],[0.800000011920929,0.800000011920929,0.800000011920929],[0.0,1.0,1.0],[1.0,0.0,0.0],[0.800000011920929,0.800000011920929,0.800000011920929],[1.0,1.0,0.0],[0.0,1.0,0.0],[0.800000011920929,0.800000011920929,0.800000011920929],[1.0,0.0,0.0],[1.0,1.0,0.0]],"node_adjacency":[[0,0,0,0,0,0,0,0,0,0,0,0,0,1,0,0,0,1,0,0,0,0,0,0,0,0,0,0],[0,0,0,0,0,0,0,1,0,0,0,0,0,0,0,0,0,0,0,0,0,0,0,0,0,0,0,0],[0,0,0,0,0,0,0,1,0,1,0,0,0,0,1,0,0,0,0,0,0,0,0,0,0,0,0,0],[0,0,0,0,0,0,0,0,0,0,0,0,1,0,0,0,0,0,0,0,0,0,0,0,0,0,1,0],[0,0,0,0,0,0,0,0,0,0,0,0,0,0,0,0,0,0,0,0,1,0,1,1,0,0,0,0],[0,0,0,0,0,0,0,0,0,0,0,0,0,0,0,0,0,0,0,0,0,1,0,0,0,0,0,0],[0,0,0,0,0,0,0,0,0,0,0,0,0,0,1,0,0,1,0,0,0,0,0,0,0,0,0,0],[0,1,1,0,0,0,0,0,0,0,0,0,0,0,0,0,0,1,0,0,0,0,0,0,0,0,0,0],[0,0,0,0,0,0,0,0,0,0,0,0,0,0,0,1,0,0,0,0,0,0,0,1,0,0,0,0],[0,0,1,0,0,0,0,0,0,0,0,0,0,0,0,0,0,0,0,0,0,0,0,0,0,0,0,1],[0,0,0,0,0,0,0,0,0,0,0,0,0,0,0,0,0,0,0,0,0,0,0,0,0,0,1,0],[0,0,0,0,0,0,0,0,0,0,0,0,0,0,0,0,0,0,0,0,0,0,0,1,0,0,0,0],[0,0,0,1,0,0,0,0,0,0,0,0,0,0,0,0,0,0,0,0,0,0,0,0,0,0,0,0],[1,0,0,0,0,0,0,0,0,0,0,0,0,0,0,0,0,0,0,0,0,0,0,0,0,0,0,0],[0,0,1,0,0,0,1,0,0,0,0,0,0,0,0,0,0,0,0,0,0,0,0,0,0,0,0,0],[0,0,0,0,0,0,0,0,1,0,0,0,0,0,0,0,0,0,0,1,0,0,0,0,0,0,0,0],[0,0,0,0,0,0,0,0,0,0,0,0,0,0,0,0,0,1,0,0,0,0,0,0,0,0,0,0],[1,0,0,0,0,0,1,1,0,0,0,0,0,0,0,0,1,0,0,0,0,0,0,1,0,0,0,0],[0,0,0,0,0,0,0,0,0,0,0,0,0,0,0,0,0,0,0,0,0,0,0,0,0,1,1,0],[0,0,0,0,0,0,0,0,0,0,0,0,0,0,0,1,0,0,0,0,0,0,0,1,0,0,0,0],[0,0,0,0,1,0,0,0,0,0,0,0,0,0,0,0,0,0,0,0,0,0,0,0,0,0,0,0],[0,0,0,0,0,1,0,0,0,0,0,0,0,0,0,0,0,0,0,0,0,0,0,0,0,0,0,0],[0,0,0,0,1,0,0,0,0,0,0,0,0,0,0,0,0,0,0,0,0,0,0,0,0,0,0,0],[0,0,0,0,1,0,0,0,1,0,0,1,0,0,0,0,0,1,0,1,0,1,0,0,1,0,1,0],[0,0,0,0,0,0,0,0,0,0,0,0,0,0,0,0,0,0,0,0,0,0,0,1,0,0,0,0],[0,0,0,0,0,0,0,0,0,0,0,0,0,0,0,0,0,0,1,0,0,0,0,0,0,0,0,0],[0,0,0,1,0,0,0,0,0,0,1,0,0,0,0,0,0,0,1,0,0,0,0,1,0,0,0,0],[0,0,0,0,0,0,0,0,0,1,0,0,0,0,0,0,0,0,0,0,0,0,0,0,0,0,0,0]],"edge_indices":[[23,26],[23,17],[23,21],[26,23],[17,23],[17,23],[0,17],[17,0],[18,26],[26,18],[5,21],[21,5],[25,18],[18,25],[7,17],[17,7],[6,17],[17,6],[8,23],[23,8],[14,6],[6,14],[19,23],[23,19],[3,26],[26,3],[16,17],[17,16],[15,19],[19,15],[4,23],[23,4],[22,4],[4,22],[2,14],[14,2],[9,2],[2,9],[20,4],[4,20],[10,26],[26,10],[11,23],[23,11],[27,9],[9,27],[13,0],[0,13],[1,7],[7,1],[24,23],[23,24],[12,3],[3,12],[8,15],[15,8],[7,2],[2,7]],"edge_attributes":[[1.0],[1.0],[1.0],[1.0],[1.0],[1.0],[1.0],[1.0],[1.0],[1.0],[1.0],[1.0],[1.0],[1.0],[1.0],[1.0],[1.0],[1.0],[1.0],[1.0],[1.0],[1.0],[1.0],[1.0],[1.0],[1.0],[1.0],[1.0],[1.0],[1.0],[1.0],[1.0],[1.0],[1.0],[1.0],[1.0],[1.0],[1.0],[1.0],[1.0],[1.0],[1.0],[1.0],[1.0],[1.0],[1.0],[1.0],[1.0],[1.0],[1.0],[1.0],[1.0],[1.0],[1.0],[1.0],[1.0],[1.0],[1.0]],"seed_graph_indices":[-1,-1,-1,-1,-1,-1,-1,-1,-1,-1,-1,-1,-1,-1,-1,-1,-1,0,-1,-1,-1,0,-1,0,-1,-1,0,-1],"graph_labels":1,"node_importances":[0,0,0,0,0,0,0,0,0,0,0,0,0,0,0,0,0,1,0,0,0,1,0,1,0,0,1,0],"edge_importances":[1,1,1,1,1,1,0,0,0,0,0,0,0,0,0,0,0,0,0,0,0,0,0,0,0,0,0,0,0,0,0,0,0,0,0,0,0,0,0,0,0,0,0,0,0,0,0,0,0,0,0,0,0,0,0,0,0,0],"multi_node_importances":[[0,0],[0,0],[0,0],[0,0],[0,0],[0,0],[0,0],[0,0],[0,0],[0,0],[0,0],[0,0],[0,0],[0,0],[0,0],[0,0],[0,0],[0,1],[0,0],[0,0],[0,0],[0,1],[0,0],[0,1],[0,0],[0,0],[0,1],[0,0]],"multi_edge_importances":[[0,1],[0,1],[0,1],[0,1],[0,1],[0,1],[0,0],[0,0],[0,0],[0,0],[0,0],[0,0],[0,0],[0,0],[0,0],[0,0],[0,0],[0,0],[0,0],[0,0],[0,0],[0,0],[0,0],[0,0],[0,0],[0,0],[0,0],[0,0],[0,0],[0,0],[0,0],[0,0],[0,0],[0,0],[0,0],[0,0],[0,0],[0,0],[0,0],[0,0],[0,0],[0,0],[0,0],[0,0],[0,0],[0,0],[0,0],[0,0],[0,0],[0,0],[0,0],[0,0],[0,0],[0,0],[0,0],[0,0],[0,0],[0,0]],"original_value":2.0833933455398794,"class":1,"node_positions":[[-0.23599414487153542,-0.44806345876492876],[0.1365098462700504,-0.7654449193032529],[0.48724766130722,-0.5669529274634811],[0.3165576243116761,0.6049706748586609],[-0.4319932785153974,-0.038576014497275525],[-0.4516331359777486,0.6273419944847184],[0.3085372093473166,-0.21605357947865228],[0.20052374182262525,-0.46953311984043156],[-0.36001589579113935,0.2655012477965418],[0.6971347822865007,-0.7514708756885277],[0.3845796380146528,0.3904431563649257],[0.04179092723477298,0.20686223934065318],[0.5479520524690162,0.7765203673322864],[-0.39715544932575453,-0.7016434299158534],[0.578619316424792,-0.3280217840531945],[-0.6406587802701926,0.3266351658800139],[-0.0656017991515701,-0.42231716337015834],[0.0048728268923129685,-0.21089141438970274],[0.018409527878090887,0.7127383476960871],[-0.39446769283022903,0.14301318276738192],[-0.7496579765783653,0.02991146168333989],[-0.2387285004911065,0.39134043685104547],[-0.6730233830413592,-0.21119548025668866],[-0.13963991400161715,0.10935105639478555],[0.06859829648497925,0.057268656879770806],[-0.0012723858573443188,1.0],[0.0888156184974393,0.4101561796029478],[0.899693267461914,-0.9218900009110117]],"node_coordinates":[[341.681927662255,285.82143952595237],[484.8905954559974,181.78306061541954],[619.7312855716358,246.84919593002138],[554.1097261116048,631.0084709733255],[266.3303193966769,420.0523735369184],[258.7798021143714,638.3418414355973],[551.0262881632518,361.87481608812226],[509.50065312082273,278.783634827892],[294.0019291950896,519.729605404662],[700.4221122400731,186.36378452423003],[580.2606995097619,560.6858528281723],[448.4760320352537,500.50760242337884],[643.0690086410425,687.2428580647584],[279.7236768524857,202.6973368200975],[654.8589977966659,325.1713789254728],[186.10914262689872,539.769445548651],[407.1890401042587,294.2611348732494],[434.28291708011795,363.56698577759283],[439.4870839094571,666.3349640896827],[280.75698129010686,479.5777335848431],[144.20454545454544,442.5027270812603],[340.6307082528923,560.9799834527073],[173.6666138037089,363.46731228113345],[378.72518455967406,468.54321048274926],[458.78208976529766,451.47047911992104],[431.920398148467,760.5],[466.55461253180147,567.147827568697],[778.2954545454545,130.50000000000006]]},"label":"1","name":"1777","value":2.0833933455398794,"input_type":"classification","classes":{"0":"low","1":"high"},"image_width":900,"image_height":900,"image_path":"./1777.png"}