{"graph":{"node_indices":[0,1,2,3,4,5,6,7,8,9,10,11,12,13,14,15,16,17,18,19,20,21,22,23,24,25,26],"node_attributes":[[1.0,0.0,1.0],[0.800000011920929,0.800000011920929,0.800000011920929],[1.0,0.0,1.0],[0.0,0.0,1.0],[1.0,1.0,0.0],[0.0,0.0,1.0],[0.0,0.0,1.0],[0.800000011920929,0.800000011920929,0.800000011920929],[1.0,1.0,0.0],[0.800000011920929,0.800000011920929,0.800000011920929],[0.0,0.0,1.0],[0.800000011920929,0.800000011920929,0.800000011920929],[0.0,0.0,1.0],[0.0,0.0,1.0],[0.800000011920929,0.800000011920929,0.800000011920929],[0.800000011920929,0.800000011920929,0.800000011920929],[1.0,0.0,0.0],[0.0,1.0,0.0],[0.800000011920929,0.800000011920929,0.800000011920929],[0.0,1.0,0.0],[0.0,1.0,1.0],[0.800000011920929,0.800000011920929,0.800000011920929],[1.0,1.0,0.0],[1.0,0.0,1.0],[1.0,0.0,1.0],[0.0,1.0,1.0],[0.800000011920929,0.800000011920929,0.800000011920929]],"node_adjacency":[[0,0,0,0,0,0,0,0,0,0,0,0,0,0,1,0,0,0,1,0,0,0,0,0,0,0,0],[0,0,0,0,0,0,1,0,0,0,0,0,0,0,0,0,0,0,0,0,0,0,0,0,1,0,0],[0,0,0,0,0,0,1,0,0,1,0,0,0,0,0,0,0,0,0,0,0,0,0,0,0,0,0],[0,0,0,0,0,0,0,0,0,0,0,0,0,0,0,0,0,0,1,0,0,0,0,0,0,0,0],[0,0,0,0,0,0,0,0,0,1,0,1,0,0,0,0,0,0,0,0,0,0,0,0,0,1,0],[0,0,0,0,0,0,0,0,1,0,0,0,0,0,0,0,0,0,0,0,0,0,0,0,0,0,0],[0,1,1,0,0,0,0,0,1,1,0,0,0,0,0,0,0,1,0,1,0,0,0,1,0,0,0],[0,0,0,0,0,0,0,0,0,0,0,0,0,0,0,0,1,0,1,0,0,0,0,0,0,0,0],[0,0,0,0,0,1,1,0,0,0,0,0,1,0,0,0,0,0,0,0,0,0,0,0,0,0,0],[0,0,1,0,1,0,1,0,0,0,0,0,0,0,0,0,0,0,0,0,0,0,0,0,0,0,0],[0,0,0,0,0,0,0,0,0,0,0,0,0,0,0,0,0,0,0,0,0,0,0,1,0,0,0],[0,0,0,0,1,0,0,0,0,0,0,0,0,0,0,0,0,0,0,0,0,0,0,0,0,0,0],[0,0,0,0,0,0,0,0,0,0,0,0,0,0,0,1,0,0,0,0,1,0,0,0,1,0,0],[0,0,0,0,0,0,0,0,0,0,0,0,0,0,0,0,0,0,1,0,0,0,0,0,0,0,0],[1,0,0,0,0,0,0,0,0,0,0,0,0,0,0,0,0,0,0,1,0,0,0,0,0,0,0],[0,0,0,0,0,0,0,0,0,0,0,0,1,0,0,0,0,0,0,0,0,0,1,0,0,0,0],[0,0,0,0,0,0,0,1,0,0,0,0,0,0,0,0,0,0,0,0,0,0,0,0,0,0,0],[0,0,0,0,0,0,1,0,0,0,0,0,0,0,0,0,0,0,0,0,0,0,0,0,0,0,1],[1,0,0,1,0,0,0,1,0,0,0,0,0,1,0,0,0,0,0,0,0,0,0,1,0,0,0],[0,0,0,0,0,0,1,0,0,0,0,0,0,0,1,0,0,0,0,0,0,0,0,0,0,0,0],[0,0,0,0,0,0,0,0,0,0,0,0,1,0,0,0,0,0,0,0,0,1,0,0,0,0,0],[0,0,0,0,0,0,0,0,0,0,0,0,0,0,0,0,0,0,0,0,1,0,0,0,0,0,0],[0,0,0,0,0,0,0,0,0,0,0,0,0,0,0,1,0,0,0,0,0,0,0,0,0,0,0],[0,0,0,0,0,0,1,0,0,0,1,0,0,0,0,0,0,0,1,0,0,0,0,0,0,0,0],[0,1,0,0,0,0,0,0,0,0,0,0,1,0,0,0,0,0,0,0,0,0,0,0,0,0,0],[0,0,0,0,1,0,0,0,0,0,0,0,0,0,0,0,0,0,0,0,0,0,0,0,0,0,0],[0,0,0,0,0,0,0,0,0,0,0,0,0,0,0,0,0,1,0,0,0,0,0,0,0,0,0]],"edge_indices":[[8,6],[8,5],[8,12],[6,8],[5,8],[5,8],[20,12],[12,20],[23,6],[6,23],[17,6],[6,17],[18,23],[23,18],[3,18],[18,3],[1,6],[6,1],[2,6],[6,2],[0,18],[18,0],[10,23],[23,10],[26,17],[17,26],[24,12],[12,24],[9,6],[6,9],[21,20],[20,21],[7,18],[18,7],[4,9],[9,4],[15,12],[12,15],[13,18],[18,13],[14,0],[0,14],[16,7],[7,16],[19,14],[14,19],[22,15],[15,22],[11,4],[4,11],[25,4],[4,25],[2,9],[9,2],[24,1],[1,24],[19,6],[6,19]],"edge_attributes":[[1.0],[1.0],[1.0],[1.0],[1.0],[1.0],[1.0],[1.0],[1.0],[1.0],[1.0],[1.0],[1.0],[1.0],[1.0],[1.0],[1.0],[1.0],[1.0],[1.0],[1.0],[1.0],[1.0],[1.0],[1.0],[1.0],[1.0],[1.0],[1.0],[1.0],[1.0],[1.0],[1.0],[1.0],[1.0],[1.0],[1.0],[1.0],[1.0],[1.0],[1.0],[1.0],[1.0],[1.0],[1.0],[1.0],[1.0],[1.0],[1.0],[1.0],[1.0],[1.0],[1.0],[1.0],[1.0],[1.0],[1.0],[1.0]],"seed_graph_indices":[-1,-1,-1,-1,-1,0,0,-1,0,-1,-1,-1,0,-1,-1,-1,-1,-1,-1,-1,-1,-1,-1,-1,-1,-1,-1],"graph_labels":0,"node_importances":[0,0,0,0,0,1,1,0,1,0,0,0,1,0,0,0,0,0,0,0,0,0,0,0,0,0,0],"edge_importances":[1,1,1,1,1,1,0,0,0,0,0,0,0,0,0,0,0,0,0,0,0,0,0,0,0,0,0,0,0,0,0,0,0,0,0,0,0,0,0,0,0,0,0,0,0,0,0,0,0,0,0,0,0,0,0,0,0,0],"multi_node_importances":[[0,0],[0,0],[0,0],[0,0],[0,0],[1,0],[1,0],[0,0],[1,0],[0,0],[0,0],[0,0],[1,0],[0,0],[0,0],[0,0],[0,0],[0,0],[0,0],[0,0],[0,0],[0,0],[0,0],[0,0],[0,0],[0,0],[0,0]],"multi_edge_importances":[[1,0],[1,0],[1,0],[1,0],[1,0],[1,0],[0,0],[0,0],[0,0],[0,0],[0,0],[0,0],[0,0],[0,0],[0,0],[0,0],[0,0],[0,0],[0,0],[0,0],[0,0],[0,0],[0,0],[0,0],[0,0],[0,0],[0,0],[0,0],[0,0],[0,0],[0,0],[0,0],[0,0],[0,0],[0,0],[0,0],[0,0],[0,0],[0,0],[0,0],[0,0],[0,0],[0,0],[0,0],[0,0],[0,0],[0,0],[0,0],[0,0],[0,0],[0,0],[0,0],[0,0],[0,0],[0,0],[0,0],[0,0],[0,0]],"original_value":-2.089892122406316,"class":0,"node_positions":[[-0.6429943673608556,-0.013446932720649285],[0.11763918262715649,0.12686676845871214],[-0.05732462588308432,-0.247357659337738],[-0.6925581584454239,0.3324792497904786],[-0.09149903466555916,-0.6502012233319464],[0.49584983144428185,-0.16382921220979635],[0.010401098384103214,-0.07724177431331218],[-0.5345935134020593,0.4853620537052466],[0.293009364798695,-0.002712882341060927],[-0.04139903505741855,-0.39040738878801107],[-0.16822023933753577,0.376416464559475],[-0.27425702216438524,-0.8293813429577398],[0.4988005136129206,0.19313544774440253],[-0.7606067006858336,0.15565340542544395],[-0.4831347585038296,-0.18952515946486073],[0.7547386713329305,0.135147967093831],[-0.6666930204420379,0.7028050941335482],[0.17937141484656977,-0.271602513097528],[-0.49129543805491427,0.2068534462991978],[-0.22641259786258952,-0.14536903827466494],[0.597971198149262,0.4437217941568921],[0.7203624009669544,0.6570065673404547],[1.0,0.10808984661667406],[-0.2139423082088417,0.12667768975860055],[0.3069084657950256,0.2997854459185556],[0.031107914157650133,-0.8779614091839557],[0.33877076395881817,-0.4909647049802492]],"node_coordinates":[[186.56318882974526,475.04432013131344],[460.50899342600337,530.9650595684665],[397.49494244400427,381.82134415130736],[168.7125528333224,612.9100292823111],[385.18686595873214,221.27173433624148],[596.7233643260421,415.1108411011511],[421.88668538846343,449.6194707819436],[225.60427393193663,673.8400694015622],[523.6694018223088,479.3222775177766],[403.230620014993,324.81018572624123],[357.55535779847537,630.4208034835456],[319.36570420147353,149.86114009139578],[597.7860665968113,557.3758342542706],[144.2045454545455,542.437709862473],[244.13739019316301,404.8699568613115],[689.9634160505623,534.2654553759281],[178.0280057757314,760.5],[482.74215159413404,372.1587799227435],[241.19828249049942,562.8430168339771],[336.59710204213775,422.46797421013684],[633.5028621129937,657.2447256487637],[677.5826381522245,742.247416953044],[778.2954545454545,523.481689484613],[341.08833639907374,530.8897039857031],[528.6752294059914,599.8802134327944],[429.34434395190726,130.5],[540.1505882130065,284.73398910380706]]},"label":"0","name":"1782","value":-2.089892122406316,"input_type":"classification","classes":{"0":"low","1":"high"},"image_width":900,"image_height":900,"image_path":"./1782.png"}