{"graph":{"node_indices":[0,1,2,3,4,5,6,7,8,9,10,11,12,13,14,15,16,17,18,19,20,21],"node_attributes":[[0.0,0.0,1.0],[1.0,0.0,0.0],[0.800000011920929,0.800000011920929,0.800000011920929],[1.0,0.0,0.0],[0.0,1.0,1.0],[0.0,1.0,0.0],[0.800000011920929,0.800000011920929,0.800000011920929],[1.0,0.0,0.0],[0.0,1.0,0.0],[1.0,0.0,1.0],[0.800000011920929,0.800000011920929,0.800000011920929],[1.0,0.0,0.0],[0.0,0.0,1.0],[0.0,0.0,1.0],[1.0,0.0,0.0],[1.0,0.0,1.0],[0.800000011920929,0.800000011920929,0.800000011920929],[1.0,0.0,0.0],[0.800000011920929,0.800000011920929,0.800000011920929],[0.0,1.0,1.0],[0.0,1.0,0.0],[0.800000011920929,0.800000011920929,0.800000011920929]],"node_adjacency":[[0,0,0,0,0,1,0,0,0,0,0,0,0,1,0,0,0,0,0,0,0,0],[0,0,0,0,0,0,0,1,0,0,0,0,0,1,0,0,0,0,0,1,0,0],[0,0,0,0,0,0,0,0,0,0,0,0,0,0,0,0,0,0,1,0,0,0],[0,0,0,0,0,0,0,0,0,0,1,0,0,0,0,0,0,0,0,0,0,0],[0,0,0,0,0,0,0,0,0,0,0,1,0,0,0,0,0,0,1,1,1,0],[1,0,0,0,0,0,0,0,0,0,0,0,0,1,0,0,0,0,0,0,0,0],[0,0,0,0,0,0,0,0,0,0,0,0,0,0,1,0,1,0,0,0,0,1],[0,1,0,0,0,0,0,0,0,0,0,0,0,0,0,0,0,0,0,0,0,0],[0,0,0,0,0,0,0,0,0,0,0,1,0,0,0,0,0,1,0,0,0,0],[0,0,0,0,0,0,0,0,0,0,0,0,0,1,0,1,1,0,0,0,0,0],[0,0,0,1,0,0,0,0,0,0,0,0,0,1,0,0,0,0,0,0,0,0],[0,0,0,0,1,0,0,0,1,0,0,0,0,0,1,0,0,1,0,0,0,0],[0,0,0,0,0,0,0,0,0,0,0,0,0,0,1,0,0,0,0,0,0,0],[1,1,0,0,0,1,0,0,0,1,1,0,0,0,0,0,0,0,0,0,0,0],[0,0,0,0,0,0,1,0,0,0,0,1,1,0,0,0,0,0,0,0,0,0],[0,0,0,0,0,0,0,0,0,1,0,0,0,0,0,0,0,0,0,0,0,0],[0,0,0,0,0,0,1,0,0,1,0,0,0,0,0,0,0,0,0,0,0,0],[0,0,0,0,0,0,0,0,1,0,0,1,0,0,0,0,0,0,0,0,0,0],[0,0,1,0,1,0,0,0,0,0,0,0,0,0,0,0,0,0,0,0,0,0],[0,1,0,0,1,0,0,0,0,0,0,0,0,0,0,0,0,0,0,0,0,0],[0,0,0,0,1,0,0,0,0,0,0,0,0,0,0,0,0,0,0,0,0,0],[0,0,0,0,0,0,1,0,0,0,0,0,0,0,0,0,0,0,0,0,0,0]],"edge_indices":[[0,13],[0,5],[13,0],[13,5],[5,13],[5,0],[11,17],[11,8],[17,11],[17,8],[8,17],[8,11],[1,13],[13,1],[19,1],[1,19],[10,13],[13,10],[14,11],[11,14],[9,13],[13,9],[4,19],[19,4],[6,14],[14,6],[7,1],[1,7],[12,14],[14,12],[15,9],[9,15],[16,9],[9,16],[20,4],[4,20],[21,6],[6,21],[3,10],[10,3],[18,4],[4,18],[2,18],[18,2],[4,11],[11,4],[6,16],[16,6]],"edge_attributes":[[1.0],[1.0],[1.0],[1.0],[1.0],[1.0],[1.0],[1.0],[1.0],[1.0],[1.0],[1.0],[1.0],[1.0],[1.0],[1.0],[1.0],[1.0],[1.0],[1.0],[1.0],[1.0],[1.0],[1.0],[1.0],[1.0],[1.0],[1.0],[1.0],[1.0],[1.0],[1.0],[1.0],[1.0],[1.0],[1.0],[1.0],[1.0],[1.0],[1.0],[1.0],[1.0],[1.0],[1.0],[1.0],[1.0],[1.0],[1.0]],"seed_graph_indices":[0,-1,-1,-1,-1,0,-1,-1,1,-1,-1,1,-1,0,-1,-1,-1,1,-1,-1,-1,-1],"graph_labels":1,"node_importances":[1,0,0,0,0,1,0,0,1,0,0,1,0,1,0,0,0,1,0,0,0,0],"edge_importances":[1,1,1,1,1,1,1,1,1,1,1,1,0,0,0,0,0,0,0,0,0,0,0,0,0,0,0,0,0,0,0,0,0,0,0,0,0,0,0,0,0,0,0,0,0,0,0,0],"multi_node_importances":[[1,0],[0,0],[0,0],[0,0],[0,0],[1,0],[0,0],[0,0],[0,1],[0,0],[0,0],[0,1],[0,0],[1,0],[0,0],[0,0],[0,0],[0,1],[0,0],[0,0],[0,0],[0,0]],"multi_edge_importances":[[1,0],[1,0],[1,0],[1,0],[1,0],[1,0],[0,1],[0,1],[0,1],[0,1],[0,1],[0,1],[0,0],[0,0],[0,0],[0,0],[0,0],[0,0],[0,0],[0,0],[0,0],[0,0],[0,0],[0,0],[0,0],[0,0],[0,0],[0,0],[0,0],[0,0],[0,0],[0,0],[0,0],[0,0],[0,0],[0,0],[0,0],[0,0],[0,0],[0,0],[0,0],[0,0],[0,0],[0,0],[0,0],[0,0],[0,0],[0,0]],"original_value":0.12606592219267432,"class":1,"node_positions":[[-0.734924509239637,-0.1709662418869804],[-0.274832746369465,0.24684948049512542],[0.7199631045311967,0.7460878447764966],[-1.0,0.3811692171376986],[0.352426391422483,0.26017851508817896],[-0.7865448000406402,0.00789448216029873],[0.15710229437675122,-0.5050511109591949],[-0.35717076354793187,0.5468824033056949],[0.800976060439112,-0.13104535010443774],[-0.4045797898725362,-0.2994180870378841],[-0.7334964264599009,0.24875236570476564],[0.5198694903272931,-0.023921580346598963],[0.6376915530427768,-0.5525625432880196],[-0.5050193734779164,0.017991717692203753],[0.4216775636833272,-0.3316363767337213],[-0.5863527921876202,-0.5588499204324477],[-0.14518344267423783,-0.45697197827978586],[0.8068876547774907,0.06459671232178571],[0.5690626463827313,0.49404052480447985],[0.03365181451587405,0.27914675276623013],[0.32168764227373914,0.5455564075345546],[0.1871084280971096,-0.8087232347184424]],"node_coordinates":[[237.22746166604395,388.91525750790026],[398.687419296621,558.2116489294431],[747.7910305751783,760.5],[144.2045454545455,612.6371898847527],[618.811407562541,563.6124927389376],[219.11235803190243,461.3885358603991],[550.2663411686146,253.5460989707327],[369.79254693010057,679.7831657931251],[776.2208993187985,405.09096023775965],[353.15530192939514,336.86735052272707],[237.7286186171503,558.9826864515469],[677.5721979884543,448.49686069568605],[718.9194830068067,234.29475534325954],[317.90804861585656,465.4798743316727],[643.1137147139491,323.8126953456037],[289.3657198923485,231.74714833606194],[444.1852368425789,273.0274713300466],[778.2954545454547,484.36393491231524],[694.8355474622128,658.3719577725471],[506.9438762684202,571.2983073660458],[608.02426131108,679.2458803654386],[560.7963907589908,130.50000000000006]]},"label":"1","name":"1785","value":0.12606592219267432,"input_type":"classification","classes":{"0":"low","1":"high"},"image_width":900,"image_height":900,"image_path":"./1785.png"}