{"graph":{"node_indices":[0,1,2,3,4,5,6,7,8,9,10,11,12,13],"node_attributes":[[0.0,1.0,0.0],[0.0,0.0,1.0],[0.800000011920929,0.800000011920929,0.800000011920929],[1.0,1.0,0.0],[1.0,0.0,1.0],[0.0,1.0,0.0],[0.0,0.0,1.0],[0.0,0.0,1.0],[0.800000011920929,0.800000011920929,0.800000011920929],[0.800000011920929,0.800000011920929,0.800000011920929],[0.0,0.0,1.0],[1.0,0.0,1.0],[0.800000011920929,0.800000011920929,0.800000011920929],[0.0,0.0,1.0]],"node_adjacency":[[0,0,1,0,0,0,0,1,0,1,1,0,1,0],[0,0,0,1,0,1,0,0,0,0,0,0,0,0],[1,0,0,0,0,0,0,0,0,0,0,0,0,0],[0,1,0,0,0,0,1,0,0,0,0,0,0,1],[0,0,0,0,0,0,0,0,0,1,1,0,0,0],[0,1,0,0,0,0,0,0,0,0,0,0,0,0],[0,0,0,0,0,0,0,0,1,0,0,1,0,0],[1,0,0,0,0,0,0,0,0,0,1,0,0,0],[0,0,0,0,0,0,1,0,0,1,0,0,0,0],[1,0,0,0,1,0,0,0,1,0,0,0,0,0],[1,0,0,0,1,0,0,1,0,0,0,0,0,0],[0,0,0,0,0,0,1,0,0,0,0,0,0,0],[1,0,0,0,0,0,0,0,0,0,0,0,0,0],[0,0,0,1,0,0,0,0,0,0,0,0,0,0]],"edge_indices":[[3,1],[3,13],[3,6],[1,3],[13,3],[13,3],[7,10],[7,0],[10,7],[10,0],[0,10],[0,7],[12,0],[0,12],[11,6],[6,11],[5,1],[1,5],[4,10],[10,4],[9,0],[0,9],[8,6],[6,8],[2,0],[0,2],[8,9],[9,8],[9,4],[4,9]],"edge_attributes":[[1.0],[1.0],[1.0],[1.0],[1.0],[1.0],[1.0],[1.0],[1.0],[1.0],[1.0],[1.0],[1.0],[1.0],[1.0],[1.0],[1.0],[1.0],[1.0],[1.0],[1.0],[1.0],[1.0],[1.0],[1.0],[1.0],[1.0],[1.0],[1.0],[1.0]],"seed_graph_indices":[1,0,-1,0,-1,-1,0,1,-1,-1,1,-1,-1,0],"graph_labels":0,"node_importances":[1,1,0,1,0,0,1,1,0,0,1,0,0,1],"edge_importances":[1,1,1,1,1,1,1,1,1,1,1,1,0,0,0,0,0,0,0,0,0,0,0,0,0,0,0,0,0,0],"multi_node_importances":[[1,0],[1,0],[0,0],[1,0],[0,0],[0,0],[1,0],[1,0],[0,0],[0,0],[1,0],[0,0],[0,0],[1,0]],"multi_edge_importances":[[1,0],[1,0],[1,0],[1,0],[1,0],[1,0],[1,0],[1,0],[1,0],[1,0],[1,0],[1,0],[0,0],[0,0],[0,0],[0,0],[0,0],[0,0],[0,0],[0,0],[0,0],[0,0],[0,0],[0,0],[0,0],[0,0],[0,0],[0,0],[0,0],[0,0]],"original_value":-2.808920959175963,"class":0,"node_positions":[[-0.431584414372005,-0.27954643043345556],[0.7511136754727631,0.07341733602817388],[-0.2804315629951837,-0.5219298167350367],[0.521297569650488,0.23135342694096186],[-0.47678717029972145,0.13301456580290852],[1.0,-0.01294022302433183],[0.2326888091569202,0.23854105874129472],[-0.7129083724915999,-0.272231789864611],[0.008949803115707066,0.06706508909918076],[-0.24747747089045907,-0.04763782418770329],[-0.6383751377155226,-0.07555724575899193],[0.16590212648384337,0.5224578787692361],[-0.5476534069540796,-0.5400627437590737],[0.6552655518388496,0.4840567183814483]],"node_coordinates":[[248.3461138057046,284.9678511788287],[686.1617722573526,494.25054005661735],[304.3004488305232,141.2515504009325],[601.0875757592597,587.8955340128691],[231.61278640773793,529.5875057229778],[778.2954545454545,443.0465812349814],[494.2492916735975,592.157294150225],[144.20454545454544,289.3049185831362],[411.4247389899046,490.4841043937095],[316.49951946181164,422.4733440954438],[171.79554060386758,405.91909073134667],[469.5259445223797,760.5],[205.37925451212928,130.49999999999994],[650.6803508189831,737.7308127189675]]},"label":"0","name":"1804","value":-2.808920959175963,"input_type":"classification","classes":{"0":"low","1":"high"},"image_width":900,"image_height":900,"image_path":"./1804.png"}