{"graph":{"node_indices":[0,1,2,3,4,5,6,7,8,9,10,11,12,13,14,15,16,17,18,19,20,21,22,23,24,25,26],"node_attributes":[[0.0,1.0,1.0],[0.0,0.0,1.0],[0.800000011920929,0.800000011920929,0.800000011920929],[0.0,1.0,1.0],[0.800000011920929,0.800000011920929,0.800000011920929],[0.800000011920929,0.800000011920929,0.800000011920929],[0.0,1.0,0.0],[1.0,0.0,0.0],[0.0,0.0,1.0],[0.0,1.0,0.0],[1.0,1.0,0.0],[0.0,1.0,1.0],[0.0,1.0,0.0],[0.0,1.0,0.0],[1.0,0.0,0.0],[0.0,1.0,0.0],[0.800000011920929,0.800000011920929,0.800000011920929],[0.800000011920929,0.800000011920929,0.800000011920929],[1.0,0.0,1.0],[0.800000011920929,0.800000011920929,0.800000011920929],[1.0,0.0,0.0],[0.0,1.0,0.0],[1.0,1.0,0.0],[0.800000011920929,0.800000011920929,0.800000011920929],[0.0,1.0,0.0],[1.0,0.0,1.0],[0.0,0.0,1.0]],"node_adjacency":[[0,0,1,0,0,0,0,1,0,0,0,0,0,0,0,0,0,0,0,0,0,0,0,0,0,0,0],[0,0,0,0,0,0,0,0,0,0,1,0,0,0,0,0,0,0,1,0,0,0,0,0,0,0,0],[1,0,0,0,0,0,0,0,0,0,0,0,0,0,0,1,0,0,0,0,0,0,0,1,0,0,0],[0,0,0,0,1,0,0,0,1,0,0,0,0,0,0,0,0,0,0,0,0,0,0,0,0,0,0],[0,0,0,1,0,0,0,1,0,0,0,0,0,0,0,0,0,0,0,0,0,0,0,0,0,0,0],[0,0,0,0,0,0,0,0,0,0,0,0,0,0,0,0,0,0,0,1,0,0,0,0,0,0,0],[0,0,0,0,0,0,0,0,0,0,0,0,1,0,0,0,0,0,0,0,0,0,0,0,0,0,0],[1,0,0,0,1,0,0,0,0,1,0,0,0,0,0,0,0,0,0,0,1,0,0,0,0,1,0],[0,0,0,1,0,0,0,0,0,0,0,0,0,0,0,0,0,0,0,0,0,0,0,0,0,0,0],[0,0,0,0,0,0,0,1,0,0,0,0,0,0,0,0,0,1,0,1,1,0,0,0,0,0,0],[0,1,0,0,0,0,0,0,1,0,0,0,0,0,0,0,0,0,0,0,0,1,0,0,0,0,1],[0,0,0,0,0,0,0,0,0,0,0,0,0,0,0,0,0,0,0,0,0,0,0,1,0,0,1],[0,0,0,0,0,0,1,0,0,0,0,0,0,0,0,0,0,1,0,1,0,0,0,0,0,0,0],[0,0,0,0,0,0,0,0,0,0,0,0,0,0,0,0,0,0,1,0,0,0,0,0,0,0,0],[0,0,0,0,0,0,0,0,0,0,0,0,0,0,0,0,0,0,0,0,0,0,0,0,0,0,1],[0,0,1,0,0,0,0,0,0,0,0,0,0,0,0,0,0,0,0,0,0,0,0,0,0,0,0],[0,0,0,0,0,0,0,0,0,0,0,0,0,0,0,0,0,0,0,0,1,0,0,0,0,0,0],[0,0,0,0,0,0,0,0,0,1,0,0,1,0,0,0,0,0,0,0,0,0,0,0,0,0,0],[0,1,0,0,0,0,0,0,0,0,0,0,0,1,0,0,0,0,0,0,0,0,0,0,0,0,0],[0,0,0,0,0,1,0,0,0,1,0,0,1,0,0,0,0,0,0,0,0,0,1,0,1,0,0],[0,0,0,0,0,0,0,1,0,1,0,0,0,0,0,0,1,0,0,0,0,0,0,0,0,0,0],[0,0,0,0,0,0,0,0,0,0,1,0,0,0,0,0,0,0,0,0,0,0,0,0,0,0,0],[0,0,0,0,0,0,0,0,0,0,0,0,0,0,0,0,0,0,0,1,0,0,0,0,0,0,0],[0,0,1,0,0,0,0,0,0,0,0,1,0,0,0,0,0,0,0,0,0,0,0,0,0,0,0],[0,0,0,0,0,0,0,0,0,0,0,0,0,0,0,0,0,0,0,1,0,0,0,0,0,0,1],[0,0,0,0,0,0,0,1,0,0,0,0,0,0,0,0,0,0,0,0,0,0,0,0,0,0,0],[0,0,0,0,0,0,0,0,0,0,1,1,0,0,1,0,0,0,0,0,0,0,0,0,1,0,0]],"edge_indices":[[10,26],[10,1],[10,8],[26,10],[1,10],[1,10],[7,20],[7,9],[20,7],[20,9],[9,20],[9,7],[14,26],[26,14],[3,8],[8,3],[11,26],[26,11],[23,11],[11,23],[16,20],[20,16],[19,9],[9,19],[4,3],[3,4],[21,10],[10,21],[17,9],[9,17],[24,26],[26,24],[18,1],[1,18],[2,23],[23,2],[22,19],[19,22],[25,7],[7,25],[12,19],[19,12],[6,12],[12,6],[5,19],[19,5],[13,18],[18,13],[0,7],[7,0],[15,2],[2,15],[4,7],[7,4],[24,19],[19,24],[2,0],[0,2],[17,12],[12,17]],"edge_attributes":[[1.0],[1.0],[1.0],[1.0],[1.0],[1.0],[1.0],[1.0],[1.0],[1.0],[1.0],[1.0],[1.0],[1.0],[1.0],[1.0],[1.0],[1.0],[1.0],[1.0],[1.0],[1.0],[1.0],[1.0],[1.0],[1.0],[1.0],[1.0],[1.0],[1.0],[1.0],[1.0],[1.0],[1.0],[1.0],[1.0],[1.0],[1.0],[1.0],[1.0],[1.0],[1.0],[1.0],[1.0],[1.0],[1.0],[1.0],[1.0],[1.0],[1.0],[1.0],[1.0],[1.0],[1.0],[1.0],[1.0],[1.0],[1.0],[1.0],[1.0]],"seed_graph_indices":[-1,0,-1,-1,-1,-1,-1,1,0,1,0,-1,-1,-1,-1,-1,-1,-1,-1,-1,1,-1,-1,-1,-1,-1,0],"graph_labels":0,"node_importances":[0,1,0,0,0,0,0,1,1,1,1,0,0,0,0,0,0,0,0,0,1,0,0,0,0,0,1],"edge_importances":[1,1,1,1,1,1,1,1,1,1,1,1,0,0,0,0,0,0,0,0,0,0,0,0,0,0,0,0,0,0,0,0,0,0,0,0,0,0,0,0,0,0,0,0,0,0,0,0,0,0,0,0,0,0,0,0,0,0,0,0],"multi_node_importances":[[0,0],[1,0],[0,0],[0,0],[0,0],[0,0],[0,0],[0,1],[1,0],[0,1],[1,0],[0,0],[0,0],[0,0],[0,0],[0,0],[0,0],[0,0],[0,0],[0,0],[0,1],[0,0],[0,0],[0,0],[0,0],[0,0],[1,0]],"multi_edge_importances":[[1,0],[1,0],[1,0],[1,0],[1,0],[1,0],[0,1],[0,1],[0,1],[0,1],[0,1],[0,1],[0,0],[0,0],[0,0],[0,0],[0,0],[0,0],[0,0],[0,0],[0,0],[0,0],[0,0],[0,0],[0,0],[0,0],[0,0],[0,0],[0,0],[0,0],[0,0],[0,0],[0,0],[0,0],[0,0],[0,0],[0,0],[0,0],[0,0],[0,0],[0,0],[0,0],[0,0],[0,0],[0,0],[0,0],[0,0],[0,0],[0,0],[0,0],[0,0],[0,0],[0,0],[0,0],[0,0],[0,0],[0,0],[0,0],[0,0],[0,0]],"original_value":-1.0708191755438738,"class":0,"node_positions":[[0.5454331117887077,-0.022411342126665082],[-0.4127175083334469,0.6251911019205528],[0.5353107302280479,0.2376083229318901],[0.14118943172955953,0.2754192718012323],[0.2542605273151643,0.018291782212838018],[-0.3033622128358635,-0.5271606660162],[-0.2185619317046259,-0.8575660924664307],[0.3621776515707661,-0.2056862259837155],[-0.0804866668836615,0.4524218607745169],[0.15536623627609092,-0.37425356219943257],[-0.3261665614682071,0.38870436774964556],[0.00461143994156417,0.27545858549193275],[-0.10783895315970476,-0.6298911146421102],[-0.6795899686736168,1.0],[-0.5021387956409767,0.09640793325599767],[0.750937532903507,0.35824084249194627],[0.5506132935184651,-0.6175224876159549],[0.13037927242160263,-0.6299404484429963],[-0.5380687983830681,0.8234053711891004],[-0.12038570840528282,-0.3636662125178571],[0.3770424246544666,-0.4310724511729849],[-0.5785621787045855,0.3862779041261206],[-0.37252902419113154,-0.39737657031980744],[0.2956545984799763,0.36733294727690263],[-0.22523602555013067,-0.11661189118631018],[0.6121832942232923,-0.2793467600603904],[-0.24951521111690905,0.14774553352817932]],"node_coordinates":[[687.2042416444638,413.7456378526196],[262.497553314837,633.382258807532],[682.7174281306463,501.932211483162],[508.02051934596557,514.7559262808718],[558.1400407901436,427.5502440186586],[310.97002144950795,242.55814937505758],[348.5583147849312,130.5],[605.9750298765257,351.58732364877204],[409.7611019363624,574.7869698628026],[514.3044830397804,294.4171253734065],[300.8618409779218,553.1769605239858],[447.48140850805225,514.7692596557873],[397.6370176028771,207.71676047546285],[144.20454545454544,760.5],[222.86096800039934,454.04360829612904],[778.2954545454545,542.8451499950437],[689.5003919377344,211.911623343643],[503.2288437329886,207.70002874533262],[206.9347533157785,700.6073175258354],[392.0755841938454,298.0078618357287],[612.5639402383903,275.14680158869044],[188.98579091419788,552.3540169479696],[280.31136844016083,286.5748767584494],[576.4882404486137,545.9287689509199],[345.5999779272417,381.79719405389704],[716.7917076772851,326.6050973600222],[334.8380660932836,471.4549339564347]]},"label":"0","name":"1844","value":-1.0708191755438738,"input_type":"classification","classes":{"0":"low","1":"high"},"image_width":900,"image_height":900,"image_path":"./1844.png"}