{"graph":{"node_indices":[0,1,2,3,4,5,6,7,8,9,10,11,12,13,14,15,16,17,18],"node_attributes":[[1.0,0.0,1.0],[0.800000011920929,0.800000011920929,0.800000011920929],[0.0,1.0,1.0],[1.0,0.0,0.0],[1.0,0.0,0.0],[0.800000011920929,0.800000011920929,0.800000011920929],[1.0,0.0,1.0],[0.0,0.0,1.0],[0.0,1.0,0.0],[1.0,0.0,0.0],[0.800000011920929,0.800000011920929,0.800000011920929],[0.0,1.0,0.0],[0.800000011920929,0.800000011920929,0.800000011920929],[0.0,1.0,1.0],[0.0,1.0,1.0],[0.0,0.0,1.0],[0.800000011920929,0.800000011920929,0.800000011920929],[1.0,0.0,0.0],[0.800000011920929,0.800000011920929,0.800000011920929]],"node_adjacency":[[0,0,0,0,0,1,0,0,0,0,0,0,0,0,0,0,0,0,0],[0,0,0,1,0,0,0,0,0,0,0,0,0,0,0,0,1,0,0],[0,0,0,0,0,0,0,0,0,0,0,1,0,0,0,0,0,0,0],[0,1,0,0,0,0,1,0,0,0,0,0,0,0,0,0,0,0,0],[0,0,0,0,0,0,0,0,1,0,1,1,0,0,0,0,0,1,0],[1,0,0,0,0,0,1,0,0,0,0,0,0,0,0,0,0,0,0],[0,0,0,1,0,1,0,0,0,0,0,0,0,1,0,0,0,1,0],[0,0,0,0,0,0,0,0,1,0,0,0,0,0,0,0,0,0,0],[0,0,0,0,1,0,0,1,0,0,0,0,1,0,0,1,0,1,0],[0,0,0,0,0,0,0,0,0,0,0,0,0,0,0,0,0,1,1],[0,0,0,0,1,0,0,0,0,0,0,0,0,0,0,0,0,0,0],[0,0,1,0,1,0,0,0,0,0,0,0,0,0,0,0,0,0,0],[0,0,0,0,0,0,0,0,1,0,0,0,0,0,0,0,0,0,0],[0,0,0,0,0,0,1,0,0,0,0,0,0,0,0,0,0,0,0],[0,0,0,0,0,0,0,0,0,0,0,0,0,0,0,1,1,0,0],[0,0,0,0,0,0,0,0,1,0,0,0,0,0,1,0,0,0,0],[0,1,0,0,0,0,0,0,0,0,0,0,0,0,1,0,0,0,0],[0,0,0,0,1,0,1,0,1,1,0,0,0,0,0,0,0,0,0],[0,0,0,0,0,0,0,0,0,1,0,0,0,0,0,0,0,0,0]],"edge_indices":[[17,4],[17,8],[4,17],[4,8],[8,4],[8,17],[7,8],[8,7],[6,17],[17,6],[11,4],[4,11],[13,6],[6,13],[3,6],[6,3],[2,11],[11,2],[5,6],[6,5],[10,4],[4,10],[9,17],[17,9],[1,3],[3,1],[15,8],[8,15],[12,8],[8,12],[14,15],[15,14],[0,5],[5,0],[16,1],[1,16],[18,9],[9,18],[16,14],[14,16]],"edge_attributes":[[1.0],[1.0],[1.0],[1.0],[1.0],[1.0],[1.0],[1.0],[1.0],[1.0],[1.0],[1.0],[1.0],[1.0],[1.0],[1.0],[1.0],[1.0],[1.0],[1.0],[1.0],[1.0],[1.0],[1.0],[1.0],[1.0],[1.0],[1.0],[1.0],[1.0],[1.0],[1.0],[1.0],[1.0],[1.0],[1.0],[1.0],[1.0],[1.0],[1.0]],"seed_graph_indices":[-1,-1,-1,-1,0,-1,-1,-1,0,-1,-1,-1,-1,-1,-1,-1,-1,0,-1],"graph_labels":1,"node_importances":[0,0,0,0,1,0,0,0,1,0,0,0,0,0,0,0,0,1,0],"edge_importances":[1,1,1,1,1,1,0,0,0,0,0,0,0,0,0,0,0,0,0,0,0,0,0,0,0,0,0,0,0,0,0,0,0,0,0,0,0,0,0,0],"multi_node_importances":[[0,0],[0,0],[0,0],[0,0],[0,1],[0,0],[0,0],[0,0],[0,1],[0,0],[0,0],[0,0],[0,0],[0,0],[0,0],[0,0],[0,0],[0,1],[0,0]],"multi_edge_importances":[[0,1],[0,1],[0,1],[0,1],[0,1],[0,1],[0,0],[0,0],[0,0],[0,0],[0,0],[0,0],[0,0],[0,0],[0,0],[0,0],[0,0],[0,0],[0,0],[0,0],[0,0],[0,0],[0,0],[0,0],[0,0],[0,0],[0,0],[0,0],[0,0],[0,0],[0,0],[0,0],[0,0],[0,0],[0,0],[0,0],[0,0],[0,0],[0,0],[0,0]],"original_value":0.9709401318832374,"class":1,"node_positions":[[-0.9999999999999999,0.005189947900223601],[-0.18230470113152147,0.7991587446606336],[0.6555304207123606,-0.8131411248736423],[-0.29341311864541264,0.4813475406479025],[0.2011287258108707,-0.3149045803743089],[-0.6714761720908085,0.010911486621063683],[-0.3304487781549932,0.12286470164511758],[0.601225325647959,-0.13607394969844738],[0.2830816755840565,-0.0158770391716685],[-0.2644993134218285,-0.40031962356481665],[0.1244603280602781,-0.6319513249975142],[0.45600681773818824,-0.5593117310987983],[0.6032682496591123,0.09059423588531242],[-0.585892970180782,0.3027537520619743],[0.396925294446364,0.6564845710229531],[0.3654236018068733,0.32240349822737485],[0.1439289651102549,0.8801916681477369],[-0.05487187295057207,-0.11661074838132675],[-0.44807247800039973,-0.6837100246597695]],"node_coordinates":[[144.2045454545455,434.9579175294023],[457.39308547289977,730.3519145159964],[778.2954545454545,130.5],[414.8370341991815,612.1110941922075],[604.2533589078794,315.8675924355745],[270.03368763806924,437.08660092169504],[400.6518674916399,478.73849932927726],[757.4958566239388,382.40105696782985],[635.6424652475869,427.12000054699354],[425.9114190670905,284.0891508724101],[574.888308637587,197.91118721163252],[701.8751718299319,224.93655655709776],[758.2783246035236,466.73235764675417],[302.8132304499063,545.6657461349139],[679.2461362375394,677.2703644732791],[667.180554914617,552.9763823755987],[582.3450642558068,760.5],[506.20161043767484,389.6422896896668],[355.60037352179967,178.65449949991634]]},"label":"1","name":"1853","value":0.9709401318832374,"input_type":"classification","classes":{"0":"low","1":"high"},"image_width":900,"image_height":900,"image_path":"./1853.png"}