{"graph": {"node_indices": [0, 1, 2, 3, 4, 5, 6, 7, 8, 9, 10, 11, 12], "node_attributes": [[0.0, 1.0, 0.0], [0.0, 1.0, 1.0], [1.0, 0.0, 0.0], [1.0, 1.0, 0.0], [0.0, 1.0, 1.0], [1.0, 0.0, 0.0], [1.0, 0.0, 0.0], [0.0, 1.0, 1.0], [0.0, 1.0, 0.0], [0.0, 1.0, 0.0], [0.0, 1.0, 1.0], [1.0, 1.0, 0.0], [1.0, 1.0, 0.0]], "node_adjacency": [[0, 0, 0, 0, 0, 0, 0, 0, 0, 1, 0, 0, 0], [0, 0, 0, 0, 1, 0, 0, 0, 0, 0, 0, 0, 0], [0, 0, 0, 1, 1, 0, 0, 0, 0, 0, 0, 1, 0], [0, 0, 1, 0, 0, 1, 1, 0, 0, 1, 0, 1, 0], [0, 1, 1, 0, 0, 1, 0, 0, 0, 0, 0, 0, 0], [0, 0, 0, 0, 1, 0, 0, 0, 1, 1, 0, 0, 1], [0, 0, 0, 1, 0, 0, 0, 0, 0, 0, 1, 0, 0], [0, 0, 0, 0, 0, 0, 0, 0, 0, 0, 0, 1, 0], [0, 0, 0, 0, 0, 1, 0, 0, 0, 0, 0, 0, 0], [1, 0, 0, 1, 0, 1, 0, 0, 0, 0, 0, 0, 0], [0, 0, 0, 0, 0, 0, 1, 0, 0, 0, 0, 0, 0], [0, 0, 1, 1, 0, 0, 0, 1, 0, 0, 0, 0, 0], [0, 0, 0, 0, 0, 1, 0, 0, 0, 0, 0, 0, 0]], "edge_indices": [[3, 6], [3, 2], [3, 5], [6, 3], [2, 3], [2, 3], [11, 2], [2, 11], [9, 3], [3, 9], [4, 5], [5, 4], [1, 4], [4, 1], [8, 5], [5, 8], [0, 9], [9, 0], [12, 5], [5, 12], [7, 11], [11, 7], [10, 6], [6, 10], [11, 3], [3, 11], [5, 9], [9, 5], [4, 2], [2, 4]], "edge_attributes": [[1.0], [1.0], [1.0], [1.0], [1.0], [1.0], [1.0], [1.0], [1.0], [1.0], [1.0], [1.0], [1.0], [1.0], [1.0], [1.0], [1.0], [1.0], [1.0], [1.0], [1.0], [1.0], [1.0], [1.0], [1.0], [1.0], [1.0], [1.0], [1.0], [1.0]], "seed_graph_indices": [-1, -1, 0, 0, -1, 0, 0, -1, -1, -1, -1, -1, -1], "graph_labels": 1, "node_importances": [0, 0, 1, 1, 0, 1, 1, 0, 0, 0, 0, 0, 0], "edge_importances": [1, 1, 1, 1, 1, 1, 0, 0, 0, 0, 0, 0, 0, 0, 0, 0, 0, 0, 0, 0, 0, 0, 0, 0, 0, 0, 0, 0, 0, 0], "multi_node_importances": [[0, 0], [0, 0], [0, 1], [0, 1], [0, 0], [0, 1], [0, 1], [0, 0], [0, 0], [0, 0], [0, 0], [0, 0], [0, 0]], "multi_edge_importances": [[0, 1], [0, 1], [0, 1], [0, 1], [0, 1], [0, 1], [0, 0], [0, 0], [0, 0], [0, 0], [0, 0], [0, 0], [0, 0], [0, 0], [0, 0], [0, 0], [0, 0], [0, 0], [0, 0], [0, 0], [0, 0], [0, 0], [0, 0], [0, 0], [0, 0], [0, 0], [0, 0], [0, 0], [0, 0], [0, 0]], "original_value": 2.29, "class": 1, "node_positions": [[-0.709128670292417, 0.03356952747013961], [-0.7244383824743675, -0.6518453689440457], [-0.2753093342291672, 0.2182036909283646], [0.16624532068990985, 0.15456404786737254], [-0.3673190977188239, -0.3461528327585915], [0.10466691749480658, -0.3441639936454335], [0.5996696771448966, 0.3265793539542189], [-0.19652754954346952, 0.985808099679478], [0.12039913278766086, -0.8125390831280633], [-0.171887507809031, -0.07178936102129449], [1.0, 0.5059611761070376], [-0.058640267826082136, 0.5600495759982921], [0.5122697617760843, -0.558244832507475]], "node_coordinates": [[149.83405904809217, 426.9101869610539], [144.20454545454544, 186.7944913550464], [309.35318132073127, 491.5915366418682], [471.7166472447577, 469.29719019324045], [275.52039542977866, 293.8852131233395], [449.0737357559038, 294.5819465757385], [631.090532098988, 529.5578806042704], [338.32192498757024, 760.5000000000001], [454.85860739785016, 130.5], [347.3822814620123, 390.00068451115516], [778.2954545454545, 592.3992212734543], [389.0242711571076, 611.3475602022545], [598.9528272358207, 219.5847882002748]]}, "label": "1", "name": "1859", "value": 2.29, "input_type": "classification", "classes": {"0": "low", "1": "high"}, "image_width": 900, "image_height": 900, "image_path": "./1859.png"}