{"graph": {"node_indices": [0, 1, 2, 3, 4, 5, 6, 7, 8, 9, 10, 11, 12, 13, 14], "node_attributes": [[1.0, 0.0, 1.0], [0.0, 1.0, 1.0], [1.0, 0.0, 1.0], [1.0, 0.0, 0.0], [1.0, 0.0, 0.0], [1.0, 1.0, 0.0], [1.0, 1.0, 0.0], [1.0, 1.0, 0.0], [1.0, 0.0, 0.0], [1.0, 0.0, 0.0], [0.0, 1.0, 0.0], [0.0, 1.0, 0.0], [0.0, 0.0, 1.0], [1.0, 0.0, 1.0], [1.0, 0.0, 0.0]], "node_adjacency": [[0, 0, 0, 0, 0, 1, 0, 0, 0, 0, 0, 1, 0, 1, 0], [0, 0, 0, 0, 0, 0, 0, 0, 0, 0, 0, 0, 0, 0, 1], [0, 0, 0, 0, 0, 0, 0, 1, 0, 0, 0, 0, 0, 0, 0], [0, 0, 0, 0, 0, 1, 0, 0, 0, 0, 0, 1, 0, 0, 0], [0, 0, 0, 0, 0, 1, 0, 0, 0, 0, 0, 0, 1, 1, 0], [1, 0, 0, 1, 1, 0, 0, 0, 0, 1, 0, 0, 0, 0, 0], [0, 0, 0, 0, 0, 0, 0, 0, 0, 1, 0, 0, 0, 0, 0], [0, 0, 1, 0, 0, 0, 0, 0, 0, 1, 1, 0, 0, 0, 0], [0, 0, 0, 0, 0, 0, 0, 0, 0, 0, 0, 0, 1, 0, 0], [0, 0, 0, 0, 0, 0, 1, 1, 0, 0, 0, 0, 0, 0, 0], [0, 0, 0, 0, 0, 0, 0, 1, 0, 0, 0, 0, 0, 0, 1], [1, 0, 0, 1, 0, 0, 0, 0, 0, 0, 0, 0, 0, 0, 0], [0, 0, 0, 0, 1, 0, 0, 0, 1, 0, 0, 0, 0, 0, 0], [1, 0, 0, 0, 1, 0, 0, 0, 0, 0, 0, 0, 0, 0, 0], [0, 1, 0, 0, 0, 0, 0, 0, 0, 0, 1, 0, 0, 0, 0]], "edge_indices": [[5, 3], [5, 4], [5, 9], [3, 5], [4, 5], [4, 5], [7, 9], [9, 7], [2, 7], [7, 2], [12, 4], [4, 12], [13, 4], [4, 13], [11, 3], [3, 11], [10, 7], [7, 10], [14, 10], [10, 14], [0, 5], [5, 0], [8, 12], [12, 8], [1, 14], [14, 1], [6, 9], [9, 6], [11, 0], [0, 11], [13, 0], [0, 13]], "edge_attributes": [[1.0], [1.0], [1.0], [1.0], [1.0], [1.0], [1.0], [1.0], [1.0], [1.0], [1.0], [1.0], [1.0], [1.0], [1.0], [1.0], [1.0], [1.0], [1.0], [1.0], [1.0], [1.0], [1.0], [1.0], [1.0], [1.0], [1.0], [1.0], [1.0], [1.0], [1.0], [1.0]], "seed_graph_indices": [-1, -1, -1, 0, 0, 0, -1, -1, -1, 0, -1, -1, -1, -1, -1], "graph_labels": 1, "node_importances": [0, 0, 0, 1, 1, 1, 0, 0, 0, 1, 0, 0, 0, 0, 0], "edge_importances": [1, 1, 1, 1, 1, 1, 0, 0, 0, 0, 0, 0, 0, 0, 0, 0, 0, 0, 0, 0, 0, 0, 0, 0, 0, 0, 0, 0, 0, 0, 0, 0], "multi_node_importances": [[0, 0], [0, 0], [0, 0], [0, 1], [0, 1], [0, 1], [0, 0], [0, 0], [0, 0], [0, 1], [0, 0], [0, 0], [0, 0], [0, 0], [0, 0]], "multi_edge_importances": [[0, 1], [0, 1], [0, 1], [0, 1], [0, 1], [0, 1], [0, 0], [0, 0], [0, 0], [0, 0], [0, 0], [0, 0], [0, 0], [0, 0], [0, 0], [0, 0], [0, 0], [0, 0], [0, 0], [0, 0], [0, 0], [0, 0], [0, 0], [0, 0], [0, 0], [0, 0], [0, 0], [0, 0], [0, 0], [0, 0], [0, 0], [0, 0]], "original_value": 2.42, "class": 1, "node_positions": [[0.20000246608328437, 0.38437550952924215], [-1.0, -0.3060959886922286], [-0.2616134900268439, -0.5074777244743722], [-0.041482073592872974, 0.3464762363224715], [0.4093794852627968, 0.12099596315061935], [0.12703330040626745, 0.12632966643351776], [0.11243484791300491, -0.3336723100968249], [-0.26644669634808793, -0.23663654420362915], [0.89096824820453, -0.025102401172084104], [-0.027613058304911127, -0.10542722414048206], [-0.5252858443037446, -0.213589631339583], [0.046009985759895865, 0.5865488593894846], [0.6513239655010604, 0.025279422821485882], [0.45337551047317065, 0.3874143972848406], [-0.76808664702755, -0.24941823081245804]], "node_coordinates": [[546.5966296963436, 644.077590992247], [144.20454545454544, 246.46655457372185], [391.8047755556595, 130.49999999999994], [465.6205734140425, 622.2531285226615], [616.806198027457, 492.4093256448841], [522.1281677622644, 495.4807620412086], [517.2329263844346, 230.58660911249015], [390.1840755819971, 286.4650799050434], [778.2954545454546, 408.2779426594437], [470.27121549673717, 362.02254154170623], [303.38856709508445, 299.7367456200293], [494.95893988630297, 760.5], [697.936484360649, 437.29053667141784], [631.559211277955, 645.8275478162077], [221.9711335272163, 279.1046896893663]]}, "label": "1", "name": "1887", "value": 2.42, "input_type": "classification", "classes": {"0": "low", "1": "high"}, "image_width": 900, "image_height": 900, "image_path": "./1887.png"}