{"graph": {"node_indices": [0, 1, 2, 3, 4, 5, 6, 7, 8, 9, 10, 11, 12], "node_attributes": [[0.0, 1.0, 0.0], [0.0, 1.0, 0.0], [1.0, 0.0, 0.0], [0.0, 1.0, 1.0], [1.0, 0.0, 1.0], [1.0, 0.0, 1.0], [1.0, 0.0, 0.0], [0.0, 1.0, 1.0], [1.0, 0.0, 1.0], [1.0, 0.0, 0.0], [0.0, 0.0, 1.0], [1.0, 0.0, 0.0], [1.0, 0.0, 1.0]], "node_adjacency": [[0, 0, 0, 0, 0, 0, 1, 0, 0, 0, 1, 0, 0], [0, 0, 0, 0, 1, 0, 1, 1, 0, 0, 0, 1, 0], [0, 0, 0, 1, 1, 1, 1, 0, 0, 0, 0, 0, 0], [0, 0, 1, 0, 0, 0, 0, 0, 0, 0, 0, 0, 0], [0, 1, 1, 0, 0, 0, 0, 0, 0, 0, 0, 0, 0], [0, 0, 1, 0, 0, 0, 0, 0, 0, 1, 0, 0, 1], [1, 1, 1, 0, 0, 0, 0, 0, 0, 0, 0, 1, 0], [0, 1, 0, 0, 0, 0, 0, 0, 1, 0, 0, 0, 0], [0, 0, 0, 0, 0, 0, 0, 1, 0, 0, 1, 0, 1], [0, 0, 0, 0, 0, 1, 0, 0, 0, 0, 0, 0, 0], [1, 0, 0, 0, 0, 0, 0, 0, 1, 0, 0, 0, 0], [0, 1, 0, 0, 0, 0, 1, 0, 0, 0, 0, 0, 0], [0, 0, 0, 0, 0, 1, 0, 0, 1, 0, 0, 0, 0]], "edge_indices": [[6, 11], [6, 1], [11, 6], [11, 1], [1, 11], [1, 6], [7, 1], [1, 7], [8, 7], [7, 8], [12, 8], [8, 12], [2, 6], [6, 2], [10, 8], [8, 10], [3, 2], [2, 3], [0, 10], [10, 0], [5, 2], [2, 5], [9, 5], [5, 9], [4, 1], [1, 4], [6, 0], [0, 6], [2, 4], [4, 2], [12, 5], [5, 12]], "edge_attributes": [[1.0], [1.0], [1.0], [1.0], [1.0], [1.0], [1.0], [1.0], [1.0], [1.0], [1.0], [1.0], [1.0], [1.0], [1.0], [1.0], [1.0], [1.0], [1.0], [1.0], [1.0], [1.0], [1.0], [1.0], [1.0], [1.0], [1.0], [1.0], [1.0], [1.0], [1.0], [1.0]], "seed_graph_indices": [-1, 0, -1, -1, -1, -1, 0, -1, -1, -1, -1, 0, -1], "graph_labels": 1, "node_importances": [0, 1, 0, 0, 0, 0, 1, 0, 0, 0, 0, 1, 0], "edge_importances": [1, 1, 1, 1, 1, 1, 0, 0, 0, 0, 0, 0, 0, 0, 0, 0, 0, 0, 0, 0, 0, 0, 0, 0, 0, 0, 0, 0, 0, 0, 0, 0], "multi_node_importances": [[0, 0], [0, 1], [0, 0], [0, 0], [0, 0], [0, 0], [0, 1], [0, 0], [0, 0], [0, 0], [0, 0], [0, 1], [0, 0]], "multi_edge_importances": [[0, 1], [0, 1], [0, 1], [0, 1], [0, 1], [0, 1], [0, 0], [0, 0], [0, 0], [0, 0], [0, 0], [0, 0], [0, 0], [0, 0], [0, 0], [0, 0], [0, 0], [0, 0], [0, 0], [0, 0], [0, 0], [0, 0], [0, 0], [0, 0], [0, 0], [0, 0], [0, 0], [0, 0], [0, 0], [0, 0], [0, 0], [0, 0]], "original_value": 1.28, "class": 1, "node_positions": [[-0.7286948303321926, -0.05673087802082969], [-0.2549964666134654, 0.5055004277234507], [0.35350312970116915, 0.21673369851504767], [0.7894749841034838, 0.49741732286850276], [0.20822241770466515, 0.6648360027499148], [0.5493086858494728, -0.27733931456424826], [-0.22469932901631534, 0.229809934336865], [-0.36180954640428886, -0.10524327838448067], [-0.2654524767604803, -0.6143081282721621], [0.9999999999999999, -0.4730278714069203], [-0.7370104961367657, -0.5778234725323633], [-0.5575764128054047, 0.6776552837452859], [0.2297303407101222, -0.6874797267580623]], "node_coordinates": [[147.2401564087943, 421.58606229206504], [320.162442574205, 681.051770733822], [542.2935483255764, 547.7879997503089], [701.443875920515, 677.321475913576], [489.2592235773254, 754.583993916392], [613.7718286118879, 319.77685371341454], [331.2223294111333, 553.8225886403173], [281.17062127088093, 399.1979380450493], [316.3455047984517, 164.26816702482785], [778.2954545454545, 229.46799058827455], [144.20454545454544, 181.10557353716842], [209.7064645704782, 760.5], [497.11063177636584, 130.5]]}, "label": "1", "name": "1889", "value": 1.28, "input_type": "classification", "classes": {"0": "low", "1": "high"}, "image_width": 900, "image_height": 900, "image_path": "./1889.png"}