{"graph":{"node_indices":[0,1,2,3,4,5,6,7,8,9,10,11,12,13,14,15,16,17,18],"node_attributes":[[0.0,1.0,1.0],[0.0,0.0,1.0],[1.0,1.0,0.0],[1.0,0.0,0.0],[1.0,1.0,0.0],[0.0,1.0,0.0],[0.0,1.0,1.0],[1.0,0.0,0.0],[0.800000011920929,0.800000011920929,0.800000011920929],[0.0,1.0,1.0],[0.0,0.0,1.0],[0.0,1.0,0.0],[1.0,1.0,0.0],[1.0,0.0,0.0],[1.0,0.0,0.0],[0.0,1.0,0.0],[0.0,0.0,1.0],[0.0,1.0,1.0],[0.0,1.0,0.0]],"node_adjacency":[[0,0,0,0,0,0,0,0,0,0,0,0,0,0,1,0,0,0,0],[0,0,0,0,0,1,0,0,0,0,0,0,0,0,0,0,1,0,0],[0,0,0,0,0,0,0,1,1,0,0,0,0,1,1,1,0,0,0],[0,0,0,0,0,1,0,0,0,0,0,1,0,0,0,0,0,0,0],[0,0,0,0,0,0,0,0,0,1,0,0,1,0,0,0,0,0,0],[0,1,0,1,0,0,0,0,0,1,0,0,0,0,0,0,1,0,0],[0,0,0,0,0,0,0,1,0,0,0,0,0,0,0,0,0,0,0],[0,0,0,0,0,0,1,0,0,0,0,0,0,0,0,0,0,0,1],[0,0,1,0,0,0,0,0,0,0,0,0,0,0,1,0,0,0,0],[0,0,0,0,1,1,0,0,0,0,0,0,0,0,0,0,0,0,0],[0,0,0,0,0,0,0,0,0,0,0,0,0,0,1,0,0,1,0],[0,0,0,1,0,0,0,0,0,0,0,0,0,0,0,0,0,0,0],[0,0,0,0,1,0,0,0,0,0,0,0,0,0,0,0,0,0,0],[0,0,1,0,0,0,0,0,0,0,0,0,0,0,0,0,0,0,0],[1,0,1,0,0,0,0,0,1,0,1,0,0,0,0,0,0,0,0],[0,0,1,0,0,0,0,0,0,0,0,0,0,0,0,0,0,0,0],[0,1,0,0,0,1,0,0,0,0,0,0,0,0,0,0,0,1,0],[0,0,0,0,0,0,0,0,0,0,1,0,0,0,0,0,1,0,0],[0,0,0,0,0,0,0,1,0,0,0,0,0,0,0,0,0,0,0]],"edge_indices":[[16,1],[16,5],[1,16],[1,5],[5,1],[5,16],[2,13],[2,14],[2,7],[13,2],[14,2],[14,2],[9,5],[5,9],[18,7],[7,18],[17,16],[16,17],[15,2],[2,15],[8,14],[14,8],[6,7],[7,6],[10,14],[14,10],[3,5],[5,3],[11,3],[3,11],[0,14],[14,0],[4,9],[9,4],[12,4],[4,12],[17,10],[10,17],[8,2],[2,8]],"edge_attributes":[[1.0],[1.0],[1.0],[1.0],[1.0],[1.0],[1.0],[1.0],[1.0],[1.0],[1.0],[1.0],[1.0],[1.0],[1.0],[1.0],[1.0],[1.0],[1.0],[1.0],[1.0],[1.0],[1.0],[1.0],[1.0],[1.0],[1.0],[1.0],[1.0],[1.0],[1.0],[1.0],[1.0],[1.0],[1.0],[1.0],[1.0],[1.0],[1.0],[1.0]],"seed_graph_indices":[-1,0,1,-1,-1,0,-1,1,-1,-1,-1,-1,-1,1,1,-1,0,-1,-1],"graph_labels":1,"node_importances":[0,1,1,0,0,1,0,1,0,0,0,0,0,1,1,0,1,0,0],"edge_importances":[1,1,1,1,1,1,1,1,1,1,1,1,0,0,0,0,0,0,0,0,0,0,0,0,0,0,0,0,0,0,0,0,0,0,0,0,0,0,0,0],"multi_node_importances":[[0,0],[1,0],[0,1],[0,0],[0,0],[1,0],[0,0],[0,1],[0,0],[0,0],[0,0],[0,0],[0,0],[0,1],[0,1],[0,0],[1,0],[0,0],[0,0]],"multi_edge_importances":[[1,0],[1,0],[1,0],[1,0],[1,0],[1,0],[0,1],[0,1],[0,1],[0,1],[0,1],[0,1],[0,0],[0,0],[0,0],[0,0],[0,0],[0,0],[0,0],[0,0],[0,0],[0,0],[0,0],[0,0],[0,0],[0,0],[0,0],[0,0],[0,0],[0,0],[0,0],[0,0],[0,0],[0,0],[0,0],[0,0],[0,0],[0,0],[0,0],[0,0]],"original_value":1.439074063424255,"class":1,"node_positions":[[-0.39659028564877363,-0.11669480235318151],[0.3251349147159885,0.26045760742012114],[-0.26659020387627413,-0.4420148191294528],[0.48832162850251737,0.4627041009294325],[0.13496842842587758,0.8127592627445683],[0.271697745729192,0.43272009718652965],[-0.24750308954405534,-0.8354720813491429],[-0.16448142459585746,-0.6448725794700207],[-0.11009524884106513,-0.36802894082688514],[0.18753917392405545,0.6233499330959553],[-0.0733339767145285,-0.06830795821232266],[0.6855045555082637,0.4815156109435933],[0.09847067974390376,1.0],[-0.4815478140286112,-0.40425515598143597],[-0.21287887506389816,-0.22564688153098125],[-0.42808964391214915,-0.558401878211069],[0.14857476438442124,0.2611818345218435],[0.03706096320064774,0.0952731560461706],[0.0038377080903456823,-0.7662665058237231]],"node_coordinates":[[190.36425328827843,377.2102008081802],[582.4969461808151,506.6624657440386],[260.996790597404,265.54867642345437],[671.1606723317852,576.0807326877728],[479.1743847278346,696.2322480305907],[553.4630965040191,565.7891447361086],[271.367332652549,130.5],[316.47523387049887,195.92060072936937],[346.0247044225524,290.9432895065129],[507.73748324393176,631.2201571951281],[365.9980912820505,393.81830513103887],[778.2954545454547,582.5375191621332],[459.34417723619634,760.4999999999999],[144.2045454545455,278.5091502029112],[290.1795986736479,339.8139306172651],[173.24980560935367,225.60045385636286],[486.5670726333251,506.9110465199171],[425.9786282631192,449.9652239700879],[407.9275411090693,154.25384132727697]]},"label":"1","name":"189","value":1.439074063424255,"input_type":"classification","classes":{"0":"low","1":"high"},"image_width":900,"image_height":900,"image_path":"./189.png"}