{"graph":{"node_indices":[0,1,2,3,4,5,6,7,8,9,10,11,12,13,14,15,16,17,18,19,20,21,22,23,24,25,26,27,28,29,30,31,32],"node_attributes":[[1.0,1.0,0.0],[1.0,1.0,0.0],[0.0,1.0,0.0],[0.0,1.0,1.0],[1.0,1.0,0.0],[0.0,1.0,1.0],[0.0,1.0,1.0],[1.0,0.0,1.0],[0.800000011920929,0.800000011920929,0.800000011920929],[0.0,1.0,1.0],[1.0,0.0,0.0],[1.0,1.0,0.0],[1.0,0.0,0.0],[0.800000011920929,0.800000011920929,0.800000011920929],[0.0,0.0,1.0],[1.0,0.0,0.0],[0.800000011920929,0.800000011920929,0.800000011920929],[1.0,0.0,1.0],[1.0,1.0,0.0],[0.0,1.0,0.0],[1.0,0.0,1.0],[1.0,1.0,0.0],[1.0,0.0,1.0],[0.0,1.0,1.0],[1.0,1.0,0.0],[1.0,0.0,0.0],[0.800000011920929,0.800000011920929,0.800000011920929],[1.0,0.0,0.0],[1.0,0.0,1.0],[0.800000011920929,0.800000011920929,0.800000011920929],[0.800000011920929,0.800000011920929,0.800000011920929],[1.0,1.0,0.0],[0.0,1.0,1.0]],"node_adjacency":[[0,0,0,0,0,0,0,0,0,0,0,0,0,0,0,0,0,0,0,0,0,0,1,0,1,0,1,0,0,0,0,0,0],[0,0,1,0,0,0,0,0,0,0,0,0,0,0,0,0,0,0,0,0,0,0,0,0,0,0,0,0,0,0,0,0,0],[0,1,0,0,0,0,0,0,0,0,0,0,0,0,0,0,0,0,0,0,0,0,0,0,0,1,0,0,0,0,0,0,0],[0,0,0,0,0,0,0,0,0,0,1,0,1,0,0,0,0,0,0,0,0,0,0,1,0,0,0,0,0,0,0,0,0],[0,0,0,0,0,0,0,0,0,0,0,0,0,0,0,0,0,0,0,0,0,0,1,0,0,0,0,0,0,0,0,0,0],[0,0,0,0,0,0,0,0,0,1,0,0,0,0,0,0,0,0,0,0,0,0,0,0,0,0,0,0,0,0,0,0,0],[0,0,0,0,0,0,0,0,0,0,0,0,0,0,0,0,0,0,0,1,0,0,0,0,0,0,0,1,0,0,1,0,0],[0,0,0,0,0,0,0,0,0,0,0,1,0,0,0,0,0,0,0,0,0,0,0,0,0,0,0,0,0,0,0,0,0],[0,0,0,0,0,0,0,0,0,0,0,0,0,0,1,1,0,0,0,0,0,0,0,0,0,0,0,0,0,0,1,0,0],[0,0,0,0,0,1,0,0,0,0,1,0,0,0,0,0,0,1,1,0,0,0,0,0,0,0,0,0,0,1,0,0,0],[0,0,0,1,0,0,0,0,0,1,0,0,0,0,0,0,0,0,0,0,1,0,0,0,0,0,0,0,0,0,0,0,0],[0,0,0,0,0,0,0,1,0,0,0,0,0,0,0,0,0,0,0,0,0,0,0,0,0,0,0,0,0,1,0,0,0],[0,0,0,1,0,0,0,0,0,0,0,0,0,0,0,0,0,0,0,1,0,1,0,0,0,0,0,0,0,1,0,0,0],[0,0,0,0,0,0,0,0,0,0,0,0,0,0,0,0,0,0,0,0,0,0,0,0,1,0,0,0,0,0,0,0,0],[0,0,0,0,0,0,0,0,1,0,0,0,0,0,0,0,0,0,0,0,0,0,0,0,0,0,0,0,0,0,0,0,0],[0,0,0,0,0,0,0,0,1,0,0,0,0,0,0,0,0,0,0,0,0,0,0,0,0,0,0,0,0,0,0,0,0],[0,0,0,0,0,0,0,0,0,0,0,0,0,0,0,0,0,0,0,0,0,0,0,1,0,0,0,0,0,0,0,0,0],[0,0,0,0,0,0,0,0,0,1,0,0,0,0,0,0,0,0,0,0,0,0,1,0,0,0,0,0,0,0,0,0,0],[0,0,0,0,0,0,0,0,0,1,0,0,0,0,0,0,0,0,0,0,0,0,0,0,0,0,0,0,0,0,0,0,0],[0,0,0,0,0,0,1,0,0,0,0,0,1,0,0,0,0,0,0,0,0,0,0,0,1,0,0,0,0,0,0,1,0],[0,0,0,0,0,0,0,0,0,0,1,0,0,0,0,0,0,0,0,0,0,0,0,0,0,0,0,0,0,0,0,0,0],[0,0,0,0,0,0,0,0,0,0,0,0,1,0,0,1,0,0,0,0,0,0,0,0,0,1,0,0,0,0,0,0,0],[1,0,0,0,1,0,0,0,0,0,0,0,0,0,0,0,0,1,0,0,0,0,0,0,0,0,0,0,0,0,0,0,0],[0,0,0,1,0,0,0,0,0,0,0,0,0,0,0,0,1,0,0,0,0,0,0,0,0,0,0,0,1,0,0,0,0],[1,0,0,0,0,0,0,0,0,0,0,0,0,1,0,0,0,0,0,1,0,0,0,0,0,0,0,0,0,0,0,0,0],[0,0,1,0,0,0,0,0,0,0,0,0,0,0,0,0,0,0,0,0,0,1,0,0,0,0,0,0,0,0,0,0,0],[1,0,0,0,0,0,0,0,0,0,0,0,0,0,0,0,0,0,0,0,0,0,0,0,0,0,0,0,0,0,0,0,1],[0,0,0,0,0,0,1,0,0,0,0,0,0,0,0,0,0,0,0,0,0,0,0,0,0,0,0,0,0,0,0,0,0],[0,0,0,0,0,0,0,0,0,0,0,0,0,0,0,0,0,0,0,0,0,0,0,1,0,0,0,0,0,0,0,0,0],[0,0,0,0,0,0,0,0,0,1,0,1,1,0,0,0,0,0,0,0,0,0,0,0,0,0,0,0,0,0,0,0,0],[0,0,0,0,0,0,1,0,1,0,0,0,0,0,0,0,0,0,0,0,0,0,0,0,0,0,0,0,0,0,0,0,0],[0,0,0,0,0,0,0,0,0,0,0,0,0,0,0,0,0,0,0,1,0,0,0,0,0,0,0,0,0,0,0,0,0],[0,0,0,0,0,0,0,0,0,0,0,0,0,0,0,0,0,0,0,0,0,0,0,0,0,0,1,0,0,0,0,0,0]],"edge_indices":[[21,12],[21,25],[21,15],[12,21],[25,21],[25,21],[19,12],[12,19],[2,25],[25,2],[29,12],[12,29],[9,29],[29,9],[3,12],[12,3],[23,3],[3,23],[5,9],[9,5],[16,23],[23,16],[31,19],[19,31],[17,9],[9,17],[6,19],[19,6],[27,6],[6,27],[18,9],[9,18],[24,19],[19,24],[13,24],[24,13],[22,17],[17,22],[11,29],[29,11],[0,22],[22,0],[30,6],[6,30],[26,0],[0,26],[1,2],[2,1],[7,11],[11,7],[4,22],[22,4],[10,9],[9,10],[20,10],[10,20],[32,26],[26,32],[8,30],[30,8],[28,23],[23,28],[14,8],[8,14],[3,10],[10,3],[24,0],[0,24],[15,8],[8,15]],"edge_attributes":[[1.0],[1.0],[1.0],[1.0],[1.0],[1.0],[1.0],[1.0],[1.0],[1.0],[1.0],[1.0],[1.0],[1.0],[1.0],[1.0],[1.0],[1.0],[1.0],[1.0],[1.0],[1.0],[1.0],[1.0],[1.0],[1.0],[1.0],[1.0],[1.0],[1.0],[1.0],[1.0],[1.0],[1.0],[1.0],[1.0],[1.0],[1.0],[1.0],[1.0],[1.0],[1.0],[1.0],[1.0],[1.0],[1.0],[1.0],[1.0],[1.0],[1.0],[1.0],[1.0],[1.0],[1.0],[1.0],[1.0],[1.0],[1.0],[1.0],[1.0],[1.0],[1.0],[1.0],[1.0],[1.0],[1.0],[1.0],[1.0],[1.0],[1.0]],"seed_graph_indices":[-1,-1,-1,-1,-1,-1,-1,-1,-1,-1,-1,-1,0,-1,-1,0,-1,-1,-1,-1,-1,0,-1,-1,-1,0,-1,-1,-1,-1,-1,-1,-1],"graph_labels":1,"node_importances":[0,0,0,0,0,0,0,0,0,0,0,0,1,0,0,1,0,0,0,0,0,1,0,0,0,1,0,0,0,0,0,0,0],"edge_importances":[1,1,1,1,1,1,0,0,0,0,0,0,0,0,0,0,0,0,0,0,0,0,0,0,0,0,0,0,0,0,0,0,0,0,0,0,0,0,0,0,0,0,0,0,0,0,0,0,0,0,0,0,0,0,0,0,0,0,0,0,0,0,0,0,0,0,0,0,0,0],"multi_node_importances":[[0,0],[0,0],[0,0],[0,0],[0,0],[0,0],[0,0],[0,0],[0,0],[0,0],[0,0],[0,0],[0,1],[0,0],[0,0],[0,1],[0,0],[0,0],[0,0],[0,0],[0,0],[0,1],[0,0],[0,0],[0,0],[0,1],[0,0],[0,0],[0,0],[0,0],[0,0],[0,0],[0,0]],"multi_edge_importances":[[0,1],[0,1],[0,1],[0,1],[0,1],[0,1],[0,0],[0,0],[0,0],[0,0],[0,0],[0,0],[0,0],[0,0],[0,0],[0,0],[0,0],[0,0],[0,0],[0,0],[0,0],[0,0],[0,0],[0,0],[0,0],[0,0],[0,0],[0,0],[0,0],[0,0],[0,0],[0,0],[0,0],[0,0],[0,0],[0,0],[0,0],[0,0],[0,0],[0,0],[0,0],[0,0],[0,0],[0,0],[0,0],[0,0],[0,0],[0,0],[0,0],[0,0],[0,0],[0,0],[0,0],[0,0],[0,0],[0,0],[0,0],[0,0],[0,0],[0,0],[0,0],[0,0],[0,0],[0,0],[0,0],[0,0],[0,0],[0,0],[0,0],[0,0]],"original_value":2.192456146659095,"class":1,"node_positions":[[0.3628552259096623,0.4365153255750034],[-0.3279590493672058,-1.0],[-0.2554388278876718,-0.7892323370903063],[-0.30471803149648097,-0.09556061705768275],[0.1783066665947122,0.8265128311623138],[-0.4149706155290301,0.520740081882588],[0.400874368220915,-0.2250917166402047],[-0.23764786341889055,0.6276818861217391],[0.3337066514746723,-0.6234018797379921],[-0.2865683480419262,0.31381597741692213],[-0.41494262534487025,0.12147020820054816],[-0.12905121249326507,0.3560110798566101],[-0.052124616307502876,-0.09598663935641645],[0.6081919487866193,0.18795036636218634],[0.4541576545487569,-0.8181706747598179],[0.11845456272572327,-0.527228673257641],[-0.6712043004551836,-0.3930430087792602],[-0.0775586690250292,0.5065141845986709],[-0.5099102764698649,0.40788197469765813],[0.20740583868597384,-0.039705755074739016],[-0.6566992879566262,0.17046075238352676],[-0.04826995639813,-0.35319361151703094],[0.160917741520878,0.5869212772291869],[-0.5275580779548731,-0.21294858888849674],[0.36306138299802043,0.18661739617036505],[-0.17373444860465853,-0.5673425131807295],[0.5631188974495865,0.5735696022764117],[0.6518852337241822,-0.2394894002472414],[-0.7718970270306761,-0.19296927459069968],[-0.13528858843724595,0.13255836765647094],[0.46510335254821117,-0.44595294316731937],[0.38295090055123004,-0.041639620972194785],[0.7445513964799872,0.7057359427275707]],"node_coordinates":[[618.6922210684182,625.9822324113356],[329.8336980668896,130.5],[360.15745484786555,203.19788931546094],[339.551745790352,442.45883299164444],[541.5247012680909,760.5],[293.45050017266396,655.0329982031162],[634.5896245918354,397.7810232633333],[367.59660586593793,691.9193181463447],[606.5039753123259,260.39605751309455],[347.14089231389016,583.6608273706711],[293.4622040466925,517.3170095015115],[413.00543615786626,598.2147434907606],[445.1716836559344,442.31188956829527],[721.2778304637517,540.2473163284172],[656.8696091552108,193.21649065198108],[516.4980176269615,293.5680774676792],[186.30841232084077,339.85133766661477],[434.53663576410673,650.1262079873778],[253.7522321792235,616.1060296576718],[553.6922898250592,461.7242673477021],[192.37356852331322,534.2148063900426],[446.78347919627464,353.59617419164954],[534.2536598417989,677.8601869077391],[246.37294363001024,401.9694255307883],[618.7784240236563,539.7875488378636],[394.3214945428892,279.7320294967137],[702.4308906966642,673.254933072815],[739.5478318285773,392.8149805848041],[144.2045454545455,408.86068180496534],[410.39732676136964,521.1415325697595],[661.4464661636679,321.60166643749704],[627.0950684087632,461.0572391754325],[778.2954545454545,718.8416889190601]]},"label":"1","name":"1953","value":2.192456146659095,"input_type":"classification","classes":{"0":"low","1":"high"},"image_width":900,"image_height":900,