{"graph": {"node_indices": [0, 1, 2, 3, 4, 5, 6, 7, 8, 9, 10], "node_attributes": [[1.0, 0.0, 0.0], [0.0, 1.0, 1.0], [1.0, 0.0, 1.0], [1.0, 0.0, 0.0], [1.0, 0.0, 0.0], [1.0, 1.0, 0.0], [1.0, 0.0, 1.0], [1.0, 0.0, 0.0], [0.0, 1.0, 1.0], [1.0, 1.0, 0.0], [1.0, 1.0, 0.0]], "node_adjacency": [[0, 0, 0, 0, 0, 0, 0, 0, 0, 1, 0], [0, 0, 0, 0, 0, 0, 0, 0, 0, 1, 0], [0, 0, 0, 0, 0, 0, 0, 0, 1, 1, 0], [0, 0, 0, 0, 0, 0, 1, 0, 0, 0, 0], [0, 0, 0, 0, 0, 0, 0, 0, 0, 0, 0], [0, 0, 0, 0, 0, 0, 0, 0, 1, 0, 0], [0, 0, 0, 1, 0, 0, 0, 1, 1, 0, 1], [0, 0, 0, 0, 0, 0, 1, 0, 0, 1, 0], [0, 0, 1, 0, 0, 1, 1, 0, 0, 0, 0], [1, 1, 1, 0, 1, 0, 0, 1, 0, 0, 0], [0, 0, 0, 0, 0, 0, 1, 0, 0, 0, 0]], "edge_indices": [[9, 7], [9, 0], [9, 4], [7, 9], [0, 9], [0, 9], [6, 7], [7, 6], [2, 9], [9, 2], [1, 9], [9, 1], [8, 6], [6, 8], [3, 6], [6, 3], [5, 8], [8, 5], [10, 6], [6, 10], [2, 8], [8, 2]], "edge_attributes": [[1.0], [1.0], [1.0], [1.0], [1.0], [1.0], [1.0], [1.0], [1.0], [1.0], [1.0], [1.0], [1.0], [1.0], [1.0], [1.0], [1.0], [1.0], [1.0], [1.0], [1.0], [1.0]], "seed_graph_indices": [0, -1, -1, -1, 0, -1, -1, 0, -1, 0, -1], "graph_labels": 1, "node_importances": [1, 0, 0, 0, 1, 0, 0, 1, 0, 1, 0], "edge_importances": [1, 1, 1, 1, 1, 1, 0, 0, 0, 0, 0, 0, 0, 0, 0, 0, 0, 0, 0, 0, 0, 0], "multi_node_importances": [[0, 1], [0, 0], [0, 0], [0, 0], [0, 1], [0, 0], [0, 0], [0, 1], [0, 0], [0, 1], [0, 0]], "multi_edge_importances": [[0, 1], [0, 1], [0, 1], [0, 1], [0, 1], [0, 1], [0, 0], [0, 0], [0, 0], [0, 0], [0, 0], [0, 0], [0, 0], [0, 0], [0, 0], [0, 0], [0, 0], [0, 0], [0, 0], [0, 0], [0, 0], [0, 0]], "original_value": 2.41, "class": 1, "node_positions": [[-0.14100976704244664, 1.0], [0.3569717856740366, 0.8093438021629343], [-0.39542660885728037, 0.05803981263718837], [0.8080230858481243, -0.5142622501535615], [-0.5904865181481821, 0.7014686977627438], [-0.637932404440646, -0.7954679031681964], [0.28153140467756127, -0.4408462624527573], [0.2816379620072224, 0.09532101971955613], [-0.2543160826912988, -0.44941965037150744], [-0.08531191825635513, 0.48767507934278637], [0.37631906122926473, -0.9518523454791865]], "node_coordinates": [[362.11867145074, 760.4999999999999], [580.497160687249, 698.9618386141995], [250.54994917825277, 456.4632118622779], [778.2954545454545, 271.7410937198546], [165.01086029194346, 664.142956986432], [144.20454545454544, 180.97625599555084], [547.4144966014643, 295.437595332097], [547.4612248959995, 468.4964788849048], [312.43076253649417, 292.67036019706086], [386.54369684631945, 595.1367230279374], [588.9814685567789, 130.5]]}, "label": "1", "name": "1967", "value": 2.41, "input_type": "classification", "classes": {"0": "low", "1": "high"}, "image_width": 900, "image_height": 900, "image_path": "./1967.png"}