{"graph": {"node_indices": [0, 1, 2, 3, 4, 5, 6, 7, 8, 9, 10, 11, 12], "node_attributes": [[0.0, 1.0, 0.0], [1.0, 0.0, 1.0], [0.0, 1.0, 1.0], [0.0, 1.0, 1.0], [0.0, 1.0, 0.0], [1.0, 0.0, 1.0], [0.0, 1.0, 1.0], [1.0, 1.0, 0.0], [0.0, 1.0, 0.0], [0.0, 0.0, 1.0], [1.0, 1.0, 0.0], [0.0, 1.0, 0.0], [0.0, 1.0, 0.0]], "node_adjacency": [[0, 0, 1, 0, 0, 0, 0, 0, 0, 1, 0, 0, 0], [0, 0, 0, 1, 0, 0, 0, 0, 0, 0, 0, 0, 0], [1, 0, 0, 1, 0, 0, 0, 1, 1, 0, 1, 0, 0], [0, 1, 1, 0, 1, 0, 0, 0, 0, 0, 0, 0, 0], [0, 0, 0, 1, 0, 0, 0, 0, 0, 0, 0, 0, 1], [0, 0, 0, 0, 0, 0, 0, 0, 0, 0, 0, 0, 1], [0, 0, 0, 0, 0, 0, 0, 1, 0, 0, 0, 1, 0], [0, 0, 1, 0, 0, 0, 1, 0, 0, 0, 0, 0, 0], [0, 0, 1, 0, 0, 0, 0, 0, 0, 0, 0, 0, 0], [1, 0, 0, 0, 0, 0, 0, 0, 0, 0, 0, 0, 0], [0, 0, 1, 0, 0, 0, 0, 0, 0, 0, 0, 0, 0], [0, 0, 0, 0, 0, 0, 1, 0, 0, 0, 0, 0, 0], [0, 0, 0, 0, 1, 1, 0, 0, 0, 0, 0, 0, 0]], "edge_indices": [[3, 2], [2, 3], [4, 3], [3, 4], [7, 2], [2, 7], [6, 7], [7, 6], [0, 2], [2, 0], [10, 2], [2, 10], [8, 2], [2, 8], [12, 4], [4, 12], [1, 3], [3, 1], [11, 6], [6, 11], [9, 0], [0, 9], [5, 12], [12, 5]], "edge_attributes": [[1.0], [1.0], [1.0], [1.0], [1.0], [1.0], [1.0], [1.0], [1.0], [1.0], [1.0], [1.0], [1.0], [1.0], [1.0], [1.0], [1.0], [1.0], [1.0], [1.0], [1.0], [1.0], [1.0], [1.0]], "seed_graph_indices": [-1, -1, -1, -1, -1, -1, -1, -1, -1, -1, -1, -1, -1], "graph_labels": 0, "node_importances": [0, 0, 0, 0, 0, 0, 0, 0, 0, 0, 0, 0, 0], "edge_importances": [0, 0, 0, 0, 0, 0, 0, 0, 0, 0, 0, 0, 0, 0, 0, 0, 0, 0, 0, 0, 0, 0, 0, 0], "multi_node_importances": [[0, 0], [0, 0], [0, 0], [0, 0], [0, 0], [0, 0], [0, 0], [0, 0], [0, 0], [0, 0], [0, 0], [0, 0], [0, 0]], "multi_edge_importances": [[0, 0], [0, 0], [0, 0], [0, 0], [0, 0], [0, 0], [0, 0], [0, 0], [0, 0], [0, 0], [0, 0], [0, 0], [0, 0], [0, 0], [0, 0], [0, 0], [0, 0], [0, 0], [0, 0], [0, 0], [0, 0], [0, 0], [0, 0], [0, 0]], "original_value": -0.11, "class": 0, "node_positions": [[-0.2759856571337227, 0.48663587920042684], [0.6092411021681807, 0.041329074126897354], [-0.03775870198280796, 0.1977330839716343], [0.24821498802312808, -0.06466134166432397], [0.34625157838703974, -0.40683689484665975], [0.7162264141143607, -0.9587264289335609], [-0.6832925243188575, -0.1260704168966503], [-0.35937348920966333, 0.005513821215966751], [0.05814779206361102, 0.5452091098081292], [-0.40534896353946803, 0.8155868185104241], [0.264008856769104, 0.3922250881518406], [-0.9999999999999999, -0.23140981909623026], [0.5196686046590954, -0.6965279735478938]], "node_coordinates": [[411.7047476932132, 643.7003920030244], [738.7677948186144, 485.5866611832468], [499.7220077232975, 541.120556533535], [605.3801630696134, 447.9529671077155], [641.60155565324, 326.45773574684097], [778.2954545454547, 130.5], [261.2178541409604, 426.1486338243464], [380.89560397342086, 472.86984842969804], [535.156397671781, 664.4978105738494], [363.90913291463835, 760.5], [611.2154937164537, 610.1782400119414], [144.20454545454555, 388.74609316173405], [705.6736145240006, 223.5980068659974]]}, "label": "0", "name": "198", "value": -0.11, "input_type": "classification", "classes": {"0": "low", "1": "high"}, "image_width": 900, "image_height": 900, "image_path": "./198.png"}