{"graph":{"node_indices":[0,1,2,3,4,5,6,7,8,9,10,11,12,13,14,15],"node_attributes":[[1.0,0.0,0.0],[1.0,1.0,0.0],[1.0,0.0,0.0],[0.800000011920929,0.800000011920929,0.800000011920929],[0.0,1.0,0.0],[1.0,0.0,0.0],[0.800000011920929,0.800000011920929,0.800000011920929],[1.0,0.0,1.0],[0.0,1.0,0.0],[0.800000011920929,0.800000011920929,0.800000011920929],[0.0,0.0,1.0],[0.0,1.0,0.0],[0.0,0.0,1.0],[0.0,1.0,1.0],[1.0,0.0,0.0],[1.0,0.0,0.0]],"node_adjacency":[[0,0,0,0,0,0,1,0,0,0,0,0,0,0,0,0],[1,0,0,1,0,0,0,0,0,0,0,1,0,0,1,1],[0,0,0,0,1,1,0,0,0,0,0,0,0,0,0,0],[0,1,0,0,0,0,0,0,0,0,0,0,0,0,0,0],[0,0,1,0,0,1,0,0,0,0,0,1,0,0,0,0],[0,0,1,0,1,0,0,0,1,0,0,0,1,0,0,0],[1,0,0,0,0,0,0,0,0,1,0,0,0,0,0,0],[0,0,0,0,0,0,0,0,0,0,1,0,0,1,0,0],[0,0,0,0,0,1,0,0,0,0,0,0,0,0,0,0],[0,0,0,0,0,0,1,0,0,0,0,0,0,0,0,1],[0,0,0,0,0,0,0,1,0,0,0,0,0,0,1,0],[0,1,0,0,1,0,0,0,0,0,0,0,0,0,0,0],[0,0,0,0,0,1,0,0,0,0,0,0,0,0,0,0],[0,0,0,0,0,0,0,1,0,0,0,0,0,0,0,1],[0,1,0,0,0,0,0,0,0,0,1,0,0,0,0,0],[0,1,0,0,0,0,0,0,0,1,0,0,0,1,0,0]],"edge_indices":[[1,15],[1,14],[1,0],[15,1],[14,1],[14,1],[2,5],[2,4],[5,2],[5,4],[4,5],[4,2],[10,14],[14,10],[9,15],[15,9],[12,5],[5,12],[13,15],[15,13],[6,0],[0,6],[8,5],[5,8],[11,1],[1,11],[3,1],[1,3],[7,13],[13,7],[11,4],[4,11],[9,6],[6,9],[7,10],[10,7]],"edge_attributes":[[1.0],[1.0],[1.0],[1.0],[1.0],[1.0],[1.0],[1.0],[1.0],[1.0],[1.0],[1.0],[1.0],[1.0],[1.0],[1.0],[1.0],[1.0],[1.0],[1.0],[1.0],[1.0],[1.0],[1.0],[1.0],[1.0],[1.0],[1.0],[1.0],[1.0],[1.0],[1.0],[1.0],[1.0],[1.0],[1.0]],"seed_graph_indices":[0,0,1,-1,1,1,-1,-1,-1,-1,-1,-1,-1,-1,0,0],"graph_labels":1,"node_importances":[1,1,1,0,1,1,0,0,0,0,0,0,0,0,1,1],"edge_importances":[1,1,1,1,1,1,1,1,1,1,1,1,0,0,0,0,0,0,0,0,0,0,0,0,0,0,0,0,0,0,0,0,0,0,0,0],"multi_node_importances":[[0,1],[0,1],[0,1],[0,0],[0,1],[0,1],[0,0],[0,0],[0,0],[0,0],[0,0],[0,0],[0,0],[0,0],[0,1],[0,1]],"multi_edge_importances":[[0,1],[0,1],[0,1],[0,1],[0,1],[0,1],[0,1],[0,1],[0,1],[0,1],[0,1],[0,1],[0,0],[0,0],[0,0],[0,0],[0,0],[0,0],[0,0],[0,0],[0,0],[0,0],[0,0],[0,0],[0,0],[0,0],[0,0],[0,0],[0,0],[0,0],[0,0],[0,0],[0,0],[0,0],[0,0],[0,0]],"original_value":2.619851508258142,"class":1,"node_positions":[[0.3660314183204573,-0.23444717583495575],[0.059920746320590544,-0.1414207007192308],[-0.2668737907752305,0.6232379939044709],[0.3073279483647669,0.012890559605736722],[-0.05150723702467724,0.4596840915282797],[-0.03263127504257828,0.7523613711974948],[0.5456228888714432,-0.4615417328609209],[-0.43030458039707237,-0.7080879644582173],[-0.20276319489017516,1.0],[0.326504136554434,-0.6307764672401853],[-0.48484132247356115,-0.4143273532509533],[-0.01858330128618706,0.16545550630508746],[0.19879794795587058,0.9361092696246357],[-0.13746598965678666,-0.6849935325796193],[-0.2485098095674377,-0.2181643850766724],[0.06927541472614372,-0.45597948014495066]],"node_coordinates":[[667.7847569657584,305.1945725522405],[479.421112548186,339.5058495721544],[278.3297569905162,621.5375643531504],[631.6618754321929,396.42100618445755],[410.85446998100247,561.213412060629],[422.46969713922863,669.1625868269828],[778.2954545454545,221.43450052823454],[177.76345218940457,130.50000000000006],[317.77988595137947,760.5],[643.4618452595907,159.0150672921047],[144.20454545454538,238.8487436897185],[431.11404630924847,452.69206389375864],[564.8784919189607,736.934960626137],[357.96018893685846,139.01799929878422],[289.6299393844093,311.20021066407645],[485.1774601517373,223.48604546267399]]},"label":"1","name":"1981","value":2.619851508258142,"input_type":"classification","classes":{"0":"low","1":"high"},"image_width":900,"image_height":900,"image_path":"./1981.png"}