{"graph":{"node_indices":[0,1,2,3,4,5,6,7,8,9,10,11,12,13,14,15,16,17,18,19,20,21,22,23,24],"node_attributes":[[0.0,0.0,1.0],[1.0,1.0,0.0],[0.0,0.0,1.0],[1.0,1.0,0.0],[0.0,0.0,1.0],[0.0,0.0,1.0],[0.0,0.0,1.0],[0.800000011920929,0.800000011920929,0.800000011920929],[0.800000011920929,0.800000011920929,0.800000011920929],[0.0,1.0,0.0],[0.0,1.0,0.0],[0.0,1.0,0.0],[1.0,0.0,1.0],[0.800000011920929,0.800000011920929,0.800000011920929],[0.0,0.0,1.0],[0.0,1.0,1.0],[1.0,0.0,1.0],[0.0,0.0,1.0],[0.0,1.0,1.0],[0.0,1.0,0.0],[0.0,0.0,1.0],[1.0,0.0,0.0],[1.0,1.0,0.0],[1.0,0.0,0.0],[0.0,1.0,1.0]],"node_adjacency":[[0,0,0,1,1,0,0,0,0,0,1,1,0,0,0,0,0,0,0,1,0,0,0,0,0],[0,0,1,0,0,0,0,0,0,0,0,0,0,0,1,0,0,0,1,0,1,0,0,0,0],[0,0,0,0,0,0,0,0,0,0,0,0,0,0,0,0,0,0,0,0,0,0,0,0,0],[1,0,0,0,0,0,0,0,0,0,0,0,0,0,0,0,0,0,0,0,0,0,0,0,0],[1,0,0,0,0,1,0,0,0,0,0,0,0,0,0,0,0,1,0,1,0,0,0,0,0],[0,0,0,0,1,0,0,0,0,0,1,0,0,0,0,0,0,0,0,0,0,0,0,0,0],[0,0,0,0,0,0,0,1,0,1,0,0,0,0,0,0,0,0,0,0,0,0,0,0,0],[0,0,0,0,0,0,1,0,0,0,0,0,0,0,0,0,0,0,1,0,0,0,0,0,0],[0,0,0,0,0,0,0,0,0,0,0,0,0,0,0,0,1,0,0,0,0,0,0,0,0],[0,0,0,0,0,0,1,0,0,0,0,0,0,0,0,0,0,0,0,0,0,0,0,0,0],[1,0,0,0,0,1,0,0,0,0,0,0,0,0,0,0,0,0,0,0,0,0,0,0,0],[1,0,0,0,0,0,0,0,0,0,0,0,0,0,0,1,0,0,0,0,0,0,0,0,0],[0,0,0,0,0,0,0,0,0,0,0,0,0,0,0,0,0,0,0,0,1,0,0,0,0],[0,0,0,0,0,0,0,0,0,0,0,0,0,0,0,0,0,0,0,1,0,0,0,0,0],[0,1,0,0,0,0,0,0,0,0,0,0,0,0,0,0,0,0,0,0,0,0,0,1,0],[0,0,0,0,0,0,0,0,0,0,0,1,0,0,0,0,0,0,0,0,1,0,0,0,0],[0,0,0,0,0,0,0,0,1,0,0,0,0,0,0,0,0,0,0,0,0,1,0,0,0],[0,0,0,0,1,0,0,0,0,0,0,0,0,0,0,0,0,0,0,0,0,0,0,0,0],[0,1,0,0,0,0,0,1,0,0,0,0,0,0,0,0,0,0,0,0,0,0,0,0,1],[1,0,0,0,1,0,0,0,0,0,0,0,0,1,0,0,0,0,0,0,0,0,0,0,0],[0,1,0,0,0,0,0,0,0,0,0,0,1,0,0,1,0,0,0,0,0,0,0,0,0],[0,0,0,0,0,0,0,0,0,0,0,0,0,0,0,0,1,0,0,0,0,0,0,0,1],[0,0,0,0,0,0,0,0,0,0,0,0,0,0,0,0,0,0,0,0,0,0,0,0,1],[0,0,0,0,0,0,0,0,0,0,0,0,0,0,1,0,0,0,0,0,0,0,0,0,0],[0,0,0,0,0,0,0,0,0,0,0,0,0,0,0,0,0,0,1,0,0,1,1,0,0]],"edge_indices":[[4,0],[4,19],[0,4],[0,19],[19,0],[19,4],[1,14],[1,20],[1,2],[14,1],[20,1],[20,1],[18,1],[1,18],[17,4],[4,17],[7,18],[18,7],[23,14],[14,23],[11,0],[0,11],[12,20],[20,12],[6,7],[7,6],[15,20],[20,15],[3,0],[0,3],[24,18],[18,24],[21,24],[24,21],[13,19],[19,13],[5,4],[4,5],[16,21],[21,16],[9,6],[6,9],[10,5],[5,10],[8,16],[16,8],[22,24],[24,22],[11,15],[15,11],[0,10],[10,0]],"edge_attributes":[[1.0],[1.0],[1.0],[1.0],[1.0],[1.0],[1.0],[1.0],[1.0],[1.0],[1.0],[1.0],[1.0],[1.0],[1.0],[1.0],[1.0],[1.0],[1.0],[1.0],[1.0],[1.0],[1.0],[1.0],[1.0],[1.0],[1.0],[1.0],[1.0],[1.0],[1.0],[1.0],[1.0],[1.0],[1.0],[1.0],[1.0],[1.0],[1.0],[1.0],[1.0],[1.0],[1.0],[1.0],[1.0],[1.0],[1.0],[1.0],[1.0],[1.0],[1.0],[1.0]],"seed_graph_indices":[0,1,1,-1,0,-1,-1,-1,-1,-1,-1,-1,-1,-1,1,-1,-1,-1,-1,0,1,-1,-1,-1,-1],"graph_labels":0,"node_importances":[1,1,1,0,1,0,0,0,0,0,0,0,0,0,1,0,0,0,0,1,1,0,0,0,0],"edge_importances":[1,1,1,1,1,1,1,1,1,1,1,1,0,0,0,0,0,0,0,0,0,0,0,0,0,0,0,0,0,0,0,0,0,0,0,0,0,0,0,0,0,0,0,0,0,0,0,0,0,0,0,0],"multi_node_importances":[[1,0],[1,0],[1,0],[0,0],[1,0],[0,0],[0,0],[0,0],[0,0],[0,0],[0,0],[0,0],[0,0],[0,0],[1,0],[0,0],[0,0],[0,0],[0,0],[1,0],[1,0],[0,0],[0,0],[0,0],[0,0]],"multi_edge_importances":[[1,0],[1,0],[1,0],[1,0],[1,0],[1,0],[1,0],[1,0],[1,0],[1,0],[1,0],[1,0],[0,0],[0,0],[0,0],[0,0],[0,0],[0,0],[0,0],[0,0],[0,0],[0,0],[0,0],[0,0],[0,0],[0,0],[0,0],[0,0],[0,0],[0,0],[0,0],[0,0],[0,0],[0,0],[0,0],[0,0],[0,0],[0,0],[0,0],[0,0],[0,0],[0,0],[0,0],[0,0],[0,0],[0,0],[0,0],[0,0],[0,0],[0,0],[0,0],[0,0]],"original_value":-2.8205755921670086,"class":0,"node_positions":[[-0.1597960386274454,0.5214984978811038],[0.04188978945599128,-0.16170351171652683],[0.19367196415230936,-0.11685317867865377],[0.015106878479952004,0.5746367785655555],[-0.26801858592877714,0.6598602095686043],[-0.17373699467141515,0.8122265497875547],[0.517398637441951,-0.3592660409507025],[0.3415324539713262,-0.34276956240818207],[0.09422935543538304,-1.0],[0.6834533438053693,-0.3805217751442052],[-0.0745001859689135,0.6849115792383577],[-0.11781337209216386,0.3446260411274632],[0.20318250614699698,0.1125358794121956],[-0.5165926553467287,0.5320148593276713],[-0.13254102967773385,-0.20972012366035708],[-0.0581578721774037,0.18193436911268435],[0.12109888363215845,-0.8403594874682806],[-0.3986930791539435,0.7767481469315406],[0.149925048990274,-0.3285668497477843],[-0.3390287481708518,0.530529779143822],[0.036380985652462706,0.031203361990784634],[0.13112369333103993,-0.6731911318365624],[-0.07547855405512106,-0.5793144750456786],[-0.30025398402838915,-0.2669117159599164],[0.08561755940367248,-0.503548199470488]],"node_coordinates":[[332.7318945861152,659.4316911163587],[439.3004346008637,421.9242635284754],[519.500441271429,437.515972974059],[425.1486434354442,677.9046115330302],[275.5483087478044,707.5315704462051],[325.36564904405844,760.5],[690.5540014751557,353.24389162236827],[597.6282734330397,358.9787052321823],[466.95607696519426,130.50000000000006],[778.2954545454546,345.8545767800951],[377.801270920145,716.240394899635],[354.9150669046982,597.9439881755446],[524.525705489317,517.2604765595387],[144.20454545454544,663.0875848632604],[347.13313705049933,405.2318331432351],[386.43636708814944,541.3860741656621],[481.1536357030887,185.99721303154587],[206.50136532839835,748.1663357559191],[496.38505967387573,363.9161171562596],[238.02733174976922,662.571313585845],[436.38964416928775,488.9861496099111],[486.450633234782,244.11139531208278],[377.28431214552535,276.7465499980077],[258.51548425579955,385.34982492911513],[462.4057000808822,303.08583611980396]]},"label":"0","name":"1982","value":-2.8205755921670086,"input_type":"classification","classes":{"0":"low","1":"high"},"image_width":900,"image_height":900,"image_path":"./1982.png"}