{"graph": {"node_indices": [0, 1, 2, 3, 4, 5, 6, 7, 8, 9, 10, 11], "node_attributes": [[1.0, 0.0, 0.0], [0.0, 0.0, 1.0], [0.0, 1.0, 0.0], [1.0, 0.0, 0.0], [0.0, 0.0, 1.0], [0.0, 1.0, 0.0], [0.0, 1.0, 1.0], [0.0, 0.0, 1.0], [0.0, 0.0, 1.0], [1.0, 0.0, 0.0], [0.0, 0.0, 1.0], [0.0, 1.0, 0.0]], "node_adjacency": [[0, 0, 0, 0, 0, 0, 0, 1, 0, 0, 0, 0], [0, 0, 0, 1, 1, 1, 0, 1, 0, 0, 0, 0], [0, 0, 0, 1, 0, 0, 0, 0, 0, 0, 1, 0], [0, 1, 1, 0, 0, 0, 0, 0, 0, 1, 0, 1], [0, 1, 0, 0, 0, 0, 0, 1, 0, 0, 0, 0], [0, 1, 0, 0, 0, 0, 0, 0, 0, 0, 0, 0], [0, 0, 0, 0, 0, 0, 0, 0, 0, 0, 1, 0], [1, 1, 0, 0, 1, 0, 0, 0, 0, 0, 0, 0], [0, 0, 0, 0, 0, 0, 0, 0, 0, 1, 0, 0], [0, 0, 0, 1, 0, 0, 0, 0, 1, 0, 0, 1], [0, 0, 1, 0, 0, 0, 1, 0, 0, 0, 0, 0], [0, 0, 0, 1, 0, 0, 0, 0, 0, 1, 0, 0]], "edge_indices": [[3, 9], [3, 11], [9, 3], [9, 11], [11, 9], [11, 3], [8, 9], [9, 8], [2, 3], [3, 2], [1, 3], [3, 1], [7, 1], [1, 7], [10, 2], [2, 10], [6, 10], [10, 6], [0, 7], [7, 0], [4, 1], [1, 4], [5, 1], [1, 5], [4, 7], [7, 4]], "edge_attributes": [[1.0], [1.0], [1.0], [1.0], [1.0], [1.0], [1.0], [1.0], [1.0], [1.0], [1.0], [1.0], [1.0], [1.0], [1.0], [1.0], [1.0], [1.0], [1.0], [1.0], [1.0], [1.0], [1.0], [1.0], [1.0], [1.0]], "seed_graph_indices": [-1, -1, -1, 0, -1, -1, -1, -1, -1, 0, -1, 0], "graph_labels": 1, "node_importances": [0, 0, 0, 1, 0, 0, 0, 0, 0, 1, 0, 1], "edge_importances": [1, 1, 1, 1, 1, 1, 0, 0, 0, 0, 0, 0, 0, 0, 0, 0, 0, 0, 0, 0, 0, 0, 0, 0, 0, 0], "multi_node_importances": [[0, 0], [0, 0], [0, 0], [0, 1], [0, 0], [0, 0], [0, 0], [0, 0], [0, 0], [0, 1], [0, 0], [0, 1]], "multi_edge_importances": [[0, 1], [0, 1], [0, 1], [0, 1], [0, 1], [0, 1], [0, 0], [0, 0], [0, 0], [0, 0], [0, 0], [0, 0], [0, 0], [0, 0], [0, 0], [0, 0], [0, 0], [0, 0], [0, 0], [0, 0], [0, 0], [0, 0], [0, 0], [0, 0], [0, 0], [0, 0]], "original_value": 0.79, "class": 1, "node_positions": [[0.3788772078326598, 0.9639232897128387], [0.00962216072587698, 0.31085141627406226], [0.17427657729154758, -0.3890558163900812], [-0.10260279262197657, -0.08591301044704878], [0.3816804524969491, 0.37957801366654953], [-0.29073924305468596, 0.5768089591266815], [0.5740052825308296, -1.0], [0.21157524563081037, 0.6367476720993216], [-0.8757393161190115, -0.21298669569374007], [-0.5099381642352615, -0.12272557063504295], [0.38352590963129596, -0.697410925816059], [-0.3345433201090339, -0.35981733189748155]], "node_coordinates": [[692.9501196569845, 760.5], [531.4449354166679, 551.0033855336638], [603.4616677315828, 326.4826219742663], [482.3598601852803, 423.72672959520867], [694.176205934001, 573.0499474253953], [400.0725297140273, 636.3189642402281], [778.2954545454545, 130.49999999999994], [619.7754008795797, 655.5464917972156], [144.20454545454544, 382.9632119340269], [304.19906115095625, 411.91775872556366], [694.9833740331932, 227.56647797010262], [380.9134536483896, 335.86193191311384]]}, "label": "1", "name": "2003", "value": 0.79, "input_type": "classification", "classes": {"0": "low", "1": "high"}, "image_width": 900, "image_height": 900, "image_path": "./2003.png"}