{"graph":{"node_indices":[0,1,2,3,4,5,6,7,8,9,10,11],"node_attributes":[[0.0,0.0,1.0],[0.0,1.0,0.0],[1.0,0.0,0.0],[0.0,0.0,1.0],[0.0,0.0,1.0],[0.0,0.0,1.0],[0.800000011920929,0.800000011920929,0.800000011920929],[0.0,1.0,0.0],[1.0,0.0,0.0],[1.0,0.0,1.0],[0.800000011920929,0.800000011920929,0.800000011920929],[0.0,1.0,1.0]],"node_adjacency":[[0,0,1,0,1,0,1,1,0,0,0,0],[0,0,0,1,0,1,0,0,0,0,0,0],[1,0,0,0,0,0,0,1,0,0,0,0],[0,1,0,0,0,1,0,0,0,0,0,1],[1,0,0,0,0,0,1,1,1,1,0,0],[0,1,0,1,0,0,0,0,0,0,0,0],[1,0,0,0,1,0,0,0,0,0,0,0],[1,0,1,0,1,0,0,0,0,0,1,0],[0,0,0,0,1,0,0,0,0,0,0,1],[0,0,0,0,1,0,0,0,0,0,0,0],[0,0,0,0,0,0,0,1,0,0,0,0],[0,0,0,1,0,0,0,0,1,0,0,0]],"edge_indices":[[5,3],[5,1],[3,5],[3,1],[1,3],[1,5],[4,0],[4,7],[0,4],[0,7],[7,0],[7,4],[2,7],[7,2],[9,4],[4,9],[6,4],[4,6],[10,7],[7,10],[11,3],[3,11],[8,4],[4,8],[11,8],[8,11],[0,2],[2,0],[6,0],[0,6]],"edge_attributes":[[1.0],[1.0],[1.0],[1.0],[1.0],[1.0],[1.0],[1.0],[1.0],[1.0],[1.0],[1.0],[1.0],[1.0],[1.0],[1.0],[1.0],[1.0],[1.0],[1.0],[1.0],[1.0],[1.0],[1.0],[1.0],[1.0],[1.0],[1.0],[1.0],[1.0]],"seed_graph_indices":[1,0,-1,0,1,0,-1,1,-1,-1,-1,-1],"graph_labels":0,"node_importances":[1,1,0,1,1,1,0,1,0,0,0,0],"edge_importances":[1,1,1,1,1,1,1,1,1,1,1,1,0,0,0,0,0,0,0,0,0,0,0,0,0,0,0,0,0,0],"multi_node_importances":[[1,0],[1,0],[0,0],[1,0],[1,0],[1,0],[0,0],[1,0],[0,0],[0,0],[0,0],[0,0]],"multi_edge_importances":[[1,0],[1,0],[1,0],[1,0],[1,0],[1,0],[1,0],[1,0],[1,0],[1,0],[1,0],[1,0],[0,0],[0,0],[0,0],[0,0],[0,0],[0,0],[0,0],[0,0],[0,0],[0,0],[0,0],[0,0],[0,0],[0,0],[0,0],[0,0],[0,0],[0,0]],"original_value":-2.303192876060386,"class":0,"node_positions":[[0.5506086833650754,-0.16766100514683807],[-1.0,0.5948345311920867],[0.8319072259013246,-0.366545129207195],[-0.6529162996236353,0.5299847773688144],[0.19211924232671415,-0.17481444762191395],[-0.7870252030569169,0.8566093300478381],[0.4566509847841059,0.1255745829052564],[0.4603493293887561,-0.4654713457291522],[-0.10092661027831014,0.07341258446200992],[-0.07111585468926562,-0.47293693542044607],[0.4977180466777406,-0.8372350688828656],[-0.377369544795589,0.3042481260324052]],"node_coordinates":[[680.927615147912,379.53802286679513],[144.20454545454544,663.1367927400927],[778.2954545454545,305.5660581236801],[264.34306338304043,639.0169001841691],[556.8411481295485,376.8774073095793],[217.92300711989918,760.5000000000001],[648.4053773036983,488.6025984496774],[649.6855112861058,268.771936746193],[455.4071298253653,469.2017260673083],[465.7257359451942,265.9952227171568],[662.6202077501557,130.5],[359.71999612045033,555.0575409704684]]},"label":"0","name":"2048","value":-2.303192876060386,"input_type":"classification","classes":{"0":"low","1":"high"},"image_width":900,"image_height":900,"image_path":"./2048.png"}