{"graph":{"node_indices":[0,1,2,3,4,5,6,7,8,9,10,11,12,13,14,15,16,17,18,19,20,21,22,23],"node_attributes":[[0.0,1.0,0.0],[0.0,1.0,1.0],[0.0,1.0,1.0],[1.0,0.0,1.0],[0.800000011920929,0.800000011920929,0.800000011920929],[1.0,1.0,0.0],[0.800000011920929,0.800000011920929,0.800000011920929],[0.0,1.0,1.0],[1.0,0.0,0.0],[1.0,0.0,1.0],[0.0,1.0,0.0],[1.0,0.0,0.0],[0.800000011920929,0.800000011920929,0.800000011920929],[0.0,1.0,0.0],[0.0,1.0,1.0],[0.800000011920929,0.800000011920929,0.800000011920929],[0.0,0.0,1.0],[0.0,1.0,0.0],[0.0,1.0,1.0],[0.800000011920929,0.800000011920929,0.800000011920929],[0.0,0.0,1.0],[0.0,0.0,1.0],[0.0,1.0,1.0],[0.800000011920929,0.800000011920929,0.800000011920929]],"node_adjacency":[[0,1,0,0,0,0,0,0,0,0,0,0,0,0,0,1,0,0,0,0,0,1,0,0],[1,0,1,0,0,0,0,0,0,0,0,0,0,0,0,0,0,0,0,0,0,0,0,0],[0,1,0,0,0,0,0,0,1,0,0,0,0,0,1,0,0,0,0,0,0,0,1,1],[0,0,0,0,0,0,0,0,0,0,0,0,0,0,0,0,1,0,0,0,0,0,0,0],[0,0,0,0,0,0,0,0,0,0,0,0,0,0,0,1,0,0,0,0,0,0,0,0],[0,0,0,0,0,0,1,0,0,0,1,0,0,0,0,0,1,0,0,0,1,1,0,0],[0,0,0,0,0,1,0,0,0,0,0,0,0,0,0,0,0,0,0,0,0,0,0,0],[0,0,0,0,0,0,0,0,0,0,0,0,1,0,0,0,0,0,0,0,0,0,0,0],[0,0,1,0,0,0,0,0,0,0,0,1,1,0,0,0,0,1,0,0,0,0,0,0],[0,0,0,0,0,0,0,0,0,0,0,0,0,0,0,0,0,0,0,0,0,1,0,0],[0,0,0,0,0,1,0,0,0,0,0,0,0,0,0,0,0,0,0,0,0,0,0,0],[0,0,0,0,0,0,0,0,1,0,0,0,0,0,1,0,0,1,0,0,0,0,0,0],[0,0,0,0,0,0,0,1,1,0,0,0,0,0,0,0,0,0,0,0,0,0,0,0],[0,0,0,0,0,0,0,0,0,0,0,0,0,0,0,0,0,1,0,0,0,0,0,0],[0,0,1,0,0,0,0,0,0,0,0,1,0,0,0,0,0,0,0,0,0,0,0,0],[1,0,0,0,1,0,0,0,0,0,0,0,0,0,0,0,0,0,0,0,0,0,0,1],[0,0,0,1,0,0,0,0,0,0,0,0,0,0,0,0,0,0,0,0,0,0,0,0],[0,0,0,0,0,0,0,0,1,0,0,1,0,1,0,0,0,0,1,0,0,0,0,0],[0,0,0,0,0,0,0,0,0,0,0,0,0,0,0,0,0,1,0,0,0,0,0,0],[0,0,0,0,0,0,0,0,0,0,0,0,0,0,0,0,0,0,0,0,0,1,0,0],[0,0,0,0,0,1,0,0,0,0,0,0,0,0,0,0,0,0,0,0,0,0,0,0],[1,0,0,0,0,1,0,0,0,1,0,0,0,0,0,0,0,0,0,1,0,0,0,0],[0,0,1,0,0,0,0,0,0,0,0,0,0,0,0,0,0,0,0,0,0,0,0,0],[0,0,1,0,0,0,0,0,0,0,0,0,0,0,0,1,0,0,0,0,0,0,0,0]],"edge_indices":[[5,20],[5,21],[5,16],[20,5],[21,5],[21,5],[11,8],[11,17],[8,11],[8,17],[17,8],[17,11],[10,5],[5,10],[12,8],[8,12],[0,21],[21,0],[15,0],[0,15],[7,12],[12,7],[18,17],[17,18],[2,8],[8,2],[3,16],[16,3],[6,5],[5,6],[9,21],[21,9],[13,17],[17,13],[23,2],[2,23],[1,2],[2,1],[19,21],[21,19],[14,2],[2,14],[22,2],[2,22],[4,15],[15,4],[15,23],[23,15],[11,14],[14,11],[0,1],[1,0]],"edge_attributes":[[1.0],[1.0],[1.0],[1.0],[1.0],[1.0],[1.0],[1.0],[1.0],[1.0],[1.0],[1.0],[1.0],[1.0],[1.0],[1.0],[1.0],[1.0],[1.0],[1.0],[1.0],[1.0],[1.0],[1.0],[1.0],[1.0],[1.0],[1.0],[1.0],[1.0],[1.0],[1.0],[1.0],[1.0],[1.0],[1.0],[1.0],[1.0],[1.0],[1.0],[1.0],[1.0],[1.0],[1.0],[1.0],[1.0],[1.0],[1.0],[1.0],[1.0],[1.0],[1.0]],"seed_graph_indices":[-1,-1,-1,-1,-1,0,-1,-1,1,-1,-1,1,-1,-1,-1,-1,0,1,-1,-1,0,0,-1,-1],"graph_labels":0,"node_importances":[0,0,0,0,0,1,0,0,1,0,0,1,0,0,0,0,1,1,0,0,1,1,0,0],"edge_importances":[1,1,1,1,1,1,1,1,1,1,1,1,0,0,0,0,0,0,0,0,0,0,0,0,0,0,0,0,0,0,0,0,0,0,0,0,0,0,0,0,0,0,0,0,0,0,0,0,0,0,0,0],"multi_node_importances":[[0,0],[0,0],[0,0],[0,0],[0,0],[1,0],[0,0],[0,0],[0,1],[0,0],[0,0],[0,1],[0,0],[0,0],[0,0],[0,0],[1,0],[0,1],[0,0],[0,0],[1,0],[1,0],[0,0],[0,0]],"multi_edge_importances":[[1,0],[1,0],[1,0],[1,0],[1,0],[1,0],[0,1],[0,1],[0,1],[0,1],[0,1],[0,1],[0,0],[0,0],[0,0],[0,0],[0,0],[0,0],[0,0],[0,0],[0,0],[0,0],[0,0],[0,0],[0,0],[0,0],[0,0],[0,0],[0,0],[0,0],[0,0],[0,0],[0,0],[0,0],[0,0],[0,0],[0,0],[0,0],[0,0],[0,0],[0,0],[0,0],[0,0],[0,0],[0,0],[0,0],[0,0],[0,0],[0,0],[0,0],[0,0],[0,0]],"original_value":-1.2884864798454836,"class":0,"node_positions":[[-0.19716700732710676,-0.07117199765400448],[0.059835490236162074,-0.011393070105640687],[0.2919973793139669,-0.14233470786824223],[-0.8081783195961089,0.6913203388324141],[-0.19327296862000268,-0.5738126272357622],[-0.6156088689467563,0.22579044237778031],[-0.8530430840439439,0.27945573298066245],[0.6943261189684414,0.47512449914653765],[0.5296548710263977,0.003143676885328081],[-0.5583670011686833,-0.23999552659832796],[-0.4867912933226637,0.4340327401747081],[0.6663652820669148,-0.18665785876105406],[0.5841045723600061,0.25564806392041145],[1.0,0.0543291117606369],[0.47296049801473206,-0.2873142023310264],[-0.12853784209956085,-0.3200846628948273],[-0.7010137710569295,0.4748866468858918],[0.7929444835639436,-0.0612174503358222],[0.9794968360449056,-0.24943600654309273],[-0.6604081606970373,-0.1354884660183754],[-0.8565270437632069,0.103512060050801],[-0.45287693109888655,0.004352274628203118],[0.32793619955549574,-0.4290967861076794],[0.1121705605899211,-0.2935922251895198]],"node_coordinates":[[369.40686950714786,380.8006443825786],[457.1852554272361,410.5688390036645],[536.4794104982054,345.3636518786983],[160.71789847220884,760.5000000000001],[370.7368660467177,130.5],[226.48938207951102,528.6794383416498],[145.39448081963752,555.4032167796498],[673.8935123492552,652.8406608987516],[617.650571176122,417.8077228600961],[246.0401600223339,296.7313598982216],[270.48661546685616,632.3781412691291],[664.3435774051925,323.29199157784205],[636.2476935473487,543.5476791324315],[778.2954545454545,443.29660413687],[598.2867883300415,273.1680139803242],[392.84694268867014,256.8492627431661],[197.3196093030865,652.722217281973],[707.5763012262032,385.75772397710153],[771.2926640850619,292.0302711393968],[211.18832641862306,348.77288433180604],[144.2045454545455,467.7883044196477],[282.06995805588883,418.40956993738604],[548.7542002865692,202.56434608532615],[475.06013231062633,270.04173831845225]]},"label":"0","name":"206","value":-1.2884864798454836,"input_type":"classification","classes":{"0":"low","1":"high"},"image_width":900,"image_height":900,"image_path":"./206.png"}