{"graph":{"node_indices":[0,1,2,3,4,5,6,7,8,9,10,11,12,13,14,15,16,17,18,19,20,21,22,23],"node_attributes":[[0.0,0.0,1.0],[1.0,0.0,1.0],[1.0,0.0,0.0],[0.800000011920929,0.800000011920929,0.800000011920929],[0.0,1.0,0.0],[1.0,1.0,0.0],[0.0,1.0,0.0],[0.800000011920929,0.800000011920929,0.800000011920929],[0.800000011920929,0.800000011920929,0.800000011920929],[0.0,0.0,1.0],[1.0,0.0,0.0],[1.0,0.0,1.0],[1.0,0.0,1.0],[0.0,0.0,1.0],[0.0,1.0,0.0],[0.800000011920929,0.800000011920929,0.800000011920929],[1.0,1.0,0.0],[0.800000011920929,0.800000011920929,0.800000011920929],[1.0,0.0,1.0],[0.0,0.0,1.0],[1.0,0.0,1.0],[0.800000011920929,0.800000011920929,0.800000011920929],[1.0,0.0,0.0],[0.0,1.0,0.0]],"node_adjacency":[[0,0,0,0,0,0,0,0,0,0,0,0,0,1,0,0,0,0,0,0,0,0,0,0],[0,0,0,0,1,0,0,1,0,0,0,0,0,0,0,0,0,0,0,0,0,0,0,0],[0,0,0,1,0,1,0,0,0,0,0,0,0,0,1,0,0,0,0,0,0,0,0,0],[0,0,1,0,0,0,1,0,0,0,0,0,0,0,0,0,0,0,0,0,0,0,0,0],[0,1,0,0,0,0,0,0,0,1,0,0,0,0,0,0,0,0,0,1,0,0,0,0],[0,0,1,0,0,0,0,0,1,0,1,1,1,0,0,0,0,0,1,0,0,0,1,0],[0,0,0,1,0,0,0,0,0,0,0,0,0,0,0,0,0,0,0,0,0,0,0,0],[0,1,0,0,0,0,0,0,0,0,1,0,0,0,0,0,0,0,0,0,0,0,0,0],[0,0,0,0,0,1,0,0,0,0,0,0,0,0,0,0,0,0,0,0,0,0,0,1],[0,0,0,0,1,0,0,0,0,0,0,0,0,0,0,0,0,0,0,1,0,0,0,0],[0,0,0,0,0,0,0,1,0,0,0,0,0,0,0,1,0,1,0,0,0,0,0,0],[0,0,0,0,0,1,0,0,0,0,0,0,1,0,0,0,1,0,0,0,0,0,0,0],[0,0,0,0,0,1,0,0,0,0,0,1,0,0,0,1,0,0,0,0,0,0,0,0],[1,0,0,0,0,0,0,0,0,0,0,0,0,0,0,0,0,0,0,0,0,1,1,0],[0,0,1,0,0,0,0,0,0,0,0,0,0,0,0,0,0,0,0,0,0,0,0,0],[0,0,0,0,0,0,0,0,0,0,1,0,1,0,0,0,0,0,0,0,0,0,0,0],[0,0,0,0,0,0,0,0,0,0,0,1,0,0,0,0,0,0,0,0,1,0,0,0],[0,0,0,0,0,0,0,0,0,0,1,0,0,0,0,0,0,0,0,0,0,0,0,0],[0,0,0,0,0,1,0,0,0,0,0,0,0,0,0,0,0,0,0,0,0,0,0,0],[0,0,0,0,1,0,0,0,0,1,0,0,0,0,0,0,0,0,0,0,0,0,0,0],[0,0,0,0,0,0,0,0,0,0,0,0,0,0,0,0,1,0,0,0,0,0,0,0],[0,0,0,0,0,0,0,0,0,0,0,0,0,1,0,0,0,0,0,0,0,0,0,0],[0,0,0,0,0,1,0,0,0,0,0,0,0,1,0,0,0,0,0,0,0,0,0,1],[0,0,0,0,0,0,0,0,1,0,0,0,0,0,0,0,0,0,0,0,0,0,1,0]],"edge_indices":[[9,19],[9,4],[19,9],[19,4],[4,19],[4,9],[5,22],[5,2],[5,10],[22,5],[2,5],[2,5],[1,4],[4,1],[17,10],[10,17],[13,22],[22,13],[8,5],[5,8],[15,10],[10,15],[23,8],[8,23],[11,5],[5,11],[18,5],[5,18],[16,11],[11,16],[20,16],[16,20],[7,10],[10,7],[12,5],[5,12],[3,2],[2,3],[0,13],[13,0],[14,2],[2,14],[21,13],[13,21],[6,3],[3,6],[1,7],[7,1],[15,12],[12,15],[22,23],[23,22],[11,12],[12,11]],"edge_attributes":[[1.0],[1.0],[1.0],[1.0],[1.0],[1.0],[1.0],[1.0],[1.0],[1.0],[1.0],[1.0],[1.0],[1.0],[1.0],[1.0],[1.0],[1.0],[1.0],[1.0],[1.0],[1.0],[1.0],[1.0],[1.0],[1.0],[1.0],[1.0],[1.0],[1.0],[1.0],[1.0],[1.0],[1.0],[1.0],[1.0],[1.0],[1.0],[1.0],[1.0],[1.0],[1.0],[1.0],[1.0],[1.0],[1.0],[1.0],[1.0],[1.0],[1.0],[1.0],[1.0],[1.0],[1.0]],"seed_graph_indices":[-1,-1,1,-1,0,1,-1,-1,-1,0,1,-1,-1,-1,-1,-1,-1,-1,-1,0,-1,-1,1,-1],"graph_labels":1,"node_importances":[0,0,1,0,1,1,0,0,0,1,1,0,0,0,0,0,0,0,0,1,0,0,1,0],"edge_importances":[1,1,1,1,1,1,1,1,1,1,1,1,0,0,0,0,0,0,0,0,0,0,0,0,0,0,0,0,0,0,0,0,0,0,0,0,0,0,0,0,0,0,0,0,0,0,0,0,0,0,0,0,0,0],"multi_node_importances":[[0,0],[0,0],[0,1],[0,0],[1,0],[0,1],[0,0],[0,0],[0,0],[1,0],[0,1],[0,0],[0,0],[0,0],[0,0],[0,0],[0,0],[0,0],[0,0],[1,0],[0,0],[0,0],[0,1],[0,0]],"multi_edge_importances":[[1,0],[1,0],[1,0],[1,0],[1,0],[1,0],[0,1],[0,1],[0,1],[0,1],[0,1],[0,1],[0,0],[0,0],[0,0],[0,0],[0,0],[0,0],[0,0],[0,0],[0,0],[0,0],[0,0],[0,0],[0,0],[0,0],[0,0],[0,0],[0,0],[0,0],[0,0],[0,0],[0,0],[0,0],[0,0],[0,0],[0,0],[0,0],[0,0],[0,0],[0,0],[0,0],[0,0],[0,0],[0,0],[0,0],[0,0],[0,0],[0,0],[0,0],[0,0],[0,0],[0,0],[0,0]],"original_value":0.9258122422362769,"class":1,"node_positions":[[0.18869865870574853,-0.7580394910029108],[0.10604904950224027,0.5929351542894771],[-0.28626913523947933,-0.06741225784194739],[-0.5034100797700936,0.02339442924151514],[0.15393949916266217,0.7990485050863668],[-0.03119314401165711,-0.10211927808311425],[-0.7253293278440421,0.039646153949630884],[0.054415052657263534,0.3813333727372805],[-0.17135268518977603,-0.23728831412691995],[0.09837252460479574,1.0],[-0.0037688846179623793,0.15055279224549872],[0.233403629370865,-0.14395317423039153],[0.14773935981915626,-0.015882764440419733],[0.026802511030729833,-0.6041128040573798],[-0.47399587323143,-0.20845083292963684],[0.21942670367231443,0.17463431683266828],[0.4597137177236713,-0.18296412262209205],[-0.1817371773154234,0.2785563362198398],[0.08828779010708607,-0.23022869957450556],[0.28758276498978735,0.9593660259560108],[0.670717074442648,-0.2237926289072125],[-0.09110595273373322,-0.8008936235878154],[-0.03322831938740304,-0.37233026558128424],[-0.23375775644796837,-0.45199882957265775]],"node_coordinates":[[559.3603998563455,145.49150375950757],[521.8205546549117,618.0980005489068],[343.6277710853251,387.0910914267637],[245.0013223564378,418.8576611526361],[543.5726244372693,690.2018768141495],[459.484498268595,374.9496620466241],[144.20454545454544,424.5429422997342],[498.36814795424607,544.0741267165924],[395.8233687117086,327.6639747676913],[518.3338405722661,760.5],[471.9407271887865,463.3410041126226],[579.6656099435563,360.31506385182433],[540.7564916881182,405.1174647881659],[485.8264003492953,199.33911113927564],[258.3613947249054,337.7520848683279],[573.3172238813357,471.76535538534904],[682.4567273627363,346.6680070990728],[391.1066830473829,508.12001362634174],[513.7533062468176,330.13361379010087],[604.2740307683157,746.2851661461752],[778.2954545454545,332.38512074602903],[432.27181587741944,130.5],[458.56011194300265,280.4227450237841],[367.47868883489747,252.55258397864011]]},"label":"1","name":"2085","value":0.9258122422362769,"input_type":"classification","classes":{"0":"low","1":"high"},"image_width":900,"image_height":900,"image_path":"./2085.png"}