{"graph":{"node_indices":[0,1,2,3,4,5,6,7,8,9,10,11,12,13,14,15,16,17,18,19,20,21,22,23,24,25,26,27,28,29],"node_attributes":[[1.0,0.0,0.0],[1.0,0.0,1.0],[1.0,0.0,1.0],[0.0,1.0,0.0],[0.800000011920929,0.800000011920929,0.800000011920929],[0.0,0.0,1.0],[0.0,1.0,0.0],[1.0,0.0,1.0],[0.0,1.0,1.0],[0.0,1.0,1.0],[1.0,0.0,1.0],[0.0,1.0,0.0],[1.0,1.0,0.0],[1.0,0.0,0.0],[0.0,0.0,1.0],[1.0,0.0,0.0],[0.0,1.0,1.0],[0.0,1.0,1.0],[0.0,1.0,0.0],[0.800000011920929,0.800000011920929,0.800000011920929],[1.0,1.0,0.0],[1.0,0.0,1.0],[0.0,1.0,0.0],[1.0,0.0,0.0],[0.0,1.0,1.0],[0.0,0.0,1.0],[1.0,0.0,1.0],[1.0,0.0,0.0],[1.0,0.0,0.0],[0.800000011920929,0.800000011920929,0.800000011920929]],"node_adjacency":[[0,0,0,0,0,0,0,0,0,0,0,1,0,0,0,0,0,0,0,0,0,0,0,0,0,0,0,0,0,0],[0,0,0,0,0,0,0,0,0,0,0,0,0,0,0,0,0,0,0,0,0,0,0,0,0,0,0,1,0,0],[0,0,0,0,0,1,0,0,0,0,0,0,0,0,1,0,0,0,0,0,0,0,0,0,0,0,0,0,0,0],[0,0,0,0,0,0,0,0,0,0,1,0,0,0,0,0,0,0,1,0,0,0,0,0,0,0,1,0,0,0],[0,0,0,0,0,0,0,0,0,0,0,0,0,0,0,0,0,0,0,0,0,0,0,0,0,0,1,0,0,0],[0,0,1,0,0,0,0,0,0,0,0,0,0,0,0,0,0,0,0,0,0,0,1,0,0,0,0,0,0,0],[0,0,0,0,0,0,0,0,0,0,0,0,0,0,0,1,0,0,0,0,0,0,0,0,0,0,0,1,0,0],[0,0,0,0,0,0,0,0,0,0,0,0,0,0,0,0,0,0,0,0,0,0,0,1,0,0,0,0,0,0],[0,0,0,0,0,0,0,0,0,0,0,0,0,1,0,0,0,0,0,0,0,0,0,0,0,1,0,0,0,0],[0,0,0,0,0,0,0,0,0,0,0,0,0,0,0,0,0,0,0,0,0,1,0,0,0,0,0,0,0,0],[0,0,0,1,0,0,0,0,0,0,0,0,0,0,0,0,0,0,0,0,0,0,0,0,0,0,0,0,0,0],[1,0,0,0,0,0,0,0,0,0,0,0,0,1,0,0,0,0,0,0,0,0,0,1,0,0,1,0,0,0],[0,0,0,0,0,0,0,0,0,0,0,0,0,0,0,0,0,0,0,0,0,1,0,0,0,0,0,0,0,0],[0,0,0,0,0,0,0,0,1,0,0,1,0,0,0,0,0,0,0,0,0,0,0,1,1,0,0,0,0,1],[0,0,1,0,0,0,0,0,0,0,0,0,0,0,0,0,0,0,0,0,0,0,0,0,0,0,0,0,1,0],[0,0,0,0,0,0,1,0,0,0,0,0,0,0,0,0,0,0,0,0,0,0,0,0,0,0,0,1,0,0],[0,0,0,0,0,0,0,0,0,0,0,0,0,0,0,0,0,0,0,0,0,0,0,0,0,1,0,0,0,0],[0,0,0,0,0,0,0,0,0,0,0,0,0,0,0,0,0,0,0,0,0,0,0,0,1,0,0,0,0,0],[0,0,0,1,0,0,0,0,0,0,0,0,0,0,0,0,0,0,0,0,0,0,0,0,0,0,0,0,0,0],[0,0,0,0,0,0,0,0,0,0,0,0,0,0,0,0,0,0,0,0,0,1,0,1,0,0,0,0,0,0],[0,0,0,0,0,0,0,0,0,0,0,0,0,0,0,0,0,0,0,0,0,0,0,0,1,0,0,0,0,0],[0,0,0,0,0,0,0,0,0,1,0,0,1,0,0,0,0,0,0,1,0,0,0,0,0,0,0,0,0,0],[0,0,0,0,0,1,0,0,0,0,0,0,0,0,0,0,0,0,0,0,0,0,0,0,0,0,0,1,0,0],[0,0,0,0,0,0,0,1,0,0,0,1,0,1,0,0,0,0,0,1,0,0,0,0,0,0,1,0,0,0],[0,0,0,0,0,0,0,0,0,0,0,0,0,1,0,0,0,1,0,0,1,0,0,0,0,0,0,0,1,0],[0,0,0,0,0,0,0,0,1,0,0,0,0,0,0,0,1,0,0,0,0,0,0,0,0,0,0,0,0,0],[0,0,0,1,1,0,0,0,0,0,0,1,0,0,0,0,0,0,0,0,0,0,0,1,0,0,0,0,0,0],[0,1,0,0,0,0,1,0,0,0,0,0,0,0,0,1,0,0,0,0,0,0,1,0,0,0,0,0,0,0],[0,0,0,0,0,0,0,0,0,0,0,0,0,0,1,0,0,0,0,0,0,0,0,0,1,0,0,0,0,0],[0,0,0,0,0,0,0,0,0,0,0,0,0,1,0,0,0,0,0,0,0,0,0,0,0,0,0,0,0,0]],"edge_indices":[[13,23],[13,11],[23,13],[23,11],[11,23],[11,13],[15,27],[15,6],[27,15],[27,6],[6,27],[6,15],[19,23],[23,19],[26,11],[11,26],[24,13],[13,24],[17,24],[24,17],[3,26],[26,3],[28,24],[24,28],[8,13],[13,8],[25,8],[8,25],[4,26],[26,4],[10,3],[3,10],[21,19],[19,21],[16,25],[25,16],[7,23],[23,7],[0,11],[11,0],[29,13],[13,29],[12,21],[21,12],[14,28],[28,14],[18,3],[3,18],[22,27],[27,22],[9,21],[21,9],[1,27],[27,1],[2,14],[14,2],[20,24],[24,20],[5,2],[2,5],[5,22],[22,5],[23,26],[26,23]],"edge_attributes":[[1.0],[1.0],[1.0],[1.0],[1.0],[1.0],[1.0],[1.0],[1.0],[1.0],[1.0],[1.0],[1.0],[1.0],[1.0],[1.0],[1.0],[1.0],[1.0],[1.0],[1.0],[1.0],[1.0],[1.0],[1.0],[1.0],[1.0],[1.0],[1.0],[1.0],[1.0],[1.0],[1.0],[1.0],[1.0],[1.0],[1.0],[1.0],[1.0],[1.0],[1.0],[1.0],[1.0],[1.0],[1.0],[1.0],[1.0],[1.0],[1.0],[1.0],[1.0],[1.0],[1.0],[1.0],[1.0],[1.0],[1.0],[1.0],[1.0],[1.0],[1.0],[1.0],[1.0],[1.0]],"seed_graph_indices":[-1,-1,-1,-1,-1,-1,1,-1,-1,-1,-1,0,-1,0,-1,1,-1,-1,-1,-1,-1,-1,-1,0,-1,-1,-1,1,-1,-1],"graph_labels":1,"node_importances":[0,0,0,0,0,0,1,0,0,0,0,1,0,1,0,1,0,0,0,0,0,0,0,1,0,0,0,1,0,0],"edge_importances":[1,1,1,1,1,1,1,1,1,1,1,1,0,0,0,0,0,0,0,0,0,0,0,0,0,0,0,0,0,0,0,0,0,0,0,0,0,0,0,0,0,0,0,0,0,0,0,0,0,0,0,0,0,0,0,0,0,0,0,0,0,0,0,0],"multi_node_importances":[[0,0],[0,0],[0,0],[0,0],[0,0],[0,0],[0,1],[0,0],[0,0],[0,0],[0,0],[0,1],[0,0],[0,1],[0,0],[0,1],[0,0],[0,0],[0,0],[0,0],[0,0],[0,0],[0,0],[0,1],[0,0],[0,0],[0,0],[0,1],[0,0],[0,0]],"multi_edge_importances":[[0,1],[0,1],[0,1],[0,1],[0,1],[0,1],[0,1],[0,1],[0,1],[0,1],[0,1],[0,1],[0,0],[0,0],[0,0],[0,0],[0,0],[0,0],[0,0],[0,0],[0,0],[0,0],[0,0],[0,0],[0,0],[0,0],[0,0],[0,0],[0,0],[0,0],[0,0],[0,0],[0,0],[0,0],[0,0],[0,0],[0,0],[0,0],[0,0],[0,0],[0,0],[0,0],[0,0],[0,0],[0,0],[0,0],[0,0],[0,0],[0,0],[0,0],[0,0],[0,0],[0,0],[0,0],[0,0],[0,0],[0,0],[0,0],[0,0],[0,0],[0,0],[0,0],[0,0],[0,0]],"original_value":2.1703518482476105,"class":1,"node_positions":[[-0.25243665223689976,-0.18482881940696655],[0.18201871594290397,0.9364026533551053],[0.05739160405412329,0.4520281503157834],[-0.2641612007784717,-0.4933679292047692],[-0.32227486681671513,-0.34249646442441745],[0.047887533834165885,0.5884384146320898],[-0.08687126458857104,0.9386251373098798],[-0.014799114870023193,-0.4143312433771484],[0.17171614982568909,-0.12388162591955867],[0.2016739716911827,-0.66825742224521],[-0.4156141339789111,-0.5234639790141368],[-0.11112887663246025,-0.23308401335580817],[0.3412734921846754,-0.5574531616484666],[0.019404525857352726,-0.13973719045080457],[0.06303550862199192,0.3130377113907745],[0.007393839070171699,1.0],[0.46568441301348457,-0.11699790285184253],[-0.18711171876833976,0.06680589259678678],[-0.2793336404820988,-0.6369276378347726],[0.10746276628634933,-0.3976940553724406],[-0.11365578388929559,0.1263330933699019],[0.19936140098373226,-0.520317851509775],[0.04352305519524947,0.725367183948947],[-0.01885991826183249,-0.29628058956055364],[-0.021276047488632013,0.03092345400928607],[0.3216702064368936,-0.11608661799311522],[-0.17338543382155105,-0.36518705124821454],[0.04565158641272273,0.8684451409615183],[0.04994910781872005,0.16861649917552277],[-0.06418922461560689,-0.08462977564759476]],"node_coordinates":[[261.61011487715115,313.06176518501786],[574.1990784113601,736.4831259540504],[484.53035157115437,553.5641514326715],[253.17434737387168,196.54519131537404],[211.361788559891,253.5202249907529],[477.69220966520993,605.0780637182309],[380.7337733992199,737.3224238182993],[432.58940744188493,226.39257062712767],[566.7864217837867,336.07783655689946],[588.3409591944087,130.49999999999994],[144.2045454545455,185.17973228784354],[363.280514993454,294.8386949427434],[688.7822763399566,172.3440722907137],[457.19879516532546,330.0901481333459],[488.5911191628806,501.0758631414626],[448.55715229676474,760.4999999999999],[778.2954545454545,338.67740271187847],[308.61115282364824,408.0889872722474],[242.2578354635407,142.3313660202462],[520.5563598828923,232.6754309957988],[361.46241495783806,430.56881321936686],[586.6770734802785,186.36783449636263],[474.55198409998815,656.7877840043967],[429.66767504695565,270.97316766973626],[427.9292793771445,394.53835892875026],[674.6777877720353,339.0215399255619],[318.4871619581842,244.95136175155733],[476.0834541101476,710.8196808303715],[479.1755042042572,446.5367000108969],[397.0534137703248,350.90088804859096]]},"label":"1","name":"2101","value":2.1703518482476105,"input_type":"classification","classes":{"0":"low","1":"high"},"image_width":900,"image_height":900,"image_path":"./2101.png"}