{"graph":{"node_indices":[0,1,2,3,4,5,6,7,8,9,10,11,12,13,14,15,16,17,18,19,20,21,22,23,24,25],"node_attributes":[[0.800000011920929,0.800000011920929,0.800000011920929],[1.0,0.0,0.0],[1.0,1.0,0.0],[0.0,0.0,1.0],[1.0,0.0,1.0],[1.0,0.0,0.0],[0.0,0.0,1.0],[1.0,0.0,0.0],[0.0,0.0,1.0],[0.0,0.0,1.0],[0.0,0.0,1.0],[1.0,0.0,0.0],[0.0,1.0,1.0],[0.800000011920929,0.800000011920929,0.800000011920929],[0.0,0.0,1.0],[0.800000011920929,0.800000011920929,0.800000011920929],[0.0,1.0,0.0],[0.0,1.0,1.0],[0.0,0.0,1.0],[1.0,0.0,1.0],[0.0,1.0,1.0],[1.0,1.0,0.0],[0.800000011920929,0.800000011920929,0.800000011920929],[0.0,0.0,1.0],[1.0,1.0,0.0],[0.800000011920929,0.800000011920929,0.800000011920929]],"node_adjacency":[[0,0,0,0,0,0,0,0,1,0,0,0,1,0,1,0,0,0,0,0,0,0,0,0,0,0],[0,0,0,0,0,0,0,0,0,0,0,1,0,0,0,0,1,0,0,0,0,0,0,0,0,1],[0,0,0,0,0,0,0,0,0,1,1,0,0,0,1,0,0,0,0,1,1,0,0,0,0,0],[0,0,0,0,0,0,0,0,1,0,0,0,0,0,0,0,0,0,0,0,0,0,0,0,0,0],[0,0,0,0,0,1,0,0,0,0,0,0,0,0,0,0,0,0,0,0,0,0,0,0,0,0],[0,0,0,0,1,0,0,1,0,0,0,0,0,0,0,0,0,0,0,0,0,0,0,0,0,0],[0,0,0,0,0,0,0,0,0,0,0,0,0,0,0,0,0,0,0,1,0,0,0,0,0,0],[0,0,0,0,0,1,0,0,0,0,1,0,0,0,0,1,0,1,0,0,0,0,0,0,0,0],[1,0,0,1,0,0,0,0,0,0,0,0,0,1,0,0,0,0,0,0,0,0,0,0,0,0],[0,0,0,0,0,0,0,0,0,0,0,0,0,0,0,0,0,0,0,0,0,0,0,0,0,0],[0,0,1,0,0,0,0,1,0,0,0,0,0,0,0,0,0,0,0,0,0,0,1,0,0,0],[0,1,0,0,0,0,0,0,0,0,0,0,0,0,0,0,1,0,0,0,0,0,0,0,0,0],[1,0,0,0,0,0,0,0,0,0,0,0,0,0,0,0,0,0,0,0,0,0,0,1,0,0],[0,0,0,0,0,0,0,0,1,0,0,0,0,0,0,0,0,0,0,0,0,1,0,0,0,0],[1,0,1,0,0,0,0,0,0,0,0,0,0,0,0,0,0,0,0,0,0,0,0,0,0,0],[0,0,0,0,0,0,0,1,0,0,0,0,0,0,0,0,0,0,0,0,0,0,0,0,1,0],[0,1,0,0,0,0,0,0,0,0,0,1,0,0,0,0,0,0,0,0,0,0,0,0,0,0],[0,0,0,0,0,0,0,1,0,0,0,0,0,0,0,0,0,0,0,0,0,0,0,0,0,1],[0,0,0,0,0,0,0,0,0,0,0,0,0,0,0,0,0,0,0,0,0,0,0,0,0,1],[0,0,1,0,0,0,1,0,0,0,0,0,0,0,0,0,0,0,0,0,0,0,0,0,0,0],[0,0,1,0,0,0,0,0,0,0,0,0,0,0,0,0,0,0,0,0,0,0,0,0,0,0],[0,0,0,0,0,0,0,0,0,0,0,0,0,1,0,0,0,0,0,0,0,0,0,0,0,0],[0,0,0,0,0,0,0,0,0,0,1,0,0,0,0,0,0,0,0,0,0,0,0,0,0,0],[0,0,0,0,0,0,0,0,0,0,0,0,1,0,0,0,0,0,0,0,0,0,0,0,1,0],[0,0,0,0,0,0,0,0,0,0,0,0,0,0,0,1,0,0,0,0,0,0,0,1,0,0],[0,1,0,0,0,0,0,0,0,0,0,0,0,0,0,0,0,1,1,0,0,0,0,0,0,0]],"edge_indices":[[2,10],[2,14],[2,9],[10,2],[14,2],[14,2],[1,11],[1,16],[11,1],[11,16],[16,11],[16,1],[0,14],[14,0],[20,2],[2,20],[19,2],[2,19],[7,10],[10,7],[8,0],[0,8],[25,1],[1,25],[15,7],[7,15],[13,8],[8,13],[6,19],[19,6],[24,15],[15,24],[18,25],[25,18],[22,10],[10,22],[23,24],[24,23],[17,7],[7,17],[21,13],[13,21],[12,23],[23,12],[5,7],[7,5],[4,5],[5,4],[3,8],[8,3],[17,25],[25,17],[12,0],[0,12]],"edge_attributes":[[1.0],[1.0],[1.0],[1.0],[1.0],[1.0],[1.0],[1.0],[1.0],[1.0],[1.0],[1.0],[1.0],[1.0],[1.0],[1.0],[1.0],[1.0],[1.0],[1.0],[1.0],[1.0],[1.0],[1.0],[1.0],[1.0],[1.0],[1.0],[1.0],[1.0],[1.0],[1.0],[1.0],[1.0],[1.0],[1.0],[1.0],[1.0],[1.0],[1.0],[1.0],[1.0],[1.0],[1.0],[1.0],[1.0],[1.0],[1.0],[1.0],[1.0],[1.0],[1.0],[1.0],[1.0]],"seed_graph_indices":[-1,1,0,-1,-1,-1,-1,-1,-1,0,0,1,-1,-1,0,-1,1,-1,-1,-1,-1,-1,-1,-1,-1,-1],"graph_labels":0,"node_importances":[0,1,1,0,0,0,0,0,0,1,1,1,0,0,1,0,1,0,0,0,0,0,0,0,0,0],"edge_importances":[1,1,1,1,1,1,1,1,1,1,1,1,0,0,0,0,0,0,0,0,0,0,0,0,0,0,0,0,0,0,0,0,0,0,0,0,0,0,0,0,0,0,0,0,0,0,0,0,0,0,0,0,0,0],"multi_node_importances":[[0,0],[0,1],[1,0],[0,0],[0,0],[0,0],[0,0],[0,0],[0,0],[1,0],[1,0],[0,1],[0,0],[0,0],[1,0],[0,0],[0,1],[0,0],[0,0],[0,0],[0,0],[0,0],[0,0],[0,0],[0,0],[0,0]],"multi_edge_importances":[[1,0],[1,0],[1,0],[1,0],[1,0],[1,0],[0,1],[0,1],[0,1],[0,1],[0,1],[0,1],[0,0],[0,0],[0,0],[0,0],[0,0],[0,0],[0,0],[0,0],[0,0],[0,0],[0,0],[0,0],[0,0],[0,0],[0,0],[0,0],[0,0],[0,0],[0,0],[0,0],[0,0],[0,0],[0,0],[0,0],[0,0],[0,0],[0,0],[0,0],[0,0],[0,0],[0,0],[0,0],[0,0],[0,0],[0,0],[0,0],[0,0],[0,0],[0,0],[0,0],[0,0],[0,0]],"original_value":-1.0675972715362332,"class":0,"node_positions":[[-0.3966447689910133,0.3487881998158308],[0.43331824383833567,-0.7920165115695385],[0.09137969619076848,0.2906230094498983],[-0.7894525627885292,0.4736490010029644],[0.6316428763466928,-0.1591760379921103],[0.40700715200630355,-0.17719744972560125],[0.4761185926062334,0.5566037355133693],[0.17275507711211247,-0.1956544118801167],[-0.5650388887805059,0.5098419733426262],[0.04989574523103898,0.4983063515197967],[0.16289558627900416,0.053663482826642614],[0.47267985996473744,-1.0],[-0.5034339792387016,0.1348634974364987],[-0.6180002713937208,0.7257149479094787],[-0.15801846525111565,0.3470268658388214],[-0.06915671297428708,-0.26493110764109573],[0.6208621257332234,-0.8890618304444204],[0.21982188067362368,-0.42337059182812986],[0.10116491212683436,-0.8149660769966356],[0.3226785907183183,0.38748502189030853],[0.19001608880041596,0.47037895701266125],[-0.7259363410074978,0.905428255674105],[0.0028276554004406,0.003308364494869062],[-0.4810859536121507,-0.09399587172755834],[-0.30847696698609284,-0.2469490435641533],[0.2601808279955318,-0.648362730358511]],"node_coordinates":[[319.4748645392588,576.4556865253646],[689.8032653094729,199.26648192919498],[537.2307367092739,557.2242776169387],[144.20454545454544,617.7389542178893],[778.2954545454545,408.5052696749613],[678.0632908647585,402.5467722304681],[708.9007244330903,645.1666375147688],[573.5403242605742,396.4442668631217],[244.3376305700471,629.7055934792138],[518.720652550011,625.8915208544686],[569.1410324654056,478.8773226328808],[707.3663664675946,130.50000000000006],[271.8256598888921,505.72483528620364],[220.7063315572512,701.080610393195],[425.9496062803991,575.8733290410503],[465.59960284847887,373.5390127820772],[773.4850978523551,167.17996767230107],[594.5414698813661,321.15347963980827],[541.5968871434252,191.6785676763143],[640.4359981320717,589.2501844731744],[581.242164891296,616.6577654049511],[172.54539977159436,760.5000000000001],[497.7189329976503,462.22819168053536],[281.7973194239828,430.05607045918725],[358.81522141203016,379.4845005404005],[612.5495789024419,246.76335403311447]]},"label":"0","name":"2132","value":-1.0675972715362332,"input_type":"classification","classes":{"0":"low","1":"high"},"image_width":900,"image_height":900,"image_path":"./2132.png"}