{"graph":{"node_indices":[0,1,2,3,4,5,6,7,8,9,10,11,12,13,14,15,16,17,18,19,20,21,22,23,24,25,26,27,28,29,30],"node_attributes":[[0.0,1.0,0.0],[0.0,0.0,1.0],[1.0,0.0,0.0],[1.0,0.0,0.0],[0.800000011920929,0.800000011920929,0.800000011920929],[1.0,0.0,1.0],[1.0,0.0,0.0],[0.800000011920929,0.800000011920929,0.800000011920929],[0.0,0.0,1.0],[0.0,1.0,0.0],[1.0,0.0,1.0],[1.0,0.0,0.0],[1.0,0.0,0.0],[1.0,0.0,1.0],[0.800000011920929,0.800000011920929,0.800000011920929],[1.0,0.0,0.0],[0.0,0.0,1.0],[0.0,1.0,1.0],[1.0,1.0,0.0],[1.0,0.0,0.0],[0.0,1.0,1.0],[0.0,1.0,0.0],[0.0,1.0,0.0],[0.0,1.0,0.0],[1.0,0.0,1.0],[0.0,1.0,1.0],[1.0,0.0,0.0],[1.0,1.0,0.0],[0.0,0.0,1.0],[0.0,1.0,0.0],[1.0,0.0,1.0]],"node_adjacency":[[0,0,0,0,0,0,0,0,0,0,0,0,0,0,0,0,0,0,0,0,0,0,0,0,0,0,0,0,0,1,0],[0,0,0,0,0,0,0,0,0,0,0,0,0,0,0,0,0,1,0,0,0,1,0,0,0,0,1,0,0,0,0],[0,0,0,0,0,0,0,0,0,0,0,0,1,0,0,0,0,0,0,0,1,0,0,0,0,1,0,0,0,0,0],[0,0,0,0,0,0,0,1,0,0,0,0,0,0,0,0,0,0,0,0,0,0,0,0,1,0,0,0,0,0,1],[0,0,0,0,0,0,0,1,0,0,0,0,0,0,0,0,0,0,0,0,0,0,0,0,0,0,0,0,0,0,0],[0,0,0,0,0,0,0,0,0,0,0,0,0,0,0,0,0,0,1,0,0,0,0,0,0,0,0,1,0,0,0],[0,0,0,0,0,0,0,0,0,0,0,0,0,0,0,0,0,0,0,0,1,0,0,0,0,0,0,0,0,0,0],[0,0,0,1,1,0,0,0,0,1,0,0,0,0,0,0,0,0,0,0,1,0,0,0,0,0,0,0,0,0,0],[0,0,0,0,0,0,0,0,0,0,0,0,0,0,0,0,0,0,0,0,1,0,0,0,1,0,0,0,0,1,0],[0,0,0,0,0,0,0,1,0,0,0,0,0,0,0,0,0,0,0,0,0,0,0,0,0,0,0,0,1,1,0],[0,0,0,0,0,0,0,0,0,0,0,0,0,0,0,0,0,0,0,0,0,1,0,0,0,0,0,0,0,0,0],[0,0,0,0,0,0,0,0,0,0,0,0,0,0,1,1,1,0,0,0,0,0,0,1,1,0,0,0,0,0,0],[0,0,1,0,0,0,0,0,0,0,0,0,0,0,0,0,0,0,0,0,0,0,0,0,0,1,0,0,0,0,0],[0,0,0,0,0,0,0,0,0,0,0,0,0,0,0,0,0,0,0,0,0,0,0,0,0,0,1,0,0,0,0],[0,0,0,0,0,0,0,0,0,0,0,1,0,0,0,0,0,0,0,0,0,0,0,0,0,0,0,1,0,1,0],[0,0,0,0,0,0,0,0,0,0,0,1,0,0,0,0,0,0,0,0,0,0,0,0,0,0,0,0,0,0,0],[0,0,0,0,0,0,0,0,0,0,0,1,0,0,0,0,0,0,0,0,0,0,0,0,0,0,0,0,0,0,0],[0,1,0,0,0,0,0,0,0,0,0,0,0,0,0,0,0,0,0,0,0,0,0,0,0,0,0,0,0,0,0],[0,0,0,0,0,1,0,0,0,0,0,0,0,0,0,0,0,0,0,0,0,0,0,0,0,0,0,0,0,0,0],[0,0,0,0,0,0,0,0,0,0,0,0,0,0,0,0,0,0,0,0,0,0,0,0,0,0,1,0,1,1,0],[0,0,1,0,0,0,1,1,1,0,0,0,0,0,0,0,0,0,0,0,0,0,0,0,0,0,1,0,0,0,0],[0,1,0,0,0,0,0,0,0,0,1,0,0,0,0,0,0,0,0,0,0,0,0,0,0,0,0,0,0,0,0],[0,0,0,0,0,0,0,0,0,0,0,0,0,0,0,0,0,0,0,0,0,0,0,0,1,0,0,0,0,0,0],[0,0,0,0,0,0,0,0,0,0,0,1,0,0,0,0,0,0,0,0,0,0,0,0,0,0,0,0,0,0,0],[0,0,0,1,0,0,0,0,1,0,0,1,0,0,0,0,0,0,0,0,0,0,1,0,0,0,0,0,0,0,0],[0,0,1,0,0,0,0,0,0,0,0,0,1,0,0,0,0,0,0,0,0,0,0,0,0,0,0,0,0,0,0],[0,1,0,0,0,0,0,0,0,0,0,0,0,1,0,0,0,0,0,1,1,0,0,0,0,0,0,0,0,1,0],[0,0,0,0,0,1,0,0,0,0,0,0,0,0,1,0,0,0,0,0,0,0,0,0,0,0,0,0,0,0,0],[0,0,0,0,0,0,0,0,0,1,0,0,0,0,0,0,0,0,0,1,0,0,0,0,0,0,0,0,0,0,0],[1,0,0,0,0,0,0,0,1,1,0,0,0,0,1,0,0,0,0,1,0,0,0,0,0,0,1,0,0,0,0],[0,0,0,1,0,0,0,0,0,0,0,0,0,0,0,0,0,0,0,0,0,0,0,0,0,0,0,0,0,0,0]],"edge_indices":[[26,19],[26,29],[19,26],[19,29],[29,19],[29,26],[8,29],[29,8],[24,8],[8,24],[14,29],[29,14],[1,26],[26,1],[17,1],[1,17],[0,29],[29,0],[20,26],[26,20],[3,24],[24,3],[27,14],[14,27],[21,1],[1,21],[11,24],[24,11],[5,27],[27,5],[18,5],[5,18],[22,24],[24,22],[9,29],[29,9],[28,19],[19,28],[2,20],[20,2],[25,2],[2,25],[16,11],[11,16],[12,25],[25,12],[15,11],[11,15],[23,11],[11,23],[7,9],[9,7],[13,26],[26,13],[6,20],[20,6],[30,3],[3,30],[10,21],[21,10],[4,7],[7,4],[2,12],[12,2],[28,9],[9,28],[3,7],[7,3],[7,20],[20,7],[11,14],[14,11],[20,8],[8,20]],"edge_attributes":[[1.0],[1.0],[1.0],[1.0],[1.0],[1.0],[1.0],[1.0],[1.0],[1.0],[1.0],[1.0],[1.0],[1.0],[1.0],[1.0],[1.0],[1.0],[1.0],[1.0],[1.0],[1.0],[1.0],[1.0],[1.0],[1.0],[1.0],[1.0],[1.0],[1.0],[1.0],[1.0],[1.0],[1.0],[1.0],[1.0],[1.0],[1.0],[1.0],[1.0],[1.0],[1.0],[1.0],[1.0],[1.0],[1.0],[1.0],[1.0],[1.0],[1.0],[1.0],[1.0],[1.0],[1.0],[1.0],[1.0],[1.0],[1.0],[1.0],[1.0],[1.0],[1.0],[1.0],[1.0],[1.0],[1.0],[1.0],[1.0],[1.0],[1.0],[1.0],[1.0],[1.0],[1.0]],"seed_graph_indices":[-1,-1,-1,-1,-1,-1,-1,-1,-1,-1,-1,-1,-1,-1,-1,-1,-1,-1,-1,0,-1,-1,-1,-1,-1,-1,0,-1,-1,0,-1],"graph_labels":1,"node_importances":[0,0,0,0,0,0,0,0,0,0,0,0,0,0,0,0,0,0,0,1,0,0,0,0,0,0,1,0,0,1,0],"edge_importances":[1,1,1,1,1,1,0,0,0,0,0,0,0,0,0,0,0,0,0,0,0,0,0,0,0,0,0,0,0,0,0,0,0,0,0,0,0,0,0,0,0,0,0,0,0,0,0,0,0,0,0,0,0,0,0,0,0,0,0,0,0,0,0,0,0,0,0,0,0,0,0,0,0,0],"multi_node_importances":[[0,0],[0,0],[0,0],[0,0],[0,0],[0,0],[0,0],[0,0],[0,0],[0,0],[0,0],[0,0],[0,0],[0,0],[0,0],[0,0],[0,0],[0,0],[0,0],[0,1],[0,0],[0,0],[0,0],[0,0],[0,0],[0,0],[0,1],[0,0],[0,0],[0,1],[0,0]],"multi_edge_importances":[[0,1],[0,1],[0,1],[0,1],[0,1],[0,1],[0,0],[0,0],[0,0],[0,0],[0,0],[0,0],[0,0],[0,0],[0,0],[0,0],[0,0],[0,0],[0,0],[0,0],[0,0],[0,0],[0,0],[0,0],[0,0],[0,0],[0,0],[0,0],[0,0],[0,0],[0,0],[0,0],[0,0],[0,0],[0,0],[0,0],[0,0],[0,0],[0,0],[0,0],[0,0],[0,0],[0,0],[0,0],[0,0],[0,0],[0,0],[0,0],[0,0],[0,0],[0,0],[0,0],[0,0],[0,0],[0,0],[0,0],[0,0],[0,0],[0,0],[0,0],[0,0],[0,0],[0,0],[0,0],[0,0],[0,0],[0,0],[0,0],[0,0],[0,0],[0,0],[0,0],[0,0],[0,0]],"original_value":1.299743813129869,"class":1,"node_positions":[[-0.42921505169888396,-0.13305517157373536],[-0.3196499129732101,0.5262330929169655],[0.2887079858080485,0.5643108137381112],[0.5028229219300696,-0.1414644118687704],[0.6167535202047527,0.18994230588716693],[-0.6293507396585152,-0.7057811230443214],[0.38568783970021936,0.39928797162419033],[0.3393473873755253,0.09693616737922635],[0.15482629524378522,-0.05307008663964145],[0.03710157124530117,0.025468516103952746],[-0.5520510063791131,1.0],[0.10543524018105763,-0.5282647174775492],[0.5369487056242787,0.7173858071930518],[-0.38678385210035965,0.33987152290994055],[-0.1574761204133471,-0.375868724889629],[0.15755645810599195,-0.8022980491366275],[0.31988201643757896,-0.7238291375624095],[-0.6250095819955007,0.5483997609743378],[-0.8299132931056109,-0.8694248385201604],[-0.2980221375762701,0.1307428938614508],[0.16901782138411667,0.28115376098447975],[-0.39672605651329,0.7866464018973822],[0.5463934909875796,-0.4680118518598311],[-0.025274792133611623,-0.7690359208343747],[0.3018066775261812,-0.31281894069669813],[0.3567739647549722,0.8221170782497181],[-0.13358147344273158,0.2770514752300365],[-0.40821678595964034,-0.5435605730683032],[-0.2793955858532585,-0.02699584957623881],[-0.13675287596342367,-0.06537247770958417],[0.788357369257307,-0.186695694492137]],"node_coordinates":[[301.2111068870604,378.65808617557576],[344.14228029027294,600.8395818263634],[582.5166277109847,613.671851743303],[666.4138011895623,375.82415497026136],[711.0555031702311,487.50889772328696],[222.7914560391868,185.64826733092363],[620.5164785073896,558.0588159102772],[602.358786950809,456.16563852791563],[530.0574409661884,405.61322364361564],[483.929077523155,432.0808936504142],[253.07999755921384,760.5],[510.704424357734,245.4716596399696],[679.7853895828813,665.2584381037113],[317.83702648938475,538.035350982097],[407.6872298136441,296.82942131729436],[531.1272072862026,153.12186552795697],[594.7316235591105,179.56604946791705],[224.49246234985458,608.3097943689545],[144.20454545454544,130.5],[352.6167438531452,467.5585746037309],[535.6181409906026,518.2473449329619],[313.941348478787,688.5994003957653],[683.4861626837416,265.77699877797477],[459.48799613880396,164.33127090154096],[587.649119779601,318.0773277444872],[609.1870849295549,700.5530909863221],[417.04992714999736,516.8648662303974],[309.4389081576388,240.3169249731278],[359.91523068230606,414.40029494568904],[415.8072688270055,401.46729265224224],[778.2954545454545,360.5811200722774]]},"label":"1","name":"2141","value":1.299743813129869,"input_type":"classification","classes":{"0":"low","1":"high"},"image_width":900,"image_height":900,"image_path":"./2141.png"}