{"graph":{"node_indices":[0,1,2,3,4,5,6,7,8,9,10,11,12,13,14,15,16,17,18,19,20,21,22],"node_attributes":[[1.0,0.0,0.0],[1.0,0.0,1.0],[1.0,0.0,1.0],[0.800000011920929,0.800000011920929,0.800000011920929],[0.0,1.0,1.0],[1.0,1.0,0.0],[0.0,1.0,1.0],[0.0,0.0,1.0],[0.0,0.0,1.0],[0.0,0.0,1.0],[0.0,0.0,1.0],[0.0,1.0,0.0],[0.0,1.0,0.0],[1.0,0.0,0.0],[1.0,0.0,0.0],[1.0,0.0,1.0],[1.0,0.0,1.0],[0.0,1.0,0.0],[0.800000011920929,0.800000011920929,0.800000011920929],[0.800000011920929,0.800000011920929,0.800000011920929],[0.800000011920929,0.800000011920929,0.800000011920929],[1.0,1.0,0.0],[0.0,0.0,1.0]],"node_adjacency":[[0,0,0,0,0,0,0,0,0,0,0,0,0,0,0,0,0,0,0,0,0,1,0],[0,0,0,1,0,0,0,0,0,0,0,0,0,0,0,0,0,0,0,0,1,1,0],[0,0,0,0,0,0,0,0,0,0,0,0,1,0,0,0,0,0,0,0,0,0,0],[0,1,0,0,0,0,0,0,0,0,0,0,0,0,0,1,0,0,0,0,1,0,0],[0,0,0,0,0,0,1,0,0,1,0,0,0,0,0,0,0,0,0,0,0,1,0],[0,0,0,0,0,0,0,1,1,0,0,0,1,0,0,0,0,0,0,0,0,0,1],[0,0,0,0,1,0,0,0,1,0,0,0,0,0,1,0,0,0,0,0,0,0,0],[0,0,0,0,0,0,0,0,0,0,0,0,0,0,0,0,0,0,1,0,0,0,0],[0,0,0,0,0,1,1,0,0,0,0,0,0,0,0,0,0,0,0,0,0,0,0],[0,0,0,0,1,0,0,0,0,0,0,0,0,0,0,0,0,0,0,0,0,0,0],[0,0,0,0,0,0,0,0,0,0,0,0,0,0,0,0,0,0,0,0,0,1,0],[0,0,0,0,0,0,0,0,0,0,0,0,0,0,1,0,0,0,0,0,0,0,0],[0,0,1,0,0,1,0,0,0,0,0,0,0,1,0,0,0,0,0,0,0,0,0],[0,0,0,0,0,0,0,0,0,0,0,0,1,0,0,0,0,0,0,1,0,0,0],[0,0,0,0,0,0,1,0,0,0,0,1,0,0,0,0,0,0,0,0,0,1,0],[0,0,0,1,0,0,0,0,0,0,0,0,0,0,0,0,0,0,0,0,0,0,0],[0,0,0,0,0,0,0,0,0,0,0,0,0,0,0,0,0,0,0,0,1,0,0],[0,0,0,0,0,0,0,0,0,0,0,0,0,0,0,0,0,0,0,0,0,0,1],[0,0,0,0,0,0,0,1,0,0,0,0,0,0,0,0,0,0,0,0,0,0,0],[0,0,0,0,0,0,0,0,0,0,0,0,0,1,0,0,0,0,0,0,0,0,0],[0,1,0,1,0,0,0,0,0,0,0,0,0,0,0,0,1,0,0,0,0,0,0],[1,1,0,0,1,0,0,0,0,0,1,0,0,1,1,0,0,0,0,0,0,0,0],[0,0,0,0,0,1,0,0,0,0,0,0,0,0,0,0,0,1,0,0,0,0,0]],"edge_indices":[[5,22],[5,8],[5,7],[22,5],[8,5],[8,5],[21,0],[21,14],[21,13],[0,21],[14,21],[14,21],[6,8],[8,6],[12,5],[5,12],[1,21],[21,1],[20,1],[1,20],[3,1],[1,3],[17,22],[22,17],[4,21],[21,4],[19,13],[13,19],[18,7],[7,18],[16,20],[20,16],[10,21],[21,10],[9,4],[4,9],[15,3],[3,15],[11,14],[14,11],[2,12],[12,2],[6,14],[14,6],[4,6],[6,4],[20,3],[3,20],[13,12],[12,13]],"edge_attributes":[[1.0],[1.0],[1.0],[1.0],[1.0],[1.0],[1.0],[1.0],[1.0],[1.0],[1.0],[1.0],[1.0],[1.0],[1.0],[1.0],[1.0],[1.0],[1.0],[1.0],[1.0],[1.0],[1.0],[1.0],[1.0],[1.0],[1.0],[1.0],[1.0],[1.0],[1.0],[1.0],[1.0],[1.0],[1.0],[1.0],[1.0],[1.0],[1.0],[1.0],[1.0],[1.0],[1.0],[1.0],[1.0],[1.0],[1.0],[1.0],[1.0],[1.0]],"seed_graph_indices":[1,-1,-1,-1,-1,0,-1,0,0,-1,-1,-1,-1,1,1,-1,-1,-1,-1,-1,-1,1,0],"graph_labels":1,"node_importances":[1,0,0,0,0,1,0,1,1,0,0,0,0,1,1,0,0,0,0,0,0,1,1],"edge_importances":[1,1,1,1,1,1,1,1,1,1,1,1,0,0,0,0,0,0,0,0,0,0,0,0,0,0,0,0,0,0,0,0,0,0,0,0,0,0,0,0,0,0,0,0,0,0,0,0,0,0],"multi_node_importances":[[0,1],[0,0],[0,0],[0,0],[0,0],[1,0],[0,0],[1,0],[1,0],[0,0],[0,0],[0,0],[0,0],[0,1],[0,1],[0,0],[0,0],[0,0],[0,0],[0,0],[0,0],[0,1],[1,0]],"multi_edge_importances":[[1,0],[1,0],[1,0],[1,0],[1,0],[1,0],[0,1],[0,1],[0,1],[0,1],[0,1],[0,1],[0,0],[0,0],[0,0],[0,0],[0,0],[0,0],[0,0],[0,0],[0,0],[0,0],[0,0],[0,0],[0,0],[0,0],[0,0],[0,0],[0,0],[0,0],[0,0],[0,0],[0,0],[0,0],[0,0],[0,0],[0,0],[0,0],[0,0],[0,0],[0,0],[0,0],[0,0],[0,0],[0,0],[0,0],[0,0],[0,0],[0,0],[0,0]],"original_value":0.08910214219788015,"class":1,"node_positions":[[0.42553005356296897,0.11786733435647578],[0.39198344166264837,0.41001306463826703],[0.023401172951658927,-0.663964112061774],[0.6652191550266375,0.48740773921181896],[-0.1511838618524006,0.3100390690511049],[-0.4207130034384738,-0.41604476170189697],[-0.29190895735394506,0.08459540041761393],[-0.4731911158491087,-0.703996014878819],[-0.46901252575140134,-0.1338759939760826],[-0.34092675159296937,0.5408845324360984],[0.07724996121312619,0.46001549104764927],[0.32110113648021527,-0.12957201027473983],[-0.10857125091157865,-0.39318996588995775],[0.11359657714068902,-0.1619258221167864],[0.017939791569671786,0.0516383136382778],[0.9427837929781187,0.5064883742853284],[0.526744991843393,0.9446536166352101],[-1.0,-0.4284056092383428],[-0.5424150792223303,-0.9717476718428624],[0.3625382738015196,-0.3656701522679477],[0.49218667021214735,0.6702261606432719],[0.16017919408149342,0.20032396036381567],[-0.7225316665520802,-0.41576094247572254]],"node_coordinates":[[609.4728119838494,488.7013109846839],[598.5237801287984,584.7416398991436],[478.2249251113408,231.68112726592665],[687.7031744130632,610.184455698991],[421.2434000272364,551.8760717122577],[333.273766436243,313.18242434069623],[375.3131714238293,477.76345652408213],[316.1458214090584,218.52099273336893],[317.5096406890782,405.9429149206403],[359.3146141870467,627.7644792221705],[495.8002349453889,601.1794960137823],[575.3890260228409,407.3578115543195],[435.1514166103804,320.69573663498943],[507.6631395152059,396.72178162518253],[476.44242502156607,466.9291052867842],[778.2954545454545,616.4570459798384],[642.5076110488718,760.5],[144.20454545454544,309.1189048707499],[293.5523212857555,130.5],[588.9133884192934,329.74263233794267],[631.228374697913,670.2843972896602],[522.8668971492706,515.8081986166991],[234.76539346853366,313.2757274049161]]},"label":"1","name":"2151","value":0.08910214219788015,"input_type":"classification","classes":{"0":"low","1":"high"},"image_width":900,"image_height":900,"image_path":"./2151.png"}