{"graph":{"node_indices":[0,1,2,3,4,5,6,7,8,9,10,11,12,13,14,15,16,17,18,19],"node_attributes":[[0.800000011920929,0.800000011920929,0.800000011920929],[1.0,1.0,0.0],[0.0,1.0,1.0],[0.0,0.0,1.0],[0.800000011920929,0.800000011920929,0.800000011920929],[0.0,1.0,1.0],[0.800000011920929,0.800000011920929,0.800000011920929],[0.800000011920929,0.800000011920929,0.800000011920929],[0.0,1.0,0.0],[0.0,1.0,1.0],[1.0,1.0,0.0],[1.0,0.0,0.0],[1.0,0.0,1.0],[1.0,0.0,0.0],[0.800000011920929,0.800000011920929,0.800000011920929],[0.800000011920929,0.800000011920929,0.800000011920929],[0.800000011920929,0.800000011920929,0.800000011920929],[1.0,0.0,0.0],[1.0,0.0,1.0],[1.0,0.0,1.0]],"node_adjacency":[[0,1,0,0,0,0,0,0,0,0,0,0,0,0,0,0,0,0,0,0],[1,0,0,0,0,0,0,0,0,0,0,1,1,1,0,0,0,1,0,0],[0,0,0,1,0,0,0,0,0,0,0,0,0,0,0,0,1,0,0,0],[0,0,1,0,1,0,0,0,0,1,0,0,0,1,0,0,0,0,0,0],[0,0,0,1,0,0,0,0,0,0,0,0,0,0,0,0,0,0,0,0],[0,0,0,0,0,0,0,0,0,0,0,0,0,1,0,0,0,0,0,0],[0,0,0,0,0,0,0,0,1,0,0,0,0,0,0,0,0,0,0,0],[0,0,0,0,0,0,0,0,0,0,0,0,0,0,0,0,0,0,0,1],[0,0,0,0,0,0,1,0,0,0,1,0,0,1,0,0,0,0,0,0],[0,0,0,1,0,0,0,0,0,0,0,0,0,0,0,0,0,0,1,0],[0,0,0,0,0,0,0,0,1,0,0,0,0,0,0,0,0,0,0,0],[0,1,0,0,0,0,0,0,0,0,0,0,0,0,0,0,0,0,1,0],[0,1,0,0,0,0,0,0,0,0,0,0,0,0,1,0,0,0,0,0],[0,0,0,1,0,1,0,0,1,0,0,0,0,0,0,0,0,0,0,1],[0,0,0,0,0,0,0,0,0,0,0,0,1,0,0,0,0,0,0,0],[0,0,0,0,0,0,0,0,0,0,0,0,0,0,0,0,0,0,1,0],[0,0,1,0,0,0,0,0,0,0,0,0,0,0,0,0,0,1,0,0],[0,1,0,0,0,0,0,0,0,0,0,0,0,0,0,0,1,0,0,0],[0,0,0,0,0,0,0,0,0,1,0,1,0,0,0,1,0,0,0,0],[0,0,0,0,0,0,0,1,0,0,0,0,0,1,0,0,0,0,0,0]],"edge_indices":[[1,11],[1,17],[1,13],[11,1],[17,1],[17,1],[8,13],[13,8],[19,13],[13,19],[5,13],[13,5],[3,13],[13,3],[18,11],[11,18],[10,8],[8,10],[9,18],[18,9],[6,8],[8,6],[16,17],[17,16],[15,18],[18,15],[0,1],[1,0],[7,19],[19,7],[12,1],[1,12],[2,3],[3,2],[4,3],[3,4],[14,12],[12,14],[2,16],[16,2],[9,3],[3,9]],"edge_attributes":[[1.0],[1.0],[1.0],[1.0],[1.0],[1.0],[1.0],[1.0],[1.0],[1.0],[1.0],[1.0],[1.0],[1.0],[1.0],[1.0],[1.0],[1.0],[1.0],[1.0],[1.0],[1.0],[1.0],[1.0],[1.0],[1.0],[1.0],[1.0],[1.0],[1.0],[1.0],[1.0],[1.0],[1.0],[1.0],[1.0],[1.0],[1.0],[1.0],[1.0],[1.0],[1.0]],"seed_graph_indices":[-1,0,-1,-1,-1,-1,-1,-1,-1,-1,-1,0,-1,0,-1,-1,-1,0,-1,-1],"graph_labels":1,"node_importances":[0,1,0,0,0,0,0,0,0,0,0,1,0,1,0,0,0,1,0,0],"edge_importances":[1,1,1,1,1,1,0,0,0,0,0,0,0,0,0,0,0,0,0,0,0,0,0,0,0,0,0,0,0,0,0,0,0,0,0,0,0,0,0,0,0,0],"multi_node_importances":[[0,0],[0,1],[0,0],[0,0],[0,0],[0,0],[0,0],[0,0],[0,0],[0,0],[0,0],[0,1],[0,0],[0,1],[0,0],[0,0],[0,0],[0,1],[0,0],[0,0]],"multi_edge_importances":[[0,1],[0,1],[0,1],[0,1],[0,1],[0,1],[0,0],[0,0],[0,0],[0,0],[0,0],[0,0],[0,0],[0,0],[0,0],[0,0],[0,0],[0,0],[0,0],[0,0],[0,0],[0,0],[0,0],[0,0],[0,0],[0,0],[0,0],[0,0],[0,0],[0,0],[0,0],[0,0],[0,0],[0,0],[0,0],[0,0],[0,0],[0,0],[0,0],[0,0],[0,0],[0,0]],"original_value":1.571171189966977,"class":1,"node_positions":[[0.38976816993517216,-0.4210747636014682],[0.15216796130910734,-0.19474843200300979],[0.04539439462241105,0.6433239012276771],[-0.06652839137245074,0.318149009884994],[-0.27239566025171175,0.6157744904584455],[-0.44143091902124054,-0.16121158078960343],[-0.8195851179980738,0.33205848331069415],[-0.5731412895943038,-0.6625836042503154],[-0.5704630197557323,0.09327198376856297],[0.3280769721267368,0.3489209550781865],[-0.9038896931397234,-0.03721977355328014],[0.5216466309536447,-0.12235353776164519],[0.17181408571250548,-0.5660144413176765],[-0.20118732631727898,-0.03881553199857154],[0.300436534530005,-0.8871365817073767],[1.0,0.27506222710792905],[0.34756891615051994,0.5390504244043769],[0.2739624911485347,0.12215201768442269],[0.673558375652942,0.19263637313389198],[-0.3557731146910638,-0.3892416190762337]],"node_coordinates":[[575.05760033768,322.35006648693866],[495.9247950965129,415.5152220050897],[460.36383365467935,760.5],[423.08792351388064,626.6447428207895],[354.5237813022377,749.1595381075563],[298.22654870110426,429.3203587597004],[172.2822039894449,632.3704497932333],[254.36037887293182,222.93517057470604],[255.25237727118457,534.0761805919511],[554.5113324303475,639.3117314087816],[144.2045454545455,480.36044730160006],[618.9797527281422,445.3159152478143],[502.4679414394716,262.68697947531143],[378.23973362974465,479.7035679951801],[545.3056782023029,130.5],[778.2954545454546,608.9084644573691],[561.0031289616934,717.576781053048],[536.4884918413719,545.9643812804779],[669.5739949497656,574.9786187784676],[326.75490053480837,335.453888032489]]},"label":"1","name":"2159","value":1.571171189966977,"input_type":"classification","classes":{"0":"low","1":"high"},"image_width":900,"image_height":900,"image_path":"./2159.png"}