{"graph":{"node_indices":[0,1,2,3,4,5,6,7,8,9,10,11,12,13,14],"node_attributes":[[0.0,1.0,1.0],[0.0,0.0,1.0],[0.0,0.0,1.0],[1.0,0.0,0.0],[0.0,1.0,1.0],[0.800000011920929,0.800000011920929,0.800000011920929],[1.0,0.0,0.0],[0.0,1.0,0.0],[1.0,0.0,0.0],[1.0,0.0,0.0],[0.0,1.0,0.0],[1.0,0.0,1.0],[1.0,0.0,0.0],[0.800000011920929,0.800000011920929,0.800000011920929],[1.0,0.0,1.0]],"node_adjacency":[[0,0,0,0,0,0,0,0,1,0,0,0,0,0,0],[0,0,1,0,0,0,1,0,0,0,0,0,0,0,0],[0,1,0,0,0,0,0,1,1,0,0,0,0,0,0],[0,0,0,0,0,0,1,0,0,0,0,0,0,0,0],[0,0,0,0,0,0,0,1,0,1,0,0,0,0,0],[0,0,0,0,0,0,0,0,1,0,0,0,0,0,0],[0,1,0,1,0,0,0,0,0,1,0,0,0,1,0],[0,0,1,0,1,0,0,0,0,0,0,1,0,0,0],[1,0,1,0,0,1,0,0,0,0,1,0,1,0,0],[0,0,0,0,1,0,1,0,0,0,0,0,0,0,0],[0,0,0,0,0,0,0,0,1,0,0,0,1,0,0],[0,0,0,0,0,0,0,1,0,0,0,0,0,0,0],[0,0,0,0,0,0,0,0,1,0,1,0,0,0,1],[0,0,0,0,0,0,1,0,0,0,0,0,0,0,0],[0,0,0,0,0,0,0,0,0,0,0,0,1,0,0]],"edge_indices":[[12,8],[12,10],[8,12],[8,10],[10,8],[10,12],[2,8],[8,2],[7,2],[2,7],[1,2],[2,1],[14,12],[12,14],[4,7],[7,4],[6,1],[1,6],[5,8],[8,5],[0,8],[8,0],[3,6],[6,3],[13,6],[6,13],[9,6],[6,9],[11,7],[7,11],[4,9],[9,4]],"edge_attributes":[[1.0],[1.0],[1.0],[1.0],[1.0],[1.0],[1.0],[1.0],[1.0],[1.0],[1.0],[1.0],[1.0],[1.0],[1.0],[1.0],[1.0],[1.0],[1.0],[1.0],[1.0],[1.0],[1.0],[1.0],[1.0],[1.0],[1.0],[1.0],[1.0],[1.0],[1.0],[1.0]],"seed_graph_indices":[-1,-1,-1,-1,-1,-1,-1,-1,0,-1,0,-1,0,-1,-1],"graph_labels":1,"node_importances":[0,0,0,0,0,0,0,0,1,0,1,0,1,0,0],"edge_importances":[1,1,1,1,1,1,0,0,0,0,0,0,0,0,0,0,0,0,0,0,0,0,0,0,0,0,0,0,0,0,0,0],"multi_node_importances":[[0,0],[0,0],[0,0],[0,0],[0,0],[0,0],[0,0],[0,0],[0,1],[0,0],[0,1],[0,0],[0,1],[0,0],[0,0]],"multi_edge_importances":[[0,1],[0,1],[0,1],[0,1],[0,1],[0,1],[0,0],[0,0],[0,0],[0,0],[0,0],[0,0],[0,0],[0,0],[0,0],[0,0],[0,0],[0,0],[0,0],[0,0],[0,0],[0,0],[0,0],[0,0],[0,0],[0,0],[0,0],[0,0],[0,0],[0,0],[0,0],[0,0]],"original_value":1.1894780774305076,"class":1,"node_positions":[[-0.6645229733239907,-0.39861445839748944],[0.2549906452167519,-0.18984447322662815],[-0.057136058115451215,0.037450566727865044],[0.9873803762552837,-0.27293608375794615],[0.48339900309346856,0.3993011608553055],[-0.39188598988815454,-0.4680108635237171],[0.6302959954547491,-0.21904076116555085],[0.10687699047825053,0.39253241771881503],[-0.4270078569990778,-0.09531942470330836],[0.7437961804625743,0.14871172570337823],[-0.7619630431383876,-0.06809656879832436],[0.06924998487420907,0.7578996137228479],[-0.6881181378189047,0.19011579418961147],[0.7146448834486788,-0.5804594672352797],[-1.0,0.366310821890421]],"node_coordinates":[[251.24139424588185,216.0991170066205],[544.6201722936912,314.37251203860563],[445.033446253662,421.366126240272],[778.2954545454545,275.2591564530069],[617.4958356646397,591.6984963371576],[338.22858338396463,183.4324464160757],[664.3645924169806,300.62906929351414],[497.36322888013234,588.5122750631658],[327.0226477153743,358.86788059624206],[700.5778087461096,473.739611915277],[220.15229666361006,371.6823781882201],[485.35800709425985,760.5],[243.71315280630364,493.22957056497887],[691.2768351400656,130.49999999999994],[144.20454545454555,576.1690963102246]]},"label":"1","name":"2171","value":1.1894780774305076,"input_type":"classification","classes":{"0":"low","1":"high"},"image_width":900,"image_height":900,"image_path":"./2171.png"}