{"graph":{"node_indices":[0,1,2,3,4,5,6,7,8,9,10,11,12,13,14,15,16,17,18,19,20,21,22,23,24,25,26,27,28,29,30,31,32],"node_attributes":[[1.0,0.0,1.0],[1.0,0.0,1.0],[0.0,1.0,1.0],[0.0,1.0,1.0],[1.0,1.0,0.0],[1.0,0.0,0.0],[0.0,1.0,0.0],[1.0,0.0,1.0],[1.0,0.0,1.0],[1.0,0.0,0.0],[0.800000011920929,0.800000011920929,0.800000011920929],[1.0,0.0,1.0],[1.0,0.0,0.0],[0.0,1.0,1.0],[0.0,0.0,1.0],[0.0,1.0,1.0],[1.0,1.0,0.0],[1.0,0.0,0.0],[0.800000011920929,0.800000011920929,0.800000011920929],[1.0,0.0,1.0],[1.0,0.0,0.0],[0.800000011920929,0.800000011920929,0.800000011920929],[0.800000011920929,0.800000011920929,0.800000011920929],[0.0,1.0,1.0],[1.0,0.0,0.0],[0.0,1.0,0.0],[0.800000011920929,0.800000011920929,0.800000011920929],[0.0,1.0,0.0],[0.0,0.0,1.0],[1.0,1.0,0.0],[0.0,1.0,0.0],[1.0,0.0,1.0],[1.0,1.0,0.0]],"node_adjacency":[[0,0,0,0,0,0,0,0,0,0,0,0,0,0,0,0,0,0,0,0,0,0,0,1,0,0,0,0,0,1,0,0,0],[0,0,0,0,0,0,0,0,0,0,0,0,0,0,0,0,0,0,0,0,0,0,0,1,0,0,0,0,0,0,0,0,0],[0,0,0,0,0,0,0,0,0,0,0,0,0,0,0,0,0,0,0,0,0,0,0,0,0,0,0,0,0,0,1,0,0],[0,0,0,0,0,0,0,0,0,0,1,1,1,0,0,0,0,0,0,0,0,0,0,0,0,0,0,0,0,0,0,0,0],[0,0,0,0,0,0,0,0,0,0,0,0,0,0,0,0,0,0,0,0,0,0,0,0,0,0,0,0,0,0,0,1,0],[0,0,0,0,0,0,0,0,0,0,0,0,0,0,0,0,0,0,0,0,0,0,0,0,0,0,0,0,0,0,0,0,1],[0,0,0,0,0,0,0,0,0,0,0,1,0,0,0,0,0,0,0,0,0,0,0,0,0,0,0,0,0,0,0,0,0],[0,0,0,0,0,0,0,0,0,1,0,0,0,0,0,0,0,0,0,0,0,0,0,1,0,0,0,0,0,0,0,0,0],[0,0,0,0,0,0,0,0,0,0,0,0,0,0,0,0,1,0,0,0,0,0,0,0,0,1,0,0,0,0,0,0,0],[0,0,0,0,0,0,0,1,0,0,0,0,0,0,0,0,1,0,0,0,0,0,0,0,0,0,0,0,0,0,0,0,0],[0,0,0,1,0,0,0,0,0,0,0,0,0,0,0,0,0,0,0,0,0,0,0,0,0,0,0,0,1,0,0,1,0],[0,0,0,1,0,0,1,0,0,0,0,0,0,0,0,0,0,0,0,0,0,0,0,0,0,0,0,0,0,0,0,0,0],[0,0,0,1,0,0,0,0,0,0,0,0,0,0,0,1,0,0,0,0,0,0,0,0,1,0,0,0,0,0,1,0,0],[0,0,0,0,0,0,0,0,0,0,0,0,0,0,0,1,0,0,0,0,0,0,0,0,0,0,0,0,0,0,0,0,0],[0,0,0,0,0,0,0,0,0,0,0,0,0,0,0,0,0,0,0,0,1,0,0,0,0,0,0,0,0,0,0,0,0],[0,0,0,0,0,0,0,0,0,0,0,0,1,1,0,0,0,0,0,0,0,0,0,0,0,0,0,0,0,0,0,0,0],[0,0,0,0,0,0,0,0,1,1,0,0,0,0,0,0,0,1,0,1,1,0,0,0,0,0,0,0,0,0,0,1,0],[0,0,0,0,0,0,0,0,0,0,0,0,0,0,0,0,1,0,0,0,0,0,0,0,0,0,0,0,0,0,0,0,0],[0,0,0,0,0,0,0,0,0,0,0,0,0,0,0,0,0,0,0,1,0,0,0,0,0,0,0,0,0,0,0,0,0],[0,0,0,0,0,0,0,0,0,0,0,0,0,0,0,0,1,0,1,0,0,0,0,0,0,0,1,0,0,0,0,0,0],[0,0,0,0,0,0,0,0,0,0,0,0,0,0,1,0,0,0,0,0,0,0,0,0,0,0,0,0,0,0,0,0,0],[0,0,0,0,0,0,0,0,0,0,0,0,0,0,0,0,0,0,0,0,0,0,0,0,0,0,0,1,0,0,0,0,0],[0,0,0,0,0,0,0,0,0,0,0,0,0,0,0,0,0,0,0,0,0,0,0,1,0,0,0,0,0,0,0,0,0],[1,1,0,0,0,0,0,1,0,0,0,0,0,0,0,0,0,0,0,0,0,0,1,0,0,0,0,0,0,0,0,0,0],[0,0,0,0,0,0,0,0,0,0,0,0,1,0,0,0,0,0,0,0,0,0,0,0,0,0,0,0,0,0,1,0,0],[0,0,0,0,0,0,0,0,1,0,0,0,0,0,0,0,0,0,0,0,0,0,0,0,0,0,0,0,0,0,0,0,0],[0,0,0,0,0,0,0,0,0,0,0,0,0,0,0,0,0,0,0,1,0,0,0,0,0,0,0,0,0,0,0,0,0],[0,0,0,0,0,0,0,0,0,0,0,0,0,0,0,0,0,0,0,0,0,1,0,0,0,0,0,0,1,0,0,0,1],[0,0,0,0,0,0,0,0,0,0,1,0,0,0,0,0,0,0,0,0,0,0,0,0,0,0,0,1,0,0,0,0,0],[1,0,0,0,0,0,0,0,0,0,0,0,0,0,0,0,0,0,0,0,0,0,0,0,0,0,0,0,0,0,0,0,0],[0,0,1,0,0,0,0,0,0,0,0,0,1,0,0,0,0,0,0,0,0,0,0,0,1,0,0,0,0,0,0,0,1],[0,0,0,0,1,0,0,0,0,0,1,0,0,0,0,0,1,0,0,0,0,0,0,0,0,0,0,0,0,0,0,0,0],[0,0,0,0,0,1,0,0,0,0,0,0,0,0,0,0,0,0,0,0,0,0,0,0,0,0,0,1,0,0,1,0,0]],"edge_indices":[[16,9],[16,17],[16,20],[9,16],[17,16],[17,16],[12,24],[12,30],[24,12],[24,30],[30,24],[30,12],[3,12],[12,3],[31,16],[16,31],[14,20],[20,14],[7,9],[9,7],[11,3],[3,11],[6,11],[11,6],[19,16],[16,19],[32,30],[30,32],[15,12],[12,15],[8,16],[16,8],[23,7],[7,23],[10,31],[31,10],[1,23],[23,1],[13,15],[15,13],[28,10],[10,28],[2,30],[30,2],[18,19],[19,18],[0,23],[23,0],[27,32],[32,27],[26,19],[19,26],[22,23],[23,22],[21,27],[27,21],[25,8],[8,25],[29,0],[0,29],[4,31],[31,4],[5,32],[32,5],[10,3],[3,10],[28,27],[27,28]],"edge_attributes":[[1.0],[1.0],[1.0],[1.0],[1.0],[1.0],[1.0],[1.0],[1.0],[1.0],[1.0],[1.0],[1.0],[1.0],[1.0],[1.0],[1.0],[1.0],[1.0],[1.0],[1.0],[1.0],[1.0],[1.0],[1.0],[1.0],[1.0],[1.0],[1.0],[1.0],[1.0],[1.0],[1.0],[1.0],[1.0],[1.0],[1.0],[1.0],[1.0],[1.0],[1.0],[1.0],[1.0],[1.0],[1.0],[1.0],[1.0],[1.0],[1.0],[1.0],[1.0],[1.0],[1.0],[1.0],[1.0],[1.0],[1.0],[1.0],[1.0],[1.0],[1.0],[1.0],[1.0],[1.0],[1.0],[1.0],[1.0],[1.0]],"seed_graph_indices":[-1,-1,-1,-1,-1,-1,-1,-1,-1,0,-1,-1,1,-1,-1,-1,0,0,-1,-1,0,-1,-1,-1,1,-1,-1,-1,-1,-1,1,-1,-1],"graph_labels":1,"node_importances":[0,0,0,0,0,0,0,0,0,1,0,0,1,0,0,0,1,1,0,0,1,0,0,0,1,0,0,0,0,0,1,0,0],"edge_importances":[1,1,1,1,1,1,1,1,1,1,1,1,0,0,0,0,0,0,0,0,0,0,0,0,0,0,0,0,0,0,0,0,0,0,0,0,0,0,0,0,0,0,0,0,0,0,0,0,0,0,0,0,0,0,0,0,0,0,0,0,0,0,0,0,0,0,0,0],"multi_node_importances":[[0,0],[0,0],[0,0],[0,0],[0,0],[0,0],[0,0],[0,0],[0,0],[0,1],[0,0],[0,0],[0,1],[0,0],[0,0],[0,0],[0,1],[0,1],[0,0],[0,0],[0,1],[0,0],[0,0],[0,0],[0,1],[0,0],[0,0],[0,0],[0,0],[0,0],[0,1],[0,0],[0,0]],"multi_edge_importances":[[0,1],[0,1],[0,1],[0,1],[0,1],[0,1],[0,1],[0,1],[0,1],[0,1],[0,1],[0,1],[0,0],[0,0],[0,0],[0,0],[0,0],[0,0],[0,0],[0,0],[0,0],[0,0],[0,0],[0,0],[0,0],[0,0],[0,0],[0,0],[0,0],[0,0],[0,0],[0,0],[0,0],[0,0],[0,0],[0,0],[0,0],[0,0],[0,0],[0,0],[0,0],[0,0],[0,0],[0,0],[0,0],[0,0],[0,0],[0,0],[0,0],[0,0],[0,0],[0,0],[0,0],[0,0],[0,0],[0,0],[0,0],[0,0],[0,0],[0,0],[0,0],[0,0],[0,0],[0,0],[0,0],[0,0],[0,0],[0,0]],"original_value":2.560304518510819,"class":1,"node_positions":[[-0.25634723620708677,-0.8153181057554102],[-0.4756632708225663,-0.8023978962519759],[0.8232388603185147,0.2877224785717364],[0.29732596907917247,0.11439611273279184],[-0.14925203199534942,0.24016316645123628],[0.6765907535098874,0.5916270607639496],[0.2250652771814904,0.5463897046523265],[-0.3120884573374379,-0.46127538729180834],[-0.35902112540232173,0.15072646769517628],[-0.2892118832827937,-0.26067744948733884],[0.1055849112057911,0.13607130162731412],[0.2899218659105173,0.3184362039502586],[0.4993116939861459,0.08603456218417664],[0.7571981722625224,-0.20437562020857816],[-0.623618983399258,0.1880635607716496],[0.6050770530129059,-0.0894868553664061],[-0.2864548026216873,-0.03555878523868769],[-0.18028921147988974,-0.1478410299683009],[-0.6749316424064814,-0.014464458208203244],[-0.47605450469790755,-0.0895875637756112],[-0.4464721692101863,0.06519931345129178],[0.31412986606020005,0.6868864462939002],[-0.5792333906221284,-0.6844216301557757],[-0.37480290943016736,-0.6510430301477832],[0.6600821943424695,0.11560684740659206],[-0.4876773686622838,0.3230036805335009],[-0.6340777571480256,-0.18764747461064094],[0.3382661242266358,0.4806190165877675],[0.151803409793468,0.3465642994282022],[-0.22434502944304882,-1.0],[0.6249400074908136,0.2614097782502989],[-0.08829685883995593,0.06300559347191648],[0.549302474628041,0.4421696916424342]],"node_coordinates":[[321.36766952853014,199.47298489161045],[228.54358607835044,204.29828419082924],[778.2954545454545,611.4245834433897],[555.7062481086517,546.692537775207],[366.69501729994886,593.662648903135],[716.2275983210739,724.9235609244956],[525.1223808294612,708.0288052561837],[297.7755606757038,331.69700810437894],[277.91161454594425,560.2608035447184],[307.4579216705374,406.6141438099068],[474.5530939944551,554.7875515406861],[552.572509658538,622.8952114936537],[641.1953908308528,536.1003743934435],[750.3441633871744,427.6411385572695],[165.9222942278535,574.2050549137759],[685.9598902877715,470.54854468978516],[308.62483810605534,490.68901369118424],[353.5587331993251,448.7550623365642],[144.20454545454544,498.5670934863016],[228.3779988883537,470.51093320862196],[240.8985297413661,528.3190523426582],[562.8183880777601,760.5],[184.70820732879727,248.35877670584037],[271.2320772282015,260.8246531441952],[709.240458158316,547.1447097907983],[223.45869740430618,624.6010229629228],[161.49568634692827,433.8885844063094],[573.0339021697616,683.4654841318091],[494.11477254370664,633.4001866151486],[334.9123951408785,130.50000000000006],[694.3667564216455,601.5976023570662],[392.4938973937669,527.4997656680615],[662.3536631941969,669.1058485032354]]},"label":"1","name":"2199","value":2.560304518510819,"input_type":"classification","classes":{"0":"low","1":"high"},"image_width":900,"image_height":900,"image_path":"./2199.png"}