{"graph":{"node_indices":[0,1,2,3,4,5,6,7,8,9,10,11,12,13,14,15,16,17,18,19,20,21,22,23,24,25,26,27,28,29,30,31],"node_attributes":[[1.0,0.0,0.0],[1.0,1.0,0.0],[0.0,1.0,0.0],[0.0,1.0,1.0],[1.0,1.0,0.0],[1.0,1.0,0.0],[0.0,0.0,1.0],[0.0,1.0,1.0],[0.0,1.0,0.0],[0.0,0.0,1.0],[0.0,1.0,1.0],[1.0,0.0,1.0],[0.0,0.0,1.0],[1.0,0.0,1.0],[0.0,1.0,0.0],[1.0,0.0,1.0],[0.0,0.0,1.0],[0.0,1.0,1.0],[0.800000011920929,0.800000011920929,0.800000011920929],[1.0,1.0,0.0],[0.0,1.0,1.0],[0.0,0.0,1.0],[0.800000011920929,0.800000011920929,0.800000011920929],[1.0,0.0,0.0],[0.0,1.0,0.0],[1.0,0.0,1.0],[0.0,0.0,1.0],[1.0,0.0,1.0],[1.0,0.0,0.0],[0.800000011920929,0.800000011920929,0.800000011920929],[1.0,1.0,0.0],[1.0,0.0,0.0]],"node_adjacency":[[0,0,0,0,0,0,0,0,0,0,0,0,0,0,0,0,0,0,1,0,0,0,0,0,0,0,1,0,0,0,0,0],[0,0,0,0,0,0,0,0,0,0,0,0,0,0,0,1,0,0,0,0,0,0,0,0,0,0,0,0,0,0,0,0],[0,0,0,0,0,0,0,0,0,1,0,0,0,0,0,0,0,0,0,0,0,0,0,0,1,0,0,0,0,0,0,0],[0,0,0,0,1,0,0,0,0,0,0,0,0,0,0,0,0,0,0,0,0,0,0,0,0,0,0,0,0,0,0,0],[0,0,0,1,0,0,1,0,0,0,0,0,1,0,0,0,0,0,0,0,0,0,0,0,0,0,1,0,0,0,0,0],[0,0,0,0,0,0,0,0,0,0,0,0,0,0,0,0,0,0,0,1,0,0,0,0,0,0,0,0,0,0,0,0],[0,0,0,0,1,0,0,1,0,0,0,0,0,0,0,0,0,0,0,0,0,0,0,0,0,0,0,0,0,0,0,0],[0,0,0,0,0,0,1,0,0,0,0,0,0,0,0,0,0,0,0,0,0,0,0,0,0,0,0,0,0,0,0,0],[0,0,0,0,0,0,0,0,0,0,1,0,0,0,0,1,0,0,0,0,0,0,0,0,0,1,1,0,0,0,0,0],[0,0,1,0,0,0,0,0,0,0,0,0,0,0,0,0,0,0,0,0,1,0,0,0,0,0,0,0,0,0,0,0],[0,0,0,0,0,0,0,0,1,0,0,0,0,0,0,0,0,0,0,0,0,0,0,0,0,0,0,0,0,0,0,0],[0,0,0,0,0,0,0,0,0,0,0,0,0,0,0,0,1,0,0,0,0,0,0,0,0,0,0,0,0,0,0,0],[0,0,0,0,0,0,0,0,0,0,0,0,0,0,0,0,0,0,0,0,0,0,0,0,0,1,0,0,0,0,0,0],[0,0,0,0,0,0,0,0,0,0,0,0,0,0,0,0,0,0,0,0,0,0,1,0,1,0,0,0,0,0,1,0],[0,0,0,0,0,0,0,0,0,0,0,0,0,0,0,0,0,0,0,0,0,1,0,0,0,0,0,0,0,1,0,0],[0,1,0,0,0,0,0,0,1,0,0,0,0,0,0,0,0,0,0,1,0,0,0,0,0,0,0,0,0,0,0,0],[0,0,0,0,0,0,0,0,0,0,0,1,0,0,0,0,0,0,0,0,0,1,1,1,1,0,0,0,0,0,0,0],[0,0,0,0,0,0,0,0,0,0,0,0,0,0,0,0,0,0,0,0,1,0,0,0,0,0,0,0,0,0,1,0],[1,0,0,0,0,0,0,0,0,0,0,0,0,0,0,0,0,0,0,0,0,0,0,0,0,0,0,0,0,0,0,0],[0,0,0,0,0,1,0,0,0,0,0,0,0,0,0,1,0,0,0,0,0,1,0,0,0,0,0,0,0,0,0,0],[0,0,0,0,0,0,0,0,0,1,0,0,0,0,0,0,0,1,0,0,0,0,0,0,0,0,0,0,0,0,0,0],[0,0,0,0,0,0,0,0,0,0,0,0,0,0,1,0,1,0,0,1,0,0,0,0,1,0,0,0,0,0,0,0],[0,0,0,0,0,0,0,0,0,0,0,0,0,1,0,0,1,0,0,0,0,0,0,0,0,0,0,0,0,0,0,0],[0,0,0,0,0,0,0,0,0,0,0,0,0,0,0,0,1,0,0,0,0,0,0,0,0,0,0,0,1,0,0,0],[0,0,1,0,0,0,0,0,0,0,0,0,0,1,0,0,1,0,0,0,0,1,0,0,0,0,0,0,1,0,0,0],[0,0,0,0,0,0,0,0,1,0,0,0,1,0,0,0,0,0,0,0,0,0,0,0,0,0,0,0,0,0,0,0],[1,0,0,0,1,0,0,0,1,0,0,0,0,0,0,0,0,0,0,0,0,0,0,0,0,0,0,0,0,1,0,0],[0,0,0,0,0,0,0,0,0,0,0,0,0,0,0,0,0,0,0,0,0,0,0,0,0,0,0,0,0,0,0,1],[0,0,0,0,0,0,0,0,0,0,0,0,0,0,0,0,0,0,0,0,0,0,0,1,1,0,0,0,0,0,0,1],[0,0,0,0,0,0,0,0,0,0,0,0,0,0,1,0,0,0,0,0,0,0,0,0,0,0,1,0,0,0,0,0],[0,0,0,0,0,0,0,0,0,0,0,0,0,1,0,0,0,1,0,0,0,0,0,0,0,0,0,0,0,0,0,0],[0,0,0,0,0,0,0,0,0,0,0,0,0,0,0,0,0,0,0,0,0,0,0,0,0,0,0,1,1,0,0,0]],"edge_indices":[[4,6],[4,26],[4,12],[6,4],[26,4],[26,4],[16,21],[16,24],[21,16],[21,24],[24,21],[24,16],[8,26],[26,8],[19,21],[21,19],[14,21],[21,14],[11,16],[16,11],[13,24],[24,13],[15,19],[19,15],[28,24],[24,28],[23,28],[28,23],[29,26],[26,29],[31,28],[28,31],[30,13],[13,30],[17,30],[30,17],[5,19],[19,5],[10,8],[8,10],[22,13],[13,22],[1,15],[15,1],[27,31],[31,27],[25,8],[8,25],[0,26],[26,0],[20,17],[17,20],[9,20],[20,9],[18,0],[0,18],[7,6],[6,7],[3,4],[4,3],[2,9],[9,2],[8,15],[15,8],[16,22],[22,16],[23,16],[16,23],[29,14],[14,29],[2,24],[24,2],[25,12],[12,25]],"edge_attributes":[[1.0],[1.0],[1.0],[1.0],[1.0],[1.0],[1.0],[1.0],[1.0],[1.0],[1.0],[1.0],[1.0],[1.0],[1.0],[1.0],[1.0],[1.0],[1.0],[1.0],[1.0],[1.0],[1.0],[1.0],[1.0],[1.0],[1.0],[1.0],[1.0],[1.0],[1.0],[1.0],[1.0],[1.0],[1.0],[1.0],[1.0],[1.0],[1.0],[1.0],[1.0],[1.0],[1.0],[1.0],[1.0],[1.0],[1.0],[1.0],[1.0],[1.0],[1.0],[1.0],[1.0],[1.0],[1.0],[1.0],[1.0],[1.0],[1.0],[1.0],[1.0],[1.0],[1.0],[1.0],[1.0],[1.0],[1.0],[1.0],[1.0],[1.0],[1.0],[1.0],[1.0],[1.0]],"seed_graph_indices":[-1,-1,-1,-1,0,-1,0,-1,-1,-1,-1,-1,0,-1,-1,-1,1,-1,-1,-1,-1,1,-1,-1,1,-1,0,-1,-1,-1,-1,-1],"graph_labels":0,"node_importances":[0,0,0,0,1,0,1,0,0,0,0,0,1,0,0,0,1,0,0,0,0,1,0,0,1,0,1,0,0,0,0,0],"edge_importances":[1,1,1,1,1,1,1,1,1,1,1,1,0,0,0,0,0,0,0,0,0,0,0,0,0,0,0,0,0,0,0,0,0,0,0,0,0,0,0,0,0,0,0,0,0,0,0,0,0,0,0,0,0,0,0,0,0,0,0,0,0,0,0,0,0,0,0,0,0,0,0,0,0,0],"multi_node_importances":[[0,0],[0,0],[0,0],[0,0],[1,0],[0,0],[1,0],[0,0],[0,0],[0,0],[0,0],[0,0],[1,0],[0,0],[0,0],[0,0],[1,0],[0,0],[0,0],[0,0],[0,0],[1,0],[0,0],[0,0],[1,0],[0,0],[1,0],[0,0],[0,0],[0,0],[0,0],[0,0]],"multi_edge_importances":[[1,0],[1,0],[1,0],[1,0],[1,0],[1,0],[1,0],[1,0],[1,0],[1,0],[1,0],[1,0],[0,0],[0,0],[0,0],[0,0],[0,0],[0,0],[0,0],[0,0],[0,0],[0,0],[0,0],[0,0],[0,0],[0,0],[0,0],[0,0],[0,0],[0,0],[0,0],[0,0],[0,0],[0,0],[0,0],[0,0],[0,0],[0,0],[0,0],[0,0],[0,0],[0,0],[0,0],[0,0],[0,0],[0,0],[0,0],[0,0],[0,0],[0,0],[0,0],[0,0],[0,0],[0,0],[0,0],[0,0],[0,0],[0,0],[0,0],[0,0],[0,0],[0,0],[0,0],[0,0],[0,0],[0,0],[0,0],[0,0],[0,0],[0,0],[0,0],[0,0],[0,0],[0,0]],"original_value":-2.5411719350912287,"class":0,"node_positions":[[0.22768057801952332,0.6968357476522253],[0.528523955097328,0.21691850597850645],[-0.30953275201594715,-0.34870280737422304],[-0.05401122156662968,0.919035430417805],[-0.10500907268237919,0.7083772474641884],[0.47170491552009136,-0.08633279946582995],[-0.3058172927984897,0.8277533573865447],[-0.4617925391321865,0.9663713993236879],[0.19383246712221364,0.40406210073225235],[-0.5348693711603859,-0.4101241500630224],[0.4052440082665043,0.5085362327437702],[0.34832488429536534,-0.39146828578957216],[-0.2366160318643814,0.5958172074713387],[-0.20664113148293575,-0.5402819024826229],[-0.0671587568243968,0.039511303469694274],[0.29019430802519697,0.1932498090267164],[0.11703612922157333,-0.3507388049330585],[-0.5732665610303657,-0.7518396324892912],[0.38671592459652365,0.8566952284026838],[0.23982611792499595,-0.03152483841491416],[-0.6827054283041593,-0.5754294229030786],[0.04313462949293285,-0.16242595714798724],[-0.02561937956995134,-0.5242270586631942],[0.2547642080356242,-0.530809045170551],[-0.0715619073129136,-0.36912156571025173],[-0.0484607629549492,0.47361381152829063],[0.059116827247915386,0.5228935823242705],[0.28641419720117106,-1.0],[0.07983087332704891,-0.6074021726615397],[-0.061904860381994796,0.27369938085987966],[-0.36141588872906116,-0.702394128044355],[0.17403893441711898,-0.8205477734683628]],"node_coordinates":[[620.8008849127988,674.1442583474186],[778.2954545454547,520.384972406608],[339.5642393309989,339.16720879654963],[473.33236100577,745.3341669224019],[446.63446693317417,677.8420058248471],[748.55010907008,423.2271707341259],[341.5093200441761,716.0885696616438],[259.85469120280413,760.5],[603.0810543802772,580.3433631436836],[221.59822592112823,319.4886038762114],[713.757147739266,613.8155257218689],[683.959407065108,325.46570184270746],[377.7368844157721,641.779222761645],[393.42904982493985,277.78774103181127],[466.4494924937047,463.54599599605166],[653.5274587832595,512.8018275923799],[562.8773899203568,338.51490147428717],[201.49690624969054,210.00737667640934],[704.0575073746827,725.3611713412852],[627.1591986604667,440.7869335917187],[144.20454545454544,266.52692943106126],[524.1892027047215,398.8479057813061],[488.195779239467,282.93150563788663],[634.9794408607754,280.8227221694833],[464.14439840138095,332.625302340769],[476.23808257691303,602.6268329991619],[532.5560458829045,618.4154350974966],[651.5485322960736,130.5],[543.4000598155776,256.283273347191],[469.1999607510686,538.5768313746383],[312.40288923848595,225.84907769536423],[592.7189385671292,187.99417569530124]]},"label":"0","name":"220","value":-2.5411719350912287,"input_type":"classification","classes":{"0":"low","1":"high"},"image_width":900,"image_height":900,"image_path":"./220.png"}