{"graph": {"node_indices": [0, 1, 2, 3, 4, 5, 6, 7, 8, 9, 10], "node_attributes": [[0.0, 1.0, 0.0], [0.0, 1.0, 1.0], [0.0, 1.0, 0.0], [0.0, 0.0, 1.0], [0.0, 1.0, 0.0], [0.0, 1.0, 1.0], [0.0, 0.0, 1.0], [1.0, 0.0, 1.0], [0.0, 1.0, 0.0], [0.0, 0.0, 1.0], [1.0, 1.0, 0.0]], "node_adjacency": [[0, 0, 0, 0, 1, 1, 0, 1, 0, 0, 0], [0, 0, 0, 0, 0, 0, 0, 0, 0, 0, 1], [0, 0, 0, 0, 0, 1, 0, 0, 0, 0, 0], [0, 0, 0, 0, 0, 0, 0, 0, 0, 1, 0], [1, 0, 0, 0, 0, 0, 0, 0, 0, 0, 0], [1, 0, 1, 0, 0, 0, 0, 0, 1, 0, 0], [0, 0, 0, 0, 0, 0, 0, 1, 0, 0, 0], [1, 0, 0, 0, 0, 0, 1, 0, 0, 0, 0], [0, 0, 0, 0, 0, 1, 0, 0, 0, 1, 1], [0, 0, 0, 1, 0, 0, 0, 0, 1, 0, 0], [0, 1, 0, 0, 0, 0, 0, 0, 1, 0, 0]], "edge_indices": [[7, 0], [0, 7], [5, 0], [0, 5], [8, 5], [5, 8], [10, 8], [8, 10], [9, 8], [8, 9], [1, 10], [10, 1], [2, 5], [5, 2], [3, 9], [9, 3], [4, 0], [0, 4], [6, 7], [7, 6]], "edge_attributes": [[1.0], [1.0], [1.0], [1.0], [1.0], [1.0], [1.0], [1.0], [1.0], [1.0], [1.0], [1.0], [1.0], [1.0], [1.0], [1.0], [1.0], [1.0], [1.0], [1.0]], "seed_graph_indices": [-1, -1, -1, -1, -1, -1, -1, -1, -1, -1, -1], "graph_labels": 0, "node_importances": [0, 0, 0, 0, 0, 0, 0, 0, 0, 0, 0], "edge_importances": [0, 0, 0, 0, 0, 0, 0, 0, 0, 0, 0, 0, 0, 0, 0, 0, 0, 0, 0, 0], "multi_node_importances": [[0, 0], [0, 0], [0, 0], [0, 0], [0, 0], [0, 0], [0, 0], [0, 0], [0, 0], [0, 0], [0, 0]], "multi_edge_importances": [[0, 0], [0, 0], [0, 0], [0, 0], [0, 0], [0, 0], [0, 0], [0, 0], [0, 0], [0, 0], [0, 0], [0, 0], [0, 0], [0, 0], [0, 0], [0, 0], [0, 0], [0, 0], [0, 0], [0, 0]], "original_value": -0.31000000000000005, "class": 0, "node_positions": [[-0.2968257164136577, 0.3134072084380696], [0.953772274496872, 0.0997934936661456], [-0.3596731236178508, -0.30685765485376615], [0.4247035938318889, -0.9030018149573403], [-0.18166473220945015, 0.6757015887898326], [-0.09718078014857426, -0.024326484644021432], [-1.0, 0.5029812198962453], [-0.6668442989208578, 0.38754305701460406], [0.26816802731604666, -0.17680709568768807], [0.3413220070964037, -0.555135199262154], [0.6142227485691792, -0.013298318399926876]], "node_coordinates": [[372.41764201076154, 615.922203385479], [778.2954545454545, 530.6771598979662], [352.02070522938783, 368.3982777726365], [606.5878072042218, 130.49999999999994], [409.7927926969664, 760.5], [437.2118049662795, 481.14563538880134], [144.2045454545455, 691.5739229771202], [252.32922514399033, 645.5069781394685], [555.7846604031693, 420.296469719368], [579.5265642821614, 269.3202289092327], [668.0956782525278, 485.5465537103103]]}, "label": "0", "name": "2202", "value": -0.31000000000000005, "input_type": "classification", "classes": {"0": "low", "1": "high"}, "image_width": 900, "image_height": 900, "image_path": "./2202.png"}