{"graph":{"node_indices":[0,1,2,3,4,5,6,7,8,9,10,11,12,13,14,15,16,17,18,19],"node_attributes":[[1.0,0.0,0.0],[1.0,0.0,0.0],[1.0,1.0,0.0],[1.0,1.0,0.0],[0.0,1.0,0.0],[0.0,1.0,1.0],[1.0,0.0,0.0],[0.0,1.0,0.0],[0.800000011920929,0.800000011920929,0.800000011920929],[1.0,0.0,1.0],[0.0,0.0,1.0],[0.0,0.0,1.0],[1.0,0.0,0.0],[1.0,0.0,0.0],[1.0,0.0,1.0],[0.0,0.0,1.0],[1.0,0.0,0.0],[1.0,0.0,1.0],[0.0,0.0,1.0],[1.0,1.0,0.0]],"node_adjacency":[[0,0,0,0,0,0,0,0,0,0,0,0,0,0,0,0,1,0,1,0],[0,0,0,0,0,1,0,0,0,0,0,0,0,0,0,1,0,0,0,0],[0,0,0,0,0,0,1,0,0,0,0,0,0,1,0,0,1,0,0,0],[0,0,0,0,0,0,0,0,1,0,1,0,0,0,1,0,0,0,0,0],[0,0,0,0,0,0,0,0,0,0,0,0,0,1,0,0,0,1,0,0],[0,1,0,0,0,0,0,0,1,0,1,1,0,0,0,0,0,0,0,0],[0,0,0,0,0,0,0,0,0,0,0,0,0,0,0,0,0,0,0,0],[0,0,0,0,0,0,0,0,0,0,0,0,0,1,0,0,0,0,0,0],[0,0,0,1,0,1,0,0,0,0,0,0,0,0,0,0,0,0,0,0],[0,0,0,0,0,0,0,0,0,0,0,1,0,0,0,0,0,0,0,0],[0,0,0,1,0,1,0,0,0,0,0,0,0,0,0,0,0,0,0,0],[0,0,0,0,0,1,0,0,0,1,0,0,0,0,0,0,0,0,0,1],[0,0,0,0,0,0,0,0,0,0,0,0,0,0,0,0,0,0,1,0],[0,0,1,0,1,0,0,1,0,0,0,0,0,0,1,0,0,0,0,0],[0,0,0,1,0,0,0,0,0,0,0,0,0,1,0,0,0,0,0,0],[0,1,0,0,0,0,0,0,0,0,0,0,0,0,0,0,0,0,0,0],[1,0,1,0,0,0,0,0,0,0,0,0,0,0,0,0,0,0,0,0],[0,0,0,0,1,0,0,0,0,0,0,0,0,0,0,0,0,0,0,0],[1,0,0,0,0,0,0,0,0,0,0,0,1,0,0,0,0,0,0,1],[0,0,0,0,0,0,0,0,0,0,0,1,0,0,0,1,0,0,1,0]],"edge_indices":[[19,11],[19,18],[19,15],[11,19],[18,19],[18,19],[2,13],[2,16],[2,6],[13,2],[16,2],[16,2],[5,11],[11,5],[1,15],[15,1],[4,13],[13,4],[17,4],[4,17],[8,5],[5,8],[9,11],[11,9],[10,5],[5,10],[0,18],[18,0],[14,13],[13,14],[3,8],[8,3],[12,18],[18,12],[7,13],[13,7],[3,14],[14,3],[16,0],[0,16],[1,5],[5,1],[10,3],[3,10]],"edge_attributes":[[1.0],[1.0],[1.0],[1.0],[1.0],[1.0],[1.0],[1.0],[1.0],[1.0],[1.0],[1.0],[1.0],[1.0],[1.0],[1.0],[1.0],[1.0],[1.0],[1.0],[1.0],[1.0],[1.0],[1.0],[1.0],[1.0],[1.0],[1.0],[1.0],[1.0],[1.0],[1.0],[1.0],[1.0],[1.0],[1.0],[1.0],[1.0],[1.0],[1.0],[1.0],[1.0],[1.0],[1.0]],"seed_graph_indices":[-1,-1,1,-1,-1,-1,1,-1,-1,-1,-1,0,-1,1,-1,0,1,-1,0,0],"graph_labels":1,"node_importances":[0,0,1,0,0,0,1,0,0,0,0,1,0,1,0,1,1,0,1,1],"edge_importances":[1,1,1,1,1,1,1,1,1,1,1,1,0,0,0,0,0,0,0,0,0,0,0,0,0,0,0,0,0,0,0,0,0,0,0,0,0,0,0,0,0,0,0,0],"multi_node_importances":[[0,0],[0,0],[0,1],[0,0],[0,0],[0,0],[0,1],[0,0],[0,0],[0,0],[0,0],[1,0],[0,0],[0,1],[0,0],[1,0],[0,1],[0,0],[1,0],[1,0]],"multi_edge_importances":[[1,0],[1,0],[1,0],[1,0],[1,0],[1,0],[0,1],[0,1],[0,1],[0,1],[0,1],[0,1],[0,0],[0,0],[0,0],[0,0],[0,0],[0,0],[0,0],[0,0],[0,0],[0,0],[0,0],[0,0],[0,0],[0,0],[0,0],[0,0],[0,0],[0,0],[0,0],[0,0],[0,0],[0,0],[0,0],[0,0],[0,0],[0,0],[0,0],[0,0],[0,0],[0,0],[0,0],[0,0]],"original_value":0.4574227036825872,"class":1,"node_positions":[[0.26058271270905276,0.5108481726741239],[-0.821973021971574,0.14031957323076044],[0.6144477567634982,-0.04907374496621805],[-0.17420197099368773,-0.49036618361578954],[0.6020355202241013,-0.7244937610585203],[-0.6040237462940685,-0.06464882562783585],[0.9373801664651826,0.050083460839566156],[0.811223538133403,-0.4586960199807145],[-0.5072299112768486,-0.3933083524945589],[-0.9488915916070587,0.3986693411022925],[-0.3515460084059645,-0.23959944697087357],[-0.5826286190588097,0.26985926107302427],[-0.0212227471712469,0.9690625071151142],[0.5010879098357316,-0.3955571217224676],[0.1659636764221045,-0.4921791724331028],[-0.6858895902021958,0.5233553744248404],[0.4922891341137249,0.27040954515225946],[0.7546671890581165,-1.0],[-0.05910340308101226,0.6421345544903891],[-0.38296699366244846,0.5331808387677108]],"node_coordinates":[[550.7825784786322,613.894684193767],[186.86961259361465,495.3443503136491],[669.7381884111562,434.7481071609065],[404.62494548219127,293.55693859990924],[665.5656791651072,218.6480043959748],[260.1356484967837,429.7648723568498],[778.2954545454545,466.47337714696084],[735.8865223200703,303.6897825385861],[292.67395618113903,324.6105153073147],[144.20454545454544,578.0031552885741],[345.00880511250864,373.78955869979575],[267.3278548268969,536.7904715239877],[456.05058693097664,760.4999999999999],[631.6310343994272,323.89102336205485],[518.9753532048925,292.97687425417104],[232.6155485085132,617.8963535539215],[628.6732295801703,536.9665344822054],[716.8744861982647,130.5],[443.31658959470144,655.8996587668835],[334.446296809793,621.040003140281]]},"label":"1","name":"221","value":0.4574227036825872,"input_type":"classification","classes":{"0":"low","1":"high"},"image_width":900,"image_height":900,"image_path":"./221.png"}