{"graph":{"node_indices":[0,1,2,3,4,5,6,7,8,9,10,11,12,13,14,15,16,17,18,19,20],"node_attributes":[[0.0,1.0,0.0],[0.800000011920929,0.800000011920929,0.800000011920929],[1.0,0.0,0.0],[0.800000011920929,0.800000011920929,0.800000011920929],[0.0,0.0,1.0],[0.800000011920929,0.800000011920929,0.800000011920929],[0.0,1.0,0.0],[0.800000011920929,0.800000011920929,0.800000011920929],[1.0,0.0,0.0],[0.800000011920929,0.800000011920929,0.800000011920929],[1.0,1.0,0.0],[0.800000011920929,0.800000011920929,0.800000011920929],[0.800000011920929,0.800000011920929,0.800000011920929],[0.800000011920929,0.800000011920929,0.800000011920929],[0.800000011920929,0.800000011920929,0.800000011920929],[0.0,0.0,1.0],[0.0,1.0,1.0],[0.800000011920929,0.800000011920929,0.800000011920929],[0.0,1.0,0.0],[0.0,0.0,1.0],[1.0,0.0,0.0]],"node_adjacency":[[0,0,0,0,0,0,0,0,0,0,0,0,0,0,0,1,0,0,0,0,0],[0,0,0,0,0,0,0,0,0,0,1,0,0,0,0,0,0,0,0,0,0],[0,0,0,0,0,0,1,0,1,0,0,1,0,0,0,0,0,0,0,0,1],[0,0,0,0,0,0,0,0,0,0,0,0,0,0,0,0,0,0,0,1,0],[0,0,0,0,0,0,0,0,0,0,1,0,0,0,0,0,0,0,0,0,0],[0,0,0,0,0,0,0,0,0,0,0,0,0,0,1,0,0,0,0,0,0],[0,0,1,0,0,0,0,0,0,0,0,0,1,1,0,0,0,0,0,0,1],[0,0,0,0,0,0,0,0,0,0,0,0,0,0,0,1,0,0,0,0,0],[0,0,1,0,0,0,0,0,0,0,0,0,0,0,1,0,0,0,0,0,0],[0,0,0,0,0,0,0,0,0,0,0,0,0,0,0,0,0,0,0,1,0],[0,1,0,0,1,0,0,0,0,0,0,0,0,1,1,1,0,1,0,1,0],[0,0,1,0,0,0,0,0,0,0,0,0,0,0,0,0,1,0,0,0,0],[0,0,0,0,0,0,1,0,0,0,0,0,0,0,0,0,0,0,0,0,0],[0,0,0,0,0,0,1,0,0,0,1,0,0,0,0,0,0,0,1,0,0],[0,0,0,0,0,1,0,0,1,0,1,0,0,0,0,0,0,0,0,0,0],[1,0,0,0,0,0,0,1,0,0,0,0,0,0,0,0,0,0,0,0,0],[0,0,0,0,0,0,0,0,0,0,0,1,0,0,0,0,0,0,0,1,0],[0,0,0,0,0,0,0,0,0,0,1,0,0,0,0,0,0,0,0,0,0],[0,0,0,0,0,0,0,0,0,0,0,0,0,1,0,0,0,0,0,0,0],[0,0,0,1,0,0,0,0,0,1,1,0,0,0,0,0,1,0,0,0,0],[0,0,1,0,0,0,1,0,0,0,0,0,0,0,0,0,0,0,0,0,0]],"edge_indices":[[10,19],[10,4],[10,15],[19,10],[4,10],[4,10],[20,2],[20,6],[2,20],[2,6],[6,2],[6,20],[3,19],[19,3],[8,2],[2,8],[12,6],[6,12],[13,10],[10,13],[7,15],[15,7],[9,19],[19,9],[0,15],[15,0],[14,10],[10,14],[16,19],[19,16],[1,10],[10,1],[18,13],[13,18],[5,14],[14,5],[17,10],[10,17],[11,2],[2,11],[14,8],[8,14],[16,11],[11,16],[13,6],[6,13]],"edge_attributes":[[1.0],[1.0],[1.0],[1.0],[1.0],[1.0],[1.0],[1.0],[1.0],[1.0],[1.0],[1.0],[1.0],[1.0],[1.0],[1.0],[1.0],[1.0],[1.0],[1.0],[1.0],[1.0],[1.0],[1.0],[1.0],[1.0],[1.0],[1.0],[1.0],[1.0],[1.0],[1.0],[1.0],[1.0],[1.0],[1.0],[1.0],[1.0],[1.0],[1.0],[1.0],[1.0],[1.0],[1.0],[1.0],[1.0]],"seed_graph_indices":[-1,-1,1,-1,0,-1,1,-1,-1,-1,0,-1,-1,-1,-1,0,-1,-1,-1,0,1],"graph_labels":0,"node_importances":[0,0,1,0,1,0,1,0,0,0,1,0,0,0,0,1,0,0,0,1,1],"edge_importances":[1,1,1,1,1,1,1,1,1,1,1,1,0,0,0,0,0,0,0,0,0,0,0,0,0,0,0,0,0,0,0,0,0,0,0,0,0,0,0,0,0,0,0,0,0,0],"multi_node_importances":[[0,0],[0,0],[0,1],[0,0],[1,0],[0,0],[0,1],[0,0],[0,0],[0,0],[1,0],[0,0],[0,0],[0,0],[0,0],[1,0],[0,0],[0,0],[0,0],[1,0],[0,1]],"multi_edge_importances":[[1,0],[1,0],[1,0],[1,0],[1,0],[1,0],[0,1],[0,1],[0,1],[0,1],[0,1],[0,1],[0,0],[0,0],[0,0],[0,0],[0,0],[0,0],[0,0],[0,0],[0,0],[0,0],[0,0],[0,0],[0,0],[0,0],[0,0],[0,0],[0,0],[0,0],[0,0],[0,0],[0,0],[0,0],[0,0],[0,0],[0,0],[0,0],[0,0],[0,0],[0,0],[0,0],[0,0],[0,0],[0,0],[0,0]],"original_value":-0.7202494102668192,"class":0,"node_positions":[[-1.0,-0.0549973489117494],[-0.45808822669019844,-0.2770783088941004],[0.6586879833164204,-0.06919101000866369],[0.07622287481455337,0.8048363553835794],[-0.34485635312524254,0.31535566617618055],[-0.2866501630909997,-0.7163938450079871],[0.5568838723046208,-0.2796837353285754],[-0.9207674694538805,0.3885278917351203],[0.2992433503857712,-0.34242614202596067],[-0.2177498335800412,0.7763009813142088],[-0.2023100423665616,0.03196412288099323],[0.6878536992757404,0.30823951031453467],[0.9908086040940327,-0.26499744485535454],[0.13814965576390548,-0.19178607092856803],[-0.11278450743141447,-0.3317026923504912],[-0.6472142434597871,0.13084333731758543],[0.3692257856502567,0.4986342560464531],[-0.49115564319933835,-0.061735591759760976],[0.12779733810650065,-0.6516247929218872],[-0.016314914946434264,0.42960057841408916],[0.7930182336320966,-0.44268571658964606]],"node_coordinates":[[144.20454545454544,404.40975569205494],[316.80844533644904,312.43747907483566],[672.511972434903,398.5316141137755],[486.99146111896994,760.5],[352.873841828717,557.7871994512825],[371.4130504084022,130.50000000000006],[640.0864237568871,311.3584716680035],[169.44083749198387,588.0906355060401],[558.0255403418669,285.3744251974705],[393.3584410835388,748.6824028611343],[398.27615704407657,440.4238495585361],[681.8015220726235,554.8401253058422],[778.2954545454546,317.4406300393976],[506.7157122340679,347.7602789406641],[426.79086595036586,289.8154186078083],[256.570063977461,481.3735395390654],[580.3155916838177,633.6899205440866],[306.27616807360783,401.619189876865],[503.4184035419704,157.32335836071348],[457.51732125733787,605.1004165379246],[715.297396591656,243.85307493840816]]},"label":"0","name":"2212","value":-0.7202494102668192,"input_type":"classification","classes":{"0":"low","1":"high"},"image_width":900,"image_height":900,"image_path":"./2212.png"}