{"graph": {"node_indices": [0, 1, 2, 3, 4, 5, 6, 7, 8, 9], "node_attributes": [[0.0, 1.0, 0.0], [1.0, 0.0, 0.0], [0.0, 0.0, 1.0], [0.0, 0.0, 1.0], [0.0, 1.0, 1.0], [1.0, 0.0, 0.0], [0.0, 0.0, 1.0], [0.0, 1.0, 1.0], [0.0, 1.0, 0.0], [1.0, 0.0, 0.0]], "node_adjacency": [[0, 0, 1, 1, 0, 0, 1, 0, 0, 0], [0, 0, 0, 1, 0, 0, 0, 0, 0, 0], [1, 0, 0, 1, 1, 0, 0, 0, 0, 0], [1, 1, 1, 0, 0, 0, 1, 0, 0, 0], [0, 0, 1, 0, 0, 0, 0, 0, 0, 0], [0, 0, 0, 0, 0, 0, 0, 0, 1, 1], [1, 0, 0, 1, 0, 0, 0, 1, 1, 0], [0, 0, 0, 0, 0, 0, 1, 0, 0, 0], [0, 0, 0, 0, 0, 1, 1, 0, 0, 1], [0, 0, 0, 0, 0, 1, 0, 0, 1, 0]], "edge_indices": [[2, 3], [2, 0], [3, 2], [3, 0], [0, 3], [0, 2], [9, 5], [9, 8], [5, 9], [5, 8], [8, 5], [8, 9], [6, 3], [3, 6], [4, 2], [2, 4], [1, 3], [3, 1], [7, 6], [6, 7], [6, 8], [8, 6], [6, 0], [0, 6]], "edge_attributes": [[1.0], [1.0], [1.0], [1.0], [1.0], [1.0], [1.0], [1.0], [1.0], [1.0], [1.0], [1.0], [1.0], [1.0], [1.0], [1.0], [1.0], [1.0], [1.0], [1.0], [1.0], [1.0], [1.0], [1.0]], "seed_graph_indices": [0, -1, 0, 0, -1, 1, -1, -1, 1, 1], "graph_labels": 0, "node_importances": [1, 0, 1, 1, 0, 1, 0, 0, 1, 1], "edge_importances": [1, 1, 1, 1, 1, 1, 1, 1, 1, 1, 1, 1, 0, 0, 0, 0, 0, 0, 0, 0, 0, 0, 0, 0], "multi_node_importances": [[1, 0], [0, 0], [1, 0], [1, 0], [0, 0], [0, 1], [0, 0], [0, 0], [0, 1], [0, 1]], "multi_edge_importances": [[1, 0], [1, 0], [1, 0], [1, 0], [1, 0], [1, 0], [0, 1], [0, 1], [0, 1], [0, 1], [0, 1], [0, 1], [0, 0], [0, 0], [0, 0], [0, 0], [0, 0], [0, 0], [0, 0], [0, 0], [0, 0], [0, 0], [0, 0], [0, 0]], "original_value": -0.02, "class": 0, "node_positions": [[-0.24194800971792577, 0.07554869560386047], [-0.2921441040105208, -0.6806276586445564], [-0.6063585966695098, -0.07529315357688618], [-0.2252132485853077, -0.2656858901465414], [-1.0, 5.0048966045955286e-05], [0.5385104957363042, 0.674592451044093], [0.15632909243216975, -0.05457089386696467], [0.44854780506601705, -0.38293631993295724], [0.4214857249514148, 0.2877923461028575], [0.8007908407973584, 0.42113037445104895]], "node_coordinates": [[411.12831292734063, 482.02304763685186], [393.45336348750936, 130.5], [282.81277781490735, 411.9013277003739], [417.02092391779996, 323.3936209585962], [144.20454545454544, 446.9260570876557], [685.9418182048776, 760.5000000000001], [551.3688583871482, 421.53446664505043], [654.264333502585, 268.88751509627065], [644.735287378516, 580.6885698338975], [778.2954545454545, 642.6733037223723]]}, "label": "0", "name": "2218", "value": -0.02, "input_type": "classification", "classes": {"0": "low", "1": "high"}, "image_width": 900, "image_height": 900, "image_path": "./2218.png"}