{"graph":{"node_indices":[0,1,2,3,4,5,6,7,8,9,10,11,12,13,14,15,16,17,18,19,20,21],"node_attributes":[[1.0,0.0,0.0],[0.0,1.0,1.0],[1.0,0.0,0.0],[1.0,0.0,1.0],[1.0,0.0,0.0],[0.0,1.0,0.0],[0.0,0.0,1.0],[1.0,0.0,0.0],[1.0,0.0,1.0],[0.0,0.0,1.0],[1.0,1.0,0.0],[1.0,0.0,0.0],[1.0,0.0,0.0],[0.0,1.0,1.0],[0.0,1.0,0.0],[0.800000011920929,0.800000011920929,0.800000011920929],[0.0,1.0,0.0],[0.0,0.0,1.0],[1.0,0.0,0.0],[1.0,0.0,1.0],[0.800000011920929,0.800000011920929,0.800000011920929],[0.0,1.0,1.0]],"node_adjacency":[[0,0,0,0,0,0,1,0,0,0,0,0,0,0,0,1,1,0,0,0,1,0],[0,0,0,0,0,1,0,0,0,0,0,0,0,0,1,0,0,0,0,0,0,0],[0,0,0,0,0,0,0,0,0,0,0,0,1,0,0,0,1,0,0,0,0,0],[0,0,0,0,0,0,1,0,0,0,0,0,0,0,0,0,0,0,0,0,1,0],[0,0,0,0,0,0,0,0,0,0,0,0,0,0,0,0,0,0,0,1,0,0],[0,1,0,0,0,0,0,1,0,0,0,0,0,0,0,0,0,0,0,0,0,0],[1,0,0,1,0,0,0,0,0,1,0,0,0,0,0,0,0,0,0,0,0,0],[0,0,0,0,0,1,0,0,0,0,0,1,0,0,0,0,0,0,1,0,0,0],[0,0,0,0,0,0,0,0,0,0,0,0,0,0,0,0,0,1,0,0,0,1],[0,0,0,0,0,0,1,0,0,0,0,0,0,0,0,0,0,0,0,0,0,0],[0,0,0,0,0,0,0,0,0,0,0,0,0,0,0,0,0,0,0,0,1,0],[0,0,0,0,0,0,0,1,0,0,0,0,0,0,0,0,0,0,0,0,0,0],[0,0,1,0,0,0,0,0,0,0,0,0,0,0,0,0,1,0,0,0,0,0],[0,0,0,0,0,0,0,0,0,0,0,0,0,0,0,0,1,0,0,0,0,0],[0,1,0,0,0,0,0,0,0,0,0,0,0,0,0,0,0,0,0,0,0,0],[1,0,0,0,0,0,0,0,0,0,0,0,0,0,0,0,0,0,0,0,0,0],[1,0,1,0,0,0,0,0,0,0,0,0,1,1,0,0,0,0,0,1,0,1],[0,0,0,0,0,0,0,0,1,0,0,0,0,0,0,0,0,0,0,0,0,0],[0,0,0,0,0,0,0,1,0,0,0,0,0,0,0,0,0,0,0,0,1,0],[0,0,0,0,1,0,0,0,0,0,0,0,0,0,0,0,1,0,0,0,0,0],[1,0,0,1,0,0,0,0,0,0,1,0,0,0,0,0,0,0,1,0,0,0],[0,0,0,0,0,0,0,0,1,0,0,0,0,0,0,0,1,0,0,0,0,0]],"edge_indices":[[2,12],[2,16],[12,2],[12,16],[16,12],[16,2],[19,16],[16,19],[0,16],[16,0],[20,0],[0,20],[18,20],[20,18],[21,16],[16,21],[10,20],[20,10],[3,20],[20,3],[7,18],[18,7],[6,0],[0,6],[13,16],[16,13],[5,7],[7,5],[8,21],[21,8],[15,0],[0,15],[1,5],[5,1],[4,19],[19,4],[11,7],[7,11],[17,8],[8,17],[14,1],[1,14],[9,6],[6,9],[6,3],[3,6]],"edge_attributes":[[1.0],[1.0],[1.0],[1.0],[1.0],[1.0],[1.0],[1.0],[1.0],[1.0],[1.0],[1.0],[1.0],[1.0],[1.0],[1.0],[1.0],[1.0],[1.0],[1.0],[1.0],[1.0],[1.0],[1.0],[1.0],[1.0],[1.0],[1.0],[1.0],[1.0],[1.0],[1.0],[1.0],[1.0],[1.0],[1.0],[1.0],[1.0],[1.0],[1.0],[1.0],[1.0],[1.0],[1.0],[1.0],[1.0]],"seed_graph_indices":[-1,-1,0,-1,-1,-1,-1,-1,-1,-1,-1,-1,0,-1,-1,-1,0,-1,-1,-1,-1,-1],"graph_labels":1,"node_importances":[0,0,1,0,0,0,0,0,0,0,0,0,1,0,0,0,1,0,0,0,0,0],"edge_importances":[1,1,1,1,1,1,0,0,0,0,0,0,0,0,0,0,0,0,0,0,0,0,0,0,0,0,0,0,0,0,0,0,0,0,0,0,0,0,0,0,0,0,0,0,0,0],"multi_node_importances":[[0,0],[0,0],[0,1],[0,0],[0,0],[0,0],[0,0],[0,0],[0,0],[0,0],[0,0],[0,0],[0,1],[0,0],[0,0],[0,0],[0,1],[0,0],[0,0],[0,0],[0,0],[0,0]],"multi_edge_importances":[[0,1],[0,1],[0,1],[0,1],[0,1],[0,1],[0,0],[0,0],[0,0],[0,0],[0,0],[0,0],[0,0],[0,0],[0,0],[0,0],[0,0],[0,0],[0,0],[0,0],[0,0],[0,0],[0,0],[0,0],[0,0],[0,0],[0,0],[0,0],[0,0],[0,0],[0,0],[0,0],[0,0],[0,0],[0,0],[0,0],[0,0],[0,0],[0,0],[0,0],[0,0],[0,0],[0,0],[0,0],[0,0],[0,0]],"original_value":1.0541025043385877,"class":1,"node_positions":[[0.1050427826880196,-0.044244967615760224],[-0.829681945275655,-0.23206647371418768],[0.14274425141303276,0.2607375311583879],[-0.005983006840829227,-0.3215554690432236],[0.67439590677511,-0.011525974205559264],[-0.6605610513629074,-0.157281269380591],[0.17052851658981782,-0.24960000806496746],[-0.4994546904074957,-0.04262366195879922],[0.47150119711809635,0.4682209992973133],[0.27193273166659715,-0.4279811498112794],[-0.1771556955016207,-0.31168730975544967],[-0.5980435114766827,0.1344372951315048],[0.25511006825411103,0.28380607168597716],[0.3871179343938878,-0.035384762085377115],[-0.9999999999999999,-0.2900376776082543],[-0.015949114277179585,0.09761049331129172],[0.2767632732734064,0.1057842154490327],[0.5341580027133626,0.6412556316096597],[-0.29995692055631795,-0.0745478000958997],[0.48901056832790957,0.058830242368631123],[-0.09551494384541176,-0.13410912595168442],[0.4039956463307488,0.28196316927923476]],"node_coordinates":[[562.6823856258936,356.5994000429948],[208.70370584890986,245.93396943111435],[576.9598683175167,536.2967108410523],[520.6371061731536,193.20657729784878],[778.2954545454545,375.87760502677156],[272.7495034607434,289.99780968505127],[587.4817227326427,235.6031177124597],[333.7602109434785,357.5546819614937],[701.459569809007,658.5470740896985],[625.8833281495635,130.5],[455.81429734683314,199.0209492492473],[296.42479049422263,461.87993985119306],[619.5126138558941,549.8888176455599],[669.5037703733142,361.8198802781803],[144.20454545454544,211.77702768737166],[516.8629580766116,440.1813922985154],[627.7126461181928,444.99739286663424],[725.1875965318834,760.5],[409.3096802981791,338.7448099332928],[708.090339188648,417.3318621304563],[486.73151246130107,303.6509598701869],[675.8953314504257,548.8029697431853]]},"label":"1","name":"2223","value":1.0541025043385877,"input_type":"classification","classes":{"0":"low","1":"high"},"image_width":900,"image_height":900,"image_path":"./2223.png"}