{"graph":{"node_indices":[0,1,2,3,4,5,6,7,8,9,10,11,12,13,14,15,16,17,18],"node_attributes":[[0.0,1.0,0.0],[0.0,1.0,1.0],[1.0,0.0,1.0],[1.0,0.0,0.0],[0.800000011920929,0.800000011920929,0.800000011920929],[0.0,0.0,1.0],[1.0,0.0,0.0],[0.0,1.0,0.0],[0.0,0.0,1.0],[0.0,1.0,1.0],[1.0,1.0,0.0],[0.800000011920929,0.800000011920929,0.800000011920929],[0.800000011920929,0.800000011920929,0.800000011920929],[1.0,0.0,1.0],[0.0,0.0,1.0],[0.800000011920929,0.800000011920929,0.800000011920929],[1.0,0.0,0.0],[0.0,0.0,1.0],[0.0,1.0,0.0]],"node_adjacency":[[0,0,0,1,1,0,0,0,0,0,0,0,0,0,0,0,0,1,0],[0,0,0,0,0,0,1,1,0,0,0,0,0,0,0,0,0,0,0],[0,0,0,0,1,0,0,0,0,0,0,0,0,0,0,0,0,0,0],[1,0,0,0,1,0,1,0,0,0,0,0,0,0,1,1,1,0,1],[1,0,1,1,0,0,0,0,0,0,0,0,0,0,0,0,0,0,0],[0,0,0,0,0,0,0,0,0,0,1,0,0,0,0,0,0,0,0],[0,1,0,1,0,0,0,0,0,0,0,0,1,1,0,0,0,1,0],[0,1,0,0,0,0,0,0,1,0,0,0,0,0,0,0,0,0,0],[0,0,0,0,0,0,0,1,0,0,1,0,0,0,0,0,0,0,0],[0,0,0,0,0,0,0,0,0,0,0,0,0,0,1,0,0,0,0],[0,0,0,0,0,1,0,0,1,0,0,0,0,0,0,0,0,1,0],[0,0,0,0,0,0,0,0,0,0,0,0,0,0,0,0,1,0,0],[0,0,0,0,0,0,1,0,0,0,0,0,0,0,0,0,0,0,0],[0,0,0,0,0,0,1,0,0,0,0,0,0,0,0,0,0,0,0],[0,0,0,1,0,0,0,0,0,1,0,0,0,0,0,0,0,0,0],[0,0,0,1,0,0,0,0,0,0,0,0,0,0,0,0,0,0,0],[0,0,0,1,0,0,0,0,0,0,0,1,0,0,0,0,0,0,1],[1,0,0,0,0,0,1,0,0,0,0,0,0,0,0,0,0,0,0],[0,0,0,1,0,0,0,0,0,0,0,0,0,0,0,0,1,0,0]],"edge_indices":[[10,5],[10,8],[10,17],[5,10],[8,10],[8,10],[16,3],[16,18],[3,16],[3,18],[18,3],[18,16],[7,8],[8,7],[14,3],[3,14],[9,14],[14,9],[4,3],[3,4],[2,4],[4,2],[6,3],[3,6],[15,3],[3,15],[11,16],[16,11],[0,4],[4,0],[1,7],[7,1],[13,6],[6,13],[12,6],[6,12],[1,6],[6,1],[17,6],[6,17],[17,0],[0,17],[3,0],[0,3]],"edge_attributes":[[1.0],[1.0],[1.0],[1.0],[1.0],[1.0],[1.0],[1.0],[1.0],[1.0],[1.0],[1.0],[1.0],[1.0],[1.0],[1.0],[1.0],[1.0],[1.0],[1.0],[1.0],[1.0],[1.0],[1.0],[1.0],[1.0],[1.0],[1.0],[1.0],[1.0],[1.0],[1.0],[1.0],[1.0],[1.0],[1.0],[1.0],[1.0],[1.0],[1.0],[1.0],[1.0],[1.0],[1.0]],"seed_graph_indices":[-1,-1,-1,1,-1,0,-1,-1,0,-1,0,-1,-1,-1,-1,-1,1,0,1],"graph_labels":0,"node_importances":[0,0,0,1,0,1,0,0,1,0,1,0,0,0,0,0,1,1,1],"edge_importances":[1,1,1,1,1,1,1,1,1,1,1,1,0,0,0,0,0,0,0,0,0,0,0,0,0,0,0,0,0,0,0,0,0,0,0,0,0,0,0,0,0,0,0,0],"multi_node_importances":[[0,0],[0,0],[0,0],[0,1],[0,0],[1,0],[0,0],[0,0],[1,0],[0,0],[1,0],[0,0],[0,0],[0,0],[0,0],[0,0],[0,1],[1,0],[0,1]],"multi_edge_importances":[[1,0],[1,0],[1,0],[1,0],[1,0],[1,0],[0,1],[0,1],[0,1],[0,1],[0,1],[0,1],[0,0],[0,0],[0,0],[0,0],[0,0],[0,0],[0,0],[0,0],[0,0],[0,0],[0,0],[0,0],[0,0],[0,0],[0,0],[0,0],[0,0],[0,0],[0,0],[0,0],[0,0],[0,0],[0,0],[0,0],[0,0],[0,0],[0,0],[0,0],[0,0],[0,0],[0,0],[0,0]],"original_value":-0.9012280428006645,"class":0,"node_positions":[[0.03259894395174236,0.03589222942726851],[-0.4308019762110766,-0.24939919759506776],[-0.4473855636399588,0.5891371932609926],[0.1343333275780374,0.2675713770858759],[-0.17354294417631483,0.33518883549411405],[0.023589728659477612,-1.0],[-0.10637068090683942,-0.07122672021519769],[-0.6325731166697396,-0.5276440141914875],[-0.47529201188902565,-0.8192496242395965],[0.839940610484457,0.10981456872548455],[-0.1369131370846842,-0.6991514814339934],[0.5901116223551136,0.78068366892931],[0.22734785282563333,-0.2898214649216476],[-0.45539841294291084,0.06403331027934796],[0.496607502029202,0.1530294569986146],[-0.035670857684908956,0.5980447521398361],[0.40677695475063685,0.4899507164874454],[-0.05682245185967626,-0.34648997205854715],[0.1994646104308348,0.5796363658272482]],"node_coordinates":[[430.63960466209977,496.99524894648016],[231.09082944797515,396.0600844587067],[223.94963827613395,692.7314896370117],[474.44826098211354,578.9625660908466],[341.8711980697526,602.8853995174057],[426.7600744346239,130.49999999999994],[370.7967834118683,459.0969184050814],[144.20454545454544,297.61798746281215],[211.93261947798172,194.44888587793002],[778.2954545454546,523.1487284052312],[357.6446521640957,236.9392120867529],[670.7145965344728,760.5],[514.5019893686682,381.75881980395894],[220.49916117346092,506.9514703945435],[630.4500396968342,538.4380131261058],[401.24139954865626,695.8829545443334],[591.767389520063,657.6396417935892],[392.1331424698442,361.70968916992945],[502.4949634289579,689.3701282746886]]},"label":"0","name":"2258","value":-0.9012280428006645,"input_type":"classification","classes":{"0":"low","1":"high"},"image_width":900,"image_height":900,"image_path":"./2258.png"}