{"graph": {"node_indices": [0, 1, 2, 3, 4, 5, 6, 7, 8, 9, 10, 11, 12, 13, 14], "node_attributes": [[0.0, 0.0, 1.0], [1.0, 0.0, 0.0], [1.0, 0.0, 1.0], [0.0, 0.0, 1.0], [0.0, 1.0, 1.0], [1.0, 0.0, 0.0], [1.0, 0.0, 0.0], [0.0, 0.0, 1.0], [0.0, 1.0, 0.0], [1.0, 0.0, 0.0], [1.0, 0.0, 1.0], [0.0, 1.0, 1.0], [1.0, 0.0, 0.0], [0.0, 0.0, 1.0], [1.0, 0.0, 1.0]], "node_adjacency": [[0, 1, 0, 0, 1, 0, 0, 1, 0, 1, 0, 0, 0, 0, 0], [1, 0, 0, 0, 0, 0, 0, 0, 0, 0, 0, 0, 0, 0, 0], [0, 0, 0, 0, 0, 0, 0, 0, 0, 0, 0, 0, 1, 1, 0], [0, 0, 0, 0, 0, 0, 1, 1, 0, 0, 0, 0, 0, 1, 0], [1, 0, 0, 0, 0, 0, 0, 0, 1, 0, 0, 0, 0, 0, 0], [0, 0, 0, 0, 0, 0, 0, 0, 0, 0, 1, 0, 0, 0, 0], [0, 0, 0, 1, 0, 0, 0, 0, 0, 0, 0, 0, 0, 0, 0], [1, 0, 0, 1, 0, 0, 0, 0, 0, 0, 0, 0, 0, 0, 1], [0, 0, 0, 0, 1, 0, 0, 0, 0, 0, 0, 1, 0, 0, 0], [1, 0, 0, 0, 0, 0, 0, 0, 0, 0, 0, 0, 0, 0, 0], [0, 0, 0, 0, 0, 1, 0, 0, 0, 0, 0, 0, 1, 1, 0], [0, 0, 0, 0, 0, 0, 0, 0, 1, 0, 0, 0, 0, 1, 0], [0, 0, 1, 0, 0, 0, 0, 0, 0, 0, 1, 0, 0, 0, 0], [0, 0, 1, 1, 0, 0, 0, 0, 0, 0, 1, 1, 0, 0, 0], [0, 0, 0, 0, 0, 0, 0, 1, 0, 0, 0, 0, 0, 0, 0]], "edge_indices": [[13, 3], [3, 13], [3, 7], [7, 3], [7, 0], [0, 7], [14, 7], [7, 14], [10, 13], [13, 10], [6, 3], [3, 6], [11, 13], [13, 11], [1, 0], [0, 1], [12, 10], [10, 12], [5, 10], [10, 5], [2, 13], [13, 2], [4, 0], [0, 4], [9, 0], [0, 9], [8, 4], [4, 8], [11, 8], [8, 11], [12, 2], [2, 12]], "edge_attributes": [[1.0], [1.0], [1.0], [1.0], [1.0], [1.0], [1.0], [1.0], [1.0], [1.0], [1.0], [1.0], [1.0], [1.0], [1.0], [1.0], [1.0], [1.0], [1.0], [1.0], [1.0], [1.0], [1.0], [1.0], [1.0], [1.0], [1.0], [1.0], [1.0], [1.0], [1.0], [1.0]], "seed_graph_indices": [0, -1, -1, 0, -1, -1, -1, 0, -1, -1, -1, -1, -1, 0, -1], "graph_labels": 0, "node_importances": [1, 0, 0, 1, 0, 0, 0, 1, 0, 0, 0, 0, 0, 1, 0], "edge_importances": [1, 1, 1, 1, 1, 1, 0, 0, 0, 0, 0, 0, 0, 0, 0, 0, 0, 0, 0, 0, 0, 0, 0, 0, 0, 0, 0, 0, 0, 0, 0, 0], "multi_node_importances": [[1, 0], [0, 0], [0, 0], [1, 0], [0, 0], [0, 0], [0, 0], [1, 0], [0, 0], [0, 0], [0, 0], [0, 0], [0, 0], [1, 0], [0, 0]], "multi_edge_importances": [[1, 0], [1, 0], [1, 0], [1, 0], [1, 0], [1, 0], [0, 0], [0, 0], [0, 0], [0, 0], [0, 0], [0, 0], [0, 0], [0, 0], [0, 0], [0, 0], [0, 0], [0, 0], [0, 0], [0, 0], [0, 0], [0, 0], [0, 0], [0, 0], [0, 0], [0, 0], [0, 0], [0, 0], [0, 0], [0, 0], [0, 0], [0, 0]], "original_value": -2.92, "class": 0, "node_positions": [[-0.1913386723269682, 0.568399386381733], [-0.10438463691000308, 0.9075619778041197], [0.45271008819212194, -0.4674064709466299], [0.2523567321167586, 0.02468634576250295], [-0.4735139802528301, 0.32556298918283877], [-0.022584082516938147, -0.9999999999999999], [0.0021100336373359595, 0.043412154226692354], [0.1567807406083293, 0.39866417877647736], [-0.5129054263945884, -0.034398825732567646], [-0.461979132954335, 0.7941081854830708], [0.13119577147183206, -0.6954971230774554], [-0.26967592517369854, -0.3058172443862956], [0.46912409278055106, -0.8000916583411855], [0.1136150063519738, -0.33840756730141863], [0.4584893913704588, 0.5792236721681175]], "node_coordinates": [[351.83838073010725, 648.4866368263056], [407.98410984523497, 760.5], [767.6970245715352, 306.39673478912147], [638.3299951568272, 468.9175221260707], [169.63937954732637, 568.2863958824106], [460.80226539600346, 130.5000000000001], [476.74711660028544, 475.10199186792397], [576.6171177336013, 592.4291236049493], [144.2045454545455, 449.40378759213735], [177.08736524114863, 723.0302401736169], [560.0970477947147, 231.06648994547228], [301.25645940966604, 359.7639196657033], [778.2954545454545, 196.5226282084061], [548.7452471413817, 349.000493011455], [771.4286879632239, 652.0615141434098]]}, "label": "0", "name": "2274", "value": -2.92, "input_type": "classification", "classes": {"0": "low", "1": "high"}, "image_width": 900, "image_height": 900, "image_path": "./2274.png"}