{"graph":{"node_indices":[0,1,2,3,4,5,6,7,8,9,10,11,12,13,14,15,16,17,18,19,20,21,22],"node_attributes":[[0.800000011920929,0.800000011920929,0.800000011920929],[0.0,0.0,1.0],[1.0,0.0,0.0],[1.0,0.0,1.0],[0.0,0.0,1.0],[1.0,0.0,1.0],[1.0,1.0,0.0],[0.800000011920929,0.800000011920929,0.800000011920929],[0.0,1.0,1.0],[0.800000011920929,0.800000011920929,0.800000011920929],[1.0,1.0,0.0],[1.0,0.0,0.0],[0.800000011920929,0.800000011920929,0.800000011920929],[0.0,0.0,1.0],[1.0,1.0,0.0],[0.0,0.0,1.0],[0.800000011920929,0.800000011920929,0.800000011920929],[0.800000011920929,0.800000011920929,0.800000011920929],[0.800000011920929,0.800000011920929,0.800000011920929],[0.0,1.0,1.0],[1.0,0.0,0.0],[0.800000011920929,0.800000011920929,0.800000011920929],[1.0,0.0,1.0]],"node_adjacency":[[0,0,0,0,0,0,1,0,0,0,0,0,0,0,0,0,1,0,0,0,0,0,0],[0,0,0,0,0,0,0,0,0,1,0,0,0,1,0,0,0,1,0,0,0,0,0],[0,0,0,0,0,0,0,0,0,0,0,0,0,0,0,0,0,0,0,0,0,0,0],[0,0,0,0,1,0,0,0,0,0,0,0,0,0,1,0,0,0,0,0,0,0,0],[0,0,0,1,0,0,0,0,0,0,0,0,0,0,0,0,0,0,0,0,0,0,0],[0,0,0,0,0,0,0,0,0,0,0,1,1,0,0,0,0,0,0,0,0,0,0],[1,0,0,0,0,0,0,0,0,0,0,0,0,0,0,0,0,0,0,0,0,0,0],[0,0,0,0,0,0,0,0,0,0,0,1,0,0,1,0,0,0,0,0,0,0,0],[0,0,0,0,0,0,0,0,0,0,0,0,0,0,0,0,0,0,1,0,1,0,0],[0,1,0,0,0,0,0,0,0,0,0,0,0,0,0,0,0,0,0,0,0,0,0],[0,0,1,0,0,0,0,0,0,0,0,1,0,0,0,0,0,0,0,0,1,0,1],[0,0,0,0,0,1,0,1,0,0,1,0,0,0,0,0,0,1,0,0,0,0,0],[0,0,0,0,0,1,0,0,0,0,0,0,0,0,1,0,0,0,0,0,0,1,0],[0,1,0,0,0,0,0,0,0,0,0,0,0,0,0,0,0,0,0,0,1,0,0],[0,0,0,1,0,0,0,1,0,0,0,0,1,0,0,0,0,0,0,0,0,0,0],[0,0,0,0,0,0,0,0,0,0,0,0,0,0,0,0,0,0,0,0,0,1,0],[1,0,0,0,0,0,0,0,0,0,0,0,0,0,0,0,0,0,0,0,0,0,1],[0,1,0,0,0,0,0,0,0,0,0,1,0,0,0,0,0,0,0,0,0,0,0],[0,0,0,0,0,0,0,0,1,0,0,0,0,0,0,0,0,0,0,0,0,0,0],[0,0,0,0,0,0,0,0,0,0,0,0,0,0,0,0,0,0,0,0,0,0,1],[0,0,0,0,0,0,0,0,1,0,1,0,0,1,0,0,0,0,0,0,0,0,0],[0,0,0,0,0,0,0,0,0,0,0,0,1,0,0,1,0,0,0,0,0,0,0],[0,0,0,0,0,0,0,0,0,0,1,0,0,0,0,0,1,0,0,1,0,0,0]],"edge_indices":[[10,11],[10,20],[10,2],[11,10],[20,10],[20,10],[8,20],[20,8],[5,11],[11,5],[22,10],[10,22],[16,22],[22,16],[17,11],[11,17],[12,5],[5,12],[14,12],[12,14],[21,12],[12,21],[1,17],[17,1],[9,1],[1,9],[0,16],[16,0],[3,14],[14,3],[6,0],[0,6],[15,21],[21,15],[18,8],[8,18],[19,22],[22,19],[13,20],[20,13],[7,11],[11,7],[4,3],[3,4],[7,14],[14,7],[1,13],[13,1]],"edge_attributes":[[1.0],[1.0],[1.0],[1.0],[1.0],[1.0],[1.0],[1.0],[1.0],[1.0],[1.0],[1.0],[1.0],[1.0],[1.0],[1.0],[1.0],[1.0],[1.0],[1.0],[1.0],[1.0],[1.0],[1.0],[1.0],[1.0],[1.0],[1.0],[1.0],[1.0],[1.0],[1.0],[1.0],[1.0],[1.0],[1.0],[1.0],[1.0],[1.0],[1.0],[1.0],[1.0],[1.0],[1.0],[1.0],[1.0],[1.0],[1.0]],"seed_graph_indices":[-1,-1,0,-1,-1,-1,-1,-1,-1,-1,0,0,-1,-1,-1,-1,-1,-1,-1,-1,0,-1,-1],"graph_labels":1,"node_importances":[0,0,1,0,0,0,0,0,0,0,1,1,0,0,0,0,0,0,0,0,1,0,0],"edge_importances":[1,1,1,1,1,1,0,0,0,0,0,0,0,0,0,0,0,0,0,0,0,0,0,0,0,0,0,0,0,0,0,0,0,0,0,0,0,0,0,0,0,0,0,0,0,0,0,0],"multi_node_importances":[[0,0],[0,0],[0,1],[0,0],[0,0],[0,0],[0,0],[0,0],[0,0],[0,0],[0,1],[0,1],[0,0],[0,0],[0,0],[0,0],[0,0],[0,0],[0,0],[0,0],[0,1],[0,0],[0,0]],"multi_edge_importances":[[0,1],[0,1],[0,1],[0,1],[0,1],[0,1],[0,0],[0,0],[0,0],[0,0],[0,0],[0,0],[0,0],[0,0],[0,0],[0,0],[0,0],[0,0],[0,0],[0,0],[0,0],[0,0],[0,0],[0,0],[0,0],[0,0],[0,0],[0,0],[0,0],[0,0],[0,0],[0,0],[0,0],[0,0],[0,0],[0,0],[0,0],[0,0],[0,0],[0,0],[0,0],[0,0],[0,0],[0,0],[0,0],[0,0],[0,0],[0,0]],"original_value":1.8919901512566104,"class":1,"node_positions":[[0.5891046100731828,0.6136511425433714],[-0.05461097524870576,-0.5491343581394335],[0.37441490579151154,-0.04022916807077258],[-0.7785633433734771,-0.04228413570038332],[-1.0,-0.10207461599607705],[-0.21554803344387813,0.16579167305637024],[0.7513151515051514,0.7730028128259498],[-0.32526522894070803,-0.06682319527974732],[0.5179886318384197,-0.42104881203276445],[-0.13315499830702776,-0.7770823681171012],[0.18375842614139865,-0.02603311674870036],[-0.08082741621996642,-0.04857711552997295],[-0.4534621616075304,0.25261443140790607],[0.1890777371427155,-0.5169118431463509],[-0.5502162778524095,0.03652219309478296],[-0.7047748160234634,0.6496083902006677],[0.43728709263013726,0.431134581990067],[-0.1269948389418947,-0.3090842667673806],[0.7003546789423901,-0.5694614185594611],[0.603051197199827,0.175299658950597],[0.2967616831369018,-0.29075976904848244],[-0.5700326680503417,0.4635135512720543],[0.350336643607767,0.1983657477948607]],"node_coordinates":[[719.5646032807198,695.7348157944793],[486.49735645084934,223.14474498011907],[641.832854290011,429.97871364511934],[224.3791335552014,429.1435146363351],[144.20454545454544,404.8429129343239],[428.22758961323103,513.7116152338795],[778.2954545454545,760.5],[388.502771281306,419.17012238340493],[693.8159564703415,275.20246092970865],[458.05927039768807,130.5],[572.8027083442562,435.7484045258904],[477.0052859492564,426.5858633914987],[342.08707647759877,548.9989261726176],[574.7286476851358,236.24091846478632],[307.05574275375386,461.17271390314545],[251.09541836986628,710.3488939771473],[664.5967081142497,621.5547419751643],[460.2896519761407,320.7081301564008],[759.8444222756475,214.8832325019297],[724.6141822227218,517.5759390704047],[613.7172963879498,328.1557425230208],[299.88091024876024,634.7145030634174],[633.1149446982977,526.950672891836]]},"label":"1","name":"2275","value":1.8919901512566104,"input_type":"classification","classes":{"0":"low","1":"high"},"image_width":900,"image_height":900,"image_path":"./2275.png"}