{"graph":{"node_indices":[0,1,2,3,4,5,6,7,8,9,10,11,12,13,14,15,16,17,18,19,20,21,22,23,24],"node_attributes":[[1.0,0.0,0.0],[0.0,0.0,1.0],[1.0,0.0,0.0],[1.0,0.0,0.0],[0.800000011920929,0.800000011920929,0.800000011920929],[0.0,1.0,0.0],[0.0,0.0,1.0],[0.0,1.0,0.0],[0.0,0.0,1.0],[1.0,1.0,0.0],[0.0,1.0,1.0],[1.0,0.0,0.0],[1.0,1.0,0.0],[1.0,0.0,1.0],[0.0,1.0,0.0],[0.0,1.0,0.0],[0.0,1.0,0.0],[0.0,1.0,0.0],[1.0,0.0,1.0],[0.800000011920929,0.800000011920929,0.800000011920929],[1.0,1.0,0.0],[0.0,0.0,1.0],[1.0,0.0,0.0],[1.0,1.0,0.0],[1.0,0.0,0.0]],"node_adjacency":[[0,0,1,1,0,0,0,0,1,0,0,0,0,0,0,0,0,0,0,0,0,0,0,0,1],[0,0,0,0,0,0,0,0,0,0,0,0,0,0,0,1,1,0,0,0,0,0,0,1,0],[1,0,0,0,0,1,0,0,0,0,0,0,0,0,0,0,0,0,0,0,0,0,0,0,0],[1,0,0,0,0,0,0,0,0,0,0,0,0,0,0,0,0,0,0,0,0,0,0,0,0],[0,0,0,0,0,0,0,0,0,0,0,0,0,1,0,0,0,0,0,0,0,0,0,0,0],[0,0,1,0,0,0,0,0,0,0,0,0,0,0,0,0,0,0,0,0,1,0,0,0,0],[0,0,0,0,0,0,0,0,0,0,0,0,0,1,0,0,0,0,0,0,0,0,0,0,0],[0,0,0,0,0,0,0,0,0,0,1,0,0,0,1,0,0,0,0,0,0,1,0,0,0],[1,0,0,0,0,0,0,0,0,0,0,1,0,0,0,0,0,0,0,0,1,0,0,0,0],[0,0,0,0,0,0,0,0,0,0,1,0,0,0,0,0,0,0,0,0,0,0,0,0,0],[0,0,0,0,0,0,0,1,0,1,0,0,0,0,0,0,0,0,0,0,0,0,1,0,0],[0,0,0,0,0,0,0,0,1,0,0,0,0,0,0,0,0,0,0,0,0,0,0,0,0],[0,0,0,0,0,0,0,0,0,0,0,0,0,0,0,1,0,0,0,0,0,0,0,0,0],[0,0,0,0,1,0,1,0,0,0,0,0,0,0,0,0,0,0,0,0,0,0,0,0,1],[0,0,0,0,0,0,0,1,0,0,0,0,0,0,0,0,1,0,1,0,0,0,0,0,0],[0,1,0,0,0,0,0,0,0,0,0,0,1,0,0,0,0,0,0,0,0,0,0,0,0],[0,1,0,0,0,0,0,0,0,0,0,0,0,0,1,0,0,1,0,0,0,0,0,0,0],[0,0,0,0,0,0,0,0,0,0,0,0,0,0,0,0,1,0,0,0,0,0,0,0,0],[0,0,0,0,0,0,0,0,0,0,0,0,0,0,1,0,0,0,0,1,0,1,0,0,0],[0,0,0,0,0,0,0,0,0,0,0,0,0,0,0,0,0,0,1,0,0,0,0,0,0],[0,0,0,0,0,1,1,0,1,0,0,0,0,0,0,0,0,0,0,0,0,1,0,0,0],[0,0,0,0,0,0,0,1,0,0,0,0,0,0,0,0,0,0,1,0,1,0,0,0,0],[0,0,0,0,0,0,0,0,0,0,1,0,0,0,0,0,0,0,0,0,0,0,0,0,0],[0,1,0,0,0,0,0,0,0,0,0,0,0,0,0,0,0,0,0,0,0,0,0,0,0],[1,0,0,0,0,0,0,0,0,0,0,0,0,1,0,0,0,0,0,0,0,0,0,0,0]],"edge_indices":[[20,21],[20,8],[20,6],[21,20],[8,20],[8,20],[7,21],[21,7],[5,20],[20,5],[11,8],[8,11],[13,6],[6,13],[10,7],[7,10],[14,7],[7,14],[18,14],[14,18],[0,8],[8,0],[22,10],[10,22],[16,14],[14,16],[9,10],[10,9],[1,16],[16,1],[23,1],[1,23],[4,13],[13,4],[2,0],[0,2],[17,16],[16,17],[24,13],[13,24],[3,0],[0,3],[15,1],[1,15],[19,18],[18,19],[12,15],[15,12],[18,21],[21,18],[5,2],[2,5],[24,0],[0,24]],"edge_attributes":[[1.0],[1.0],[1.0],[1.0],[1.0],[1.0],[1.0],[1.0],[1.0],[1.0],[1.0],[1.0],[1.0],[1.0],[1.0],[1.0],[1.0],[1.0],[1.0],[1.0],[1.0],[1.0],[1.0],[1.0],[1.0],[1.0],[1.0],[1.0],[1.0],[1.0],[1.0],[1.0],[1.0],[1.0],[1.0],[1.0],[1.0],[1.0],[1.0],[1.0],[1.0],[1.0],[1.0],[1.0],[1.0],[1.0],[1.0],[1.0],[1.0],[1.0],[1.0],[1.0],[1.0],[1.0]],"seed_graph_indices":[-1,-1,-1,-1,-1,-1,0,-1,0,-1,-1,-1,-1,-1,-1,-1,-1,-1,-1,-1,0,0,-1,-1,-1],"graph_labels":0,"node_importances":[0,0,0,0,0,0,1,0,1,0,0,0,0,0,0,0,0,0,0,0,1,1,0,0,0],"edge_importances":[1,1,1,1,1,1,0,0,0,0,0,0,0,0,0,0,0,0,0,0,0,0,0,0,0,0,0,0,0,0,0,0,0,0,0,0,0,0,0,0,0,0,0,0,0,0,0,0,0,0,0,0,0,0],"multi_node_importances":[[0,0],[0,0],[0,0],[0,0],[0,0],[0,0],[1,0],[0,0],[1,0],[0,0],[0,0],[0,0],[0,0],[0,0],[0,0],[0,0],[0,0],[0,0],[0,0],[0,0],[1,0],[1,0],[0,0],[0,0],[0,0]],"multi_edge_importances":[[1,0],[1,0],[1,0],[1,0],[1,0],[1,0],[0,0],[0,0],[0,0],[0,0],[0,0],[0,0],[0,0],[0,0],[0,0],[0,0],[0,0],[0,0],[0,0],[0,0],[0,0],[0,0],[0,0],[0,0],[0,0],[0,0],[0,0],[0,0],[0,0],[0,0],[0,0],[0,0],[0,0],[0,0],[0,0],[0,0],[0,0],[0,0],[0,0],[0,0],[0,0],[0,0],[0,0],[0,0],[0,0],[0,0],[0,0],[0,0],[0,0],[0,0],[0,0],[0,0],[0,0],[0,0]],"original_value":-2.034896064630239,"class":0,"node_positions":[[-0.6982749344498553,-0.2851208762474324],[0.6292724219054219,0.5609317143370367],[-0.6827143744638489,-0.05025467496994005],[-0.9338194968169139,-0.2703023838718498],[-0.401658038816905,-0.861392060138306],[-0.4441098100309713,-0.004434220425519895],[-0.22299662591320552,-0.43657001789521555],[0.23405737892668482,-0.02187235455182019],[-0.4587978313354541,-0.23945443900701915],[0.6562592999131742,-0.2260760395402538],[0.4229647696049762,-0.19082204839828945],[-0.4749917549530012,-0.4586476651622253],[0.7777147180832992,1.0],[-0.41358966105000733,-0.6258066398944478],[0.27352169259721837,0.234608068307922],[0.6903916157014055,0.7943869913434187],[0.4102803113508002,0.44623392699000336],[0.2992088033772467,0.6652002129382815],[0.021318108865965416,0.21431921606794282],[-0.11660053446664806,0.41667892870886414],[-0.24169531385231377,-0.16976434167088883],[-0.02393479645382976,-0.03760409494596476],[0.5133241912468539,-0.41376586172255475],[0.8620638734528421,0.5071561405078557],[-0.6771940124229339,-0.5476274807595971]],"node_coordinates":[[227.37067314150875,325.5426530906524],[696.1013958532559,611.8945418102224],[232.8647992027175,405.0346150332782],[144.20454545454544,330.5580662303879],[332.1002341571383,130.5],[317.11135311549066,420.54283975453325],[395.1820464858289,274.2837263543828],[556.5587785333195,414.6407921768978],[311.92530321053096,340.99874967426126],[705.6299288820409,345.52675419547745],[623.2582430264936,357.4586920687846],[306.20754897415384,266.81140600012986],[748.5134355709763,760.5],[327.8874142636166,210.23538618328627],[570.4928473855962,501.4482250987034],[717.6813747085516,690.9089674455679],[618.779611619317,573.0743450466981],[579.562458305809,647.1848793621637],[481.4447486440202,494.58133381614516],[432.7484026679307,563.071267610269],[388.5799094927482,364.5858070502876],[465.46684253482584,409.3162844278024],[655.1623681842541,282.0019382756848],[778.2954545454546,593.6938562921663],[234.8139298884752,236.69562060122848]]},"label":"0","name":"2280","value":-2.034896064630239,"input_type":"classification","classes":{"0":"low","1":"high"},"image_width":900,"image_height":900,"image_path":"./2280.png"}