{"graph":{"node_indices":[0,1,2,3,4,5,6,7,8,9,10,11,12,13,14,15,16,17,18,19,20,21,22,23,24],"node_attributes":[[0.0,1.0,1.0],[0.0,1.0,1.0],[0.0,1.0,1.0],[1.0,0.0,0.0],[0.0,1.0,0.0],[1.0,0.0,0.0],[1.0,0.0,1.0],[0.0,0.0,1.0],[0.800000011920929,0.800000011920929,0.800000011920929],[0.0,1.0,0.0],[1.0,0.0,0.0],[1.0,0.0,0.0],[0.0,1.0,1.0],[1.0,0.0,0.0],[0.0,0.0,1.0],[0.0,1.0,0.0],[0.800000011920929,0.800000011920929,0.800000011920929],[1.0,0.0,0.0],[1.0,0.0,0.0],[1.0,0.0,1.0],[0.0,1.0,1.0],[1.0,0.0,0.0],[0.0,1.0,0.0],[1.0,1.0,0.0],[1.0,0.0,1.0]],"node_adjacency":[[0,0,0,0,0,0,1,0,0,0,0,1,0,1,0,0,0,0,0,0,0,0,0,0,0],[0,0,0,0,0,0,0,1,0,0,0,1,0,0,0,0,0,1,0,0,0,0,0,0,1],[0,0,0,0,0,0,0,0,0,1,0,0,0,0,0,0,0,0,0,0,0,0,0,0,1],[0,0,0,0,0,0,0,0,0,0,0,0,0,0,1,1,0,0,1,0,0,0,0,0,0],[0,0,0,0,0,0,1,0,0,0,0,0,0,0,0,0,0,0,0,0,0,0,0,0,0],[0,0,0,0,0,0,0,0,1,0,0,0,0,0,0,0,0,0,0,0,0,0,0,1,0],[1,0,0,0,1,0,0,0,0,0,0,0,0,0,0,0,0,0,0,0,0,0,0,0,0],[0,1,0,0,0,0,0,0,0,0,0,0,0,0,0,0,0,0,0,0,0,0,0,0,0],[0,0,0,0,0,1,0,0,0,0,0,0,0,0,0,0,0,0,0,0,0,0,0,0,0],[0,0,1,0,0,0,0,0,0,0,0,0,0,0,0,0,0,0,0,0,0,0,0,0,0],[0,0,0,0,0,0,0,0,0,0,0,0,0,0,0,0,1,0,0,1,1,0,0,0,0],[1,1,0,0,0,0,0,0,0,0,0,0,1,0,0,0,0,0,0,0,0,0,0,0,0],[0,0,0,0,0,0,0,0,0,0,0,1,0,0,0,0,0,0,0,0,0,0,0,0,0],[1,0,0,0,0,0,0,0,0,0,0,0,0,0,0,0,0,0,0,0,0,0,0,1,0],[0,0,0,1,0,0,0,0,0,0,0,0,0,0,0,0,0,1,0,0,0,0,0,0,0],[0,0,0,1,0,0,0,0,0,0,0,0,0,0,0,0,0,0,1,0,0,1,0,0,0],[0,0,0,0,0,0,0,0,0,0,1,0,0,0,0,0,0,0,0,0,0,0,1,0,0],[0,1,0,0,0,0,0,0,0,0,0,0,0,0,1,0,0,0,0,0,0,0,0,0,0],[0,0,0,1,0,0,0,0,0,0,0,0,0,0,0,1,0,0,0,0,0,0,0,0,0],[0,0,0,0,0,0,0,0,0,0,1,0,0,0,0,0,0,0,0,0,0,0,0,1,0],[0,0,0,0,0,0,0,0,0,0,1,0,0,0,0,0,0,0,0,0,0,0,0,0,0],[0,0,0,0,0,0,0,0,0,0,0,0,0,0,0,1,0,0,0,0,0,0,0,0,0],[0,0,0,0,0,0,0,0,0,0,0,0,0,0,0,0,1,0,0,0,0,0,0,0,1],[0,0,0,0,0,1,0,0,0,0,0,0,0,1,0,0,0,1,0,1,0,0,0,0,0],[0,1,1,0,0,0,0,0,0,0,0,0,0,0,0,0,0,0,0,0,0,0,1,0,0]],"edge_indices":[[23,5],[23,13],[23,17],[5,23],[13,23],[13,23],[18,3],[18,15],[3,18],[3,15],[15,3],[15,18],[1,17],[17,1],[14,17],[17,14],[24,1],[1,24],[7,1],[1,7],[0,13],[13,0],[2,24],[24,2],[22,24],[24,22],[11,1],[1,11],[6,0],[0,6],[12,11],[11,12],[19,23],[23,19],[8,5],[5,8],[10,19],[19,10],[21,15],[15,21],[20,10],[10,20],[16,10],[10,16],[9,2],[2,9],[4,6],[6,4],[14,3],[3,14],[16,22],[22,16],[11,0],[0,11]],"edge_attributes":[[1.0],[1.0],[1.0],[1.0],[1.0],[1.0],[1.0],[1.0],[1.0],[1.0],[1.0],[1.0],[1.0],[1.0],[1.0],[1.0],[1.0],[1.0],[1.0],[1.0],[1.0],[1.0],[1.0],[1.0],[1.0],[1.0],[1.0],[1.0],[1.0],[1.0],[1.0],[1.0],[1.0],[1.0],[1.0],[1.0],[1.0],[1.0],[1.0],[1.0],[1.0],[1.0],[1.0],[1.0],[1.0],[1.0],[1.0],[1.0],[1.0],[1.0],[1.0],[1.0],[1.0],[1.0]],"seed_graph_indices":[-1,-1,-1,1,-1,0,-1,-1,-1,-1,-1,-1,-1,0,-1,1,-1,0,1,-1,-1,-1,-1,0,-1],"graph_labels":1,"node_importances":[0,0,0,1,0,1,0,0,0,0,0,0,0,1,0,1,0,1,1,0,0,0,0,1,0],"edge_importances":[1,1,1,1,1,1,1,1,1,1,1,1,0,0,0,0,0,0,0,0,0,0,0,0,0,0,0,0,0,0,0,0,0,0,0,0,0,0,0,0,0,0,0,0,0,0,0,0,0,0,0,0,0,0],"multi_node_importances":[[0,0],[0,0],[0,0],[0,1],[0,0],[0,1],[0,0],[0,0],[0,0],[0,0],[0,0],[0,0],[0,0],[0,1],[0,0],[0,1],[0,0],[0,1],[0,1],[0,0],[0,0],[0,0],[0,0],[0,1],[0,0]],"multi_edge_importances":[[0,1],[0,1],[0,1],[0,1],[0,1],[0,1],[0,1],[0,1],[0,1],[0,1],[0,1],[0,1],[0,0],[0,0],[0,0],[0,0],[0,0],[0,0],[0,0],[0,0],[0,0],[0,0],[0,0],[0,0],[0,0],[0,0],[0,0],[0,0],[0,0],[0,0],[0,0],[0,0],[0,0],[0,0],[0,0],[0,0],[0,0],[0,0],[0,0],[0,0],[0,0],[0,0],[0,0],[0,0],[0,0],[0,0],[0,0],[0,0],[0,0],[0,0],[0,0],[0,0],[0,0],[0,0]],"original_value":2.580093748260297,"class":1,"node_positions":[[0.3522411739457577,0.046717339458993895],[0.1037305170366258,-0.19619661531619936],[0.06127076040803542,-0.6592043097165864],[0.04665684015385824,0.5679535932965254],[0.804333985352209,0.13816348623118732],[-0.35607728285808443,0.2329207779904525],[0.5821509801605596,0.11268181741447214],[0.23959159711045278,-0.3556230587735324],[-0.5507480647124012,0.35088109294130415],[0.1096671899208726,-0.8741500298548872],[-0.5302950487026099,-0.24844525662817987],[0.35031223532509637,-0.16615116836458532],[0.5538049588341348,-0.28845369468217014],[0.10498132066074568,0.11488358720494296],[0.023484429043402654,0.32752108155134807],[-0.005089135772160035,0.7864331582568139],[-0.45205271363454647,-0.470752796843949],[-0.011121016103321835,0.045276114044740155],[0.1833225825734104,0.7385273757292861],[-0.3788847064546441,-0.06497380328722425],[-0.7561026594880158,-0.2723675682871851],[-0.049455342789973974,1.0],[-0.23225437865747903,-0.5143168911784453],[-0.18052839612169294,0.07681291899550138],[-0.012939825230231518,-0.42813715018262377]],"node_coordinates":[[594.5853739560987,440.05176129237907],[493.60187752300567,358.3956563538534],[476.34815192675865,202.7545161966647],[470.40971539362914,615.266570505423],[778.2954545454545,470.79160151261084],[306.7567743870301,502.64449101311646],[688.0103255641695,462.2258777984995],[548.8096785311053,304.8040773563616],[227.65136921239005,542.2971320691746],[496.01427300128086,130.50000000000006],[235.96255028993224,340.83215103027135],[593.8015405030712,368.49550496681763],[676.4917839486441,327.3832192091804],[494.1101475701972,462.966007961987],[460.9934950841134,534.444608556523],[449.3824900812648,688.7089970627244],[267.7566981246133,266.10294146598756],[446.93140660064995,439.567289933888],[525.9444948022932,672.6053540717312],[297.48886850300437,402.50651741691104],[144.20454545454538,332.79060894180776],[431.35406923261087,760.5],[357.0728049355678,251.45876731048642],[378.09190583799204,450.16846209325774],[446.19232479520883,280.4282926753108]]},"label":"1","name":"2331","value":2.580093748260297,"input_type":"classification","classes":{"0":"low","1":"high"},"image_width":900,"image_height":900,"image_path":"./2331.png"}