{"graph": {"node_indices": [0, 1, 2, 3, 4, 5, 6, 7, 8, 9, 10], "node_attributes": [[0.0, 1.0, 0.0], [0.0, 1.0, 0.0], [0.0, 1.0, 0.0], [1.0, 0.0, 1.0], [1.0, 1.0, 0.0], [1.0, 0.0, 1.0], [1.0, 1.0, 0.0], [0.0, 1.0, 0.0], [0.0, 1.0, 1.0], [0.0, 0.0, 1.0], [0.0, 1.0, 0.0]], "node_adjacency": [[0, 0, 0, 0, 0, 0, 0, 0, 0, 0, 1], [0, 0, 0, 1, 1, 0, 1, 0, 0, 0, 1], [0, 0, 0, 0, 0, 0, 0, 0, 0, 1, 0], [0, 1, 0, 0, 0, 1, 0, 1, 0, 1, 0], [0, 1, 0, 0, 0, 0, 0, 0, 0, 0, 1], [0, 0, 0, 1, 0, 0, 0, 0, 1, 0, 0], [0, 1, 0, 0, 0, 0, 0, 0, 0, 0, 0], [0, 0, 0, 1, 0, 0, 0, 0, 0, 0, 0], [0, 0, 0, 0, 0, 1, 0, 0, 0, 0, 0], [0, 0, 1, 1, 0, 0, 0, 0, 0, 0, 0], [1, 1, 0, 0, 1, 0, 0, 0, 0, 0, 0]], "edge_indices": [[9, 3], [3, 9], [1, 3], [3, 1], [5, 3], [3, 5], [10, 1], [1, 10], [7, 3], [3, 7], [4, 1], [1, 4], [8, 5], [5, 8], [0, 10], [10, 0], [2, 9], [9, 2], [6, 1], [1, 6], [4, 10], [10, 4]], "edge_attributes": [[1.0], [1.0], [1.0], [1.0], [1.0], [1.0], [1.0], [1.0], [1.0], [1.0], [1.0], [1.0], [1.0], [1.0], [1.0], [1.0], [1.0], [1.0], [1.0], [1.0], [1.0], [1.0]], "seed_graph_indices": [-1, -1, -1, -1, -1, -1, -1, -1, -1, -1, -1], "graph_labels": 0, "node_importances": [0, 0, 0, 0, 0, 0, 0, 0, 0, 0, 0], "edge_importances": [0, 0, 0, 0, 0, 0, 0, 0, 0, 0, 0, 0, 0, 0, 0, 0, 0, 0, 0, 0, 0, 0], "multi_node_importances": [[0, 0], [0, 0], [0, 0], [0, 0], [0, 0], [0, 0], [0, 0], [0, 0], [0, 0], [0, 0], [0, 0]], "multi_edge_importances": [[0, 0], [0, 0], [0, 0], [0, 0], [0, 0], [0, 0], [0, 0], [0, 0], [0, 0], [0, 0], [0, 0], [0, 0], [0, 0], [0, 0], [0, 0], [0, 0], [0, 0], [0, 0], [0, 0], [0, 0], [0, 0], [0, 0]], "original_value": -0.09000000000000001, "class": 0, "node_positions": [[0.8256094334490586, -0.768426606957184], [0.2921871851369307, 0.0018487194221755516], [-0.8345196603428976, -0.6400839616316315], [-0.20512654709526532, 0.07866008233472128], [0.7259405330127171, -0.08199767328695909], [-0.30147979271226616, 0.5732894723965066], [0.5721410828874243, 0.416823029746162], [-0.6512573897993513, 0.1706644750865714], [-0.4687972157644299, 1.0], [-0.4905529150598983, -0.3348884429581675], [0.5358552862879783, -0.4158890941521946]], "node_coordinates": [[778.2954545454545, 130.5], [574.5533482078247, 404.9097231459183], [144.20454545454544, 176.22192379203202], [384.6029896762344, 432.27368523771656], [740.2266417512544, 375.03953956072314], [347.80060043095557, 608.4848519963432], [681.4825154587179, 552.7438568756429], [214.20207767391872, 465.0501472099769], [283.8932469084889, 760.5], [275.58359725789325, 284.9474858299806], [667.6230548668455, 256.09109447538447]]}, "label": "0", "name": "2344", "value": -0.09000000000000001, "input_type": "classification", "classes": {"0": "low", "1": "high"}, "image_width": 900, "image_height": 900, "image_path": "./2344.png"}