{"graph": {"node_indices": [0, 1, 2, 3, 4, 5, 6, 7, 8, 9, 10, 11, 12, 13, 14], "node_attributes": [[1.0, 0.0, 0.0], [1.0, 0.0, 1.0], [0.0, 1.0, 1.0], [1.0, 0.0, 0.0], [0.0, 0.0, 1.0], [1.0, 0.0, 1.0], [1.0, 0.0, 1.0], [0.0, 0.0, 1.0], [0.0, 0.0, 1.0], [0.0, 1.0, 1.0], [0.0, 1.0, 1.0], [0.0, 1.0, 0.0], [1.0, 0.0, 0.0], [0.0, 1.0, 1.0], [0.0, 0.0, 1.0]], "node_adjacency": [[0, 0, 0, 0, 0, 0, 0, 0, 0, 0, 0, 0, 1, 0, 1], [0, 0, 0, 0, 0, 0, 0, 0, 1, 0, 0, 0, 0, 0, 0], [0, 0, 0, 0, 0, 0, 1, 0, 0, 0, 1, 0, 0, 0, 0], [0, 0, 0, 0, 0, 0, 0, 0, 0, 0, 0, 1, 0, 0, 0], [0, 0, 0, 0, 0, 0, 0, 0, 1, 0, 1, 0, 0, 0, 0], [0, 0, 0, 0, 0, 0, 0, 0, 0, 1, 0, 0, 0, 0, 0], [0, 0, 1, 0, 0, 0, 0, 0, 0, 0, 0, 0, 0, 0, 1], [0, 0, 0, 0, 0, 0, 0, 0, 0, 0, 0, 0, 1, 1, 0], [0, 1, 0, 0, 1, 0, 0, 0, 0, 1, 0, 1, 0, 1, 1], [0, 0, 0, 0, 0, 1, 0, 0, 1, 0, 0, 0, 0, 0, 0], [0, 0, 1, 0, 1, 0, 0, 0, 0, 0, 0, 0, 0, 0, 0], [0, 0, 0, 1, 0, 0, 0, 0, 1, 0, 0, 0, 0, 0, 1], [1, 0, 0, 0, 0, 0, 0, 1, 0, 0, 0, 0, 0, 0, 0], [0, 0, 0, 0, 0, 0, 0, 1, 1, 0, 0, 0, 0, 0, 0], [1, 0, 0, 0, 0, 0, 1, 0, 1, 0, 0, 1, 0, 0, 0]], "edge_indices": [[8, 14], [8, 11], [14, 8], [14, 11], [11, 14], [11, 8], [0, 14], [14, 0], [9, 8], [8, 9], [1, 8], [8, 1], [4, 8], [8, 4], [10, 4], [4, 10], [12, 0], [0, 12], [7, 12], [12, 7], [6, 14], [14, 6], [13, 8], [8, 13], [2, 10], [10, 2], [5, 9], [9, 5], [3, 11], [11, 3], [2, 6], [6, 2], [7, 13], [13, 7]], "edge_attributes": [[1.0], [1.0], [1.0], [1.0], [1.0], [1.0], [1.0], [1.0], [1.0], [1.0], [1.0], [1.0], [1.0], [1.0], [1.0], [1.0], [1.0], [1.0], [1.0], [1.0], [1.0], [1.0], [1.0], [1.0], [1.0], [1.0], [1.0], [1.0], [1.0], [1.0], [1.0], [1.0], [1.0], [1.0]], "seed_graph_indices": [-1, -1, -1, -1, -1, -1, -1, -1, 0, -1, -1, 0, -1, -1, 0], "graph_labels": 0, "node_importances": [0, 0, 0, 0, 0, 0, 0, 0, 1, 0, 0, 1, 0, 0, 1], "edge_importances": [1, 1, 1, 1, 1, 1, 0, 0, 0, 0, 0, 0, 0, 0, 0, 0, 0, 0, 0, 0, 0, 0, 0, 0, 0, 0, 0, 0, 0, 0, 0, 0, 0, 0], "multi_node_importances": [[0, 0], [0, 0], [0, 0], [0, 0], [0, 0], [0, 0], [0, 0], [0, 0], [1, 0], [0, 0], [0, 0], [1, 0], [0, 0], [0, 0], [1, 0]], "multi_edge_importances": [[1, 0], [1, 0], [1, 0], [1, 0], [1, 0], [1, 0], [0, 0], [0, 0], [0, 0], [0, 0], [0, 0], [0, 0], [0, 0], [0, 0], [0, 0], [0, 0], [0, 0], [0, 0], [0, 0], [0, 0], [0, 0], [0, 0], [0, 0], [0, 0], [0, 0], [0, 0], [0, 0], [0, 0], [0, 0], [0, 0], [0, 0], [0, 0], [0, 0], [0, 0]], "original_value": -1.1400000000000001, "class": 0, "node_positions": [[-0.5958012440158789, 0.2087982006274456], [-0.1745933615572593, 0.48775022050213335], [0.5721845431685797, -0.6798604596556905], [0.15984011787710564, 0.8783553588139822], [0.10606038200004585, -0.43167801498906666], [0.9505349598199303, 0.3538113573006904], [0.30571593749220466, -0.29551001474238975], [-0.821877078531574, -0.2970013958439614], [0.09507442406072025, 0.05840921740866828], [0.5512720898701152, 0.1978481626117677], [0.24855984087201574, -0.8529787305169105], [0.1151165764796453, 0.43438029636852454], [-0.9999999999999999, 0.06041315656491213], [-0.38214968158704127, -0.19480410780633287], [-0.12993750594860962, 0.07206675335622745]], "node_coordinates": [[275.6037574220391, 516.8607092028443], [412.53239218442224, 618.3661168558359], [655.299166557093, 193.4944915395957], [521.2519144556608, 760.5], [503.7688945070709, 283.80342792771904], [778.2954545454545, 569.6282768647573], [568.6740488852118, 333.35240907702456], [202.10974968337388, 332.8097234684063], [500.19751732056585, 462.13697909686243], [648.5008282568307, 512.8761957618001], [550.0934225377972, 130.5], [506.7129333009223, 598.9458025378941], [144.20454545454544, 462.86617496738415], [345.0588126965683, 369.99739964278837], [427.04936966107056, 467.10670025003833]]}, "label": "0", "name": "2350", "value": -1.1400000000000001, "input_type": "classification", "classes": {"0": "low", "1": "high"}, "image_width": 900, "image_height": 900, "image_path": "./2350.png"}