{"graph":{"node_indices":[0,1,2,3,4,5,6,7,8,9,10,11,12,13,14,15,16,17,18,19,20,21,22,23,24],"node_attributes":[[0.0,0.0,1.0],[0.0,1.0,1.0],[0.800000011920929,0.800000011920929,0.800000011920929],[0.800000011920929,0.800000011920929,0.800000011920929],[1.0,0.0,0.0],[0.0,1.0,0.0],[0.0,1.0,0.0],[1.0,0.0,0.0],[1.0,0.0,0.0],[1.0,0.0,1.0],[0.800000011920929,0.800000011920929,0.800000011920929],[0.800000011920929,0.800000011920929,0.800000011920929],[1.0,0.0,1.0],[1.0,1.0,0.0],[0.0,1.0,1.0],[0.0,1.0,0.0],[0.800000011920929,0.800000011920929,0.800000011920929],[1.0,0.0,0.0],[1.0,1.0,0.0],[0.0,1.0,1.0],[0.0,1.0,0.0],[0.0,1.0,0.0],[1.0,0.0,0.0],[0.0,1.0,0.0],[0.800000011920929,0.800000011920929,0.800000011920929]],"node_adjacency":[[0,0,0,0,0,0,0,1,0,0,0,0,0,0,0,0,0,0,0,0,0,0,0,0,0],[0,0,0,0,1,0,0,0,0,1,0,0,0,1,0,0,0,0,0,0,0,0,0,0,0],[0,0,0,0,1,0,0,0,0,0,0,0,0,0,0,0,0,0,0,0,0,0,0,0,0],[0,0,0,0,0,0,0,1,0,0,0,1,0,0,0,0,0,0,0,0,0,0,0,0,0],[0,1,1,0,0,0,0,0,0,0,0,1,0,0,1,0,1,0,1,0,0,0,0,1,1],[0,0,0,0,0,0,0,0,0,0,0,0,0,0,1,0,0,0,0,0,0,0,1,0,0],[0,0,0,0,0,0,0,1,0,0,0,0,0,0,0,0,0,0,0,0,0,1,0,0,0],[1,0,0,1,0,0,1,0,0,0,0,0,0,0,0,1,0,0,0,1,0,0,1,0,0],[0,0,0,0,0,0,0,0,0,0,0,0,0,0,0,0,0,0,0,0,0,0,0,0,0],[0,1,0,0,0,0,0,0,0,0,0,0,0,0,0,0,0,0,0,0,0,0,0,0,0],[0,0,0,0,0,0,0,0,0,0,0,0,0,0,0,0,0,0,0,1,0,0,0,0,0],[0,0,0,1,1,0,0,0,0,0,0,0,0,1,0,0,0,0,0,0,1,0,0,0,0],[0,0,0,0,0,0,0,0,0,0,0,0,0,0,0,0,0,0,0,0,0,0,1,0,0],[0,1,0,0,0,0,0,0,0,0,0,1,0,0,0,0,0,0,0,0,0,0,0,0,0],[0,0,0,0,1,1,0,0,0,0,0,0,0,0,0,0,0,0,0,0,0,0,0,0,0],[0,0,0,0,0,0,0,1,0,0,0,0,0,0,0,0,0,0,0,0,0,0,1,0,0],[0,0,0,0,1,0,0,0,0,0,0,0,0,0,0,0,0,0,1,0,0,0,0,0,0],[0,0,0,0,0,0,0,0,0,0,0,0,0,0,0,0,0,0,1,0,0,0,0,0,0],[0,0,0,0,1,0,0,0,1,0,0,0,0,0,0,0,1,1,0,0,0,0,0,0,0],[0,0,0,0,0,0,0,1,0,0,1,0,0,0,0,0,0,0,0,0,0,0,0,0,0],[0,0,0,0,0,0,0,0,0,0,0,1,0,0,0,0,0,0,0,0,0,0,0,0,0],[0,0,0,0,0,0,1,0,0,0,0,0,0,0,0,0,0,0,0,0,0,0,0,0,0],[0,0,0,0,0,1,0,1,0,0,0,0,1,0,0,1,0,0,0,0,0,0,0,0,0],[0,0,0,0,1,0,0,0,0,0,0,0,0,0,0,0,0,0,0,0,0,0,0,0,0],[0,0,0,0,1,0,0,0,0,0,0,0,0,0,0,0,0,0,0,0,0,0,0,0,0]],"edge_indices":[[18,4],[18,17],[18,8],[4,18],[17,18],[17,18],[7,22],[7,15],[22,7],[22,15],[15,22],[15,7],[1,4],[4,1],[16,18],[18,16],[14,4],[4,14],[2,4],[4,2],[23,4],[4,23],[11,4],[4,11],[5,22],[22,5],[6,7],[7,6],[21,6],[6,21],[19,7],[7,19],[13,11],[11,13],[12,22],[22,12],[0,7],[7,0],[24,4],[4,24],[20,11],[11,20],[10,19],[19,10],[3,7],[7,3],[9,1],[1,9],[14,5],[5,14],[1,13],[13,1],[11,3],[3,11],[4,16],[16,4]],"edge_attributes":[[1.0],[1.0],[1.0],[1.0],[1.0],[1.0],[1.0],[1.0],[1.0],[1.0],[1.0],[1.0],[1.0],[1.0],[1.0],[1.0],[1.0],[1.0],[1.0],[1.0],[1.0],[1.0],[1.0],[1.0],[1.0],[1.0],[1.0],[1.0],[1.0],[1.0],[1.0],[1.0],[1.0],[1.0],[1.0],[1.0],[1.0],[1.0],[1.0],[1.0],[1.0],[1.0],[1.0],[1.0],[1.0],[1.0],[1.0],[1.0],[1.0],[1.0],[1.0],[1.0],[1.0],[1.0],[1.0],[1.0]],"seed_graph_indices":[-1,-1,-1,-1,0,-1,-1,1,0,-1,-1,-1,-1,-1,-1,1,-1,0,0,-1,-1,-1,1,-1,-1],"graph_labels":1,"node_importances":[0,0,0,0,1,0,0,1,1,0,0,0,0,0,0,1,0,1,1,0,0,0,1,0,0],"edge_importances":[1,1,1,1,1,1,1,1,1,1,1,1,0,0,0,0,0,0,0,0,0,0,0,0,0,0,0,0,0,0,0,0,0,0,0,0,0,0,0,0,0,0,0,0,0,0,0,0,0,0,0,0,0,0,0,0],"multi_node_importances":[[0,0],[0,0],[0,0],[0,0],[0,1],[0,0],[0,0],[0,1],[0,1],[0,0],[0,0],[0,0],[0,0],[0,0],[0,0],[0,1],[0,0],[0,1],[0,1],[0,0],[0,0],[0,0],[0,1],[0,0],[0,0]],"multi_edge_importances":[[0,1],[0,1],[0,1],[0,1],[0,1],[0,1],[0,1],[0,1],[0,1],[0,1],[0,1],[0,1],[0,0],[0,0],[0,0],[0,0],[0,0],[0,0],[0,0],[0,0],[0,0],[0,0],[0,0],[0,0],[0,0],[0,0],[0,0],[0,0],[0,0],[0,0],[0,0],[0,0],[0,0],[0,0],[0,0],[0,0],[0,0],[0,0],[0,0],[0,0],[0,0],[0,0],[0,0],[0,0],[0,0],[0,0],[0,0],[0,0],[0,0],[0,0],[0,0],[0,0],[0,0],[0,0],[0,0],[0,0]],"original_value":2.5928882613016953,"class":1,"node_positions":[[0.6319502866907458,-0.4275849270523257],[-0.09445915114545819,0.5858339304208359],[-0.4317623900367355,0.5690527829556865],[0.2494289878410835,-0.06030479907789416],[-0.27217508086068626,0.2764990221938425],[-0.16950770633626164,-0.3263298008524024],[0.6929036786104118,-0.22631636519120024],[0.3773982517513032,-0.35672772615359877],[-0.8913069714762971,0.047311000468964436],[-0.0902058227357604,0.907627089769731],[0.6562334198938747,-0.919327797509053],[0.06414591803114866,0.2101472250878239],[-0.063541940595596,-0.7868985222847203],[0.17547845092356237,0.5095512309912311],[-0.25201278359516116,-0.03290624963206169],[0.2630898048525904,-0.6097701783808754],[-0.4876730648526101,0.10124630881531728],[-0.8986888023520909,0.3884227739346612],[-0.6381907259298492,0.22410426757240487],[0.5227906146189986,-0.6557301806005067],[0.3430422213405915,0.35961988468155526],[1.0,-0.214084346878111],[0.07723976040939078,-0.49178170322764536],[-0.2628941167332096,0.5254780124385044],[-0.5012828383139851,0.4028690675098363]],"node_coordinates":[[655.3806424847279,300.0706941342031],[412.787111496831,649.5341016073111],[300.14046970754833,643.7473561454178],[527.6328631573609,426.7221414332318],[353.4366506453911,542.8642579565587],[387.72370641014993,334.98711705746797],[675.7367912367698,369.47536025673344],[570.3698018215614,324.5048150186484],[146.66980034254442,463.83195415307665],[414.207563797717,760.5],[663.4902989957228,130.5],[465.75526108302716,519.9837629493423],[423.1123012382101,176.16639492428726],[502.9361550271487,623.229072963592],[360.1701023761962,436.17015039670684],[532.1950641178449,237.24664240956304],[281.4683994989045,482.43079558851775],[144.20454545454544,581.4596081141874],[231.2011411527918,524.7966550609713],[618.9254026295744,221.39797444300183],[558.8961751119626,571.5273320871178],[778.2954545454546,373.69340175896474],[470.1281137626381,277.9333281422645],[356.5361448719023,628.721202179069],[276.9232451713738,586.4412116642983]]},"label":"1","name":"2359","value":2.5928882613016953,"input_type":"classification","classes":{"0":"low","1":"high"},"image_width":900,"image_height":900,"image_path":"./2359.png"}