{"graph":{"node_indices":[0,1,2,3,4,5,6,7,8,9,10,11,12,13,14,15,16,17,18],"node_attributes":[[0.0,1.0,0.0],[1.0,0.0,1.0],[0.800000011920929,0.800000011920929,0.800000011920929],[0.800000011920929,0.800000011920929,0.800000011920929],[1.0,0.0,0.0],[0.0,1.0,0.0],[1.0,0.0,0.0],[0.0,1.0,0.0],[0.0,0.0,1.0],[0.0,1.0,0.0],[1.0,0.0,0.0],[0.0,1.0,0.0],[0.800000011920929,0.800000011920929,0.800000011920929],[0.0,1.0,1.0],[0.0,1.0,0.0],[0.800000011920929,0.800000011920929,0.800000011920929],[0.0,1.0,1.0],[1.0,1.0,0.0],[1.0,1.0,0.0]],"node_adjacency":[[0,0,0,0,1,0,0,0,0,0,1,0,0,0,0,0,1,0,0],[0,0,0,0,0,1,0,0,0,0,0,0,0,0,0,0,0,0,0],[0,0,0,0,0,0,1,1,0,0,0,0,0,0,0,0,1,0,0],[0,0,0,0,0,0,0,0,0,0,0,0,0,1,0,0,0,0,1],[1,0,0,0,0,1,1,0,0,0,1,0,0,0,0,0,0,0,0],[0,1,0,0,1,0,0,0,0,0,0,0,0,0,0,0,0,0,0],[0,0,1,0,1,0,0,0,1,0,0,0,0,0,1,0,0,0,0],[0,0,1,0,0,0,0,0,0,0,0,0,0,0,0,0,0,0,1],[0,0,0,0,0,0,1,0,0,0,0,0,0,0,0,0,0,0,0],[0,0,0,0,0,0,0,0,0,0,1,0,0,0,0,0,0,0,0],[1,0,0,0,1,0,0,0,0,1,0,0,1,1,0,0,0,0,0],[0,0,0,0,0,0,0,0,0,0,0,0,0,1,0,0,0,0,0],[0,0,0,0,0,0,0,0,0,0,1,0,0,0,0,0,0,1,0],[0,0,0,1,0,0,0,0,0,0,1,1,0,0,0,0,0,0,0],[0,0,0,0,0,0,1,0,0,0,0,0,0,0,0,0,0,0,0],[0,0,0,0,0,0,0,0,0,0,0,0,0,0,0,0,1,0,0],[1,0,1,0,0,0,0,0,0,0,0,0,0,0,0,1,0,0,1],[0,0,0,0,0,0,0,0,0,0,0,0,1,0,0,0,0,0,0],[0,0,0,1,0,0,0,1,0,0,0,0,0,0,0,0,1,0,0]],"edge_indices":[[10,4],[10,0],[4,10],[4,0],[0,4],[0,10],[5,4],[4,5],[1,5],[5,1],[13,10],[10,13],[9,10],[10,9],[16,0],[0,16],[11,13],[13,11],[12,10],[10,12],[2,16],[16,2],[6,2],[2,6],[15,16],[16,15],[17,12],[12,17],[8,6],[6,8],[18,16],[16,18],[3,18],[18,3],[7,2],[2,7],[14,6],[6,14],[7,18],[18,7],[13,3],[3,13],[6,4],[4,6]],"edge_attributes":[[1.0],[1.0],[1.0],[1.0],[1.0],[1.0],[1.0],[1.0],[1.0],[1.0],[1.0],[1.0],[1.0],[1.0],[1.0],[1.0],[1.0],[1.0],[1.0],[1.0],[1.0],[1.0],[1.0],[1.0],[1.0],[1.0],[1.0],[1.0],[1.0],[1.0],[1.0],[1.0],[1.0],[1.0],[1.0],[1.0],[1.0],[1.0],[1.0],[1.0],[1.0],[1.0],[1.0],[1.0]],"seed_graph_indices":[0,-1,-1,-1,0,-1,-1,-1,-1,-1,0,-1,-1,-1,-1,-1,-1,-1,-1],"graph_labels":1,"node_importances":[1,0,0,0,1,0,0,0,0,0,1,0,0,0,0,0,0,0,0],"edge_importances":[1,1,1,1,1,1,0,0,0,0,0,0,0,0,0,0,0,0,0,0,0,0,0,0,0,0,0,0,0,0,0,0,0,0,0,0,0,0,0,0,0,0,0,0],"multi_node_importances":[[0,1],[0,0],[0,0],[0,0],[0,1],[0,0],[0,0],[0,0],[0,0],[0,0],[0,1],[0,0],[0,0],[0,0],[0,0],[0,0],[0,0],[0,0],[0,0]],"multi_edge_importances":[[0,1],[0,1],[0,1],[0,1],[0,1],[0,1],[0,0],[0,0],[0,0],[0,0],[0,0],[0,0],[0,0],[0,0],[0,0],[0,0],[0,0],[0,0],[0,0],[0,0],[0,0],[0,0],[0,0],[0,0],[0,0],[0,0],[0,0],[0,0],[0,0],[0,0],[0,0],[0,0],[0,0],[0,0],[0,0],[0,0],[0,0],[0,0],[0,0],[0,0],[0,0],[0,0],[0,0],[0,0]],"original_value":0.5548770620338132,"class":1,"node_positions":[[0.030110824354078622,-0.034971202220631915],[-0.6344066354905341,0.8854000269091099],[-0.37802381978124133,-0.4867685142113193],[0.6301235105145822,-0.42089892811446067],[-0.20548757538672568,0.21067789502009535],[-0.4212644566304434,0.5603298233749713],[-0.5250796718749442,-0.09011213619568431],[-0.04180867252315405,-0.810400869271062],[-0.890909469222633,0.0725466318795626],[0.1825160685761483,0.6359556310778023],[0.23646744589812013,0.25611009030797155],[1.0,0.026916107110738566],[0.5152380877400323,0.5594329160607909],[0.5988259862729202,0.0001138733279986518],[-0.8870386066574887,-0.278596303678075],[-0.22430819883097844,-0.8665713056880868],[-0.023187679930345,-0.4466347521224311],[0.7226631706392918,0.8912556270779153],[0.31556969233331406,-0.6637846106452052]],"node_coordinates":[[453.0562407635357,428.54302995864833],[230.2193006149001,758.4013701305948],[316.193809354986,266.6202028312621],[654.2623777183646,290.22766865596793],[374.05150473382736,516.58294354567],[301.6936467741448,641.8971657580652],[266.8806188194451,408.7806814835227],[428.9390104579552,150.63131912084333],[144.20454545454544,467.07710531072934],[504.1632775793824,669.0012326970178],[522.2551420761315,532.8657086449189],[778.2954545454546,450.7232595091268],[615.737105433195,641.5757168159646],[643.7671763765211,441.1174177915031],[145.5025868483026,341.2285105044055],[367.7402632790315,130.5],[435.18330840745114,281.0040250635303],[685.2943008064457,760.4999999999999],[548.7810102732196,203.17815476918847]]},"label":"1","name":"237","value":0.5548770620338132,"input_type":"classification","classes":{"0":"low","1":"high"},"image_width":900,"image_height":900,"image_path":"./237.png"}