{"graph":{"node_indices":[0,1,2,3,4,5,6,7,8,9,10,11,12,13,14,15],"node_attributes":[[0.0,1.0,1.0],[1.0,0.0,0.0],[0.0,1.0,1.0],[1.0,0.0,0.0],[0.0,1.0,0.0],[0.800000011920929,0.800000011920929,0.800000011920929],[0.0,1.0,0.0],[1.0,0.0,0.0],[1.0,0.0,1.0],[1.0,0.0,0.0],[0.800000011920929,0.800000011920929,0.800000011920929],[0.0,1.0,0.0],[0.0,1.0,0.0],[0.0,1.0,1.0],[0.800000011920929,0.800000011920929,0.800000011920929],[0.800000011920929,0.800000011920929,0.800000011920929]],"node_adjacency":[[0,0,0,0,0,0,0,0,0,0,0,0,0,1,0,0],[0,0,0,0,0,0,0,0,0,0,0,0,0,0,0,1],[0,0,0,0,0,0,0,1,0,0,0,0,0,0,0,0],[0,0,0,0,1,0,0,1,0,0,0,1,1,0,0,0],[0,0,0,1,0,0,0,0,0,0,0,0,0,0,0,0],[0,0,0,0,0,0,1,0,0,1,0,1,0,0,0,1],[0,0,0,0,0,1,0,0,0,0,0,0,0,0,0,0],[0,0,1,1,0,0,0,0,0,0,0,1,0,0,0,0],[0,0,0,0,0,0,0,0,0,1,0,0,1,0,0,0],[0,0,0,0,0,1,0,0,1,0,0,0,0,0,0,0],[0,0,0,0,0,0,0,0,0,0,0,0,0,1,1,0],[0,0,0,1,0,1,0,1,0,0,0,0,0,0,0,0],[0,0,0,1,0,0,0,0,1,0,0,0,0,0,0,0],[1,0,0,0,0,0,0,0,0,0,1,0,0,0,1,1],[0,0,0,0,0,0,0,0,0,0,1,0,0,1,0,0],[0,1,0,0,0,1,0,0,0,0,0,0,0,1,0,0]],"edge_indices":[[7,3],[7,11],[3,7],[3,11],[11,3],[11,7],[5,11],[11,5],[9,5],[5,9],[15,5],[5,15],[13,15],[15,13],[12,3],[3,12],[2,7],[7,2],[1,15],[15,1],[4,3],[3,4],[14,13],[13,14],[10,13],[13,10],[0,13],[13,0],[8,9],[9,8],[6,5],[5,6],[14,10],[10,14],[8,12],[12,8]],"edge_attributes":[[1.0],[1.0],[1.0],[1.0],[1.0],[1.0],[1.0],[1.0],[1.0],[1.0],[1.0],[1.0],[1.0],[1.0],[1.0],[1.0],[1.0],[1.0],[1.0],[1.0],[1.0],[1.0],[1.0],[1.0],[1.0],[1.0],[1.0],[1.0],[1.0],[1.0],[1.0],[1.0],[1.0],[1.0],[1.0],[1.0]],"seed_graph_indices":[-1,-1,-1,0,-1,-1,-1,0,-1,-1,-1,0,-1,-1,-1,-1],"graph_labels":1,"node_importances":[0,0,0,1,0,0,0,1,0,0,0,1,0,0,0,0],"edge_importances":[1,1,1,1,1,1,0,0,0,0,0,0,0,0,0,0,0,0,0,0,0,0,0,0,0,0,0,0,0,0,0,0,0,0,0,0],"multi_node_importances":[[0,0],[0,0],[0,0],[0,1],[0,0],[0,0],[0,0],[0,1],[0,0],[0,0],[0,0],[0,1],[0,0],[0,0],[0,0],[0,0]],"multi_edge_importances":[[0,1],[0,1],[0,1],[0,1],[0,1],[0,1],[0,0],[0,0],[0,0],[0,0],[0,0],[0,0],[0,0],[0,0],[0,0],[0,0],[0,0],[0,0],[0,0],[0,0],[0,0],[0,0],[0,0],[0,0],[0,0],[0,0],[0,0],[0,0],[0,0],[0,0],[0,0],[0,0],[0,0],[0,0],[0,0],[0,0]],"original_value":1.3269684606451992,"class":1,"node_positions":[[-0.6828775794806728,-0.7931839735304151],[-0.6842804440686864,-0.2246548828664104],[0.9206744832119255,0.029122986219192713],[0.46238066292063545,0.4717627315908751],[0.7671828567758432,0.6754148102747076],[-0.1270197605706599,0.08154038175332341],[-0.4744317883206648,0.2244244327216657],[0.5898988499769673,0.15929804353150875],[-0.07815688748499347,0.7822138889441075],[-0.2246877408409463,0.4542053859921849],[-0.3188871903855716,-1.0],[0.2526824848616975,0.16150514459532328],[0.2860115039021248,0.8052971711181226],[-0.32557078817524693,-0.6500174253841979],[-0.06302600004032866,-0.9070627907113021],[-0.2998926622814231,-0.2698659042486858]],"node_coordinates":[[144.7587938429735,202.6732126767472],[144.20454545454544,401.0745245762646],[778.2954545454545,489.63615314454466],[597.2312139242965,644.1054804362084],[717.6534743313392,715.1745607092088],[364.3689422196293,507.92840979614584],[227.11224749215123,557.7910881131473],[647.6115216711175,535.0637356050908],[383.6738479768156,752.4445573824155],[325.78195304879205,637.9784405758821],[288.5653224865736,130.49999999999994],[514.3829631105519,535.8339543216813],[527.5507023555792,760.5],[285.924744532379,252.63447488614514],[389.6518091095909,162.93257829713207],[296.06974356942595,385.29709805252367]]},"label":"1","name":"2377","value":1.3269684606451992,"input_type":"classification","classes":{"0":"low","1":"high"},"image_width":900,"image_height":900,"image_path":"./2377.png"}