{"graph": {"node_indices": [0, 1, 2, 3, 4, 5, 6, 7, 8, 9, 10, 11, 12, 13, 14], "node_attributes": [[1.0, 0.0, 0.0], [1.0, 0.0, 0.0], [0.0, 1.0, 1.0], [0.0, 1.0, 1.0], [0.0, 0.0, 1.0], [0.0, 0.0, 1.0], [0.0, 1.0, 0.0], [1.0, 0.0, 0.0], [0.0, 0.0, 1.0], [0.0, 1.0, 0.0], [1.0, 0.0, 1.0], [0.0, 0.0, 1.0], [0.0, 0.0, 1.0], [1.0, 0.0, 1.0], [1.0, 0.0, 0.0]], "node_adjacency": [[0, 0, 0, 0, 1, 0, 0, 1, 0, 0, 0, 0, 1, 0, 0], [0, 0, 1, 0, 0, 0, 0, 0, 0, 0, 0, 0, 0, 0, 1], [0, 1, 0, 1, 0, 1, 0, 0, 0, 0, 0, 0, 0, 1, 0], [0, 0, 1, 0, 0, 0, 0, 0, 0, 0, 0, 1, 0, 0, 0], [1, 0, 0, 0, 0, 0, 0, 0, 0, 0, 0, 0, 0, 0, 0], [0, 0, 1, 0, 0, 0, 0, 0, 0, 0, 0, 0, 0, 0, 0], [0, 0, 0, 0, 0, 0, 0, 0, 1, 0, 0, 0, 0, 0, 0], [1, 0, 0, 0, 0, 0, 0, 0, 0, 1, 0, 0, 0, 0, 1], [0, 0, 0, 0, 0, 0, 1, 0, 0, 1, 0, 1, 0, 0, 0], [0, 0, 0, 0, 0, 0, 0, 1, 1, 0, 0, 0, 0, 1, 0], [0, 0, 0, 0, 0, 0, 0, 0, 0, 0, 0, 0, 0, 1, 1], [0, 0, 0, 1, 0, 0, 0, 0, 1, 0, 0, 0, 0, 0, 0], [1, 0, 0, 0, 0, 0, 0, 0, 0, 0, 0, 0, 0, 0, 0], [0, 0, 1, 0, 0, 0, 0, 0, 0, 1, 1, 0, 0, 0, 0], [0, 1, 0, 0, 0, 0, 0, 1, 0, 0, 1, 0, 0, 0, 0]], "edge_indices": [[1, 14], [14, 1], [14, 7], [7, 14], [7, 0], [0, 7], [9, 7], [7, 9], [2, 1], [1, 2], [10, 14], [14, 10], [5, 2], [2, 5], [8, 9], [9, 8], [12, 0], [0, 12], [4, 0], [0, 4], [3, 2], [2, 3], [13, 2], [2, 13], [11, 3], [3, 11], [6, 8], [8, 6], [10, 13], [13, 10], [9, 13], [13, 9], [8, 11], [11, 8]], "edge_attributes": [[1.0], [1.0], [1.0], [1.0], [1.0], [1.0], [1.0], [1.0], [1.0], [1.0], [1.0], [1.0], [1.0], [1.0], [1.0], [1.0], [1.0], [1.0], [1.0], [1.0], [1.0], [1.0], [1.0], [1.0], [1.0], [1.0], [1.0], [1.0], [1.0], [1.0], [1.0], [1.0], [1.0], [1.0]], "seed_graph_indices": [0, 0, -1, -1, -1, -1, -1, 0, -1, -1, -1, -1, -1, -1, 0], "graph_labels": 1, "node_importances": [1, 1, 0, 0, 0, 0, 0, 1, 0, 0, 0, 0, 0, 0, 1], "edge_importances": [1, 1, 1, 1, 1, 1, 0, 0, 0, 0, 0, 0, 0, 0, 0, 0, 0, 0, 0, 0, 0, 0, 0, 0, 0, 0, 0, 0, 0, 0, 0, 0, 0, 0], "multi_node_importances": [[0, 1], [0, 1], [0, 0], [0, 0], [0, 0], [0, 0], [0, 0], [0, 1], [0, 0], [0, 0], [0, 0], [0, 0], [0, 0], [0, 0], [0, 1]], "multi_edge_importances": [[0, 1], [0, 1], [0, 1], [0, 1], [0, 1], [0, 1], [0, 0], [0, 0], [0, 0], [0, 0], [0, 0], [0, 0], [0, 0], [0, 0], [0, 0], [0, 0], [0, 0], [0, 0], [0, 0], [0, 0], [0, 0], [0, 0], [0, 0], [0, 0], [0, 0], [0, 0], [0, 0], [0, 0], [0, 0], [0, 0], [0, 0], [0, 0], [0, 0], [0, 0]], "original_value": 2.88, "class": 1, "node_positions": [[-0.6280511799998116, 0.44341393063233475], [0.5057852123454964, 0.26119522176358023], [0.5902102498956401, -0.1256331631829868], [0.5381321591643543, -0.5291764700948478], [-0.7234592494853929, 0.8142429854995984], [0.971718810182911, -0.11948018452820525], [-0.42306867371166235, -0.8096947897290792], [-0.29884117564319906, 0.23554800035444598], [-0.17088783450062278, -0.5311184738189444], [-0.1526342198280574, -0.13091872410201807], [0.30793868701374144, 0.42545351018740596], [0.19090490754541437, -0.7131837893891657], [-1.0, 0.37590497584137345], [0.2348477888671543, -0.00948717331371993], [0.057404518154033905, 0.4129341438802285]], "node_coordinates": [[263.82067133982383, 616.6383889641471], [628.4544847768917, 545.9473881521549], [655.6049833843673, 395.8789026265812], [638.857035489882, 239.3259316738165], [233.13810686750506, 760.4999999999999], [778.2954545454545, 398.2659254618413], [329.7416044306472, 130.49999999999994], [369.69229454807504, 535.9976537878075], [410.84118960719803, 238.57253929336736], [416.7114237714947, 393.82839094455517], [564.8284329990257, 609.6707175096717], [527.191192214914, 167.94104678246276], [144.2045454545455, 590.4485668126694], [541.3229139500185, 440.9372630722788], [484.2584054321385, 604.8138806937345]]}, "label": "1", "name": "2407", "value": 2.88, "input_type": "classification", "classes": {"0": "low", "1": "high"}, "image_width": 900, "image_height": 900, "image_path": "./2407.png"}