{"graph":{"node_indices":[0,1,2,3,4,5,6,7,8,9,10],"node_attributes":[[0.800000011920929,0.800000011920929,0.800000011920929],[0.0,0.0,1.0],[0.0,1.0,0.0],[0.0,1.0,0.0],[1.0,1.0,0.0],[0.0,0.0,1.0],[0.0,1.0,0.0],[0.0,0.0,1.0],[0.0,0.0,1.0],[0.0,1.0,0.0],[0.800000011920929,0.800000011920929,0.800000011920929]],"node_adjacency":[[0,0,0,1,0,0,0,0,0,0,0],[0,0,0,0,0,0,1,1,1,0,1],[0,0,0,0,0,0,0,0,0,1,0],[1,0,0,0,0,0,0,0,0,0,1],[0,0,0,0,0,0,1,0,0,0,0],[0,0,0,0,0,0,1,0,0,0,0],[0,1,0,0,1,1,0,0,0,0,0],[0,1,0,0,0,0,0,0,1,0,0],[0,1,0,0,0,0,0,1,0,0,0],[0,0,1,0,0,0,0,0,0,0,1],[0,1,0,1,0,0,0,0,0,1,0]],"edge_indices":[[6,1],[1,6],[10,1],[1,10],[3,10],[10,3],[9,10],[10,9],[2,9],[9,2],[8,1],[1,8],[5,6],[6,5],[4,6],[6,4],[0,3],[3,0],[7,8],[8,7],[1,7],[7,1]],"edge_attributes":[[1.0],[1.0],[1.0],[1.0],[1.0],[1.0],[1.0],[1.0],[1.0],[1.0],[1.0],[1.0],[1.0],[1.0],[1.0],[1.0],[1.0],[1.0],[1.0],[1.0],[1.0],[1.0]],"seed_graph_indices":[-1,-1,-1,-1,-1,-1,-1,-1,-1,-1,-1],"graph_labels":0,"node_importances":[0,0,0,0,0,0,0,0,0,0,0],"edge_importances":[0,0,0,0,0,0,0,0,0,0,0,0,0,0,0,0,0,0,0,0,0,0],"multi_node_importances":[[0,0],[0,0],[0,0],[0,0],[0,0],[0,0],[0,0],[0,0],[0,0],[0,0],[0,0]],"multi_edge_importances":[[0,0],[0,0],[0,0],[0,0],[0,0],[0,0],[0,0],[0,0],[0,0],[0,0],[0,0],[0,0],[0,0],[0,0],[0,0],[0,0],[0,0],[0,0],[0,0],[0,0],[0,0],[0,0]],"original_value":-0.47012854847139607,"class":0,"node_positions":[[0.44753564800920453,0.9978048720096593],[0.12928286377159662,-0.17766711148900996],[-0.7869681092727472,0.6664803114332329],[0.2283361916482112,0.6423657637524561],[0.0035056848389143714,-1.0],[-0.5180810387332455,-0.739264470480949],[-0.11730962523179914,-0.5722501914370565],[0.5701675318375998,-0.115962644368728],[0.49768300278173677,-0.417904832515282],[-0.43074425637500136,0.4488125790788037],[-0.023407893274470334,0.26758572401687325]],"node_coordinates":[[720.9984826402303,760.5],[572.3020729631305,389.8194796050227],[144.2045454545455,656.0180878334852],[618.5824983083635,648.4136589667125],[513.535533115232,130.5],[269.83594281560033,212.7219356346669],[457.0873141795318,265.38923926968556],[778.2954545454545,409.2777434377028],[744.4286990555944,314.06144819412543],[310.64207747529065,587.377414610306],[500.96077293957046,530.2282303788321]]},"label":"0","name":"2420","value":-0.47012854847139607,"input_type":"classification","classes":{"0":"low","1":"high"},"image_width":900,"image_height":900,"image_path":"./2420.png"}