{"graph": {"node_indices": [0, 1, 2, 3, 4, 5, 6, 7, 8, 9], "node_attributes": [[0.0, 1.0, 1.0], [0.0, 1.0, 0.0], [0.0, 1.0, 0.0], [1.0, 0.0, 0.0], [1.0, 0.0, 1.0], [1.0, 0.0, 0.0], [0.0, 1.0, 1.0], [1.0, 0.0, 0.0], [0.0, 1.0, 1.0], [1.0, 0.0, 0.0]], "node_adjacency": [[0, 0, 0, 0, 1, 1, 0, 0, 1, 0], [0, 0, 0, 0, 0, 0, 0, 0, 0, 1], [0, 0, 0, 1, 0, 1, 0, 1, 0, 0], [0, 0, 1, 0, 0, 0, 0, 0, 0, 0], [1, 0, 0, 0, 0, 0, 0, 0, 0, 0], [1, 0, 1, 0, 0, 0, 1, 1, 0, 1], [0, 0, 0, 0, 0, 1, 0, 0, 1, 0], [0, 0, 1, 0, 0, 1, 0, 0, 0, 0], [1, 0, 0, 0, 0, 0, 1, 0, 0, 0], [0, 1, 0, 0, 0, 1, 0, 0, 0, 0]], "edge_indices": [[7, 5], [7, 2], [5, 7], [5, 2], [2, 5], [2, 7], [9, 5], [5, 9], [0, 5], [5, 0], [6, 5], [5, 6], [8, 6], [6, 8], [1, 9], [9, 1], [4, 0], [0, 4], [3, 2], [2, 3], [8, 0], [0, 8]], "edge_attributes": [[1.0], [1.0], [1.0], [1.0], [1.0], [1.0], [1.0], [1.0], [1.0], [1.0], [1.0], [1.0], [1.0], [1.0], [1.0], [1.0], [1.0], [1.0], [1.0], [1.0], [1.0], [1.0]], "seed_graph_indices": [-1, -1, 0, -1, -1, 0, -1, 0, -1, -1], "graph_labels": 1, "node_importances": [0, 0, 1, 0, 0, 1, 0, 1, 0, 0], "edge_importances": [1, 1, 1, 1, 1, 1, 0, 0, 0, 0, 0, 0, 0, 0, 0, 0, 0, 0, 0, 0, 0, 0], "multi_node_importances": [[0, 0], [0, 0], [0, 1], [0, 0], [0, 0], [0, 1], [0, 0], [0, 1], [0, 0], [0, 0]], "multi_edge_importances": [[0, 1], [0, 1], [0, 1], [0, 1], [0, 1], [0, 1], [0, 0], [0, 0], [0, 0], [0, 0], [0, 0], [0, 0], [0, 0], [0, 0], [0, 0], [0, 0], [0, 0], [0, 0], [0, 0], [0, 0], [0, 0], [0, 0]], "original_value": 1.37, "class": 1, "node_positions": [[-0.5106957591565332, -0.20292660245337735], [0.6687673988894957, -0.9723158880825215], [0.36636214774335085, 0.5353993268896492], [0.6704121967391647, 1.0], [-0.8738381088208302, -0.6402942116793358], [0.05378209881431193, 0.017730459021272557], [-0.3932025651525814, 0.4154768166461184], [0.5854574056633883, 0.14289345967288894], [-0.910109770022371, 0.2263909269910487], [0.3430649553026045, -0.522354287005743]], "node_coordinates": [[304.4457813119002, 376.259440906598], [777.6355767419816, 130.49999999999994], [656.3133650640121, 612.0965795194797], [778.2954545454545, 760.5], [158.7564030744988, 236.55484516852158], [530.9091178865988, 446.74203934278376], [351.58297254664933, 573.7907574602787], [744.2123719703708, 486.7217864446431], [144.2045454545455, 513.3926684916266], [646.9667452480994, 274.2273868710577]]}, "label": "1", "name": "2425", "value": 1.37, "input_type": "classification", "classes": {"0": "low", "1": "high"}, "image_width": 900, "image_height": 900, "image_path": "./2425.png"}