{"graph":{"node_indices":[0,1,2,3,4,5,6,7,8,9,10,11,12,13,14,15,16,17,18,19,20,21,22,23,24],"node_attributes":[[0.0,1.0,1.0],[0.0,1.0,0.0],[0.0,1.0,1.0],[0.0,1.0,1.0],[0.0,1.0,1.0],[0.0,0.0,1.0],[0.0,1.0,1.0],[0.0,0.0,1.0],[0.800000011920929,0.800000011920929,0.800000011920929],[0.800000011920929,0.800000011920929,0.800000011920929],[0.800000011920929,0.800000011920929,0.800000011920929],[1.0,1.0,0.0],[1.0,0.0,0.0],[1.0,1.0,0.0],[0.0,0.0,1.0],[0.0,0.0,1.0],[1.0,0.0,0.0],[1.0,1.0,0.0],[0.800000011920929,0.800000011920929,0.800000011920929],[1.0,0.0,0.0],[0.0,1.0,0.0],[0.0,1.0,1.0],[0.0,0.0,1.0],[0.800000011920929,0.800000011920929,0.800000011920929],[1.0,1.0,0.0]],"node_adjacency":[[0,0,0,0,0,0,0,0,0,1,0,0,0,0,0,0,0,1,0,0,0,0,0,0,0],[0,0,0,0,0,0,0,0,0,0,0,0,0,0,1,0,0,0,0,1,0,0,0,0,0],[0,0,0,1,0,0,0,0,0,0,0,0,0,1,1,0,0,0,0,1,0,0,0,0,0],[0,0,1,0,0,0,0,0,0,0,0,0,0,0,0,0,0,0,0,0,0,0,1,0,0],[0,0,0,0,0,0,0,1,0,0,0,0,0,0,0,0,0,0,0,0,0,0,0,0,0],[0,0,0,0,0,0,1,0,0,0,0,0,0,0,0,0,0,1,1,0,0,0,0,0,0],[0,0,0,0,0,1,0,0,0,0,0,0,0,0,0,0,0,0,0,0,0,0,0,0,0],[0,0,0,0,1,0,0,0,0,0,0,0,0,0,0,0,0,1,0,0,1,0,0,0,0],[0,0,0,0,0,0,0,0,0,0,0,0,0,0,0,0,1,0,0,0,0,0,0,0,0],[1,0,0,0,0,0,0,0,0,0,0,0,0,0,0,0,0,0,0,0,0,1,0,0,0],[0,0,0,0,0,0,0,0,0,0,0,0,0,0,0,0,0,0,1,0,0,0,0,0,0],[0,0,0,0,0,0,0,0,0,0,0,0,0,0,0,0,0,0,1,0,0,0,0,0,0],[0,0,0,0,0,0,0,0,0,0,0,0,0,0,0,0,0,0,0,0,0,0,0,0,1],[0,0,1,0,0,0,0,0,0,0,0,0,0,0,0,0,0,0,0,0,0,0,0,0,0],[0,1,1,0,0,0,0,0,0,0,0,0,0,0,0,0,0,0,0,0,0,0,0,0,0],[0,0,0,0,0,0,0,0,0,0,0,0,0,0,0,0,0,0,0,1,0,0,0,1,0],[0,0,0,0,0,0,0,0,1,0,0,0,0,0,0,0,0,0,0,0,0,0,0,0,0],[1,0,0,0,0,1,0,1,0,0,0,0,0,0,0,0,0,0,0,0,0,0,1,0,0],[0,0,0,0,0,1,0,0,0,0,1,1,0,0,0,0,0,0,0,0,0,0,0,0,0],[0,1,1,0,0,0,0,0,0,0,0,0,0,0,0,1,0,0,0,0,0,0,0,0,1],[0,0,0,0,0,0,0,1,0,0,0,0,0,0,0,0,0,0,0,0,0,0,0,0,0],[0,0,0,0,0,0,0,0,0,1,0,0,0,0,0,0,0,0,0,0,0,0,0,0,0],[0,0,0,1,0,0,0,0,0,0,0,0,0,0,0,0,0,0,0,0,0,0,0,1,0],[0,0,0,0,0,0,0,0,0,0,0,0,0,0,0,1,0,0,0,0,0,0,1,0,0],[0,0,0,0,0,0,0,0,0,0,0,0,1,0,0,0,1,0,0,1,0,0,0,0,0]],"edge_indices":[[17,7],[17,5],[17,22],[7,17],[5,17],[5,17],[24,12],[24,19],[24,16],[12,24],[19,24],[19,24],[8,16],[16,8],[2,19],[19,2],[4,7],[7,4],[0,17],[17,0],[18,5],[5,18],[11,18],[18,11],[9,0],[0,9],[3,22],[22,3],[14,2],[2,14],[23,22],[22,23],[21,9],[9,21],[15,23],[23,15],[1,19],[19,1],[20,7],[7,20],[13,2],[2,13],[10,18],[18,10],[6,5],[5,6],[15,19],[19,15],[2,3],[3,2],[14,1],[1,14]],"edge_attributes":[[1.0],[1.0],[1.0],[1.0],[1.0],[1.0],[1.0],[1.0],[1.0],[1.0],[1.0],[1.0],[1.0],[1.0],[1.0],[1.0],[1.0],[1.0],[1.0],[1.0],[1.0],[1.0],[1.0],[1.0],[1.0],[1.0],[1.0],[1.0],[1.0],[1.0],[1.0],[1.0],[1.0],[1.0],[1.0],[1.0],[1.0],[1.0],[1.0],[1.0],[1.0],[1.0],[1.0],[1.0],[1.0],[1.0],[1.0],[1.0],[1.0],[1.0],[1.0],[1.0]],"seed_graph_indices":[-1,-1,-1,-1,-1,0,-1,0,-1,-1,-1,-1,1,-1,-1,-1,1,0,-1,1,-1,-1,0,-1,1],"graph_labels":1,"node_importances":[0,0,0,0,0,1,0,1,0,0,0,0,1,0,0,0,1,1,0,1,0,0,1,0,1],"edge_importances":[1,1,1,1,1,1,1,1,1,1,1,1,0,0,0,0,0,0,0,0,0,0,0,0,0,0,0,0,0,0,0,0,0,0,0,0,0,0,0,0,0,0,0,0,0,0,0,0,0,0,0,0],"multi_node_importances":[[0,0],[0,0],[0,0],[0,0],[0,0],[1,0],[0,0],[1,0],[0,0],[0,0],[0,0],[0,0],[0,1],[0,0],[0,0],[0,0],[0,1],[1,0],[0,0],[0,1],[0,0],[0,0],[1,0],[0,0],[0,1]],"multi_edge_importances":[[1,0],[1,0],[1,0],[1,0],[1,0],[1,0],[0,1],[0,1],[0,1],[0,1],[0,1],[0,1],[0,0],[0,0],[0,0],[0,0],[0,0],[0,0],[0,0],[0,0],[0,0],[0,0],[0,0],[0,0],[0,0],[0,0],[0,0],[0,0],[0,0],[0,0],[0,0],[0,0],[0,0],[0,0],[0,0],[0,0],[0,0],[0,0],[0,0],[0,0],[0,0],[0,0],[0,0],[0,0],[0,0],[0,0],[0,0],[0,0],[0,0],[0,0],[0,0],[0,0]],"original_value":0.10155621429562656,"class":1,"node_positions":[[0.5352724155926685,0.14719210348178996],[-0.6803803236600174,-0.1706738072142417],[-0.3986495985734627,-0.021410424344720028],[-0.16564780744453217,0.05807376322707208],[0.5007016480878715,-0.32405205351149735],[0.30817614482863265,0.3817871228871259],[0.5054300346733529,0.4882051156419255],[0.442992687063407,-0.09435487815141526],[-0.9835135346834498,-0.6822265678452285],[0.7760756447196258,0.15863638994667711],[0.1528492011145315,0.8200928457094357],[0.4207737011628992,0.8202152062515737],[-0.5227647162205795,-0.7168937390533691],[-0.5060237762455436,0.19808187530167662],[-0.620204631647336,0.03177995696812541],[-0.2255124320001866,-0.30756245958917555],[-0.7971376069792957,-0.5713019889398064],[0.30549220214146117,0.12094744034356615],[0.2758292220243682,0.6285523500768323],[-0.4642549215342819,-0.2685389806193528],[0.6617474314390578,-0.19019660910591873],[1.0,0.15430291896832574],[0.07201199446966967,0.02733434212057115],[-0.01538730011332856,-0.1986933727498343],[-0.5778756782155323,-0.4892965498001374]],"node_coordinates":[[629.731035234096,484.65452005528033],[241.11036938388415,354.3738887765574],[331.1742325566072,415.5510301203957],[405.6603981276086,448.1284465248619],[618.6794295798973,291.5102280956281],[557.1327502907549,580.8057152433619],[620.1910033080794,624.4222302862972],[600.2309910293964,385.6539912419308],[144.20454545454544,144.70869869233354],[706.7111696265274,489.3450792345118],[507.47773094060705,760.449849266194],[593.1280110283149,760.5],[291.49703025642464,130.5],[296.8487849393091,505.5122194034343],[260.3473741162896,437.35165806511475],[386.52283564410436,298.2686587213778],[203.7853243925873,190.17228468203845],[556.274745730313,473.8978734118631],[546.792064770541,681.9449959718813],[310.2014798377469,314.26283520840036],[670.1626513400696,346.3722664912115],[778.2954545454545,487.56896133167845],[481.635639644774,435.5295768375518],[453.6957757683816,342.8897800272447],[273.87912174145646,223.7830621196404]]},"label":"1","name":"2431","value":0.10155621429562656,"input_type":"classification","classes":{"0":"low","1":"high"},"image_width":900,"image_height":900,"image_path":"./2431.png"}