{"graph":{"node_indices":[0,1,2,3,4,5,6,7,8,9,10,11,12,13,14,15,16,17,18,19,20,21,22,23],"node_attributes":[[1.0,1.0,0.0],[1.0,1.0,0.0],[0.800000011920929,0.800000011920929,0.800000011920929],[1.0,0.0,0.0],[0.800000011920929,0.800000011920929,0.800000011920929],[0.800000011920929,0.800000011920929,0.800000011920929],[0.0,0.0,1.0],[1.0,0.0,1.0],[0.0,1.0,1.0],[1.0,0.0,0.0],[0.800000011920929,0.800000011920929,0.800000011920929],[1.0,0.0,0.0],[1.0,0.0,1.0],[1.0,0.0,0.0],[1.0,0.0,1.0],[0.0,0.0,1.0],[1.0,1.0,0.0],[0.0,1.0,1.0],[1.0,1.0,0.0],[1.0,0.0,1.0],[1.0,0.0,1.0],[1.0,1.0,0.0],[1.0,0.0,1.0],[0.0,0.0,1.0]],"node_adjacency":[[0,0,0,0,0,0,0,0,0,0,1,0,0,0,0,0,0,0,0,0,0,0,0,0],[0,0,0,0,0,0,1,0,1,0,0,1,0,0,0,1,0,0,0,0,0,0,0,1],[0,0,0,0,0,0,0,0,0,0,0,0,0,0,0,0,0,1,0,0,0,0,0,0],[0,0,0,0,0,0,0,0,0,0,0,0,0,0,0,0,0,0,1,0,0,0,0,0],[0,0,0,0,0,0,1,0,0,0,0,0,0,0,0,0,0,0,0,0,0,0,0,0],[0,0,0,0,0,0,0,1,0,0,0,0,0,0,0,0,0,0,0,0,0,1,0,0],[0,1,0,0,1,0,0,0,0,0,0,0,0,0,0,0,0,0,0,0,0,0,0,0],[0,0,0,0,0,1,0,0,0,0,0,0,0,0,0,0,0,0,0,0,1,0,0,0],[0,1,0,0,0,0,0,0,0,0,0,0,0,0,0,0,1,0,0,0,1,0,0,0],[0,0,0,0,0,0,0,0,0,0,0,0,1,0,0,0,0,1,0,0,0,0,0,0],[1,0,0,0,0,0,0,0,0,0,0,0,0,0,0,0,0,0,0,0,0,0,0,1],[0,1,0,0,0,0,0,0,0,0,0,0,0,0,0,0,0,0,0,0,0,0,0,0],[0,0,0,0,0,0,0,0,0,1,0,0,0,0,0,0,0,0,0,0,0,0,0,0],[0,0,0,0,0,0,0,0,0,0,0,0,0,0,0,0,0,0,1,0,0,0,0,0],[0,0,0,0,0,0,0,0,0,0,0,0,0,0,0,0,1,0,1,0,0,0,0,0],[0,0,0,0,0,0,0,0,0,0,0,0,0,0,0,0,0,0,0,0,0,0,0,0],[0,0,0,0,0,0,0,0,1,0,0,0,0,0,1,0,0,0,1,0,1,0,1,0],[0,0,1,0,0,0,0,0,0,1,0,0,0,0,0,0,0,0,0,0,0,0,0,0],[0,0,0,1,0,0,0,0,0,1,0,0,0,1,1,0,1,0,0,1,0,0,0,0],[0,0,0,0,0,0,0,0,0,0,0,0,0,0,0,0,0,0,1,0,0,0,0,0],[0,0,0,0,0,0,0,1,1,0,0,0,0,0,0,0,1,0,0,0,0,0,0,0],[0,0,0,0,0,1,0,0,0,0,0,0,0,0,0,0,0,0,0,0,0,0,0,0],[0,0,0,0,0,0,0,0,0,0,0,0,0,0,0,0,1,0,0,0,0,0,0,0],[0,1,0,0,0,0,0,0,0,0,1,0,0,0,0,0,0,0,0,0,0,0,0,0]],"edge_indices":[[1,6],[1,23],[1,15],[6,1],[23,1],[23,1],[18,13],[18,3],[18,9],[13,18],[3,18],[3,18],[10,23],[23,10],[8,1],[1,8],[12,9],[9,12],[20,8],[8,20],[7,20],[20,7],[5,7],[7,5],[17,9],[9,17],[2,17],[17,2],[19,18],[18,19],[11,1],[1,11],[21,5],[5,21],[14,18],[18,14],[4,6],[6,4],[16,20],[20,16],[0,10],[10,0],[22,16],[16,22],[16,14],[14,16],[16,8],[8,16],[18,16],[16,18]],"edge_attributes":[[1.0],[1.0],[1.0],[1.0],[1.0],[1.0],[1.0],[1.0],[1.0],[1.0],[1.0],[1.0],[1.0],[1.0],[1.0],[1.0],[1.0],[1.0],[1.0],[1.0],[1.0],[1.0],[1.0],[1.0],[1.0],[1.0],[1.0],[1.0],[1.0],[1.0],[1.0],[1.0],[1.0],[1.0],[1.0],[1.0],[1.0],[1.0],[1.0],[1.0],[1.0],[1.0],[1.0],[1.0],[1.0],[1.0],[1.0],[1.0],[1.0],[1.0]],"seed_graph_indices":[-1,0,-1,1,-1,-1,0,-1,-1,1,-1,-1,-1,1,-1,0,-1,-1,1,-1,-1,-1,-1,0],"graph_labels":1,"node_importances":[0,1,0,1,0,0,1,0,0,1,0,0,0,1,0,1,0,0,1,0,0,0,0,1],"edge_importances":[1,1,1,1,1,1,1,1,1,1,1,1,0,0,0,0,0,0,0,0,0,0,0,0,0,0,0,0,0,0,0,0,0,0,0,0,0,0,0,0,0,0,0,0,0,0,0,0,0,0],"multi_node_importances":[[0,0],[1,0],[0,0],[0,1],[0,0],[0,0],[1,0],[0,0],[0,0],[0,1],[0,0],[0,0],[0,0],[0,1],[0,0],[1,0],[0,0],[0,0],[0,1],[0,0],[0,0],[0,0],[0,0],[1,0]],"multi_edge_importances":[[1,0],[1,0],[1,0],[1,0],[1,0],[1,0],[0,1],[0,1],[0,1],[0,1],[0,1],[0,1],[0,0],[0,0],[0,0],[0,0],[0,0],[0,0],[0,0],[0,0],[0,0],[0,0],[0,0],[0,0],[0,0],[0,0],[0,0],[0,0],[0,0],[0,0],[0,0],[0,0],[0,0],[0,0],[0,0],[0,0],[0,0],[0,0],[0,0],[0,0],[0,0],[0,0],[0,0],[0,0],[0,0],[0,0],[0,0],[0,0],[0,0],[0,0]],"original_value":0.1690635416157562,"class":1,"node_positions":[[-0.8134424743850344,-0.6917617131730012],[-0.16142139814442244,-0.3480825500455819],[1.0,0.0705835228369886],[0.15769992577349215,0.5122619255595134],[0.03824683006825759,-0.8310746991319228],[-0.6089898444411753,0.4197643198016297],[-0.04974959700172512,-0.6036328544779357],[-0.42330505656770295,0.26096589809796517],[-0.09926451938951178,-0.08946638491625974],[0.5483277239368354,0.2197586553044354],[-0.6355893018734071,-0.5428240681807004],[0.05400524510383849,-0.44557138972042004],[0.7241920665111661,0.4159710483622918],[0.4227767340080296,0.4255265822077249],[0.23139585058010795,0.08780976700850411],[-0.2586890778988696,-0.5311698569627025],[0.03520858413747083,0.13004219969944886],[0.765760408529998,0.10109408192196057],[0.27172595993906334,0.2790243260054692],[0.30211482970117315,0.5428793146763085],[-0.20651876813415412,0.11206134827548397],[-0.7819389898850693,0.5756131683204033],[-0.08272645356364189,0.33536626335774417],[-0.42981867700471815,-0.4051389048273475]],"node_coordinates":[[144.20454545454544,192.8927903160756],[372.19117465272086,346.81312885031844],[778.2954545454546,534.3171459239273],[483.77559668520115,732.1274776637944],[442.00745508746917,130.49999999999994],[215.69374669380295,690.7014492066024],[411.23849757946823,232.3622293171004],[280.62055722688615,619.5819009485385],[393.9250384574276,462.63710643715496],[620.3630755560548,601.1268025855013],[206.39294207343667,259.5960857067494],[447.5175651995266,303.1517236329812],[681.8560550328086,689.0025925788624],[576.4627354759443,693.2821392088662],[509.54421996219213,542.0321010885795],[338.180417569524,264.8155471361255],[440.9450976366503,560.9463415614731],[696.3909014105859,547.9816216532482],[523.6461041236007,627.6695583777109],[534.2719201204582,745.8397983497724],[356.42236326867334,552.8934275787756],[155.22009924700217,760.5],[399.70776238843473,652.9028893484398],[278.34299531757847,321.2598384977019]]},"label":"1","name":"2441","value":0.1690635416157562,"input_type":"classification","classes":{"0":"low","1":"high"},"image_width":900,"image_height":900,"image_path":"./2441.png"}