{"graph": {"node_indices": [0, 1, 2, 3, 4, 5, 6, 7, 8, 9, 10, 11], "node_attributes": [[1.0, 1.0, 0.0], [1.0, 0.0, 1.0], [1.0, 0.0, 0.0], [0.0, 1.0, 1.0], [1.0, 0.0, 0.0], [0.0, 0.0, 1.0], [1.0, 0.0, 0.0], [0.0, 1.0, 1.0], [1.0, 1.0, 0.0], [0.0, 0.0, 1.0], [1.0, 0.0, 0.0], [1.0, 0.0, 0.0]], "node_adjacency": [[0, 0, 0, 0, 1, 0, 1, 0, 1, 0, 0, 1], [0, 0, 1, 0, 0, 0, 1, 0, 0, 0, 0, 0], [0, 1, 0, 1, 0, 0, 0, 0, 0, 0, 0, 0], [0, 0, 1, 0, 0, 0, 0, 1, 1, 0, 1, 0], [0, 0, 0, 0, 0, 0, 0, 0, 0, 1, 0, 0], [0, 0, 0, 0, 0, 0, 1, 0, 0, 0, 0, 0], [1, 1, 0, 0, 0, 1, 0, 0, 0, 0, 0, 0], [0, 0, 0, 1, 0, 0, 0, 0, 0, 0, 0, 0], [1, 0, 0, 1, 0, 0, 0, 0, 0, 0, 0, 0], [0, 0, 0, 0, 1, 0, 0, 0, 0, 0, 1, 0], [0, 0, 0, 1, 0, 0, 0, 0, 0, 1, 0, 0], [1, 0, 0, 0, 0, 0, 0, 0, 0, 0, 0, 0]], "edge_indices": [[0, 6], [0, 11], [0, 4], [6, 0], [11, 0], [11, 0], [8, 0], [0, 8], [9, 4], [4, 9], [3, 8], [8, 3], [1, 6], [6, 1], [2, 1], [1, 2], [10, 3], [3, 10], [7, 3], [3, 7], [5, 6], [6, 5], [3, 2], [2, 3], [9, 10], [10, 9]], "edge_attributes": [[1.0], [1.0], [1.0], [1.0], [1.0], [1.0], [1.0], [1.0], [1.0], [1.0], [1.0], [1.0], [1.0], [1.0], [1.0], [1.0], [1.0], [1.0], [1.0], [1.0], [1.0], [1.0], [1.0], [1.0], [1.0], [1.0]], "seed_graph_indices": [0, -1, -1, -1, 0, -1, 0, -1, -1, -1, -1, 0], "graph_labels": 1, "node_importances": [1, 0, 0, 0, 1, 0, 1, 0, 0, 0, 0, 1], "edge_importances": [1, 1, 1, 1, 1, 1, 0, 0, 0, 0, 0, 0, 0, 0, 0, 0, 0, 0, 0, 0, 0, 0, 0, 0, 0, 0], "multi_node_importances": [[0, 1], [0, 0], [0, 0], [0, 0], [0, 1], [0, 0], [0, 1], [0, 0], [0, 0], [0, 0], [0, 0], [0, 1]], "multi_edge_importances": [[0, 1], [0, 1], [0, 1], [0, 1], [0, 1], [0, 1], [0, 0], [0, 0], [0, 0], [0, 0], [0, 0], [0, 0], [0, 0], [0, 0], [0, 0], [0, 0], [0, 0], [0, 0], [0, 0], [0, 0], [0, 0], [0, 0], [0, 0], [0, 0], [0, 0], [0, 0]], "original_value": 2.3, "class": 1, "node_positions": [[-0.391204051452217, 0.10032784800311961], [-0.018099661235112915, -0.6638888407107746], [0.4344353494373815, -0.48555075524046637], [0.5370398059734456, 0.007902740822463287], [-0.28626086391069466, 0.5912930137298602], [-0.8017555514129691, -0.7005855164231167], [-0.44505787530649576, -0.40456412057766866], [1.0, -0.04845011040016738], [0.07613201520593903, 0.06128684990456799], [0.16315197246344082, 0.780032674548671], [0.5691210200244292, 0.5099835869852106], [-0.8375021597871467, 0.25221262935830074]], "node_coordinates": [[298.21447231766825, 471.28699199106575], [426.966485325358, 146.1143601637109], [583.1286616713307, 221.99684933706928], [618.5357237937873, 431.96029866873374], [334.4285909442335, 680.1916618741473], [156.54009525521872, 130.5], [279.6304287866734, 256.4564960904805], [778.2954545454545, 407.9822761868164], [459.4842426849404, 454.67512746578643], [489.5133577597511, 760.5], [629.6064080234509, 645.5946677527199], [144.2045454545455, 535.9136545818858]]}, "label": "1", "name": "2443", "value": 2.3, "input_type": "classification", "classes": {"0": "low", "1": "high"}, "image_width": 900, "image_height": 900, "image_path": "./2443.png"}