{"graph": {"node_indices": [0, 1, 2, 3, 4, 5, 6, 7, 8, 9, 10, 11, 12], "node_attributes": [[0.0, 0.0, 1.0], [1.0, 0.0, 0.0], [1.0, 0.0, 1.0], [0.0, 1.0, 0.0], [0.0, 0.0, 1.0], [0.0, 0.0, 1.0], [0.0, 1.0, 1.0], [0.0, 0.0, 1.0], [0.0, 0.0, 1.0], [0.0, 0.0, 1.0], [0.0, 0.0, 1.0], [0.0, 1.0, 0.0], [0.0, 0.0, 1.0]], "node_adjacency": [[0, 1, 1, 1, 0, 0, 0, 0, 1, 0, 0, 0, 0], [1, 0, 0, 0, 1, 0, 0, 0, 0, 0, 0, 0, 0], [1, 0, 0, 0, 0, 0, 0, 0, 0, 0, 1, 0, 0], [1, 0, 0, 0, 0, 0, 0, 0, 0, 0, 0, 0, 0], [0, 1, 0, 0, 0, 0, 0, 0, 0, 0, 1, 0, 0], [0, 0, 0, 0, 0, 0, 0, 1, 0, 0, 0, 0, 0], [0, 0, 0, 0, 0, 0, 0, 0, 0, 0, 0, 0, 1], [0, 0, 0, 0, 0, 1, 0, 0, 0, 0, 1, 1, 0], [1, 0, 0, 0, 0, 0, 0, 0, 0, 0, 0, 1, 1], [0, 0, 0, 0, 0, 0, 0, 0, 0, 0, 0, 0, 1], [0, 0, 1, 0, 1, 0, 0, 1, 0, 0, 0, 0, 0], [0, 0, 0, 0, 0, 0, 0, 1, 1, 0, 0, 0, 0], [0, 0, 0, 0, 0, 0, 1, 0, 1, 1, 0, 0, 0]], "edge_indices": [[4, 10], [10, 4], [10, 7], [7, 10], [7, 5], [5, 7], [9, 12], [12, 9], [12, 8], [8, 12], [8, 0], [0, 8], [3, 0], [0, 3], [2, 10], [10, 2], [6, 12], [12, 6], [1, 0], [0, 1], [11, 8], [8, 11], [2, 0], [0, 2], [11, 7], [7, 11], [1, 4], [4, 1]], "edge_attributes": [[1.0], [1.0], [1.0], [1.0], [1.0], [1.0], [1.0], [1.0], [1.0], [1.0], [1.0], [1.0], [1.0], [1.0], [1.0], [1.0], [1.0], [1.0], [1.0], [1.0], [1.0], [1.0], [1.0], [1.0], [1.0], [1.0], [1.0], [1.0]], "seed_graph_indices": [1, -1, -1, -1, 0, 0, -1, 0, 1, 1, 0, -1, 1], "graph_labels": 0, "node_importances": [1, 0, 0, 0, 1, 1, 0, 1, 1, 1, 1, 0, 1], "edge_importances": [1, 1, 1, 1, 1, 1, 1, 1, 1, 1, 1, 1, 0, 0, 0, 0, 0, 0, 0, 0, 0, 0, 0, 0, 0, 0, 0, 0], "multi_node_importances": [[1, 0], [0, 0], [0, 0], [0, 0], [1, 0], [1, 0], [0, 0], [1, 0], [1, 0], [1, 0], [1, 0], [0, 0], [1, 0]], "multi_edge_importances": [[1, 0], [1, 0], [1, 0], [1, 0], [1, 0], [1, 0], [1, 0], [1, 0], [1, 0], [1, 0], [1, 0], [1, 0], [0, 0], [0, 0], [0, 0], [0, 0], [0, 0], [0, 0], [0, 0], [0, 0], [0, 0], [0, 0], [0, 0], [0, 0], [0, 0], [0, 0], [0, 0], [0, 0]], "original_value": -3.71, "class": 0, "node_positions": [[0.20906720913386587, -0.31481477959529264], [-0.03304744144451209, -0.7128446159675442], [-0.20168102592072315, -0.30760150797689445], [0.5609327378725122, -0.5780491963847544], [-0.49778497745632044, -0.702463851874091], [-0.9903463403162749, 0.3902041020177823], [1.0, 0.45494871202446896], [-0.6239959770064034, 0.1751663697658123], [0.2271006185869305, 0.16481082306398803], [0.6070613308232068, 0.8957864362505725], [-0.6194869852880606, -0.2850399940213533], [-0.2033431274974115, 0.3583357964740321], [0.5655239785131908, 0.46156170622327386]], "node_coordinates": [[526.3175539000711, 286.38334973936446], [449.18389340102647, 130.5], [395.46006618671976, 289.2083363099797], [638.416000525289, 183.29092071489058], [301.126321344713, 134.56549492492877], [144.20454545454544, 562.4950751743479], [778.2954545454545, 587.851482566813], [260.9176170499281, 478.27826788846437], [532.0626952166749, 474.22264903592924], [653.111795345874, 760.5], [262.3541060668663, 298.0442678135969], [394.9305485452844, 550.014256490114], [639.8786926672205, 590.4413780804565]]}, "label": "0", "name": "2456", "value": -3.71, "input_type": "classification", "classes": {"0": "low", "1": "high"}, "image_width": 900, "image_height": 900, "image_path": "./2456.png"}