{"graph":{"node_indices":[0,1,2,3,4,5,6,7,8,9,10,11,12,13,14,15,16,17,18,19,20,21,22,23,24,25,26,27,28,29],"node_attributes":[[0.0,1.0,0.0],[0.0,1.0,0.0],[0.800000011920929,0.800000011920929,0.800000011920929],[0.0,0.0,1.0],[0.0,1.0,0.0],[1.0,0.0,0.0],[0.800000011920929,0.800000011920929,0.800000011920929],[0.0,1.0,0.0],[0.0,0.0,1.0],[0.0,0.0,1.0],[0.800000011920929,0.800000011920929,0.800000011920929],[0.0,1.0,1.0],[0.0,1.0,1.0],[0.0,1.0,0.0],[1.0,1.0,0.0],[1.0,0.0,1.0],[1.0,0.0,0.0],[0.0,1.0,0.0],[0.0,0.0,1.0],[0.0,1.0,1.0],[1.0,0.0,0.0],[0.0,1.0,1.0],[1.0,1.0,0.0],[0.0,1.0,0.0],[0.800000011920929,0.800000011920929,0.800000011920929],[1.0,0.0,0.0],[0.0,1.0,0.0],[0.0,1.0,1.0],[0.0,1.0,1.0],[0.0,1.0,0.0]],"node_adjacency":[[0,0,0,0,0,0,0,0,0,0,0,0,0,1,0,0,0,0,0,0,0,1,0,0,0,0,0,0,0,0],[0,0,0,0,0,0,0,0,0,0,0,0,0,0,1,0,0,0,0,0,1,0,0,0,0,1,0,0,0,0],[0,0,0,1,0,0,0,0,0,1,0,0,0,0,0,0,0,0,0,0,0,0,0,0,0,0,0,0,0,0],[0,0,1,0,0,0,1,0,0,0,0,0,0,0,0,0,0,0,0,0,0,0,0,0,0,0,0,0,0,0],[0,0,0,0,0,1,0,0,0,0,0,0,1,0,0,0,0,0,0,0,0,0,0,0,0,0,0,0,0,0],[0,0,0,0,1,0,0,0,0,1,0,1,0,0,0,0,1,0,0,1,1,0,0,1,0,0,0,0,0,0],[0,0,0,1,0,0,0,0,0,0,0,0,0,0,0,0,0,0,0,0,0,0,0,0,0,0,0,0,0,0],[0,0,0,0,0,0,0,0,1,0,0,0,0,0,0,0,0,0,0,0,1,0,0,0,0,0,0,0,0,0],[0,0,0,0,0,0,0,1,0,0,1,0,0,0,0,0,0,0,0,0,0,0,0,1,0,0,0,0,0,0],[0,0,1,0,0,1,0,0,0,0,0,0,0,0,0,0,0,0,0,0,0,1,0,0,0,0,0,0,0,0],[0,0,0,0,0,0,0,0,1,0,0,0,0,0,0,0,0,0,0,0,0,0,0,0,0,0,0,0,0,0],[0,0,0,0,0,1,0,0,0,0,0,0,0,1,0,0,0,1,0,0,0,0,0,0,0,0,0,0,0,0],[0,0,0,0,1,0,0,0,0,0,0,0,0,0,0,0,0,0,0,0,0,0,0,1,0,0,1,0,0,0],[1,0,0,0,0,0,0,0,0,0,0,1,0,0,0,0,0,0,0,0,0,0,0,0,0,0,0,0,0,0],[0,1,0,0,0,0,0,0,0,0,0,0,0,0,0,0,0,0,0,0,0,0,0,0,0,0,0,0,0,0],[0,0,0,0,0,0,0,0,0,0,0,0,0,0,0,0,0,1,0,0,0,0,0,0,0,0,0,0,0,1],[0,0,0,0,0,1,0,0,0,0,0,0,0,0,0,0,0,0,0,0,0,0,0,0,0,0,0,0,0,0],[0,0,0,0,0,0,0,0,0,0,0,1,0,0,0,1,0,0,0,0,0,0,0,0,0,0,0,0,0,0],[0,0,0,0,0,0,0,0,0,0,0,0,0,0,0,0,0,0,0,0,0,0,0,0,0,0,0,0,0,1],[0,0,0,0,0,1,0,0,0,0,0,0,0,0,0,0,0,0,0,0,0,0,0,0,0,0,0,0,0,0],[0,1,0,0,0,1,0,1,0,0,0,0,0,0,0,0,0,0,0,0,0,0,0,1,1,0,0,0,0,0],[1,0,0,0,0,0,0,0,0,1,0,0,0,0,0,0,0,0,0,0,0,0,0,0,0,0,0,0,1,0],[0,0,0,0,0,0,0,0,0,0,0,0,0,0,0,0,0,0,0,0,0,0,0,0,0,0,0,0,1,0],[0,0,0,0,0,1,0,0,1,0,0,0,1,0,0,0,0,0,0,0,1,0,0,0,0,0,0,1,0,1],[0,0,0,0,0,0,0,0,0,0,0,0,0,0,0,0,0,0,0,0,1,0,0,0,0,0,0,0,0,0],[0,1,0,0,0,0,0,0,0,0,0,0,0,0,0,0,0,0,0,0,0,0,0,0,0,0,0,0,0,0],[0,0,0,0,0,0,0,0,0,0,0,0,1,0,0,0,0,0,0,0,0,0,0,0,0,0,0,0,0,0],[0,0,0,0,0,0,0,0,0,0,0,0,0,0,0,0,0,0,0,0,0,0,0,1,0,0,0,0,0,0],[0,0,0,0,0,0,0,0,0,0,0,0,0,0,0,0,0,0,0,0,0,1,1,0,0,0,0,0,0,0],[0,0,0,0,0,0,0,0,0,0,0,0,0,0,0,1,0,0,1,0,0,0,0,1,0,0,0,0,0,0]],"edge_indices":[[20,5],[20,23],[5,20],[5,23],[23,5],[23,20],[4,5],[5,4],[9,5],[5,9],[8,23],[23,8],[27,23],[23,27],[19,5],[5,19],[21,9],[9,21],[1,20],[20,1],[29,23],[23,29],[24,20],[20,24],[7,20],[20,7],[2,9],[9,2],[25,1],[1,25],[11,5],[5,11],[28,21],[21,28],[13,11],[11,13],[12,23],[23,12],[22,28],[28,22],[26,12],[12,26],[18,29],[29,18],[16,5],[5,16],[17,11],[11,17],[15,29],[29,15],[10,8],[8,10],[3,2],[2,3],[0,21],[21,0],[14,1],[1,14],[6,3],[3,6],[0,13],[13,0],[17,15],[15,17],[7,8],[8,7],[12,4],[4,12]],"edge_attributes":[[1.0],[1.0],[1.0],[1.0],[1.0],[1.0],[1.0],[1.0],[1.0],[1.0],[1.0],[1.0],[1.0],[1.0],[1.0],[1.0],[1.0],[1.0],[1.0],[1.0],[1.0],[1.0],[1.0],[1.0],[1.0],[1.0],[1.0],[1.0],[1.0],[1.0],[1.0],[1.0],[1.0],[1.0],[1.0],[1.0],[1.0],[1.0],[1.0],[1.0],[1.0],[1.0],[1.0],[1.0],[1.0],[1.0],[1.0],[1.0],[1.0],[1.0],[1.0],[1.0],[1.0],[1.0],[1.0],[1.0],[1.0],[1.0],[1.0],[1.0],[1.0],[1.0],[1.0],[1.0],[1.0],[1.0],[1.0],[1.0]],"seed_graph_indices":[-1,-1,-1,-1,-1,0,-1,-1,-1,-1,-1,-1,-1,-1,-1,-1,-1,-1,-1,-1,0,-1,-1,0,-1,-1,-1,-1,-1,-1],"graph_labels":1,"node_importances":[0,0,0,0,0,1,0,0,0,0,0,0,0,0,0,0,0,0,0,0,1,0,0,1,0,0,0,0,0,0],"edge_importances":[1,1,1,1,1,1,0,0,0,0,0,0,0,0,0,0,0,0,0,0,0,0,0,0,0,0,0,0,0,0,0,0,0,0,0,0,0,0,0,0,0,0,0,0,0,0,0,0,0,0,0,0,0,0,0,0,0,0,0,0,0,0,0,0,0,0,0,0],"multi_node_importances":[[0,0],[0,0],[0,0],[0,0],[0,0],[0,1],[0,0],[0,0],[0,0],[0,0],[0,0],[0,0],[0,0],[0,0],[0,0],[0,0],[0,0],[0,0],[0,0],[0,0],[0,1],[0,0],[0,0],[0,1],[0,0],[0,0],[0,0],[0,0],[0,0],[0,0]],"multi_edge_importances":[[0,1],[0,1],[0,1],[0,1],[0,1],[0,1],[0,0],[0,0],[0,0],[0,0],[0,0],[0,0],[0,0],[0,0],[0,0],[0,0],[0,0],[0,0],[0,0],[0,0],[0,0],[0,0],[0,0],[0,0],[0,0],[0,0],[0,0],[0,0],[0,0],[0,0],[0,0],[0,0],[0,0],[0,0],[0,0],[0,0],[0,0],[0,0],[0,0],[0,0],[0,0],[0,0],[0,0],[0,0],[0,0],[0,0],[0,0],[0,0],[0,0],[0,0],[0,0],[0,0],[0,0],[0,0],[0,0],[0,0],[0,0],[0,0],[0,0],[0,0],[0,0],[0,0],[0,0],[0,0],[0,0],[0,0],[0,0],[0,0]],"original_value":1.431108781640599,"class":1,"node_positions":[[-0.5788536319707182,-0.26620312018121656],[-0.016149987638293763,0.5254876743008998],[-0.369150978437698,-0.38814934869443574],[-0.4680544097173324,-0.6327187223251391],[0.18456339746217573,-0.1061762873667729],[0.00009011980042181917,0.01663100164718968],[-0.5763833439996846,-0.8478794127095466],[0.31084165293190463,0.41721613470121915],[0.45810097516176085,0.27648993571688735],[-0.2723228237756565,-0.09937364781396178],[0.6840888359854262,0.4101576940674615],[-0.03538264662110121,-0.2432412558453243],[0.45994838620220513,-0.04514959055368286],[-0.28836686574519904,-0.3227266089374654],[0.08177094875847589,0.7796772256800898],[0.3496118313975062,-0.46824960595231235],[-0.18315111612021,0.10264940500806119],[0.10635479463470622,-0.4818835513419141],[0.639625370583729,-0.346064909489848],[-0.14573669993156257,0.21236308716207508],[0.1087230336021659,0.25349101173935146],[-0.5362600190679198,-0.03095209271691897],[-1.0,0.12609715697731722],[0.2673696718246756,0.06500665299826862],[0.13949720279455763,0.46690109056247486],[-0.17977137734771398,0.7149535774056665],[0.7406277881944874,-0.06005454745373977],[0.4875606936070403,0.1194082717298296],[-0.7700821760019604,0.06726686830516933],[0.4008913734338118,-0.2149740866196827]],"node_coordinates":[[297.6233781166515,355.6571808004377],[502.6099167686745,662.1074687715093],[374.0156700927873,308.45383183474974],[337.9862747920463,213.78511078809277],[575.7275204793938,417.6008958731441],[508.52600322862395,465.1375469818562],[298.5232759327687,130.5],[621.7292529303454,620.1973635629499],[675.3741494085851,565.7246015902238],[409.28906572146195,420.23408406284136],[757.6989572078598,617.4651590458358],[495.60367781204286,364.54533509897277],[676.0471402421481,441.22331126895324],[403.4444036823062,333.7778820550064],[538.2814003563667,760.5],[635.8527880569277,277.4483596550581],[441.7733047735579,498.43383470488635],[547.2370158454078,272.17088703576553],[741.501422393631,324.74401558228635],[455.40295112016344,540.9021692172989],[548.0997383700083,556.8221021231798],[313.13974692920317,446.7189256311122],[144.20454545454544,507.5100679936076],[605.8929045695862,483.8629539092209],[559.3104182477334,639.4295804052234],[443.00450517451486,735.4465564201613],[778.2954545454545,435.45385131558],[686.1059898268666,504.9209121961868],[227.96099414731503,484.7378455165301],[654.5333420777815,375.48708433958564]]},"label":"1","name":"2461","value":1.431108781640599,"input_type":"classification","classes":{"0":"low","1":"high"},"image_width":900,"image_height":900,"image_path":"./2461.png"}