{"graph":{"node_indices":[0,1,2,3,4,5,6,7,8,9,10,11,12,13,14,15,16,17,18,19,20,21],"node_attributes":[[1.0,0.0,0.0],[1.0,0.0,0.0],[0.0,1.0,1.0],[0.800000011920929,0.800000011920929,0.800000011920929],[0.800000011920929,0.800000011920929,0.800000011920929],[1.0,1.0,0.0],[1.0,0.0,0.0],[1.0,0.0,0.0],[1.0,0.0,0.0],[0.0,0.0,1.0],[1.0,0.0,0.0],[0.0,1.0,0.0],[0.0,1.0,1.0],[0.0,0.0,1.0],[1.0,1.0,0.0],[0.800000011920929,0.800000011920929,0.800000011920929],[0.0,0.0,1.0],[0.0,0.0,1.0],[0.0,0.0,1.0],[0.800000011920929,0.800000011920929,0.800000011920929],[0.800000011920929,0.800000011920929,0.800000011920929],[0.0,1.0,0.0]],"node_adjacency":[[0,0,0,0,0,0,0,0,0,0,0,1,0,1,0,0,0,0,0,0,0,0],[0,0,0,1,0,0,0,0,0,0,0,0,0,1,0,0,0,0,0,0,0,0],[0,0,0,0,0,0,0,0,0,0,0,0,0,0,1,0,0,0,0,0,0,0],[0,1,0,0,0,0,0,0,0,0,0,1,0,0,0,0,0,0,0,0,1,0],[0,0,0,0,0,0,0,1,0,0,0,0,0,1,0,0,0,0,0,0,0,0],[0,1,0,0,0,0,1,0,1,0,0,0,1,0,0,0,0,0,0,0,0,0],[0,0,0,0,0,1,0,0,0,0,0,0,0,0,0,0,0,0,0,0,0,0],[0,0,0,0,1,0,0,0,0,0,0,0,0,0,0,0,1,0,1,0,0,0],[0,0,0,0,0,1,0,0,0,0,0,0,0,0,0,0,0,0,0,0,0,0],[0,0,0,0,0,0,0,0,0,0,1,0,1,0,0,0,0,0,0,0,0,0],[0,0,0,0,0,0,0,0,0,1,0,0,0,0,0,0,0,0,0,0,0,0],[1,0,0,1,0,0,0,0,0,0,0,0,0,0,0,0,0,0,0,0,0,0],[0,0,0,0,0,1,0,0,0,1,0,0,0,0,0,0,0,0,0,0,0,0],[1,1,0,0,1,0,0,0,0,0,0,0,0,0,0,0,0,0,0,1,0,0],[0,0,1,0,0,0,0,0,0,1,0,0,0,0,0,0,1,1,0,0,0,0],[0,0,0,0,0,0,0,0,0,0,0,0,0,0,0,0,1,0,0,0,0,1],[0,0,0,0,0,0,0,1,0,0,0,0,0,0,1,1,0,0,0,0,0,0],[0,0,0,0,0,0,0,0,0,0,0,0,0,0,1,0,0,0,0,0,0,0],[0,0,0,0,0,0,0,1,0,0,0,0,0,0,0,0,0,0,0,0,0,0],[0,0,0,0,0,0,0,0,0,0,0,0,0,1,0,0,0,0,0,0,0,0],[0,0,0,1,0,0,0,0,0,0,0,0,0,0,0,0,0,0,0,0,0,0],[0,0,0,0,0,0,0,0,0,0,0,0,0,0,0,1,0,0,0,0,0,0]],"edge_indices":[[14,17],[14,16],[14,9],[17,14],[16,14],[16,14],[5,6],[5,8],[5,1],[6,5],[8,5],[8,5],[2,14],[14,2],[15,16],[16,15],[7,16],[16,7],[18,7],[7,18],[3,1],[1,3],[13,1],[1,13],[12,5],[5,12],[10,9],[9,10],[19,13],[13,19],[0,13],[13,0],[20,3],[3,20],[4,13],[13,4],[11,0],[0,11],[21,15],[15,21],[7,4],[4,7],[11,3],[3,11],[9,12],[12,9]],"edge_attributes":[[1.0],[1.0],[1.0],[1.0],[1.0],[1.0],[1.0],[1.0],[1.0],[1.0],[1.0],[1.0],[1.0],[1.0],[1.0],[1.0],[1.0],[1.0],[1.0],[1.0],[1.0],[1.0],[1.0],[1.0],[1.0],[1.0],[1.0],[1.0],[1.0],[1.0],[1.0],[1.0],[1.0],[1.0],[1.0],[1.0],[1.0],[1.0],[1.0],[1.0],[1.0],[1.0],[1.0],[1.0],[1.0],[1.0]],"seed_graph_indices":[-1,1,-1,-1,-1,1,1,-1,1,0,-1,-1,-1,-1,0,-1,0,0,-1,-1,-1,-1],"graph_labels":0,"node_importances":[0,1,0,0,0,1,1,0,1,1,0,0,0,0,1,0,1,1,0,0,0,0],"edge_importances":[1,1,1,1,1,1,1,1,1,1,1,1,0,0,0,0,0,0,0,0,0,0,0,0,0,0,0,0,0,0,0,0,0,0,0,0,0,0,0,0,0,0,0,0,0,0],"multi_node_importances":[[0,0],[0,1],[0,0],[0,0],[0,0],[0,1],[0,1],[0,0],[0,1],[1,0],[0,0],[0,0],[0,0],[0,0],[1,0],[0,0],[1,0],[1,0],[0,0],[0,0],[0,0],[0,0]],"multi_edge_importances":[[1,0],[1,0],[1,0],[1,0],[1,0],[1,0],[0,1],[0,1],[0,1],[0,1],[0,1],[0,1],[0,0],[0,0],[0,0],[0,0],[0,0],[0,0],[0,0],[0,0],[0,0],[0,0],[0,0],[0,0],[0,0],[0,0],[0,0],[0,0],[0,0],[0,0],[0,0],[0,0],[0,0],[0,0],[0,0],[0,0],[0,0],[0,0],[0,0],[0,0],[0,0],[0,0],[0,0],[0,0],[0,0],[0,0]],"original_value":-0.10701949106294084,"class":0,"node_positions":[[-0.05851302263956389,-0.7255295312023078],[-0.3053457498864595,-0.32983390194949186],[0.36731024598428824,0.7689961253912717],[-0.47594474985367935,-0.595983883277736],[0.2563060276348475,-0.2518495420621844],[-0.4557270617875613,-0.04042413831515269],[-0.7495651868791714,-0.10157687093009618],[0.4522725205562801,-0.015635672037340186],[-0.7166189939275527,0.11966352213237572],[-0.12176731707904344,0.4772764173873878],[-0.3060571282339464,0.7262209725316413],[-0.3093207155363866,-0.8387345291361558],[-0.3167118990387749,0.23988661308181616],[0.00677267178267904,-0.4335384939472749],[0.1968861453272772,0.5261641579781525],[0.7303529136493225,0.4064332237997234],[0.43861352362224504,0.30479936599088897],[0.14250293109849324,0.8267901456805715],[0.7279335022462416,-0.14816446172739375],[0.22086905247037153,-0.6613411043718057],[-0.724247709509907,-0.756763321420926],[1.0,0.5031449064040361]],"node_coordinates":[[394.6610007716318,173.320829842207],[305.201979989126,322.996334623729],[548.9911540798367,738.6388811989439],[243.3721746234999,222.32266057249078],[508.76014911129556,352.49463475213145],[250.69962506758935,432.4682348882489],[144.2045454545455,409.33665231253366],[579.783836928016,441.844699849202],[156.14515881176538,493.0228622719837],[371.7358915125827,628.2932232682559],[304.94415676170445,722.4587868965089],[303.7613422801285,130.5],[301.0825725484061,538.4983502328462],[418.3223456802341,283.76912055330854],[487.2247370711815,646.7854600017471],[680.5678777737614,601.496134858179],[574.8334379099482,563.0521950068456],[467.51475312304024,760.5],[679.6910160325988,391.7144683568819],[495.9168072535644,197.6006916267021],[153.38030087158216,161.50636192392489],[778.2954545454546,638.0782167462311]]},"label":"0","name":"2476","value":-0.10701949106294084,"input_type":"classification","classes":{"0":"low","1":"high"},"image_width":900,"image_height":900,"image_path":"./2476.png"}