{"graph": {"node_indices": [0, 1, 2, 3, 4, 5, 6, 7, 8, 9, 10, 11, 12], "node_attributes": [[0.0, 1.0, 1.0], [1.0, 0.0, 1.0], [0.0, 1.0, 0.0], [1.0, 0.0, 1.0], [0.0, 0.0, 1.0], [1.0, 1.0, 0.0], [0.0, 1.0, 0.0], [0.0, 0.0, 1.0], [0.0, 1.0, 0.0], [0.0, 1.0, 1.0], [1.0, 0.0, 1.0], [0.0, 0.0, 1.0], [0.0, 1.0, 1.0]], "node_adjacency": [[0, 0, 0, 0, 0, 0, 0, 0, 0, 0, 1, 0, 0], [0, 0, 0, 1, 0, 0, 0, 0, 0, 0, 0, 0, 0], [0, 0, 0, 0, 0, 0, 0, 0, 0, 0, 1, 1, 0], [0, 1, 0, 0, 0, 0, 0, 0, 1, 0, 0, 1, 0], [0, 0, 0, 0, 0, 0, 1, 0, 0, 0, 1, 0, 0], [0, 0, 0, 0, 0, 0, 0, 0, 0, 1, 0, 0, 0], [0, 0, 0, 0, 1, 0, 0, 0, 0, 0, 0, 0, 0], [0, 0, 0, 0, 0, 0, 0, 0, 0, 0, 1, 0, 0], [0, 0, 0, 1, 0, 0, 0, 0, 0, 0, 0, 0, 0], [0, 0, 0, 0, 0, 1, 0, 0, 0, 0, 1, 0, 1], [1, 0, 1, 0, 1, 0, 0, 1, 0, 1, 0, 0, 1], [0, 0, 1, 1, 0, 0, 0, 0, 0, 0, 0, 0, 0], [0, 0, 0, 0, 0, 0, 0, 0, 0, 1, 1, 0, 0]], "edge_indices": [[2, 10], [10, 2], [0, 10], [10, 0], [11, 2], [2, 11], [9, 10], [10, 9], [4, 10], [10, 4], [6, 4], [4, 6], [5, 9], [9, 5], [3, 11], [11, 3], [8, 3], [3, 8], [12, 10], [10, 12], [7, 10], [10, 7], [1, 3], [3, 1], [12, 9], [9, 12]], "edge_attributes": [[1.0], [1.0], [1.0], [1.0], [1.0], [1.0], [1.0], [1.0], [1.0], [1.0], [1.0], [1.0], [1.0], [1.0], [1.0], [1.0], [1.0], [1.0], [1.0], [1.0], [1.0], [1.0], [1.0], [1.0], [1.0], [1.0]], "seed_graph_indices": [-1, -1, -1, -1, -1, -1, -1, -1, -1, -1, -1, -1, -1], "graph_labels": 0, "node_importances": [0, 0, 0, 0, 0, 0, 0, 0, 0, 0, 0, 0, 0], "edge_importances": [0, 0, 0, 0, 0, 0, 0, 0, 0, 0, 0, 0, 0, 0, 0, 0, 0, 0, 0, 0, 0, 0, 0, 0, 0, 0], "multi_node_importances": [[0, 0], [0, 0], [0, 0], [0, 0], [0, 0], [0, 0], [0, 0], [0, 0], [0, 0], [0, 0], [0, 0], [0, 0], [0, 0]], "multi_edge_importances": [[0, 0], [0, 0], [0, 0], [0, 0], [0, 0], [0, 0], [0, 0], [0, 0], [0, 0], [0, 0], [0, 0], [0, 0], [0, 0], [0, 0], [0, 0], [0, 0], [0, 0], [0, 0], [0, 0], [0, 0], [0, 0], [0, 0], [0, 0], [0, 0], [0, 0], [0, 0]], "original_value": -0.32000000000000006, "class": 0, "node_positions": [[0.15173921123347342, 0.5536512946793168], [-0.18131812298846062, -1.0], [0.03914959672350616, -0.09696004401340862], [0.059481764420172625, -0.7635223205179975], [0.34436728216046464, 0.3015687148820559], [-0.6256519549897894, 0.6100313062540805], [0.6514214443847609, 0.4445917617455345], [-0.30916059994518624, 0.09729009769784924], [0.3261278699090077, -0.9694611093172005], [-0.3473943116015574, 0.42914524420371136], [-0.018654269729464316, 0.2589673376833971], [0.04929262814023585, -0.43090764849182506], [-0.13940053771716318, 0.565605365194486]], "node_coordinates": [[530.193848458717, 738.4386853198891], [364.8246316700728, 130.50000000000006], [474.2909919323932, 483.85659006233726], [484.3862947590609, 223.03294485327905], [625.837300644272, 639.7995938591346], [144.2045454545455, 760.4999999999999], [778.2954545454545, 695.7640457141919], [301.34844269485416, 559.8660370853381], [616.7810901700154, 142.44976834017382], [282.3646873414176, 689.7198737694926], [445.59028745754904, 623.1298138797634], [479.32719738082056, 353.1839813968006], [385.637499407033, 743.1162741315493]]}, "label": "0", "name": "2488", "value": -0.32000000000000006, "input_type": "classification", "classes": {"0": "low", "1": "high"}, "image_width": 900, "image_height": 900, "image_path": "./2488.png"}