{"graph":{"node_indices":[0,1,2,3,4,5,6,7,8,9,10],"node_attributes":[[1.0,0.0,0.0],[1.0,0.0,0.0],[0.800000011920929,0.800000011920929,0.800000011920929],[0.800000011920929,0.800000011920929,0.800000011920929],[0.0,1.0,0.0],[1.0,0.0,0.0],[1.0,0.0,0.0],[1.0,0.0,0.0],[0.0,1.0,0.0],[0.0,0.0,1.0],[0.0,1.0,0.0]],"node_adjacency":[[0,1,0,0,1,1,0,0,0,0,0],[1,0,0,0,1,0,0,0,0,0,0],[0,0,0,1,0,0,0,1,1,0,1],[0,0,1,0,0,0,0,0,0,0,0],[1,1,0,0,0,0,0,0,0,0,0],[1,0,0,0,0,0,0,0,0,1,0],[0,0,0,0,0,0,0,1,0,0,1],[0,0,1,0,0,0,1,0,0,1,1],[0,0,1,0,0,0,0,0,0,0,1],[0,0,0,0,0,1,0,1,0,0,0],[0,0,1,0,0,0,1,1,1,0,0]],"edge_indices":[[0,1],[0,4],[1,0],[1,4],[4,1],[4,0],[6,7],[6,10],[7,6],[7,10],[10,7],[10,6],[2,7],[7,2],[3,2],[2,3],[8,2],[2,8],[5,0],[0,5],[9,7],[7,9],[5,9],[9,5],[10,8],[8,10],[2,10],[10,2]],"edge_attributes":[[1.0],[1.0],[1.0],[1.0],[1.0],[1.0],[1.0],[1.0],[1.0],[1.0],[1.0],[1.0],[1.0],[1.0],[1.0],[1.0],[1.0],[1.0],[1.0],[1.0],[1.0],[1.0],[1.0],[1.0],[1.0],[1.0],[1.0],[1.0]],"seed_graph_indices":[0,0,-1,-1,0,-1,1,1,-1,-1,1],"graph_labels":1,"node_importances":[1,1,0,0,1,0,1,1,0,0,1],"edge_importances":[1,1,1,1,1,1,1,1,1,1,1,1,0,0,0,0,0,0,0,0,0,0,0,0,0,0,0,0],"multi_node_importances":[[0,1],[0,1],[0,0],[0,0],[0,1],[0,0],[0,1],[0,1],[0,0],[0,0],[0,1]],"multi_edge_importances":[[0,1],[0,1],[0,1],[0,1],[0,1],[0,1],[0,1],[0,1],[0,1],[0,1],[0,1],[0,1],[0,0],[0,0],[0,0],[0,0],[0,0],[0,0],[0,0],[0,0],[0,0],[0,0],[0,0],[0,0],[0,0],[0,0],[0,0],[0,0]],"original_value":2.440028140551971,"class":1,"node_positions":[[0.21261807606780617,-0.6859905725596441],[0.1563690980302193,-1.0],[-0.010928369910082437,0.5576795416654666],[0.2586713873819142,0.7587353886209821],[0.4464723856222107,-0.9026058285843565],[0.11362524744929087,-0.38074552641376774],[-0.4835449855958737,0.23756975587857168],[-0.1320210546618186,0.22550510275967114],[-0.2663032830341558,0.7881541899945526],[0.007492914139668624,-0.07795018592619349],[-0.3024514154891793,0.4796481345647175]],"node_coordinates":[[618.8523125899833,241.1313652336809],[580.5014530005828,130.5],[466.437128163367,679.2994920909105],[650.2517110760161,750.1352087705557],[778.2954545454545,164.8137791669086],[551.3584628676047,348.67487582573335],[144.20454545454544,566.5188570795873],[383.8754761611897,562.2682552537289],[292.32112148086,760.4999999999999],[478.9968599610964,455.3553095235415],[267.6751278900913,651.8075751474271]]},"label":"1","name":"2495","value":2.440028140551971,"input_type":"classification","classes":{"0":"low","1":"high"},"image_width":900,"image_height":900,"image_path":"./2495.png"}