{"graph":{"node_indices":[0,1,2,3,4,5,6,7,8,9,10,11,12,13,14,15,16,17,18,19,20,21,22,23,24],"node_attributes":[[0.800000011920929,0.800000011920929,0.800000011920929],[0.800000011920929,0.800000011920929,0.800000011920929],[0.0,0.0,1.0],[1.0,0.0,0.0],[0.0,0.0,1.0],[0.0,0.0,1.0],[0.800000011920929,0.800000011920929,0.800000011920929],[1.0,0.0,1.0],[1.0,0.0,1.0],[0.0,1.0,1.0],[1.0,1.0,0.0],[0.800000011920929,0.800000011920929,0.800000011920929],[1.0,0.0,1.0],[0.0,1.0,0.0],[1.0,0.0,1.0],[1.0,0.0,1.0],[0.0,1.0,0.0],[0.0,1.0,0.0],[0.0,0.0,1.0],[0.0,1.0,0.0],[0.0,0.0,1.0],[1.0,1.0,0.0],[0.0,1.0,1.0],[0.0,1.0,1.0],[0.0,1.0,0.0]],"node_adjacency":[[0,0,1,0,0,0,1,0,0,0,0,0,0,1,0,0,0,0,0,0,1,0,0,1,0],[0,0,0,0,1,0,0,0,0,0,0,0,0,0,0,0,0,0,0,0,0,0,0,0,0],[1,0,0,1,1,1,0,0,0,0,0,0,0,1,0,0,0,0,1,0,0,0,0,0,0],[0,0,1,0,0,0,0,0,0,0,0,0,0,0,0,0,0,0,0,0,0,0,0,0,0],[0,1,1,0,0,0,0,0,0,0,0,0,0,0,0,0,0,0,0,1,0,0,1,0,0],[0,0,1,0,0,0,0,0,0,0,1,0,0,0,0,0,0,0,0,0,0,0,0,0,0],[1,0,0,0,0,0,0,0,0,0,0,0,0,0,0,0,0,0,0,0,0,0,0,0,1],[0,0,0,0,0,0,0,0,0,0,0,0,0,0,0,0,1,0,0,0,0,0,0,0,1],[0,0,0,0,0,0,0,0,0,0,0,0,0,0,0,0,0,0,0,0,0,0,0,0,1],[0,0,0,0,0,0,0,0,0,0,0,0,0,0,0,1,0,0,0,0,0,0,0,0,0],[0,0,0,0,0,1,0,0,0,0,0,0,1,0,0,0,0,0,0,0,0,0,0,0,0],[0,0,0,0,0,0,0,0,0,0,0,0,0,0,0,0,0,0,0,0,0,1,0,0,0],[0,0,0,0,0,0,0,0,0,0,1,0,0,0,0,1,0,0,0,0,0,0,0,0,0],[1,0,1,0,0,0,0,0,0,0,0,0,0,0,0,0,0,0,0,0,0,0,0,1,0],[0,0,0,0,0,0,0,0,0,0,0,0,0,0,0,0,0,0,0,1,0,0,0,0,0],[0,0,0,0,0,0,0,0,0,1,0,0,1,0,0,0,0,0,0,0,0,1,0,0,0],[0,0,0,0,0,0,0,1,0,0,0,0,0,0,0,0,0,0,0,0,0,0,0,0,0],[0,0,0,0,0,0,0,0,0,0,0,0,0,0,0,0,0,0,0,0,0,0,0,1,0],[0,0,1,0,0,0,0,0,0,0,0,0,0,0,0,0,0,0,0,0,0,1,0,0,0],[0,0,0,0,1,0,0,0,0,0,0,0,0,0,1,0,0,0,0,0,0,0,0,0,0],[1,0,0,0,0,0,0,0,0,0,0,0,0,0,0,0,0,0,0,0,0,1,0,0,0],[0,0,0,0,1,0,0,0,0,0,0,1,0,0,0,1,0,0,1,0,1,0,0,0,0],[0,0,0,0,1,0,0,0,0,0,0,0,0,0,0,0,0,0,0,0,0,0,0,0,0],[1,0,0,0,0,0,0,0,0,0,0,0,0,1,0,0,0,1,0,0,0,0,0,0,0],[0,0,0,0,0,0,1,1,1,0,0,0,0,0,0,0,0,0,0,0,0,0,0,0,0]],"edge_indices":[[21,18],[21,20],[21,4],[18,21],[20,21],[20,21],[15,21],[21,15],[19,4],[4,19],[0,20],[20,0],[14,19],[19,14],[13,0],[0,13],[12,15],[15,12],[6,0],[0,6],[24,6],[6,24],[23,13],[13,23],[9,15],[15,9],[7,24],[24,7],[22,4],[4,22],[17,23],[23,17],[2,13],[13,2],[1,4],[4,1],[10,12],[12,10],[16,7],[7,16],[8,24],[24,8],[11,21],[21,11],[3,2],[2,3],[5,10],[10,5],[18,2],[2,18],[5,2],[2,5],[4,2],[2,4],[0,23],[23,0],[2,0],[0,2]],"edge_attributes":[[1.0],[1.0],[1.0],[1.0],[1.0],[1.0],[1.0],[1.0],[1.0],[1.0],[1.0],[1.0],[1.0],[1.0],[1.0],[1.0],[1.0],[1.0],[1.0],[1.0],[1.0],[1.0],[1.0],[1.0],[1.0],[1.0],[1.0],[1.0],[1.0],[1.0],[1.0],[1.0],[1.0],[1.0],[1.0],[1.0],[1.0],[1.0],[1.0],[1.0],[1.0],[1.0],[1.0],[1.0],[1.0],[1.0],[1.0],[1.0],[1.0],[1.0],[1.0],[1.0],[1.0],[1.0],[1.0],[1.0],[1.0],[1.0]],"seed_graph_indices":[-1,-1,-1,-1,0,-1,-1,-1,-1,-1,-1,-1,-1,-1,-1,-1,-1,-1,0,-1,0,0,-1,-1,-1],"graph_labels":0,"node_importances":[0,0,0,0,1,0,0,0,0,0,0,0,0,0,0,0,0,0,1,0,1,1,0,0,0],"edge_importances":[1,1,1,1,1,1,0,0,0,0,0,0,0,0,0,0,0,0,0,0,0,0,0,0,0,0,0,0,0,0,0,0,0,0,0,0,0,0,0,0,0,0,0,0,0,0,0,0,0,0,0,0,0,0,0,0,0,0],"multi_node_importances":[[0,0],[0,0],[0,0],[0,0],[1,0],[0,0],[0,0],[0,0],[0,0],[0,0],[0,0],[0,0],[0,0],[0,0],[0,0],[0,0],[0,0],[0,0],[1,0],[0,0],[1,0],[1,0],[0,0],[0,0],[0,0]],"multi_edge_importances":[[1,0],[1,0],[1,0],[1,0],[1,0],[1,0],[0,0],[0,0],[0,0],[0,0],[0,0],[0,0],[0,0],[0,0],[0,0],[0,0],[0,0],[0,0],[0,0],[0,0],[0,0],[0,0],[0,0],[0,0],[0,0],[0,0],[0,0],[0,0],[0,0],[0,0],[0,0],[0,0],[0,0],[0,0],[0,0],[0,0],[0,0],[0,0],[0,0],[0,0],[0,0],[0,0],[0,0],[0,0],[0,0],[0,0],[0,0],[0,0],[0,0],[0,0],[0,0],[0,0],[0,0],[0,0],[0,0],[0,0],[0,0],[0,0]],"original_value":-1.7400539192644717,"class":0,"node_positions":[[-0.24628852779831867,0.022352257849311278],[0.3610655679398462,0.3962944889204672],[-0.005618984473328919,-0.14914497693560852],[-0.16712350514503505,-0.41717573614336895],[0.2735563079315949,0.1189663810966144],[0.06296038963345249,-0.4917615230487453],[-0.4549184398161259,0.24986203309273386],[-0.7730260065705393,0.7160575595045557],[-1.0,0.35556485807483296],[0.8817815167839057,-0.4598780187873675],[0.2369858761088407,-0.7432577137987811],[0.6883437602219826,-0.035921143533467606],[0.5288153426129139,-0.6894388539681446],[-0.28306988714658016,-0.17694628341860402],[0.7743389116792442,0.5058289249075125],[0.5887811410107777,-0.3809780148133975],[-0.9188936693693819,0.9556683566082999],[-0.7335201507231544,-0.3947630738454299],[0.21630404058345687,-0.2619663766126091],[0.5630331658611336,0.2874295893830946],[0.052526654945314374,0.04430425667186482],[0.39685251502529967,-0.10124478462761351],[0.1726642041502065,0.40954116070860314],[-0.5144856049515205,-0.18608475659484947],[-0.701064618493985,0.426691389310097]],"node_coordinates":[[398.17748988935557,414.40539796868603],[602.8334009352313,553.0715881451544],[479.2742421724004,350.8103659090443],[424.85318031074655,251.4185317132052],[573.3460105354472,450.2320879618631],[502.38295978090065,223.76044430794923],[327.8769106802341,498.77113989235465],[220.68640296564143,671.6469269883013],[144.20454545454544,537.9681249164094],[778.2954545454546,235.583564827758],[561.0231249328887,130.50000000000006],[713.1140709380286,392.79631002152536],[659.3588828647339,150.4572437458546],[385.7835294966535,340.50101614428945],[742.0912626463087,593.68942071235],[679.5651434116272,264.8414609595719],[171.53438500493695,760.5],[233.99841810940555,259.72965101006685],[554.0541097879358,308.97365327358546],[670.8890262193448,512.7020347530453],[498.8671763306934,422.54569288740197],[614.8922811020351,368.57283461187967],[539.349095784062,557.983751994948],[307.8049748280721,337.11226474343823],[244.93473444191767,564.3434425118827]]},"label":"0","name":"2502","value":-1.7400539192644717,"input_type":"classification","classes":{"0":"low","1":"high"},"image_width":900,"image_height":900,"image_path":"./2502.png"}