{"graph": {"node_indices": [0, 1, 2, 3, 4, 5, 6, 7, 8, 9], "node_attributes": [[1.0, 0.0, 0.0], [1.0, 0.0, 1.0], [1.0, 0.0, 0.0], [0.0, 1.0, 0.0], [0.0, 1.0, 0.0], [1.0, 1.0, 0.0], [1.0, 1.0, 0.0], [1.0, 0.0, 1.0], [1.0, 0.0, 1.0], [0.0, 1.0, 0.0]], "node_adjacency": [[0, 1, 1, 1, 1, 0, 0, 0, 0, 0], [1, 0, 0, 0, 0, 0, 0, 1, 1, 0], [1, 0, 0, 0, 1, 0, 0, 1, 1, 0], [1, 0, 0, 0, 0, 0, 0, 0, 0, 0], [1, 0, 1, 0, 0, 1, 0, 0, 0, 1], [0, 0, 0, 0, 1, 0, 1, 0, 0, 0], [0, 0, 0, 0, 0, 1, 0, 0, 0, 0], [0, 1, 1, 0, 0, 0, 0, 0, 0, 0], [0, 1, 1, 0, 0, 0, 0, 0, 0, 0], [0, 0, 0, 0, 1, 0, 0, 0, 0, 0]], "edge_indices": [[0, 2], [0, 4], [2, 0], [2, 4], [4, 2], [4, 0], [5, 4], [4, 5], [8, 2], [2, 8], [9, 4], [4, 9], [7, 2], [2, 7], [6, 5], [5, 6], [1, 8], [8, 1], [3, 0], [0, 3], [1, 7], [7, 1], [0, 1], [1, 0]], "edge_attributes": [[1.0], [1.0], [1.0], [1.0], [1.0], [1.0], [1.0], [1.0], [1.0], [1.0], [1.0], [1.0], [1.0], [1.0], [1.0], [1.0], [1.0], [1.0], [1.0], [1.0], [1.0], [1.0], [1.0], [1.0]], "seed_graph_indices": [0, -1, 0, -1, 0, -1, -1, -1, -1, -1], "graph_labels": 1, "node_importances": [1, 0, 1, 0, 1, 0, 0, 0, 0, 0], "edge_importances": [1, 1, 1, 1, 1, 1, 0, 0, 0, 0, 0, 0, 0, 0, 0, 0, 0, 0, 0, 0, 0, 0, 0, 0], "multi_node_importances": [[0, 1], [0, 0], [0, 1], [0, 0], [0, 1], [0, 0], [0, 0], [0, 0], [0, 0], [0, 0]], "multi_edge_importances": [[0, 1], [0, 1], [0, 1], [0, 1], [0, 1], [0, 1], [0, 0], [0, 0], [0, 0], [0, 0], [0, 0], [0, 0], [0, 0], [0, 0], [0, 0], [0, 0], [0, 0], [0, 0], [0, 0], [0, 0], [0, 0], [0, 0], [0, 0], [0, 0]], "original_value": 1.22, "class": 1, "node_positions": [[0.1715237502694765, 0.17965877562526755], [0.551975620546856, -0.211406786880502], [0.20251748511386788, -0.18335890464638238], [0.28604704805084064, 0.6340437480340583], [-0.2270041078563948, -0.04622191126543753], [-0.6096038764041913, 0.2167086523648877], [-1.0, 0.41093061146835896], [0.40273437521469807, -0.5997643668074635], [0.7163371165210451, 0.04380392662340788], [-0.49452741145619794, -0.444393744516195]], "node_coordinates": [[577.0172794328791, 528.4845600186318], [717.5730420318419, 328.8009127682809], [588.4677371048767, 343.1225610010493], [619.3272553130655, 760.5], [429.78344674078744, 413.1466634451255], [288.4341554382772, 547.4027548863636], [144.20454545454533, 646.5752540483613], [662.4367194436873, 130.49999999999994], [778.2954545454545, 459.1151387596663], [330.94849575723896, 209.8344531179971]]}, "label": "1", "name": "2519", "value": 1.22, "input_type": "classification", "classes": {"0": "low", "1": "high"}, "image_width": 900, "image_height": 900, "image_path": "./2519.png"}