{"graph":{"node_indices":[0,1,2,3,4,5,6,7,8,9,10,11,12,13,14],"node_attributes":[[0.0,1.0,0.0],[0.0,0.0,1.0],[0.0,0.0,1.0],[0.800000011920929,0.800000011920929,0.800000011920929],[0.0,1.0,0.0],[1.0,0.0,1.0],[1.0,0.0,0.0],[0.0,1.0,1.0],[0.0,0.0,1.0],[0.0,1.0,1.0],[0.0,1.0,1.0],[1.0,0.0,1.0],[1.0,0.0,0.0],[1.0,0.0,0.0],[0.0,0.0,1.0]],"node_adjacency":[[0,1,0,0,1,0,0,0,0,0,0,0,0,0,1],[1,0,0,0,0,0,0,0,0,0,1,0,0,0,1],[0,0,0,0,1,0,0,0,0,0,0,0,0,1,0],[0,0,0,0,0,0,0,0,0,1,0,0,0,0,1],[1,0,1,0,0,1,0,0,0,0,0,0,0,0,0],[0,0,0,0,1,0,0,0,0,0,0,0,0,0,0],[0,0,0,0,0,0,0,0,0,0,1,0,1,0,0],[0,0,0,0,0,0,0,0,0,0,1,1,0,0,0],[0,0,0,0,0,0,0,0,0,0,1,0,0,0,1],[0,0,0,1,0,0,0,0,0,0,0,0,0,0,0],[0,1,0,0,0,0,1,1,1,0,0,0,0,0,0],[0,0,0,0,0,0,0,1,0,0,0,0,0,0,0],[0,0,0,0,0,0,1,0,0,0,0,0,0,0,0],[0,0,1,0,0,0,0,0,0,0,0,0,0,0,0],[1,1,0,1,0,0,0,0,1,0,0,0,0,0,0]],"edge_indices":[[14,1],[14,0],[1,14],[1,0],[0,1],[0,14],[4,0],[0,4],[10,1],[1,10],[6,10],[10,6],[8,10],[10,8],[3,14],[14,3],[7,10],[10,7],[2,4],[4,2],[5,4],[4,5],[11,7],[7,11],[12,6],[6,12],[9,3],[3,9],[13,2],[2,13],[8,14],[14,8]],"edge_attributes":[[1.0],[1.0],[1.0],[1.0],[1.0],[1.0],[1.0],[1.0],[1.0],[1.0],[1.0],[1.0],[1.0],[1.0],[1.0],[1.0],[1.0],[1.0],[1.0],[1.0],[1.0],[1.0],[1.0],[1.0],[1.0],[1.0],[1.0],[1.0],[1.0],[1.0],[1.0],[1.0]],"seed_graph_indices":[0,0,-1,-1,-1,-1,-1,-1,-1,-1,-1,-1,-1,-1,0],"graph_labels":0,"node_importances":[1,1,0,0,0,0,0,0,0,0,0,0,0,0,1],"edge_importances":[1,1,1,1,1,1,0,0,0,0,0,0,0,0,0,0,0,0,0,0,0,0,0,0,0,0,0,0,0,0,0,0],"multi_node_importances":[[1,0],[1,0],[0,0],[0,0],[0,0],[0,0],[0,0],[0,0],[0,0],[0,0],[0,0],[0,0],[0,0],[0,0],[1,0]],"multi_edge_importances":[[1,0],[1,0],[1,0],[1,0],[1,0],[1,0],[0,0],[0,0],[0,0],[0,0],[0,0],[0,0],[0,0],[0,0],[0,0],[0,0],[0,0],[0,0],[0,0],[0,0],[0,0],[0,0],[0,0],[0,0],[0,0],[0,0],[0,0],[0,0],[0,0],[0,0],[0,0],[0,0]],"original_value":-1.268640266741261,"class":0,"node_positions":[[0.1660870980763547,0.18539309372728283],[-0.007757844793756681,-0.08628704723651823],[0.6294931341211206,0.6310176777483335],[-0.3896471317322442,0.47826539515763966],[0.49043015666122397,0.31675704459186577],[0.8030295181206911,0.15815472024008068],[-0.5075722263285853,-0.5684439204894717],[-0.006931502498141951,-0.6943755658021776],[-0.3569278779592522,-0.09301165516892952],[-0.6177415568381271,0.7150818718805934],[-0.19494813313372986,-0.3944090282146016],[0.1201682903998498,-1.0],[-0.7891964511916786,-0.7393123583153398],[0.8304085162305797,0.8844570319394245],[-0.16889398913430365,0.20671273994181846]],"node_coordinates":[[518.2072352333005,526.7932751401646],[450.14526945604536,435.96685357350054],[699.6351516600539,675.771725258674],[300.6319436774073,624.7045285006263],[645.1906595943261,570.7100573442746],[767.5763136742527,517.6871108678613],[254.46313588705044,274.7751548502128],[450.46879040589806,232.6744673830363],[313.44184596037775,433.7187243110047],[211.3307842692876,703.8755458317643],[376.8584726790526,332.95742182412624],[500.2295807498696,130.5],[144.20454545454544,217.65147731031692],[778.2954545454545,760.5],[387.05892043420846,533.9207271794049]]},"label":"0","name":"2548","value":-1.268640266741261,"input_type":"classification","classes":{"0":"low","1":"high"},"image_width":900,"image_height":900,"image_path":"./2548.png"}