{"graph": {"node_indices": [0, 1, 2, 3, 4, 5, 6, 7, 8, 9, 10, 11], "node_attributes": [[1.0, 0.0, 1.0], [0.0, 0.0, 1.0], [0.0, 1.0, 1.0], [0.0, 1.0, 0.0], [0.0, 1.0, 1.0], [0.0, 1.0, 1.0], [1.0, 0.0, 0.0], [0.0, 0.0, 1.0], [1.0, 0.0, 0.0], [0.0, 0.0, 1.0], [0.0, 0.0, 1.0], [1.0, 0.0, 0.0]], "node_adjacency": [[0, 0, 0, 0, 0, 0, 0, 1, 0, 0, 0, 1], [0, 0, 0, 0, 0, 1, 0, 1, 0, 0, 1, 0], [0, 0, 0, 0, 1, 0, 0, 0, 0, 1, 0, 0], [0, 0, 0, 0, 1, 0, 0, 1, 0, 0, 0, 0], [0, 0, 1, 1, 0, 0, 1, 0, 0, 0, 0, 0], [0, 1, 0, 0, 0, 0, 0, 0, 0, 0, 0, 0], [0, 0, 0, 0, 1, 0, 0, 1, 0, 0, 0, 0], [1, 1, 0, 1, 0, 0, 1, 0, 0, 0, 0, 0], [0, 0, 0, 0, 0, 0, 0, 0, 0, 1, 0, 0], [0, 0, 1, 0, 0, 0, 0, 0, 1, 0, 1, 0], [0, 1, 0, 0, 0, 0, 0, 0, 0, 1, 0, 0], [1, 0, 0, 0, 0, 0, 0, 0, 0, 0, 0, 0]], "edge_indices": [[9, 10], [10, 9], [10, 1], [1, 10], [1, 7], [7, 1], [2, 9], [9, 2], [8, 9], [9, 8], [0, 7], [7, 0], [6, 7], [7, 6], [3, 7], [7, 3], [4, 3], [3, 4], [11, 0], [0, 11], [5, 1], [1, 5], [6, 4], [4, 6], [2, 4], [4, 2]], "edge_attributes": [[1.0], [1.0], [1.0], [1.0], [1.0], [1.0], [1.0], [1.0], [1.0], [1.0], [1.0], [1.0], [1.0], [1.0], [1.0], [1.0], [1.0], [1.0], [1.0], [1.0], [1.0], [1.0], [1.0], [1.0], [1.0], [1.0]], "seed_graph_indices": [-1, 0, -1, -1, -1, -1, -1, 0, -1, 0, 0, -1], "graph_labels": 0, "node_importances": [0, 1, 0, 0, 0, 0, 0, 1, 0, 1, 1, 0], "edge_importances": [1, 1, 1, 1, 1, 1, 0, 0, 0, 0, 0, 0, 0, 0, 0, 0, 0, 0, 0, 0, 0, 0, 0, 0, 0, 0], "multi_node_importances": [[0, 0], [1, 0], [0, 0], [0, 0], [0, 0], [0, 0], [0, 0], [1, 0], [0, 0], [1, 0], [1, 0], [0, 0]], "multi_edge_importances": [[1, 0], [1, 0], [1, 0], [1, 0], [1, 0], [1, 0], [0, 0], [0, 0], [0, 0], [0, 0], [0, 0], [0, 0], [0, 0], [0, 0], [0, 0], [0, 0], [0, 0], [0, 0], [0, 0], [0, 0], [0, 0], [0, 0], [0, 0], [0, 0], [0, 0], [0, 0]], "original_value": -3.13, "class": 0, "node_positions": [[0.6698507695837012, 0.6007826352267691], [0.3503308158870186, -0.24688118677519275], [-0.7883673312602929, -0.13186107844628128], [-0.14732926439239563, 0.3058841625985885], [-0.5932613052709074, 0.3395303880852931], [0.7557872491139295, -0.5219265969029753], [-0.15188395523805523, 0.6123863566989979], [0.2926914444838068, 0.2895655573937868], [-0.8088971660581646, -0.9838257022479756], [-0.5448964015324488, -0.5869805038218194], [-0.034024855316191524, -0.5959018018209296], [1.0, 0.9192277700117382]], "node_coordinates": [[662.5649257025543, 655.0797173653189], [550.560384087998, 374.4632157033224], [151.40107483981518, 412.5402688726015], [376.1105929977279, 557.4544848303924], [219.79355159863277, 568.5929643138165], [692.689103821612, 283.4102784599199], [374.51399142570716, 658.9210936766337], [530.3554757613763, 552.0522607579297], [144.2045454545455, 130.5], [236.7473875352785, 261.87438261869227], [415.8283265998537, 258.921014349557], [778.2954545454546, 760.5]]}, "label": "0", "name": "2556", "value": -3.13, "input_type": "classification", "classes": {"0": "low", "1": "high"}, "image_width": 900, "image_height": 900, "image_path": "./2556.png"}