{"graph": {"node_indices": [0, 1, 2, 3, 4, 5, 6, 7, 8, 9], "node_attributes": [[0.0, 1.0, 1.0], [0.0, 0.0, 1.0], [0.0, 0.0, 1.0], [0.0, 1.0, 0.0], [0.0, 0.0, 1.0], [1.0, 0.0, 1.0], [1.0, 0.0, 1.0], [0.0, 0.0, 1.0], [1.0, 0.0, 1.0], [0.0, 1.0, 1.0]], "node_adjacency": [[0, 0, 0, 0, 0, 0, 0, 1, 0, 0], [0, 0, 0, 0, 0, 0, 1, 1, 0, 0], [0, 0, 0, 0, 1, 0, 0, 1, 1, 0], [0, 0, 0, 0, 1, 0, 0, 0, 0, 0], [0, 0, 1, 1, 0, 0, 1, 0, 0, 0], [0, 0, 0, 0, 0, 0, 0, 1, 0, 1], [0, 1, 0, 0, 1, 0, 0, 0, 1, 0], [1, 1, 1, 0, 0, 1, 0, 0, 0, 0], [0, 0, 1, 0, 0, 0, 1, 0, 0, 0], [0, 0, 0, 0, 0, 1, 0, 0, 0, 0]], "edge_indices": [[1, 7], [7, 1], [7, 2], [2, 7], [2, 4], [4, 2], [5, 7], [7, 5], [3, 4], [4, 3], [0, 7], [7, 0], [6, 4], [4, 6], [8, 2], [2, 8], [9, 5], [5, 9], [6, 1], [1, 6], [8, 6], [6, 8]], "edge_attributes": [[1.0], [1.0], [1.0], [1.0], [1.0], [1.0], [1.0], [1.0], [1.0], [1.0], [1.0], [1.0], [1.0], [1.0], [1.0], [1.0], [1.0], [1.0], [1.0], [1.0], [1.0], [1.0]], "seed_graph_indices": [-1, 0, 0, -1, 0, -1, -1, 0, -1, -1], "graph_labels": 0, "node_importances": [0, 1, 1, 0, 1, 0, 0, 1, 0, 0], "edge_importances": [1, 1, 1, 1, 1, 1, 0, 0, 0, 0, 0, 0, 0, 0, 0, 0, 0, 0, 0, 0, 0, 0], "multi_node_importances": [[0, 0], [1, 0], [1, 0], [0, 0], [1, 0], [0, 0], [0, 0], [1, 0], [0, 0], [0, 0]], "multi_edge_importances": [[1, 0], [1, 0], [1, 0], [1, 0], [1, 0], [1, 0], [0, 0], [0, 0], [0, 0], [0, 0], [0, 0], [0, 0], [0, 0], [0, 0], [0, 0], [0, 0], [0, 0], [0, 0], [0, 0], [0, 0], [0, 0], [0, 0]], "original_value": -3.42, "class": 0, "node_positions": [[0.37448027054656124, 0.4718759469553176], [0.02758056446121629, -0.26206570281734], [-0.15852845359960988, 0.04549270525256415], [-0.8359461889919375, 0.4173992117620968], [-0.5232725147236548, 0.1883725631226183], [0.6342519064090794, -0.08438995808951776], [-0.4560317578129495, -0.1920410622470284], [0.24886716274086884, 0.06976801335127071], [-0.3114009890295742, -0.4479394427684696], [1.0, -0.20647227452151198]], "node_coordinates": [[562.2562392996027, 760.5], [442.44556548252194, 257.8086507112867], [378.168062601568, 468.4615700348312], [144.2045454545455, 723.1877919687392], [252.19438500122124, 566.3228490086094], [651.97500868823, 379.5023301485718], [275.4176978265718, 305.76993082483625], [518.8725441783533, 485.08821519976766], [325.36962790504657, 130.5], [778.2954545454545, 295.88570423491717]]}, "label": "0", "name": "2566", "value": -3.42, "input_type": "classification", "classes": {"0": "low", "1": "high"}, "image_width": 900, "image_height": 900, "image_path": "./2566.png"}