{"graph":{"node_indices":[0,1,2,3,4,5,6,7,8,9],"node_attributes":[[1.0,0.0,0.0],[0.0,1.0,0.0],[1.0,0.0,0.0],[0.0,1.0,0.0],[0.0,1.0,0.0],[0.800000011920929,0.800000011920929,0.800000011920929],[1.0,0.0,0.0],[1.0,0.0,1.0],[0.0,1.0,0.0],[1.0,0.0,0.0]],"node_adjacency":[[0,1,0,0,0,0,1,0,0,0],[1,0,0,0,0,1,1,1,0,0],[0,0,0,1,0,0,0,0,0,1],[0,0,1,0,0,0,0,1,1,1],[0,0,0,0,0,1,0,0,0,0],[0,1,0,0,1,0,0,0,0,0],[1,1,0,0,0,0,0,0,1,0],[0,1,0,1,0,0,0,0,0,0],[0,0,0,1,0,0,1,0,0,0],[0,0,1,1,0,0,0,0,0,0]],"edge_indices":[[2,9],[2,3],[9,2],[9,3],[3,9],[3,2],[6,0],[6,1],[0,6],[0,1],[1,0],[1,6],[8,3],[3,8],[5,1],[1,5],[7,3],[3,7],[4,5],[5,4],[8,6],[6,8],[1,7],[7,1]],"edge_attributes":[[1.0],[1.0],[1.0],[1.0],[1.0],[1.0],[1.0],[1.0],[1.0],[1.0],[1.0],[1.0],[1.0],[1.0],[1.0],[1.0],[1.0],[1.0],[1.0],[1.0],[1.0],[1.0],[1.0],[1.0]],"seed_graph_indices":[1,1,0,0,-1,-1,1,-1,-1,0],"graph_labels":1,"node_importances":[1,1,1,1,0,0,1,0,0,1],"edge_importances":[1,1,1,1,1,1,1,1,1,1,1,1,0,0,0,0,0,0,0,0,0,0,0,0],"multi_node_importances":[[0,1],[0,1],[0,1],[0,1],[0,0],[0,0],[0,1],[0,0],[0,0],[0,1]],"multi_edge_importances":[[0,1],[0,1],[0,1],[0,1],[0,1],[0,1],[0,1],[0,1],[0,1],[0,1],[0,1],[0,1],[0,0],[0,0],[0,0],[0,0],[0,0],[0,0],[0,0],[0,0],[0,0],[0,0],[0,0],[0,0]],"original_value":1.6140915286486526,"class":1,"node_positions":[[0.24783810982991505,-0.3428469960940849],[0.27527479814438777,-0.09024834650873965],[-0.7782670236348324,-0.08853796820864109],[-0.44542090303455495,0.057313690451649],[0.9999999999999999,-0.003922245773861234],[0.6520895549338791,-0.03412527628862651],[0.140984785938623,0.13688187453467995],[-0.14647126505110594,-0.188598632255325],[-0.18297968918006507,0.32060976591320056],[-0.7630483679462465,0.23347413422974891]],"node_coordinates":[[510.0910676999921,130.50000000000006],[519.8743873052824,370.3606184332176],[144.20454545454544,371.98474586814194],[262.8901513808197,510.4814049088614],[778.2954545454545,452.33347119069117],[654.2382418422284,423.6535174786614],[471.9895225523337,586.0371288729184],[369.4890171315067,276.96993562084106],[356.47091606022354,760.5000000000001],[149.63118335113762,677.7584392772055]]},"label":"1","name":"2603","value":1.6140915286486526,"input_type":"classification","classes":{"0":"low","1":"high"},"image_width":900,"image_height":900,"image_path":"./2603.png"}