{"graph":{"node_indices":[0,1,2,3,4,5,6,7,8,9,10,11,12,13,14,15,16,17,18,19,20,21,22,23,24,25],"node_attributes":[[1.0,0.0,0.0],[1.0,0.0,0.0],[0.800000011920929,0.800000011920929,0.800000011920929],[0.0,0.0,1.0],[1.0,0.0,1.0],[0.0,1.0,1.0],[0.0,1.0,0.0],[1.0,0.0,1.0],[1.0,0.0,0.0],[0.800000011920929,0.800000011920929,0.800000011920929],[0.0,0.0,1.0],[0.800000011920929,0.800000011920929,0.800000011920929],[1.0,0.0,0.0],[0.800000011920929,0.800000011920929,0.800000011920929],[0.800000011920929,0.800000011920929,0.800000011920929],[1.0,1.0,0.0],[0.0,0.0,1.0],[0.0,1.0,1.0],[1.0,0.0,0.0],[1.0,0.0,1.0],[0.0,0.0,1.0],[1.0,0.0,1.0],[1.0,0.0,0.0],[1.0,0.0,0.0],[0.0,1.0,0.0],[0.800000011920929,0.800000011920929,0.800000011920929]],"node_adjacency":[[0,0,0,0,0,1,0,0,0,0,0,0,0,0,0,0,0,0,0,0,0,0,0,0,0,0],[0,0,0,0,0,0,0,1,0,0,0,0,0,0,0,0,0,0,0,0,0,0,0,0,0,0],[0,0,0,0,0,0,0,0,0,0,0,0,0,0,0,0,0,0,1,0,0,0,0,0,0,0],[0,0,0,0,0,0,1,0,0,0,1,0,0,0,0,0,0,0,0,0,0,0,0,0,0,0],[0,0,0,0,0,0,1,0,0,0,0,0,0,0,0,0,1,0,0,0,0,0,0,0,0,0],[1,0,0,0,0,0,0,0,0,0,0,0,0,0,0,0,0,0,0,0,1,0,1,1,0,0],[0,0,0,1,1,0,0,0,0,0,1,0,0,0,0,0,0,0,0,0,0,0,0,0,0,0],[0,1,0,0,0,0,0,0,0,0,0,0,0,0,0,0,0,0,0,1,0,0,1,0,0,0],[0,0,0,0,0,0,0,0,0,1,0,0,0,0,0,0,0,0,0,0,0,0,0,0,0,0],[0,0,0,0,0,0,0,0,1,0,0,1,0,0,0,0,0,0,1,0,0,0,0,0,0,0],[0,0,0,1,0,0,1,0,0,0,0,0,0,0,1,0,0,0,0,0,0,0,0,0,0,0],[0,0,0,0,0,0,0,0,0,1,0,0,0,0,0,0,0,0,1,0,0,0,0,0,0,0],[0,0,0,0,0,0,0,0,0,0,0,0,0,0,0,1,0,0,0,0,0,0,0,0,0,0],[0,0,0,0,0,0,0,0,0,0,0,0,0,0,0,0,0,1,0,0,0,0,1,0,0,0],[0,0,0,0,0,0,0,0,0,0,1,0,0,0,0,0,0,0,0,0,0,0,0,0,0,0],[0,0,0,0,0,0,0,0,0,0,0,0,1,0,0,0,0,0,1,0,0,0,1,0,0,1],[0,0,0,0,1,0,0,0,0,0,0,0,0,0,0,0,0,0,0,0,0,0,1,0,0,0],[0,0,0,0,0,0,0,0,0,0,0,0,0,1,0,0,0,0,0,0,0,0,0,0,0,0],[0,0,1,0,0,0,0,0,0,1,0,1,0,0,0,0,0,0,0,0,0,0,0,0,0,0],[0,0,0,0,0,0,0,1,0,0,0,0,0,0,0,0,0,0,0,0,0,0,0,0,0,0],[0,0,0,0,0,1,0,0,0,0,0,0,0,0,0,0,0,0,0,0,0,0,0,0,0,0],[0,0,0,0,0,0,0,0,0,0,0,0,0,0,0,0,0,0,0,0,0,0,0,1,0,0],[0,0,0,0,0,1,0,1,0,0,0,0,0,1,0,1,1,0,0,0,0,0,0,0,1,0],[0,0,0,0,0,1,0,0,0,0,0,0,0,0,0,0,0,0,0,0,0,1,0,0,0,0],[0,0,0,0,0,0,0,0,0,0,0,0,0,0,0,0,0,0,0,0,0,0,1,0,0,0],[0,0,0,0,0,0,0,0,0,0,0,0,0,0,0,1,0,0,0,0,0,0,0,0,0,0]],"edge_indices":[[10,3],[10,6],[3,10],[3,6],[6,3],[6,10],[15,22],[15,12],[15,18],[22,15],[12,15],[12,15],[5,22],[22,5],[0,5],[5,0],[23,5],[5,23],[16,22],[22,16],[2,18],[18,2],[7,22],[22,7],[1,7],[7,1],[14,10],[10,14],[13,22],[22,13],[9,18],[18,9],[20,5],[5,20],[25,15],[15,25],[11,9],[9,11],[24,22],[22,24],[17,13],[13,17],[8,9],[9,8],[21,23],[23,21],[4,6],[6,4],[19,7],[7,19],[4,16],[16,4],[11,18],[18,11]],"edge_attributes":[[1.0],[1.0],[1.0],[1.0],[1.0],[1.0],[1.0],[1.0],[1.0],[1.0],[1.0],[1.0],[1.0],[1.0],[1.0],[1.0],[1.0],[1.0],[1.0],[1.0],[1.0],[1.0],[1.0],[1.0],[1.0],[1.0],[1.0],[1.0],[1.0],[1.0],[1.0],[1.0],[1.0],[1.0],[1.0],[1.0],[1.0],[1.0],[1.0],[1.0],[1.0],[1.0],[1.0],[1.0],[1.0],[1.0],[1.0],[1.0],[1.0],[1.0],[1.0],[1.0],[1.0],[1.0]],"seed_graph_indices":[-1,-1,-1,0,-1,-1,0,-1,-1,-1,0,-1,1,-1,-1,1,-1,-1,1,-1,-1,-1,1,-1,-1,-1],"graph_labels":1,"node_importances":[0,0,0,1,0,0,1,0,0,0,1,0,1,0,0,1,0,0,1,0,0,0,1,0,0,0],"edge_importances":[1,1,1,1,1,1,1,1,1,1,1,1,0,0,0,0,0,0,0,0,0,0,0,0,0,0,0,0,0,0,0,0,0,0,0,0,0,0,0,0,0,0,0,0,0,0,0,0,0,0,0,0,0,0],"multi_node_importances":[[0,0],[0,0],[0,0],[1,0],[0,0],[0,0],[1,0],[0,0],[0,0],[0,0],[1,0],[0,0],[0,1],[0,0],[0,0],[0,1],[0,0],[0,0],[0,1],[0,0],[0,0],[0,0],[0,1],[0,0],[0,0],[0,0]],"multi_edge_importances":[[1,0],[1,0],[1,0],[1,0],[1,0],[1,0],[0,1],[0,1],[0,1],[0,1],[0,1],[0,1],[0,0],[0,0],[0,0],[0,0],[0,0],[0,0],[0,0],[0,0],[0,0],[0,0],[0,0],[0,0],[0,0],[0,0],[0,0],[0,0],[0,0],[0,0],[0,0],[0,0],[0,0],[0,0],[0,0],[0,0],[0,0],[0,0],[0,0],[0,0],[0,0],[0,0],[0,0],[0,0],[0,0],[0,0],[0,0],[0,0],[0,0],[0,0],[0,0],[0,0],[0,0],[0,0]],"original_value":1.1518053163198116,"class":1,"node_positions":[[0.031006186632891387,0.4990649215374915],[0.3914332739769613,-0.218088201259516],[-0.5680788086264001,-0.04931847281594918],[0.2087868553221675,-0.7651508630964229],[0.050992024571246616,-0.39846173866273543],[0.15234705441516624,0.3118821955800373],[0.07686278992053706,-0.6100421706367566],[0.25750741320693965,-0.05670656202379504],[-0.7229887155574944,0.4255890762653467],[-0.5565412113891026,0.3023155862425752],[0.029723400802541093,-0.8059274787124363],[-0.6104858886489755,0.15010526838345034],[-0.23722049690292848,0.283453706092393],[0.262469809228276,0.11395021135831428],[-0.016729167993350346,-1.0],[-0.18125901176014084,0.08660015414214732],[0.046038048278463965,-0.17251415647819793],[0.48915336162518575,0.15745660364310465],[-0.41726998296627793,0.12231342203437415],[0.48908975904596963,-0.056011416652332856],[0.17917640413641997,0.5163979130994691],[0.49212133430365795,0.5935918676333173],[0.0735105202197129,0.05841724055973863],[0.35292539873925827,0.43297329093102116],[0.0008233391528502198,0.16768070212718456],[-0.27339368973357536,-0.08957109929182312]],"node_coordinates":[[537.6679301368171,723.1303464206225],[725.7525727591909,439.61580512649317],[225.04246110206213,506.33610602596553],[630.4406842102889,223.34369433246735],[548.0973049483605,368.3081316424468],[600.9882369441999,649.130773664061],[561.5976600158572,284.663332211088],[655.8649351611402,503.4153480229422],[144.20454545454538,694.0828948982968],[231.06322072112602,645.348774015963],[536.998523416472,207.22333857523057],[202.91282442719603,585.1749602566967],[397.6969854268278,637.8920438857682],[658.454503245774,570.8816607058754],[512.7577959360594,130.49999999999994],[426.8998292287718,560.069271162388],[545.5121306001898,457.63274459222396],[776.7466528594965,588.0811881985225],[303.740275652017,574.1879167385085],[776.7134626004905,503.6901621663349],[614.9888180084513,729.9826559145603],[778.2954545454545,760.4999999999999],[559.848317442025,548.9276257276091],[705.6576903084824,697.0021211656119],[521.9173656511077,592.1231152287703],[378.82042957139186,490.4229006470613]]},"label":"1","name":"2611","value":1.1518053163198116,"input_type":"classification","classes":{"0":"low","1":"high"},"image_width":900,"image_height":900,"image_path":"./2611.png"}