{"graph": {"node_indices": [0, 1, 2, 3, 4, 5, 6, 7, 8, 9, 10, 11, 12, 13, 14], "node_attributes": [[0.0, 1.0, 1.0], [0.0, 0.0, 1.0], [0.0, 1.0, 1.0], [1.0, 0.0, 1.0], [0.0, 1.0, 0.0], [0.0, 1.0, 0.0], [0.0, 1.0, 0.0], [1.0, 0.0, 1.0], [0.0, 0.0, 1.0], [0.0, 0.0, 1.0], [0.0, 0.0, 1.0], [0.0, 0.0, 1.0], [1.0, 0.0, 0.0], [0.0, 1.0, 0.0], [0.0, 1.0, 0.0]], "node_adjacency": [[0, 0, 0, 0, 0, 0, 0, 1, 0, 1, 0, 0, 0, 0, 0], [0, 0, 0, 0, 0, 0, 0, 0, 1, 0, 0, 0, 0, 1, 1], [0, 0, 0, 0, 0, 0, 0, 0, 0, 1, 0, 0, 0, 0, 0], [0, 0, 0, 0, 1, 0, 1, 0, 0, 0, 0, 1, 0, 0, 0], [0, 0, 0, 1, 0, 0, 0, 1, 1, 0, 1, 0, 0, 1, 0], [0, 0, 0, 0, 0, 0, 0, 1, 0, 0, 0, 0, 0, 0, 0], [0, 0, 0, 1, 0, 0, 0, 0, 0, 0, 0, 0, 0, 0, 0], [1, 0, 0, 0, 1, 1, 0, 0, 0, 0, 0, 0, 0, 0, 0], [0, 1, 0, 0, 1, 0, 0, 0, 0, 0, 0, 0, 0, 0, 0], [1, 0, 1, 0, 0, 0, 0, 0, 0, 0, 0, 0, 0, 0, 0], [0, 0, 0, 0, 1, 0, 0, 0, 0, 0, 0, 0, 0, 0, 1], [0, 0, 0, 1, 0, 0, 0, 0, 0, 0, 0, 0, 1, 0, 0], [0, 0, 0, 0, 0, 0, 0, 0, 0, 0, 0, 1, 0, 0, 0], [0, 1, 0, 0, 1, 0, 0, 0, 0, 0, 0, 0, 0, 0, 0], [0, 1, 0, 0, 0, 0, 0, 0, 0, 0, 1, 0, 0, 0, 0]], "edge_indices": [[7, 0], [0, 7], [9, 0], [0, 9], [4, 7], [7, 4], [10, 4], [4, 10], [3, 4], [4, 3], [5, 7], [7, 5], [2, 9], [9, 2], [14, 10], [10, 14], [1, 14], [14, 1], [8, 1], [1, 8], [11, 3], [3, 11], [12, 11], [11, 12], [6, 3], [3, 6], [13, 1], [1, 13], [13, 4], [4, 13], [8, 4], [4, 8]], "edge_attributes": [[1.0], [1.0], [1.0], [1.0], [1.0], [1.0], [1.0], [1.0], [1.0], [1.0], [1.0], [1.0], [1.0], [1.0], [1.0], [1.0], [1.0], [1.0], [1.0], [1.0], [1.0], [1.0], [1.0], [1.0], [1.0], [1.0], [1.0], [1.0], [1.0], [1.0], [1.0], [1.0]], "seed_graph_indices": [-1, -1, -1, -1, -1, -1, -1, -1, -1, -1, -1, -1, -1, -1, -1], "graph_labels": 0, "node_importances": [0, 0, 0, 0, 0, 0, 0, 0, 0, 0, 0, 0, 0, 0, 0], "edge_importances": [0, 0, 0, 0, 0, 0, 0, 0, 0, 0, 0, 0, 0, 0, 0, 0, 0, 0, 0, 0, 0, 0, 0, 0, 0, 0, 0, 0, 0, 0, 0, 0], "multi_node_importances": [[0, 0], [0, 0], [0, 0], [0, 0], [0, 0], [0, 0], [0, 0], [0, 0], [0, 0], [0, 0], [0, 0], [0, 0], [0, 0], [0, 0], [0, 0]], "multi_edge_importances": [[0, 0], [0, 0], [0, 0], [0, 0], [0, 0], [0, 0], [0, 0], [0, 0], [0, 0], [0, 0], [0, 0], [0, 0], [0, 0], [0, 0], [0, 0], [0, 0], [0, 0], [0, 0], [0, 0], [0, 0], [0, 0], [0, 0], [0, 0], [0, 0], [0, 0], [0, 0], [0, 0], [0, 0], [0, 0], [0, 0], [0, 0], [0, 0]], "original_value": -0.42000000000000004, "class": 0, "node_positions": [[0.4786096988610937, -0.26604605577697277], [-0.6102544012322108, -0.29765006078053313], [1.0, -0.5577568744163119], [-0.18392145205752528, 0.35078828659269756], [-0.11018707805038827, 0.005731211838477795], [0.4640824180798193, 0.1711699763148232], [-0.47638650529918614, 0.5094399312489821], [0.23236344291506278, -0.04974690120470963], [-0.4537973072678603, -0.014418508710790454], [0.7399350697154274, -0.4215098945827791], [-0.15285260497846784, -0.3416447675740938], [-0.0852135162975771, 0.6566551291869729], [-0.07505045971714425, 0.9610149352121343], [-0.34044855365383353, -0.16886347907533447], [-0.4268787510172098, -0.5371629282725622]], "node_coordinates": [[572.9807851445444, 251.50423156243812], [144.2045454545455, 238.39461033690725], [778.2954545454545, 130.50000000000003], [312.08723971125283, 507.372580730679], [341.1225872995947, 364.239849587651], [567.2601880325798, 432.86531455832073], [196.91945544970085, 573.1826882792983], [476.0131804147781, 341.2270368690909], [205.81469902385732, 355.8815670164565], [675.8862899186609, 187.0164541183607], [324.3216254540837, 220.1452162513508], [350.9567529214743, 634.2488564244811], [354.95879246336136, 760.5], [250.44951832224902, 291.8164252270086], [216.41477053512176, 139.0425512827608]]}, "label": "0", "name": "2612", "value": -0.42000000000000004, "input_type": "classification", "classes": {"0": "low", "1": "high"}, "image_width": 900, "image_height": 900, "image_path": "./2612.png"}