{"graph":{"node_indices":[0,1,2,3,4,5,6,7,8,9,10,11,12,13,14,15],"node_attributes":[[1.0,0.0,0.0],[1.0,0.0,0.0],[0.0,1.0,0.0],[1.0,0.0,1.0],[0.0,1.0,0.0],[0.0,0.0,1.0],[0.800000011920929,0.800000011920929,0.800000011920929],[0.0,0.0,1.0],[0.0,1.0,1.0],[0.0,1.0,0.0],[0.0,1.0,1.0],[1.0,0.0,1.0],[1.0,1.0,0.0],[0.800000011920929,0.800000011920929,0.800000011920929],[1.0,0.0,1.0],[0.0,1.0,0.0]],"node_adjacency":[[0,1,1,0,0,0,0,0,0,0,0,0,0,0,1,0],[1,0,1,0,0,0,0,0,0,1,0,0,0,0,0,0],[1,1,0,0,0,1,1,0,0,0,0,0,1,0,0,0],[0,0,0,0,0,0,0,1,1,0,0,0,0,0,1,0],[0,0,0,0,0,0,0,0,0,0,1,0,0,1,1,1],[0,0,1,0,0,0,0,0,0,0,0,1,0,0,0,1],[0,0,1,0,0,0,0,0,0,0,0,0,1,0,0,0],[0,0,0,1,0,0,0,0,0,0,0,0,0,0,0,0],[0,0,0,1,0,0,0,0,0,0,0,0,0,0,0,0],[0,1,0,0,0,0,0,0,0,0,0,0,0,0,0,0],[0,0,0,0,1,0,0,0,0,0,0,0,0,0,0,1],[0,0,0,0,0,1,0,0,0,0,0,0,0,1,0,0],[0,0,1,0,0,0,1,0,0,0,0,0,0,0,0,0],[0,0,0,0,1,0,0,0,0,0,0,1,0,0,0,0],[1,0,0,1,1,0,0,0,0,0,0,0,0,0,0,0],[0,0,0,0,1,1,0,0,0,0,1,0,0,0,0,0]],"edge_indices":[[0,1],[0,2],[1,0],[1,2],[2,1],[2,0],[14,0],[0,14],[5,2],[2,5],[4,14],[14,4],[15,5],[5,15],[3,14],[14,3],[9,1],[1,9],[12,2],[2,12],[13,4],[4,13],[7,3],[3,7],[8,3],[3,8],[10,15],[15,10],[6,2],[2,6],[11,5],[5,11],[6,12],[12,6],[11,13],[13,11],[4,10],[10,4],[4,15],[15,4]],"edge_attributes":[[1.0],[1.0],[1.0],[1.0],[1.0],[1.0],[1.0],[1.0],[1.0],[1.0],[1.0],[1.0],[1.0],[1.0],[1.0],[1.0],[1.0],[1.0],[1.0],[1.0],[1.0],[1.0],[1.0],[1.0],[1.0],[1.0],[1.0],[1.0],[1.0],[1.0],[1.0],[1.0],[1.0],[1.0],[1.0],[1.0],[1.0],[1.0],[1.0],[1.0]],"seed_graph_indices":[0,0,0,-1,-1,-1,-1,-1,-1,-1,-1,-1,-1,-1,-1,-1],"graph_labels":1,"node_importances":[1,1,1,0,0,0,0,0,0,0,0,0,0,0,0,0],"edge_importances":[1,1,1,1,1,1,0,0,0,0,0,0,0,0,0,0,0,0,0,0,0,0,0,0,0,0,0,0,0,0,0,0,0,0,0,0,0,0,0,0],"multi_node_importances":[[0,1],[0,1],[0,1],[0,0],[0,0],[0,0],[0,0],[0,0],[0,0],[0,0],[0,0],[0,0],[0,0],[0,0],[0,0],[0,0]],"multi_edge_importances":[[0,1],[0,1],[0,1],[0,1],[0,1],[0,1],[0,0],[0,0],[0,0],[0,0],[0,0],[0,0],[0,0],[0,0],[0,0],[0,0],[0,0],[0,0],[0,0],[0,0],[0,0],[0,0],[0,0],[0,0],[0,0],[0,0],[0,0],[0,0],[0,0],[0,0],[0,0],[0,0],[0,0],[0,0],[0,0],[0,0],[0,0],[0,0],[0,0],[0,0]],"original_value":0.5473056283822266,"class":1,"node_positions":[[-0.22200355594269866,0.014388635748724284],[-0.26176447194563934,0.48995569730934707],[-0.275483476338183,0.26974516393279757],[-0.08519065975986334,-0.6721815508723933],[0.39590663110378616,-0.19981512470430354],[0.1501565964686026,0.3584999175029303],[-0.6259065921082276,0.4363784913006208],[0.08334194081605614,-1.0],[-0.37720480671615036,-0.8946673528217449],[-0.36731509830841197,0.8490720498694538],[0.6746919865644756,-0.22338527765127766],[0.487515822782031,0.48884092231765586],[-0.6567597343143654,0.16869214098276408],[0.6751535956234113,0.14665472404909274],[0.012807355427885974,-0.30032981239999396],[0.3920544666472908,0.06815137543632653]],"node_coordinates":[[351.18118138134287,476.1138123805477],[332.2519952189296,638.1449505421704],[325.720717416119,563.1167027045478],[416.31440872128326,242.1914957234755],[645.3528991905966,403.13214079293436],[528.3574015344349,593.356462563084],[158.89296139728174,619.8905835542098],[496.54860077312816,130.5],[277.2937143945971,166.38803785498015],[282.0019593336276,760.4999999999999],[778.0756939189589,395.1015200512266],[688.9657637266513,637.7651339499424],[144.2045454545455,528.6867817812308],[778.2954545454545,521.178381733113],[462.9688337073352,368.88563684910173],[643.5189792145117,494.4313928153289]]},"label":"1","name":"2619","value":0.5473056283822266,"input_type":"classification","classes":{"0":"low","1":"high"},"image_width":900,"image_height":900,"image_path":"./2619.png"}