{"graph":{"node_indices":[0,1,2,3,4,5,6,7,8,9],"node_attributes":[[1.0,0.0,0.0],[1.0,1.0,0.0],[1.0,0.0,0.0],[0.800000011920929,0.800000011920929,0.800000011920929],[0.0,0.0,1.0],[0.0,0.0,1.0],[0.800000011920929,0.800000011920929,0.800000011920929],[0.0,0.0,1.0],[1.0,0.0,0.0],[1.0,0.0,0.0]],"node_adjacency":[[0,0,0,0,0,1,0,0,0,0],[0,0,0,1,1,1,0,1,0,0],[0,0,0,0,0,1,0,0,0,1],[0,1,0,0,0,0,0,0,0,0],[0,0,0,0,0,0,1,0,0,1],[1,1,1,0,0,0,0,0,1,0],[0,0,0,0,1,0,0,0,0,0],[0,1,0,0,0,0,0,0,0,0],[0,0,0,0,0,1,0,0,0,0],[0,0,1,0,1,0,0,0,0,0]],"edge_indices":[[1,7],[1,5],[1,4],[7,1],[5,1],[5,1],[6,4],[4,6],[0,5],[5,0],[2,5],[5,2],[8,5],[5,8],[3,1],[1,3],[9,4],[4,9],[2,9],[9,2]],"edge_attributes":[[1.0],[1.0],[1.0],[1.0],[1.0],[1.0],[1.0],[1.0],[1.0],[1.0],[1.0],[1.0],[1.0],[1.0],[1.0],[1.0],[1.0],[1.0],[1.0],[1.0]],"seed_graph_indices":[-1,0,-1,-1,0,0,-1,0,-1,-1],"graph_labels":0,"node_importances":[0,1,0,0,1,1,0,1,0,0],"edge_importances":[1,1,1,1,1,1,0,0,0,0,0,0,0,0,0,0,0,0,0,0],"multi_node_importances":[[0,0],[1,0],[0,0],[0,0],[1,0],[1,0],[0,0],[1,0],[0,0],[0,0]],"multi_edge_importances":[[1,0],[1,0],[1,0],[1,0],[1,0],[1,0],[0,0],[0,0],[0,0],[0,0],[0,0],[0,0],[0,0],[0,0],[0,0],[0,0],[0,0],[0,0],[0,0],[0,0]],"original_value":-2.4724756194237143,"class":0,"node_positions":[[-0.2339243683212539,0.8202630419565773],[-0.24523685424296507,-0.08135489935501525],[0.5545447949722285,0.1836459990982811],[-0.6414062559328833,-0.4232911809997823],[0.1197254462739932,-0.4920795561097628],[0.059932814784241964,0.38471906972915987],[0.1727406858881738,-1.0],[-0.742814928465209,0.0944619279247361],[0.3518647798741934,0.8220998128754955],[0.6045738851694804,-0.3084642151196897]],"node_coordinates":[[383.69211922992775,759.8649273927028],[378.3683816349675,448.1260758695804],[754.7514032937663,539.7514439453876],[191.92819931379353,329.8999194790342],[550.122276707345,306.1159994033842],[521.9834323926159,609.2734501507136],[575.0716314462677,130.50000000000006],[144.2045454545455,508.91561132946464],[659.3687240496172,760.5],[778.2954545454546,369.6019094541583]]},"label":"0","name":"2624","value":-2.4724756194237143,"input_type":"classification","classes":{"0":"low","1":"high"},"image_width":900,"image_height":900,"image_path":"./2624.png"}