{"graph": {"node_indices": [0, 1, 2, 3, 4, 5, 6, 7, 8, 9, 10], "node_attributes": [[1.0, 0.0, 0.0], [1.0, 0.0, 0.0], [1.0, 0.0, 1.0], [1.0, 1.0, 0.0], [0.0, 1.0, 1.0], [1.0, 0.0, 0.0], [1.0, 1.0, 0.0], [0.0, 1.0, 1.0], [0.0, 1.0, 0.0], [1.0, 0.0, 0.0], [0.0, 1.0, 1.0]], "node_adjacency": [[0, 0, 0, 0, 0, 1, 0, 0, 1, 1, 0], [0, 0, 0, 0, 0, 1, 0, 0, 0, 0, 0], [0, 0, 0, 1, 1, 0, 0, 0, 0, 0, 0], [0, 0, 1, 0, 0, 0, 1, 1, 0, 0, 1], [0, 0, 1, 0, 0, 0, 0, 0, 0, 0, 0], [1, 1, 0, 0, 0, 0, 0, 0, 0, 0, 0], [0, 0, 0, 1, 0, 0, 0, 0, 0, 0, 1], [0, 0, 0, 1, 0, 0, 0, 0, 0, 1, 0], [1, 0, 0, 0, 0, 0, 0, 0, 0, 0, 0], [1, 0, 0, 0, 0, 0, 0, 1, 0, 0, 0], [0, 0, 0, 1, 0, 0, 1, 0, 0, 0, 0]], "edge_indices": [[1, 5], [5, 1], [5, 0], [0, 5], [0, 9], [9, 0], [7, 9], [9, 7], [3, 7], [7, 3], [10, 3], [3, 10], [6, 10], [10, 6], [2, 3], [3, 2], [8, 0], [0, 8], [4, 2], [2, 4], [6, 3], [3, 6]], "edge_attributes": [[1.0], [1.0], [1.0], [1.0], [1.0], [1.0], [1.0], [1.0], [1.0], [1.0], [1.0], [1.0], [1.0], [1.0], [1.0], [1.0], [1.0], [1.0], [1.0], [1.0], [1.0], [1.0]], "seed_graph_indices": [0, 0, -1, -1, -1, 0, -1, -1, -1, 0, -1], "graph_labels": 1, "node_importances": [1, 1, 0, 0, 0, 1, 0, 0, 0, 1, 0], "edge_importances": [1, 1, 1, 1, 1, 1, 0, 0, 0, 0, 0, 0, 0, 0, 0, 0, 0, 0, 0, 0, 0, 0], "multi_node_importances": [[0, 1], [0, 1], [0, 0], [0, 0], [0, 0], [0, 1], [0, 0], [0, 0], [0, 0], [0, 1], [0, 0]], "multi_edge_importances": [[0, 1], [0, 1], [0, 1], [0, 1], [0, 1], [0, 1], [0, 0], [0, 0], [0, 0], [0, 0], [0, 0], [0, 0], [0, 0], [0, 0], [0, 0], [0, 0], [0, 0], [0, 0], [0, 0], [0, 0], [0, 0], [0, 0]], "original_value": 3.39, "class": 1, "node_positions": [[-0.6069919889023062, 0.2483028455624128], [-0.908449095880579, 0.9656995049046306], [0.5316401592822646, -0.6287038890234354], [0.49740892559682637, -0.21275916231865205], [0.6316807965342947, -0.9999999999999999], [-0.7326596557931012, 0.630727318207861], [0.752999563974959, 0.10993348980646643], [0.11787162991317666, -0.06041626471766568], [-0.9400055709623103, 0.009996294143413065], [-0.23525987804238813, 0.10183744700921755], [0.8917651142791637, -0.16461758357424833]], "node_coordinates": [[259.4814666812937, 530.5768127285434], [155.12822391140526, 760.5000000000001], [653.6335839630001, 249.49913966076141], [641.7840035205434, 382.8080086766933], [688.2639332377573, 130.50000000000006], [215.9799925152666, 653.1425544227812], [730.2599800988842, 486.2299052237385], [510.40230231036963, 431.6333887763225], [144.20454545454544, 454.2003742040529], [388.1613030890781, 483.6351510664828], [778.2954545454545, 398.23722078836136]]}, "label": "1", "name": "2625", "value": 3.39, "input_type": "classification", "classes": {"0": "low", "1": "high"}, "image_width": 900, "image_height": 900, "image_path": "./2625.png"}