{"graph": {"node_indices": [0, 1, 2, 3, 4, 5, 6, 7, 8, 9, 10], "node_attributes": [[1.0, 0.0, 0.0], [0.0, 0.0, 1.0], [0.0, 0.0, 1.0], [0.0, 0.0, 1.0], [0.0, 0.0, 1.0], [0.0, 0.0, 1.0], [0.0, 0.0, 1.0], [0.0, 0.0, 1.0], [0.0, 1.0, 1.0], [0.0, 0.0, 1.0], [1.0, 0.0, 0.0]], "node_adjacency": [[0, 0, 0, 0, 0, 0, 0, 0, 0, 1, 1], [0, 0, 0, 0, 0, 0, 1, 1, 0, 0, 0], [0, 0, 0, 0, 0, 0, 0, 1, 0, 0, 1], [0, 0, 0, 0, 1, 0, 0, 0, 0, 1, 0], [0, 0, 0, 1, 0, 0, 0, 0, 1, 0, 0], [0, 0, 0, 0, 0, 0, 0, 0, 0, 1, 0], [0, 1, 0, 0, 0, 0, 0, 0, 0, 0, 0], [0, 1, 1, 0, 0, 0, 0, 0, 1, 0, 0], [0, 0, 0, 0, 1, 0, 0, 1, 0, 0, 0], [1, 0, 0, 1, 0, 1, 0, 0, 0, 0, 1], [1, 0, 1, 0, 0, 0, 0, 0, 0, 1, 0]], "edge_indices": [[5, 9], [9, 5], [9, 3], [3, 9], [3, 4], [4, 3], [2, 7], [7, 2], [7, 1], [1, 7], [1, 6], [6, 1], [10, 9], [9, 10], [0, 9], [9, 0], [8, 4], [4, 8], [8, 7], [7, 8], [10, 2], [2, 10], [0, 10], [10, 0]], "edge_attributes": [[1.0], [1.0], [1.0], [1.0], [1.0], [1.0], [1.0], [1.0], [1.0], [1.0], [1.0], [1.0], [1.0], [1.0], [1.0], [1.0], [1.0], [1.0], [1.0], [1.0], [1.0], [1.0], [1.0], [1.0]], "seed_graph_indices": [-1, 1, 1, 0, 0, 0, 1, 1, -1, 0, -1], "graph_labels": 0, "node_importances": [0, 1, 1, 1, 1, 1, 1, 1, 0, 1, 0], "edge_importances": [1, 1, 1, 1, 1, 1, 1, 1, 1, 1, 1, 1, 0, 0, 0, 0, 0, 0, 0, 0, 0, 0, 0, 0], "multi_node_importances": [[0, 0], [1, 0], [1, 0], [1, 0], [1, 0], [1, 0], [1, 0], [1, 0], [0, 0], [1, 0], [0, 0]], "multi_edge_importances": [[1, 0], [1, 0], [1, 0], [1, 0], [1, 0], [1, 0], [1, 0], [1, 0], [1, 0], [1, 0], [1, 0], [1, 0], [0, 0], [0, 0], [0, 0], [0, 0], [0, 0], [0, 0], [0, 0], [0, 0], [0, 0], [0, 0], [0, 0], [0, 0]], "original_value": -3.6100000000000003, "class": 0, "node_positions": [[-0.4205639017913708, -0.43236635253482475], [0.023073501472801003, 0.6884439980205366], [-0.23153558419239031, 0.15211647590329733], [0.24835474588633974, -0.40451406335930573], [0.44636943044833793, -0.12348552497399765], [-0.10889868963406982, -0.8052708252390386], [0.00019522272944924623, 0.9999999999999999], [0.05209984965137699, 0.359821696408358], [0.37258067778431353, 0.21140995768911316], [-0.09687959346632637, -0.4675287896067014], [-0.2847956588884611, -0.17862657230743673]], "node_coordinates": [[144.2045454545455, 260.6354979647152], [468.6890633306296, 651.7737753787871], [282.46331725722064, 464.6072105565142], [633.4638894435724, 270.3553371906405], [778.2954545454545, 368.42814527432563], [372.1621869011782, 130.5], [451.95547145300645, 760.4999999999999], [489.91946573838175, 537.091785773012], [724.3250100863202, 485.29933774475353], [380.95317385719505, 248.36457714464984], [243.50792365730848, 349.1851268117264]]}, "label": "0", "name": "2642", "value": -3.6100000000000003, "input_type": "classification", "classes": {"0": "low", "1": "high"}, "image_width": 900, "image_height": 900, "image_path": "./2642.png"}