{"graph":{"node_indices":[0,1,2,3,4,5,6,7,8,9,10,11,12,13,14,15,16,17,18,19,20,21],"node_attributes":[[1.0,0.0,0.0],[0.0,1.0,0.0],[0.0,0.0,1.0],[1.0,1.0,0.0],[0.0,0.0,1.0],[0.800000011920929,0.800000011920929,0.800000011920929],[0.0,0.0,1.0],[0.0,1.0,1.0],[1.0,1.0,0.0],[0.0,1.0,1.0],[1.0,0.0,0.0],[1.0,0.0,1.0],[0.800000011920929,0.800000011920929,0.800000011920929],[1.0,0.0,1.0],[0.0,0.0,1.0],[1.0,0.0,1.0],[0.0,1.0,0.0],[0.800000011920929,0.800000011920929,0.800000011920929],[0.0,1.0,1.0],[0.800000011920929,0.800000011920929,0.800000011920929],[1.0,0.0,0.0],[0.800000011920929,0.800000011920929,0.800000011920929]],"node_adjacency":[[0,0,0,0,0,0,0,0,1,0,0,0,0,0,0,1,1,0,0,0,0,0],[0,0,0,0,0,0,0,1,0,0,0,1,0,0,1,0,0,0,0,0,0,0],[0,0,0,0,0,0,0,1,0,0,0,0,0,0,0,0,0,0,0,0,1,0],[0,0,0,0,1,0,1,0,0,0,0,0,0,0,1,0,0,0,0,0,0,0],[0,0,0,1,0,0,0,0,0,0,0,0,1,0,0,0,0,0,0,0,0,0],[0,0,0,0,0,0,0,0,0,0,0,0,0,0,0,1,0,0,0,0,0,0],[0,0,0,0,0,0,0,0,0,0,0,0,0,0,0,0,0,0,0,0,0,0],[0,1,1,0,0,0,0,0,0,0,0,1,0,0,0,0,0,0,0,0,0,0],[1,0,0,0,0,0,0,0,0,0,1,0,0,0,0,0,0,0,0,0,1,0],[0,0,0,0,0,0,0,0,0,0,1,0,0,0,0,0,0,0,0,0,0,0],[0,0,0,0,0,0,0,0,1,1,0,0,0,1,0,0,0,0,0,1,0,0],[0,1,0,0,0,0,0,1,0,0,0,0,0,0,1,0,0,0,0,0,0,0],[0,0,0,0,1,0,0,0,0,0,0,0,0,0,0,0,0,0,0,0,0,0],[0,0,0,0,0,0,0,0,0,0,1,0,0,0,0,0,0,0,0,0,0,0],[0,1,0,1,0,0,0,0,0,0,0,1,0,0,0,0,0,0,1,0,0,0],[1,0,0,0,0,1,0,0,0,0,0,0,0,0,0,0,0,0,0,0,1,0],[1,0,0,0,0,0,0,0,0,0,0,0,0,0,0,0,0,1,0,0,0,0],[0,0,0,0,0,0,0,0,0,0,0,0,0,0,0,0,1,0,0,0,1,0],[0,0,0,0,0,0,0,0,0,0,0,0,0,0,1,0,0,0,0,0,0,0],[0,0,0,0,0,0,0,0,0,0,1,0,0,0,0,0,0,0,0,0,0,1],[0,0,1,0,0,0,0,0,0,0,0,0,0,0,0,1,0,1,0,0,0,0],[0,0,0,0,0,0,0,0,0,0,0,0,0,0,0,0,0,0,0,1,0,0]],"edge_indices":[[3,4],[3,14],[3,6],[4,3],[14,3],[14,3],[8,0],[8,10],[8,20],[0,8],[10,8],[10,8],[9,10],[10,9],[19,10],[10,19],[2,20],[20,2],[1,14],[14,1],[13,10],[10,13],[17,20],[20,17],[15,20],[20,15],[5,15],[15,5],[12,4],[4,12],[21,19],[19,21],[11,1],[1,11],[7,2],[2,7],[16,17],[17,16],[18,14],[14,18],[11,7],[7,11],[14,11],[11,14],[0,15],[15,0],[1,7],[7,1],[16,0],[0,16]],"edge_attributes":[[1.0],[1.0],[1.0],[1.0],[1.0],[1.0],[1.0],[1.0],[1.0],[1.0],[1.0],[1.0],[1.0],[1.0],[1.0],[1.0],[1.0],[1.0],[1.0],[1.0],[1.0],[1.0],[1.0],[1.0],[1.0],[1.0],[1.0],[1.0],[1.0],[1.0],[1.0],[1.0],[1.0],[1.0],[1.0],[1.0],[1.0],[1.0],[1.0],[1.0],[1.0],[1.0],[1.0],[1.0],[1.0],[1.0],[1.0],[1.0],[1.0],[1.0]],"seed_graph_indices":[1,-1,-1,0,0,-1,0,-1,1,-1,1,-1,-1,-1,0,-1,-1,-1,-1,-1,1,-1],"graph_labels":0,"node_importances":[1,0,0,1,1,0,1,0,1,0,1,0,0,0,1,0,0,0,0,0,1,0],"edge_importances":[1,1,1,1,1,1,1,1,1,1,1,1,0,0,0,0,0,0,0,0,0,0,0,0,0,0,0,0,0,0,0,0,0,0,0,0,0,0,0,0,0,0,0,0,0,0,0,0,0,0],"multi_node_importances":[[0,1],[0,0],[0,0],[1,0],[1,0],[0,0],[1,0],[0,0],[0,1],[0,0],[0,1],[0,0],[0,0],[0,0],[1,0],[0,0],[0,0],[0,0],[0,0],[0,0],[0,1],[0,0]],"multi_edge_importances":[[1,0],[1,0],[1,0],[1,0],[1,0],[1,0],[0,1],[0,1],[0,1],[0,1],[0,1],[0,1],[0,0],[0,0],[0,0],[0,0],[0,0],[0,0],[0,0],[0,0],[0,0],[0,0],[0,0],[0,0],[0,0],[0,0],[0,0],[0,0],[0,0],[0,0],[0,0],[0,0],[0,0],[0,0],[0,0],[0,0],[0,0],[0,0],[0,0],[0,0],[0,0],[0,0],[0,0],[0,0],[0,0],[0,0],[0,0],[0,0],[0,0],[0,0]],"original_value":-0.3004155621251038,"class":0,"node_positions":[[0.3463983902663527,-0.44456088300549046],[-0.39940919386411344,0.0920292208948956],[-0.04183900757883278,-0.06804059020657276],[-0.6183972938927291,0.44958143031595865],[-0.8203440394454741,0.5022670123799503],[0.029485643926023174,-0.6339212276060958],[-0.5607795979115197,0.6543303977907182],[-0.2002517040027297,0.059198207025795244],[0.38449213971214513,-0.2076390815500151],[0.6285956394580621,0.08251834985865947],[0.5950601370006835,-0.13178552478116343],[-0.318884245996734,0.2248035862488281],[-1.0,0.5776244858233592],[0.7275101817072752,-0.30839327865743404],[-0.5309879000854671,0.2497154668427848],[0.10530986892259524,-0.44148492005778545],[0.2576328088282797,-0.3473211491683995],[0.2218863856389017,-0.11979093468380542],[-0.7081105710837607,0.11824470363430344],[0.795181835576391,-0.07571088495934276],[0.12236798644561138,-0.21198914053121753],[0.98508253637904,-0.019675245607930596]],"node_coordinates":[[574.2818664911916,223.10381648005676],[336.0500547848583,485.5151022823275],[450.2679778839239,407.23537881381446],[266.09912786746906,660.3706099288904],[201.59168642421832,686.1356980886595],[473.0510673950548,130.5],[284.50383223361166,760.5],[399.6665299107848,469.4595908203007],[586.4500760109954,338.96684507974777],[664.423564382164,480.86395445165186],[653.7113865002268,376.0618813461734],[361.77197639868837,550.4464002709575],[144.20454545454538,722.9881322974843],[696.0196370228125,289.6945267482091],[294.02013415642307,562.629179213199],[497.2714465873936,224.60806970112856],[545.9276559238465,270.65743963073385],[534.5092480936881,381.92765447027705],[237.44219675801926,498.33538816455155],[717.6358568701869,403.484337015007],[502.7202866478572,336.83951443709213],[778.2954545454545,430.8877200928398]]},"label":"0","name":"2654","value":-0.3004155621251038,"input_type":"classification","classes":{"0":"low","1":"high"},"image_width":900,"image_height":900,"image_path":"./2654.png"}