{"graph":{"node_indices":[0,1,2,3,4,5,6,7,8,9,10,11,12,13,14,15,16,17,18,19,20,21,22,23,24,25],"node_attributes":[[0.0,0.0,1.0],[0.0,1.0,0.0],[1.0,0.0,0.0],[0.0,1.0,0.0],[0.0,1.0,0.0],[0.800000011920929,0.800000011920929,0.800000011920929],[0.800000011920929,0.800000011920929,0.800000011920929],[0.800000011920929,0.800000011920929,0.800000011920929],[1.0,0.0,1.0],[0.800000011920929,0.800000011920929,0.800000011920929],[0.0,1.0,0.0],[0.0,1.0,0.0],[0.0,0.0,1.0],[0.0,1.0,0.0],[0.800000011920929,0.800000011920929,0.800000011920929],[0.0,0.0,1.0],[0.0,0.0,1.0],[1.0,0.0,0.0],[0.0,0.0,1.0],[0.800000011920929,0.800000011920929,0.800000011920929],[1.0,1.0,0.0],[0.800000011920929,0.800000011920929,0.800000011920929],[0.0,1.0,1.0],[1.0,0.0,1.0],[1.0,0.0,0.0],[1.0,0.0,1.0]],"node_adjacency":[[0,1,0,1,0,0,0,0,0,0,0,1,0,0,1,0,0,0,0,0,1,0,1,0,0,0],[1,0,0,0,0,0,0,0,0,0,0,0,0,0,0,0,0,0,0,0,0,0,0,1,0,0],[0,0,0,0,0,0,0,0,0,0,0,0,0,0,0,0,0,0,0,0,0,0,0,0,0,1],[1,0,0,0,1,0,0,1,0,0,0,0,0,0,1,0,0,0,0,0,0,0,0,0,0,0],[0,0,0,1,0,0,0,0,0,0,0,0,0,0,0,0,0,0,0,0,0,0,0,0,0,0],[0,0,0,0,0,0,0,0,0,0,0,0,0,0,0,0,0,0,0,0,0,0,1,0,0,0],[0,0,0,0,0,0,0,0,0,1,0,0,0,0,0,0,1,0,0,0,0,0,0,0,0,0],[0,0,0,1,0,0,0,0,0,0,1,0,0,0,1,0,0,0,0,0,0,0,0,0,0,0],[0,0,0,0,0,0,0,0,0,0,0,0,1,0,0,0,1,0,0,0,0,0,0,0,0,0],[0,0,0,0,0,0,1,0,0,0,0,0,0,0,0,0,0,0,0,0,0,0,0,0,0,0],[0,0,0,0,0,0,0,1,0,0,0,0,0,0,0,0,0,0,0,0,0,0,0,0,0,0],[1,0,0,0,0,0,0,0,0,0,0,0,0,1,0,0,0,0,0,0,0,1,0,0,0,1],[0,0,0,0,0,0,0,0,1,0,0,0,0,0,0,0,0,0,0,0,0,0,0,0,0,0],[0,0,0,0,0,0,0,0,0,0,0,1,0,0,0,0,0,0,0,0,0,0,0,0,0,0],[1,0,0,1,0,0,0,1,0,0,0,0,0,0,0,1,0,0,0,0,0,0,0,0,0,0],[0,0,0,0,0,0,0,0,0,0,0,0,0,0,1,0,0,0,0,1,1,0,0,0,1,1],[0,0,0,0,0,0,1,0,1,0,0,0,0,0,0,0,0,0,0,0,0,0,1,0,0,0],[0,0,0,0,0,0,0,0,0,0,0,0,0,0,0,0,0,0,0,1,0,0,0,0,0,0],[0,0,0,0,0,0,0,0,0,0,0,0,0,0,0,0,0,0,0,1,0,0,0,0,0,0],[0,0,0,0,0,0,0,0,0,0,0,0,0,0,0,1,0,1,1,0,0,0,0,0,0,0],[1,0,0,0,0,0,0,0,0,0,0,0,0,0,0,1,1,0,0,0,0,0,0,0,0,0],[0,0,0,0,0,0,0,0,0,0,0,1,0,0,0,0,0,0,0,0,0,0,0,0,0,0],[1,0,0,0,0,1,0,0,0,0,0,0,0,0,0,0,1,0,0,0,0,0,0,0,0,0],[0,1,0,0,0,0,0,0,0,0,0,0,0,0,0,0,0,0,0,0,0,0,0,0,0,0],[0,0,0,0,0,0,0,0,0,0,0,0,0,0,0,1,0,0,0,0,0,0,0,0,0,0],[0,0,1,0,0,0,0,0,0,0,0,1,0,0,0,1,0,0,0,0,0,0,0,0,0,0]],"edge_indices":[[20,15],[20,0],[20,16],[15,20],[0,20],[0,20],[24,15],[15,24],[14,0],[0,14],[25,15],[15,25],[1,0],[0,1],[11,0],[0,11],[19,15],[15,19],[22,0],[0,22],[6,16],[16,6],[13,11],[11,13],[17,19],[19,17],[9,6],[6,9],[3,0],[0,3],[7,3],[3,7],[8,16],[16,8],[23,1],[1,23],[18,19],[19,18],[5,22],[22,5],[12,8],[8,12],[2,25],[25,2],[4,3],[3,4],[21,11],[11,21],[10,7],[7,10],[11,25],[25,11],[14,3],[3,14],[14,7],[7,14],[15,14],[14,15],[22,16],[16,22]],"edge_attributes":[[1.0],[1.0],[1.0],[1.0],[1.0],[1.0],[1.0],[1.0],[1.0],[1.0],[1.0],[1.0],[1.0],[1.0],[1.0],[1.0],[1.0],[1.0],[1.0],[1.0],[1.0],[1.0],[1.0],[1.0],[1.0],[1.0],[1.0],[1.0],[1.0],[1.0],[1.0],[1.0],[1.0],[1.0],[1.0],[1.0],[1.0],[1.0],[1.0],[1.0],[1.0],[1.0],[1.0],[1.0],[1.0],[1.0],[1.0],[1.0],[1.0],[1.0],[1.0],[1.0],[1.0],[1.0],[1.0],[1.0],[1.0],[1.0],[1.0],[1.0]],"seed_graph_indices":[0,-1,-1,-1,-1,-1,-1,-1,-1,-1,-1,-1,-1,-1,-1,0,0,-1,-1,-1,0,-1,-1,-1,-1,-1],"graph_labels":0,"node_importances":[1,0,0,0,0,0,0,0,0,0,0,0,0,0,0,1,1,0,0,0,1,0,0,0,0,0],"edge_importances":[1,1,1,1,1,1,0,0,0,0,0,0,0,0,0,0,0,0,0,0,0,0,0,0,0,0,0,0,0,0,0,0,0,0,0,0,0,0,0,0,0,0,0,0,0,0,0,0,0,0,0,0,0,0,0,0,0,0,0,0],"multi_node_importances":[[1,0],[0,0],[0,0],[0,0],[0,0],[0,0],[0,0],[0,0],[0,0],[0,0],[0,0],[0,0],[0,0],[0,0],[0,0],[1,0],[1,0],[0,0],[0,0],[0,0],[1,0],[0,0],[0,0],[0,0],[0,0],[0,0]],"multi_edge_importances":[[1,0],[1,0],[1,0],[1,0],[1,0],[1,0],[0,0],[0,0],[0,0],[0,0],[0,0],[0,0],[0,0],[0,0],[0,0],[0,0],[0,0],[0,0],[0,0],[0,0],[0,0],[0,0],[0,0],[0,0],[0,0],[0,0],[0,0],[0,0],[0,0],[0,0],[0,0],[0,0],[0,0],[0,0],[0,0],[0,0],[0,0],[0,0],[0,0],[0,0],[0,0],[0,0],[0,0],[0,0],[0,0],[0,0],[0,0],[0,0],[0,0],[0,0],[0,0],[0,0],[0,0],[0,0],[0,0],[0,0],[0,0],[0,0],[0,0],[0,0]],"original_value":-2.4971308573910225,"class":0,"node_positions":[[0.14647764053354578,-0.1536431983682255],[0.31272790412164336,-0.4418922480182129],[0.2571318493940811,0.6411532693083001],[0.37006298166032514,0.10877350392414897],[0.7038884802233881,0.160830406520294],[-0.046246224475291586,-0.7009833440623355],[-0.5292272645263858,-0.5810741949842834],[0.42010101268460254,0.4001869529703191],[-0.702276111472823,-0.2621675525804963],[-0.6840728859542619,-0.836656159021347],[0.6376608648131977,0.6444973698164544],[0.3800549666275641,-0.05254165810919386],[-1.0,-0.2975257942462012],[0.7164268920229957,-0.0474749213147325],[0.1393289988775886,0.15583400830577698],[-0.13056518279399648,0.2657685175280782],[-0.39024508745416253,-0.2985392506148274],[-0.43243556791201737,0.801529397021762],[-0.6655078943445462,0.5673974400013221],[-0.3834467618754893,0.4768581353037229],[-0.17689164295667856,-0.054172145644303886],[0.6260772367811575,-0.269561254147137],[-0.08042766557948254,-0.38573904656071856],[0.49122824571462637,-0.7044779476324339],[-0.1495829368178858,0.5514403947772182],[0.1697581527083052,0.31217931982705227]],"node_coordinates":[[567.7419840235148,393.1675370345795],[629.1589784000907,282.31507553557617],[608.6204089754889,698.8238607575526],[650.3399862299386,494.0856057077753],[773.6634524639684,514.1052234577858],[496.54498091496055,182.67594130827996],[318.1197370650943,228.78962094640332],[668.8252830571793,606.1550060402587],[254.19117640960798,351.43212867285945],[260.9159019840524,130.5],[749.1973193256814,700.1099075746336],[654.0312747205494,432.0483403283389],[144.20454545454544,337.8343453404273],[778.2954545454545,433.99686451641725],[565.1010974774829,512.1837495053791],[465.39545442922093,554.4614637451127],[369.46322009762366,337.4445985807399],[353.8770042017793,760.5],[267.7742729765945,670.4594472807111],[371.9746911462951,635.6405821350179],[448.28130446102915,431.4213007702558],[744.9180381844087,348.5887194083835],[483.9175039367547,303.91001439199624],[695.1014571620793,181.33201525482377],[458.36982170701253,664.3228173647036],[576.3423859384467,572.3097504306438]]},"label":"0","name":"2658","value":-2.4971308573910225,"input_type":"classification","classes":{"0":"low","1":"high"},"image_width":900,"image_height":900,"image_path":"./2658.png"}