{"graph": {"node_indices": [0, 1, 2, 3, 4, 5, 6, 7, 8, 9, 10, 11, 12], "node_attributes": [[1.0, 0.0, 1.0], [1.0, 1.0, 0.0], [1.0, 0.0, 1.0], [0.0, 1.0, 1.0], [0.0, 1.0, 1.0], [0.0, 1.0, 0.0], [1.0, 0.0, 0.0], [0.0, 1.0, 0.0], [0.0, 0.0, 1.0], [0.0, 1.0, 1.0], [1.0, 0.0, 1.0], [1.0, 0.0, 0.0], [0.0, 1.0, 0.0]], "node_adjacency": [[0, 0, 0, 0, 0, 0, 0, 1, 0, 0, 0, 0, 0], [0, 0, 1, 0, 1, 0, 0, 0, 0, 0, 0, 0, 0], [0, 1, 0, 0, 1, 1, 0, 1, 0, 0, 0, 0, 0], [0, 0, 0, 0, 0, 0, 0, 0, 0, 0, 0, 1, 0], [0, 1, 1, 0, 0, 0, 0, 0, 0, 1, 0, 0, 0], [0, 0, 1, 0, 0, 0, 0, 0, 0, 0, 0, 0, 1], [0, 0, 0, 0, 0, 0, 0, 0, 1, 0, 1, 1, 1], [1, 0, 1, 0, 0, 0, 0, 0, 0, 0, 0, 0, 0], [0, 0, 0, 0, 0, 0, 1, 0, 0, 0, 0, 0, 0], [0, 0, 0, 0, 1, 0, 0, 0, 0, 0, 0, 0, 0], [0, 0, 0, 0, 0, 0, 1, 0, 0, 0, 0, 0, 0], [0, 0, 0, 1, 0, 0, 1, 0, 0, 0, 0, 0, 1], [0, 0, 0, 0, 0, 1, 1, 0, 0, 0, 0, 1, 0]], "edge_indices": [[6, 11], [6, 12], [11, 6], [11, 12], [12, 11], [12, 6], [5, 12], [12, 5], [2, 5], [5, 2], [7, 2], [2, 7], [3, 11], [11, 3], [1, 2], [2, 1], [4, 2], [2, 4], [9, 4], [4, 9], [10, 6], [6, 10], [0, 7], [7, 0], [8, 6], [6, 8], [1, 4], [4, 1]], "edge_attributes": [[1.0], [1.0], [1.0], [1.0], [1.0], [1.0], [1.0], [1.0], [1.0], [1.0], [1.0], [1.0], [1.0], [1.0], [1.0], [1.0], [1.0], [1.0], [1.0], [1.0], [1.0], [1.0], [1.0], [1.0], [1.0], [1.0], [1.0], [1.0]], "seed_graph_indices": [-1, -1, -1, -1, -1, -1, 0, -1, -1, -1, -1, 0, 0], "graph_labels": 1, "node_importances": [0, 0, 0, 0, 0, 0, 1, 0, 0, 0, 0, 1, 1], "edge_importances": [1, 1, 1, 1, 1, 1, 0, 0, 0, 0, 0, 0, 0, 0, 0, 0, 0, 0, 0, 0, 0, 0, 0, 0, 0, 0, 0, 0], "multi_node_importances": [[0, 0], [0, 0], [0, 0], [0, 0], [0, 0], [0, 0], [0, 1], [0, 0], [0, 0], [0, 0], [0, 0], [0, 1], [0, 1]], "multi_edge_importances": [[0, 1], [0, 1], [0, 1], [0, 1], [0, 1], [0, 1], [0, 0], [0, 0], [0, 0], [0, 0], [0, 0], [0, 0], [0, 0], [0, 0], [0, 0], [0, 0], [0, 0], [0, 0], [0, 0], [0, 0], [0, 0], [0, 0], [0, 0], [0, 0], [0, 0], [0, 0], [0, 0], [0, 0]], "original_value": 1.08, "class": 1, "node_positions": [[0.27127704585313694, 0.9800658191956757], [0.6448314933129526, 0.35990960470273636], [0.33033068398081633, 0.2562452751720749], [-0.9078690803347316, -0.017517365097857552], [0.6636297840305739, 0.07598362292144772], [0.03667462529198439, 0.037347447371439656], [-0.4354145003678623, -0.4715308226373864], [0.2619425386309238, 0.6326958182543237], [-0.7254709097556499, -0.6842300846680471], [1.0, -0.026158603875596292], [-0.30172851534703893, -0.8075861946536099], [-0.5866787453927615, -0.16397002425613105], [-0.25152441990234403, -0.17125449242906976]], "node_coordinates": [[536.1003242646457, 760.5], [660.2532242860607, 541.946046487943], [555.7271296211936, 505.4129141454295], [144.20454545454538, 408.93414644685316], [666.5009408476186, 441.8855385499074], [458.1289038658993, 428.2694709886973], [301.227455046851, 248.93182159056948], [532.9979488283761, 638.0807042435373], [204.8255927743735, 173.9728619937418], [778.2954545454545, 405.8888219721792], [345.65873633775334, 130.5], [250.95394119339505, 357.32165444342286], [362.3443469222218, 354.75447978448597]]}, "label": "1", "name": "267", "value": 1.08, "input_type": "classification", "classes": {"0": "low", "1": "high"}, "image_width": 900, "image_height": 900, "image_path": "./267.png"}