{"graph": {"node_indices": [0, 1, 2, 3, 4, 5, 6, 7, 8, 9, 10, 11, 12, 13], "node_attributes": [[1.0, 1.0, 0.0], [1.0, 0.0, 1.0], [1.0, 0.0, 1.0], [1.0, 1.0, 0.0], [1.0, 0.0, 1.0], [0.0, 1.0, 0.0], [0.0, 0.0, 1.0], [0.0, 1.0, 0.0], [0.0, 1.0, 0.0], [1.0, 1.0, 0.0], [0.0, 0.0, 1.0], [0.0, 1.0, 0.0], [0.0, 0.0, 1.0], [0.0, 0.0, 1.0]], "node_adjacency": [[0, 0, 1, 0, 0, 1, 1, 1, 0, 0, 1, 0, 0, 1], [0, 0, 0, 0, 0, 0, 0, 0, 0, 0, 1, 0, 0, 0], [1, 0, 0, 0, 0, 0, 0, 0, 1, 0, 0, 0, 0, 0], [0, 0, 0, 0, 0, 0, 0, 0, 0, 1, 0, 1, 1, 1], [0, 0, 0, 0, 0, 0, 1, 0, 1, 0, 0, 0, 0, 0], [1, 0, 0, 0, 0, 0, 0, 1, 0, 0, 0, 0, 0, 0], [0, 0, 0, 0, 1, 0, 0, 0, 0, 0, 0, 0, 0, 0], [1, 0, 0, 0, 0, 1, 0, 0, 0, 0, 0, 0, 0, 0], [0, 0, 1, 0, 1, 0, 0, 0, 0, 0, 0, 0, 0, 0], [0, 0, 0, 1, 0, 0, 0, 0, 0, 0, 0, 0, 1, 0], [1, 1, 0, 0, 0, 0, 0, 0, 0, 0, 0, 0, 0, 0], [0, 0, 0, 1, 0, 0, 0, 0, 0, 0, 0, 0, 0, 0], [0, 0, 0, 1, 0, 0, 0, 0, 0, 1, 0, 0, 0, 0], [1, 0, 0, 1, 0, 0, 0, 0, 0, 0, 0, 0, 0, 0]], "edge_indices": [[0, 10], [0, 13], [0, 6], [10, 0], [13, 0], [13, 0], [5, 0], [0, 5], [4, 6], [6, 4], [7, 0], [0, 7], [3, 13], [13, 3], [2, 0], [0, 2], [1, 10], [10, 1], [12, 3], [3, 12], [9, 3], [3, 9], [11, 3], [3, 11], [8, 4], [4, 8], [7, 5], [5, 7], [12, 9], [9, 12], [8, 2], [2, 8]], "edge_attributes": [[1.0], [1.0], [1.0], [1.0], [1.0], [1.0], [1.0], [1.0], [1.0], [1.0], [1.0], [1.0], [1.0], [1.0], [1.0], [1.0], [1.0], [1.0], [1.0], [1.0], [1.0], [1.0], [1.0], [1.0], [1.0], [1.0], [1.0], [1.0], [1.0], [1.0], [1.0], [1.0]], "seed_graph_indices": [0, -1, -1, -1, -1, -1, 0, -1, -1, -1, 0, -1, -1, 0], "graph_labels": 0, "node_importances": [1, 0, 0, 0, 0, 0, 1, 0, 0, 0, 1, 0, 0, 1], "edge_importances": [1, 1, 1, 1, 1, 1, 0, 0, 0, 0, 0, 0, 0, 0, 0, 0, 0, 0, 0, 0, 0, 0, 0, 0, 0, 0, 0, 0, 0, 0, 0, 0], "multi_node_importances": [[1, 0], [0, 0], [0, 0], [0, 0], [0, 0], [0, 0], [1, 0], [0, 0], [0, 0], [0, 0], [1, 0], [0, 0], [0, 0], [1, 0]], "multi_edge_importances": [[1, 0], [1, 0], [1, 0], [1, 0], [1, 0], [1, 0], [0, 0], [0, 0], [0, 0], [0, 0], [0, 0], [0, 0], [0, 0], [0, 0], [0, 0], [0, 0], [0, 0], [0, 0], [0, 0], [0, 0], [0, 0], [0, 0], [0, 0], [0, 0], [0, 0], [0, 0], [0, 0], [0, 0], [0, 0], [0, 0], [0, 0], [0, 0]], "original_value": -2.37, "class": 0, "node_positions": [[-0.01440667636707745, -0.19350919252242293], [0.12600272862573145, -1.0], [-0.3956691233941523, -0.09675908150584385], [0.26746484170459767, 0.5974292174249566], [-0.7983004199713816, -0.09698582534422678], [0.36452692858419455, -0.1796861780421206], [-0.39015144802728297, -0.2993276189718691], [0.3042850325960554, -0.42381692342919786], [-0.7652734502255816, -0.3779117086363466], [0.4930179581048828, 0.8975571593224763], [0.013826803729385146, -0.6274273748073154], [0.016701943502203342, 0.9234682467822506], [0.6695934553735461, 0.6533009626203491], [0.10838142576487962, 0.2236683171093105]], "node_coordinates": [[482.8256848035528, 394.65263655163045], [543.4787938274479, 130.50000000000006], [318.1305009771236, 426.3415246018552], [604.5866445997127, 653.7113442274318], [144.20454545454544, 426.26725843269946], [646.5148711162803, 399.180134802334], [320.5139892171195, 359.99357276168996], [620.4919826540588, 319.21917373570193], [158.47131338810004, 334.2546625553779], [702.0195605814196, 752.0132547017785], [495.0217933655286, 252.52996034067797], [496.26377687873133, 760.5000000000001], [778.2954545454545, 672.0112041455675], [535.8668621080801, 531.2921841540741]]}, "label": "0", "name": "268", "value": -2.37, "input_type": "classification", "classes": {"0": "low", "1": "high"}, "image_width": 900, "image_height": 900, "image_path": "./268.png"}