{"graph":{"node_indices":[0,1,2,3,4,5,6,7,8,9,10,11,12,13,14,15,16,17,18,19,20,21,22,23,24,25,26,27,28],"node_attributes":[[0.0,1.0,0.0],[1.0,1.0,0.0],[1.0,0.0,0.0],[0.0,0.0,1.0],[0.0,0.0,1.0],[1.0,0.0,1.0],[1.0,0.0,0.0],[0.0,1.0,0.0],[1.0,0.0,1.0],[1.0,1.0,0.0],[1.0,0.0,1.0],[0.800000011920929,0.800000011920929,0.800000011920929],[1.0,0.0,0.0],[0.800000011920929,0.800000011920929,0.800000011920929],[0.0,1.0,0.0],[1.0,0.0,0.0],[1.0,0.0,0.0],[1.0,0.0,0.0],[0.0,1.0,0.0],[1.0,0.0,1.0],[1.0,0.0,0.0],[0.800000011920929,0.800000011920929,0.800000011920929],[0.800000011920929,0.800000011920929,0.800000011920929],[1.0,0.0,1.0],[1.0,0.0,1.0],[0.800000011920929,0.800000011920929,0.800000011920929],[1.0,0.0,1.0],[1.0,0.0,1.0],[1.0,0.0,0.0]],"node_adjacency":[[0,0,0,0,0,0,0,0,0,0,0,0,0,0,0,0,0,0,0,0,0,0,1,0,0,0,1,0,0],[0,0,0,0,0,0,0,0,0,0,0,0,0,0,1,0,0,0,0,0,0,0,0,0,0,0,1,0,0],[0,0,0,0,0,0,0,0,0,0,0,1,0,0,0,0,0,0,1,0,1,0,0,0,0,0,0,0,0],[0,0,0,0,0,1,0,0,0,0,0,0,0,0,0,0,0,0,0,0,0,0,0,0,0,0,0,0,0],[0,0,0,0,0,0,0,0,0,0,1,0,1,0,0,0,0,0,0,0,0,0,0,1,0,0,0,0,0],[0,0,0,1,0,0,1,0,0,0,0,0,0,0,1,0,0,0,0,0,0,0,0,0,0,0,0,0,0],[0,0,0,0,0,1,0,0,0,0,0,0,0,0,0,0,0,0,0,0,0,0,0,0,0,0,0,0,0],[0,0,0,0,0,0,0,0,0,0,0,0,0,0,0,0,0,0,0,0,0,0,1,0,0,0,0,0,0],[0,0,0,0,0,0,0,0,0,0,0,0,1,0,0,0,0,0,0,0,1,0,0,0,0,0,0,0,0],[0,0,0,0,0,0,1,0,0,0,0,0,1,0,0,1,0,0,0,0,0,0,1,0,0,0,0,0,0],[0,0,0,0,1,0,0,0,0,0,0,0,0,0,0,0,0,0,0,0,0,0,0,0,1,0,0,0,0],[0,0,1,0,0,0,0,0,0,0,0,0,1,0,0,0,0,1,0,0,0,0,0,0,0,0,0,0,0],[0,0,0,0,1,0,0,0,1,1,0,1,0,0,0,0,0,0,0,1,0,0,0,0,0,1,0,0,0],[0,0,0,0,0,0,0,0,0,0,0,0,0,0,0,0,0,0,0,0,0,0,0,0,1,0,0,0,0],[0,1,0,0,0,1,0,0,0,0,0,0,0,0,0,0,0,0,0,0,0,0,0,0,0,0,0,1,0],[0,0,0,0,0,0,0,0,0,1,0,0,0,0,0,0,0,0,0,0,0,0,0,0,0,0,0,0,0],[0,0,0,0,0,0,0,0,0,0,0,0,0,0,0,0,0,0,0,0,1,0,0,0,0,0,0,0,0],[0,0,0,0,0,0,0,0,0,0,0,1,0,0,0,0,0,0,0,0,0,0,0,0,0,0,0,0,0],[0,0,1,0,0,0,0,0,0,0,0,0,0,0,0,0,0,0,0,0,1,1,0,0,0,0,0,0,0],[0,0,0,0,0,0,0,0,0,0,0,0,1,0,0,0,0,0,0,0,0,0,0,0,0,0,0,0,0],[0,0,1,0,0,0,0,0,1,0,0,0,0,0,0,0,1,0,1,0,0,0,0,0,0,1,0,0,0],[0,0,0,0,0,0,0,0,0,0,0,0,0,0,0,0,0,0,1,0,0,0,0,0,0,0,0,0,0],[1,0,0,0,0,0,0,1,0,1,0,0,0,0,0,0,0,0,0,0,0,0,0,0,0,0,0,0,1],[0,0,0,0,1,0,0,0,0,0,0,0,0,0,0,0,0,0,0,0,0,0,0,0,0,0,0,0,0],[0,0,0,0,0,0,0,0,0,0,1,0,0,1,0,0,0,0,0,0,0,0,0,0,0,0,0,0,0],[0,0,0,0,0,0,0,0,0,0,0,0,1,0,0,0,0,0,0,0,1,0,0,0,0,0,0,0,0],[1,1,0,0,0,0,0,0,0,0,0,0,0,0,0,0,0,0,0,0,0,0,0,0,0,0,0,0,0],[0,0,0,0,0,0,0,0,0,0,0,0,0,0,1,0,0,0,0,0,0,0,0,0,0,0,0,0,0],[0,0,0,0,0,0,0,0,0,0,0,0,0,0,0,0,0,0,0,0,0,0,1,0,0,0,0,0,0]],"edge_indices":[[9,15],[9,12],[9,6],[15,9],[12,9],[12,9],[20,2],[20,18],[2,20],[2,18],[18,2],[18,20],[19,12],[12,19],[22,9],[9,22],[8,12],[12,8],[0,22],[22,0],[7,22],[22,7],[4,12],[12,4],[16,20],[20,16],[21,18],[18,21],[5,6],[6,5],[3,5],[5,3],[28,22],[22,28],[26,0],[0,26],[14,5],[5,14],[23,4],[4,23],[11,12],[12,11],[25,12],[12,25],[17,11],[11,17],[27,14],[14,27],[10,4],[4,10],[1,26],[26,1],[24,10],[10,24],[13,24],[24,13],[11,2],[2,11],[1,14],[14,1],[8,20],[20,8],[20,25],[25,20]],"edge_attributes":[[1.0],[1.0],[1.0],[1.0],[1.0],[1.0],[1.0],[1.0],[1.0],[1.0],[1.0],[1.0],[1.0],[1.0],[1.0],[1.0],[1.0],[1.0],[1.0],[1.0],[1.0],[1.0],[1.0],[1.0],[1.0],[1.0],[1.0],[1.0],[1.0],[1.0],[1.0],[1.0],[1.0],[1.0],[1.0],[1.0],[1.0],[1.0],[1.0],[1.0],[1.0],[1.0],[1.0],[1.0],[1.0],[1.0],[1.0],[1.0],[1.0],[1.0],[1.0],[1.0],[1.0],[1.0],[1.0],[1.0],[1.0],[1.0],[1.0],[1.0],[1.0],[1.0],[1.0],[1.0]],"seed_graph_indices":[-1,-1,1,-1,-1,-1,0,-1,-1,0,-1,-1,0,-1,-1,0,-1,-1,1,-1,1,-1,-1,-1,-1,-1,-1,-1,-1],"graph_labels":1,"node_importances":[0,0,1,0,0,0,1,0,0,1,0,0,1,0,0,1,0,0,1,0,1,0,0,0,0,0,0,0,0],"edge_importances":[1,1,1,1,1,1,1,1,1,1,1,1,0,0,0,0,0,0,0,0,0,0,0,0,0,0,0,0,0,0,0,0,0,0,0,0,0,0,0,0,0,0,0,0,0,0,0,0,0,0,0,0,0,0,0,0,0,0,0,0,0,0,0,0],"multi_node_importances":[[0,0],[0,0],[0,1],[0,0],[0,0],[0,0],[0,1],[0,0],[0,0],[0,1],[0,0],[0,0],[0,1],[0,0],[0,0],[0,1],[0,0],[0,0],[0,1],[0,0],[0,1],[0,0],[0,0],[0,0],[0,0],[0,0],[0,0],[0,0],[0,0]],"multi_edge_importances":[[0,1],[0,1],[0,1],[0,1],[0,1],[0,1],[0,1],[0,1],[0,1],[0,1],[0,1],[0,1],[0,0],[0,0],[0,0],[0,0],[0,0],[0,0],[0,0],[0,0],[0,0],[0,0],[0,0],[0,0],[0,0],[0,0],[0,0],[0,0],[0,0],[0,0],[0,0],[0,0],[0,0],[0,0],[0,0],[0,0],[0,0],[0,0],[0,0],[0,0],[0,0],[0,0],[0,0],[0,0],[0,0],[0,0],[0,0],[0,0],[0,0],[0,0],[0,0],[0,0],[0,0],[0,0],[0,0],[0,0],[0,0],[0,0],[0,0],[0,0],[0,0],[0,0],[0,0],[0,0]],"original_value":2.996488861401574,"class":1,"node_positions":[[-0.665576248856267,-0.15078696291723095],[-1.0,0.202566950944317],[0.5610963615980762,-0.3738397994175229],[-0.5129316606536843,0.6728097227912018],[0.3209245961384717,0.2484868584602136],[-0.5265315683234838,0.40313583549343773],[-0.3172805918470988,0.21212228334069622],[-0.57085807351191,-0.4286305935492372],[0.20015924227903215,-0.3147943151989201],[-0.15518664747621894,-0.022665983263943226],[0.5358569774207699,0.4293762465864656],[0.4375551654384151,-0.11083270281803437],[0.16639207589343674,-0.029069104273055202],[0.8558773406596686,0.8238173765364001],[-0.8106414287075981,0.4043863421755419],[-0.18133079252354958,-0.2265923102790264],[0.7244131772709914,-0.5383439432942881],[0.6942296922344557,-0.0366497964248267],[0.5299112480298009,-0.6677249213802171],[0.12144743952034114,0.16159574479981773],[0.4127934930793181,-0.48356538900348384],[0.6317539422536739,-0.9041777725073362],[-0.4018887947920781,-0.21876302821362378],[0.25734656357671715,0.5033527883606405],[0.6992142851520428,0.6325138577447964],[0.2930679756493011,-0.23997055954863075],[-0.9068771474678029,-0.04440005225286002],[-0.9833405952190636,0.6036010361331974],[-0.40959602681575746,-0.5069578090244893]],"node_coordinates":[[258.46590084613996,405.17450374755254],[144.2045454545455,534.0018131621467],[677.5787019342966,323.8529288154997],[310.61942607145414,705.444971684601],[595.5200821312671,550.7434931090055],[305.9727947295195,607.1260909333384],[377.46682022093967,537.4855378780699],[290.82791777242414,303.8770623774011],[554.2586197825764,345.37998870238965],[432.8488728450256,451.8854087094323],[668.9552526861937,616.6929343343492],[635.3688275709331,419.74120196798646],[542.7215139826557,449.5509309546927],[778.2954545454545,760.5],[208.90200470165064,607.5820061077309],[423.9162972177086,377.53705993623174],[733.3785685801504,263.87729132617307],[723.0658862454732,446.78712918229826],[666.9237967962329,216.70701064613618],[527.3654423758722,519.0643523218667],[626.9085963946583,283.84869530974595],[701.7200223602182,130.5],[348.55904105550167,380.391493702399],[573.7976053371033,643.6636242367608],[724.7689541074028,690.7537296442028],[586.0024112037801,372.65955953091236],[176.02149419658406,443.96150714605415],[149.89650412607205,680.2125671731233],[345.9257389221116,275.32018490195406]]},"label":"1","name":"2687","value":2.996488861401574,"input_type":"classification","classes":{"0":"low","1":"high"},"image_width":900,"image_height":900,"image_path":"./2687.png"}