{"graph":{"node_indices":[0,1,2,3,4,5,6,7,8,9,10,11,12,13,14,15],"node_attributes":[[1.0,0.0,0.0],[1.0,0.0,0.0],[0.800000011920929,0.800000011920929,0.800000011920929],[1.0,0.0,0.0],[0.0,0.0,1.0],[0.800000011920929,0.800000011920929,0.800000011920929],[0.0,0.0,1.0],[1.0,0.0,1.0],[1.0,1.0,0.0],[0.0,1.0,0.0],[0.800000011920929,0.800000011920929,0.800000011920929],[0.800000011920929,0.800000011920929,0.800000011920929],[1.0,0.0,0.0],[0.800000011920929,0.800000011920929,0.800000011920929],[1.0,0.0,0.0],[0.800000011920929,0.800000011920929,0.800000011920929]],"node_adjacency":[[0,0,0,0,0,0,0,0,1,0,0,0,0,1,0,0],[0,0,1,0,0,0,0,0,0,1,0,0,0,0,0,0],[0,1,0,0,0,0,0,0,0,0,0,0,0,0,0,0],[0,0,0,0,0,0,0,0,0,0,0,0,0,0,1,0],[0,0,0,0,0,0,1,0,0,0,0,0,0,0,0,0],[0,0,0,0,0,0,0,0,0,0,0,0,1,0,0,0],[0,0,0,0,1,0,0,0,0,0,0,0,0,0,1,1],[0,0,0,0,0,0,0,0,1,0,0,0,0,0,0,0],[1,1,0,0,0,0,0,1,0,0,0,1,1,0,0,1],[0,1,0,0,0,0,0,0,0,0,0,1,0,0,0,0],[0,0,0,0,0,0,0,0,0,0,0,1,0,0,0,0],[0,0,0,0,0,0,0,0,1,1,1,0,0,0,0,0],[0,0,0,0,0,1,0,0,1,0,0,0,0,0,0,1],[1,0,0,0,0,0,0,0,0,0,0,0,0,0,0,0],[0,0,0,1,0,0,1,0,0,0,0,0,0,0,0,0],[0,0,0,0,0,0,1,0,1,0,0,0,1,0,0,0]],"edge_indices":[[8,12],[8,0],[8,1],[12,8],[0,8],[0,8],[11,8],[8,11],[9,1],[1,9],[13,0],[0,13],[15,8],[8,15],[6,15],[15,6],[2,1],[1,2],[4,6],[6,4],[14,6],[6,14],[10,11],[11,10],[5,12],[12,5],[7,8],[8,7],[3,14],[14,3],[12,15],[15,12],[11,9],[9,11]],"edge_attributes":[[1.0],[1.0],[1.0],[1.0],[1.0],[1.0],[1.0],[1.0],[1.0],[1.0],[1.0],[1.0],[1.0],[1.0],[1.0],[1.0],[1.0],[1.0],[1.0],[1.0],[1.0],[1.0],[1.0],[1.0],[1.0],[1.0],[1.0],[1.0],[1.0],[1.0],[1.0],[1.0],[1.0],[1.0]],"seed_graph_indices":[0,0,-1,-1,-1,-1,-1,-1,0,-1,-1,-1,0,-1,-1,-1],"graph_labels":1,"node_importances":[1,1,0,0,0,0,0,0,1,0,0,0,1,0,0,0],"edge_importances":[1,1,1,1,1,1,0,0,0,0,0,0,0,0,0,0,0,0,0,0,0,0,0,0,0,0,0,0,0,0,0,0,0,0],"multi_node_importances":[[0,1],[0,1],[0,0],[0,0],[0,0],[0,0],[0,0],[0,0],[0,1],[0,0],[0,0],[0,0],[0,1],[0,0],[0,0],[0,0]],"multi_edge_importances":[[0,1],[0,1],[0,1],[0,1],[0,1],[0,1],[0,0],[0,0],[0,0],[0,0],[0,0],[0,0],[0,0],[0,0],[0,0],[0,0],[0,0],[0,0],[0,0],[0,0],[0,0],[0,0],[0,0],[0,0],[0,0],[0,0],[0,0],[0,0],[0,0],[0,0],[0,0],[0,0],[0,0],[0,0]],"original_value":2.145627471402843,"class":1,"node_positions":[[0.44346820073825466,-0.1319686249205688],[0.4310534479464536,0.2774796241154489],[0.7670187721190707,0.3308561953116547],[-1.0,-0.557086680377897],[-0.3175186485567601,-0.734811738102798],[-0.46543286353567254,0.32774122204039086],[-0.37558637235768333,-0.39801923220418783],[0.2070071787875065,-0.21384743314797725],[0.13992690195555157,0.08220727786033633],[0.40799689627208635,0.6073225300338321],[-0.007589729483296227,0.7625937329359189],[0.12075332463928046,0.4444973249316062],[-0.18575195118929244,0.13866338562935357],[0.6945531276328084,-0.35705151141201263],[-0.7068485488583549,-0.447569989547406],[-0.1530497361099525,-0.1310060831456942]],"node_coordinates":[[662.1900236463197,384.13281265518],[657.735016145493,556.3990437340309],[778.2954545454544,578.8560472003553],[144.20454545454544,205.27385954054165],[389.1115195073796,130.5],[336.0328196523864,577.545491576744],[368.2740409504251,272.1979454261913],[577.336491392384,349.68412779263247],[553.2648774460112,474.2425533778259],[649.4612218641972,695.1730997580379],[500.32884959447205,760.5],[546.3844802126422,626.6680213418057],[436.39571718539617,497.9952032661748],[752.2913129284143,289.43420146923006],[249.4013170388142,251.35056792557825],[448.1308371604248,384.5377806681193]]},"label":"1","name":"2707","value":2.145627471402843,"input_type":"classification","classes":{"0":"low","1":"high"},"image_width":900,"image_height":900,"image_path":"./2707.png"}