{"graph":{"node_indices":[0,1,2,3,4,5,6,7,8,9,10,11,12,13,14,15,16,17,18,19,20,21,22,23,24,25],"node_attributes":[[0.0,1.0,1.0],[1.0,0.0,0.0],[0.800000011920929,0.800000011920929,0.800000011920929],[0.800000011920929,0.800000011920929,0.800000011920929],[1.0,0.0,1.0],[0.800000011920929,0.800000011920929,0.800000011920929],[1.0,0.0,0.0],[0.800000011920929,0.800000011920929,0.800000011920929],[0.0,0.0,1.0],[0.800000011920929,0.800000011920929,0.800000011920929],[0.800000011920929,0.800000011920929,0.800000011920929],[0.0,1.0,0.0],[0.0,0.0,1.0],[0.0,1.0,0.0],[0.800000011920929,0.800000011920929,0.800000011920929],[0.800000011920929,0.800000011920929,0.800000011920929],[1.0,0.0,0.0],[0.0,0.0,1.0],[0.800000011920929,0.800000011920929,0.800000011920929],[0.0,1.0,0.0],[1.0,0.0,0.0],[0.800000011920929,0.800000011920929,0.800000011920929],[0.800000011920929,0.800000011920929,0.800000011920929],[0.800000011920929,0.800000011920929,0.800000011920929],[0.0,1.0,1.0],[0.0,1.0,1.0]],"node_adjacency":[[0,0,0,0,0,0,0,0,0,0,0,0,0,0,0,0,0,0,0,0,1,0,0,0,0,0],[0,0,0,0,0,0,0,0,0,0,0,0,1,0,0,0,0,0,0,1,1,0,0,1,0,0],[0,0,0,0,0,0,0,0,0,0,0,0,0,0,1,0,0,0,0,0,0,0,0,0,0,0],[0,0,0,0,0,0,0,0,0,1,0,0,0,0,0,0,0,0,0,0,0,0,0,0,0,0],[0,0,0,0,0,0,0,0,1,0,0,0,0,0,0,0,0,0,0,0,1,0,1,0,0,1],[0,0,0,0,0,0,0,0,0,0,0,0,0,0,0,0,0,0,0,0,0,0,0,1,0,0],[0,0,0,0,0,0,0,0,0,0,1,0,0,0,0,0,0,0,0,0,0,0,0,0,0,0],[0,0,0,0,0,0,0,0,0,0,0,0,0,0,0,0,0,0,0,0,0,0,0,0,1,0],[0,0,0,0,1,0,0,0,0,0,0,0,0,0,0,0,0,0,0,0,0,0,0,0,0,0],[0,0,0,1,0,0,0,0,0,0,0,0,0,1,0,0,0,0,0,0,1,0,1,0,1,0],[0,0,0,0,0,0,1,0,0,0,0,0,0,0,0,0,1,0,1,0,0,0,0,0,0,0],[0,0,0,0,0,0,0,0,0,0,0,0,0,0,0,0,1,0,0,0,0,0,0,0,0,0],[0,1,0,0,0,0,0,0,0,0,0,0,0,0,0,0,0,0,0,0,0,0,0,0,0,0],[0,0,0,0,0,0,0,0,0,1,0,0,0,0,0,0,0,0,0,0,0,0,0,0,0,0],[0,0,1,0,0,0,0,0,0,0,0,0,0,0,0,1,0,0,0,1,0,0,0,0,0,0],[0,0,0,0,0,0,0,0,0,0,0,0,0,0,1,0,0,0,0,0,0,0,0,0,0,0],[0,0,0,0,0,0,0,0,0,0,1,1,0,0,0,0,0,1,0,0,1,0,0,0,0,0],[0,0,0,0,0,0,0,0,0,0,0,0,0,0,0,0,1,0,0,0,0,0,0,0,0,0],[0,0,0,0,0,0,0,0,0,0,1,0,0,0,0,0,0,0,0,0,0,0,0,0,0,0],[0,1,0,0,0,0,0,0,0,0,0,0,0,0,1,0,0,0,0,0,1,0,0,0,0,0],[1,1,0,0,1,0,0,0,0,1,0,0,0,0,0,0,1,0,0,1,0,0,0,0,0,0],[0,0,0,0,0,0,0,0,0,0,0,0,0,0,0,0,0,0,0,0,0,0,0,0,0,1],[0,0,0,0,1,0,0,0,0,1,0,0,0,0,0,0,0,0,0,0,0,0,0,0,0,0],[0,1,0,0,0,1,0,0,0,0,0,0,0,0,0,0,0,0,0,0,0,0,0,0,0,0],[0,0,0,0,0,0,0,1,0,1,0,0,0,0,0,0,0,0,0,0,0,0,0,0,0,0],[0,0,0,0,1,0,0,0,0,0,0,0,0,0,0,0,0,0,0,0,0,1,0,0,0,0]],"edge_indices":[[1,20],[1,19],[20,1],[20,19],[19,20],[19,1],[4,20],[20,4],[9,20],[20,9],[24,9],[9,24],[8,4],[4,8],[13,9],[9,13],[7,24],[24,7],[16,20],[20,16],[23,1],[1,23],[10,16],[16,10],[14,19],[19,14],[12,1],[1,12],[5,23],[23,5],[17,16],[16,17],[0,20],[20,0],[15,14],[14,15],[18,10],[10,18],[25,4],[4,25],[2,14],[14,2],[22,4],[4,22],[6,10],[10,6],[21,25],[25,21],[3,9],[9,3],[11,16],[16,11],[9,22],[22,9]],"edge_attributes":[[1.0],[1.0],[1.0],[1.0],[1.0],[1.0],[1.0],[1.0],[1.0],[1.0],[1.0],[1.0],[1.0],[1.0],[1.0],[1.0],[1.0],[1.0],[1.0],[1.0],[1.0],[1.0],[1.0],[1.0],[1.0],[1.0],[1.0],[1.0],[1.0],[1.0],[1.0],[1.0],[1.0],[1.0],[1.0],[1.0],[1.0],[1.0],[1.0],[1.0],[1.0],[1.0],[1.0],[1.0],[1.0],[1.0],[1.0],[1.0],[1.0],[1.0],[1.0],[1.0],[1.0],[1.0]],"seed_graph_indices":[-1,0,-1,-1,-1,-1,-1,-1,-1,-1,-1,-1,-1,-1,-1,-1,-1,-1,-1,0,0,-1,-1,-1,-1,-1],"graph_labels":1,"node_importances":[0,1,0,0,0,0,0,0,0,0,0,0,0,0,0,0,0,0,0,1,1,0,0,0,0,0],"edge_importances":[1,1,1,1,1,1,0,0,0,0,0,0,0,0,0,0,0,0,0,0,0,0,0,0,0,0,0,0,0,0,0,0,0,0,0,0,0,0,0,0,0,0,0,0,0,0,0,0,0,0,0,0,0,0],"multi_node_importances":[[0,0],[0,1],[0,0],[0,0],[0,0],[0,0],[0,0],[0,0],[0,0],[0,0],[0,0],[0,0],[0,0],[0,0],[0,0],[0,0],[0,0],[0,0],[0,0],[0,1],[0,1],[0,0],[0,0],[0,0],[0,0],[0,0]],"multi_edge_importances":[[0,1],[0,1],[0,1],[0,1],[0,1],[0,1],[0,0],[0,0],[0,0],[0,0],[0,0],[0,0],[0,0],[0,0],[0,0],[0,0],[0,0],[0,0],[0,0],[0,0],[0,0],[0,0],[0,0],[0,0],[0,0],[0,0],[0,0],[0,0],[0,0],[0,0],[0,0],[0,0],[0,0],[0,0],[0,0],[0,0],[0,0],[0,0],[0,0],[0,0],[0,0],[0,0],[0,0],[0,0],[0,0],[0,0],[0,0],[0,0],[0,0],[0,0],[0,0],[0,0],[0,0],[0,0]],"original_value":0.9188872456385128,"class":1,"node_positions":[[-0.16868492444554334,-0.05106885067268633],[-0.08565162538584951,0.3203262459106013],[-0.9797158084538955,0.25907275224773224],[-0.5780271853422785,-0.2931554758865305],[0.20376573810474816,-0.33093703474824926],[-0.07903780613558564,1.0],[0.9429201734289532,0.44190786171964597],[-0.4912472543640144,-0.9810462485853828],[0.2734782622344072,-0.6595420522615417],[-0.2370177267273583,-0.3359572360097877],[0.586646388045211,0.4207440458876242],[0.629911870459793,-0.0690352770950124],[-0.29477754562378333,0.5624773891634588],[-0.5203023013585827,-0.49373313411154657],[-0.6469128821249711,0.3126851432769076],[-0.8346537979388182,0.5981320205571847],[0.3484705731123748,0.1327583686875499],[0.641074841326615,0.1410590357169622],[0.7010414760713636,0.7287821964159645],[-0.3011881526357371,0.18141960095576534],[0.019235475526176243,-0.018935516127798726],[0.7405740551953593,-0.7658717211462932],[-0.020503236540190012,-0.56061981220285],[-0.030329332283214147,0.6668641316690207],[-0.3349231412582641,-0.6910836178596594],[0.5158538671130843,-0.5152428155010788]],"node_coordinates":[[411.6848773466151,426.2456248703763],[439.06949959529345,544.3543823082957],[144.20454545454544,524.8749274317811],[276.6826154586679,349.25874281568986],[534.5201833709751,337.2436865796835],[441.25075631808494,760.5],[778.2954545454545,583.0190111701377],[305.3028877532529,130.5],[557.5115755101715,232.7427638065766],[389.1485214644305,335.6471934150097],[660.7953294110015,576.2886261608555],[675.0644106801727,420.53205374393343],[370.0991660908286,621.3617819882559],[295.72044919698357,285.4722841340748],[253.963913370547,541.9244063990183],[192.0464161928541,632.7004459866796],[582.244256593603,484.70521322155525],[678.7459907669901,487.34493969551517],[698.5231603917792,674.2490018822355],[367.98492935213324,500.1801554905037],[473.6615689188295,436.46446795782816],[711.5611193562704,198.9284641933153],[460.55562671359337,264.201399000721],[457.3149519102399,654.5582042451639],[356.8590325076972,222.71211139702095],[637.4477512018757,278.6319091125013]]},"label":"1","name":"2737","value":0.9188872456385128,"input_type":"classification","classes":{"0":"low","1":"high"},"image_width":900,"image_height":900,"image_path":"./2737.png"}