{"graph": {"node_indices": [0, 1, 2, 3, 4, 5, 6, 7, 8, 9, 10, 11], "node_attributes": [[0.0, 0.0, 1.0], [1.0, 0.0, 0.0], [0.0, 0.0, 1.0], [0.0, 1.0, 0.0], [0.0, 1.0, 1.0], [1.0, 0.0, 1.0], [0.0, 0.0, 1.0], [1.0, 0.0, 1.0], [0.0, 1.0, 1.0], [1.0, 1.0, 0.0], [1.0, 0.0, 0.0], [1.0, 0.0, 1.0]], "node_adjacency": [[0, 0, 0, 1, 1, 0, 0, 0, 0, 1, 0, 0], [0, 0, 0, 0, 0, 0, 1, 1, 0, 0, 1, 0], [0, 0, 0, 0, 0, 0, 0, 0, 0, 0, 0, 1], [1, 0, 0, 0, 0, 0, 0, 0, 0, 0, 0, 0], [1, 0, 0, 0, 0, 0, 0, 0, 0, 0, 0, 0], [0, 0, 0, 0, 0, 0, 0, 0, 0, 1, 0, 0], [0, 1, 0, 0, 0, 0, 0, 0, 1, 1, 0, 0], [0, 1, 0, 0, 0, 0, 0, 0, 1, 0, 0, 1], [0, 0, 0, 0, 0, 0, 1, 1, 0, 0, 0, 0], [1, 0, 1, 0, 0, 1, 1, 0, 0, 0, 0, 0], [0, 1, 0, 0, 0, 0, 0, 0, 0, 0, 0, 0], [0, 0, 1, 0, 0, 0, 0, 1, 0, 0, 0, 0]], "edge_indices": [[9, 0], [9, 6], [9, 2], [0, 9], [6, 9], [6, 9], [11, 2], [2, 11], [1, 6], [6, 1], [3, 0], [0, 3], [7, 1], [1, 7], [4, 0], [0, 4], [5, 9], [9, 5], [8, 7], [7, 8], [10, 1], [1, 10], [6, 8], [8, 6], [7, 11], [11, 7]], "edge_attributes": [[1.0], [1.0], [1.0], [1.0], [1.0], [1.0], [1.0], [1.0], [1.0], [1.0], [1.0], [1.0], [1.0], [1.0], [1.0], [1.0], [1.0], [1.0], [1.0], [1.0], [1.0], [1.0], [1.0], [1.0], [1.0], [1.0]], "seed_graph_indices": [0, -1, 0, -1, -1, -1, 0, -1, -1, 0, -1, -1], "graph_labels": 0, "node_importances": [1, 0, 1, 0, 0, 0, 1, 0, 0, 1, 0, 0], "edge_importances": [1, 1, 1, 1, 1, 1, 0, 0, 0, 0, 0, 0, 0, 0, 0, 0, 0, 0, 0, 0, 0, 0, 0, 0, 0, 0], "multi_node_importances": [[1, 0], [0, 0], [1, 0], [0, 0], [0, 0], [0, 0], [1, 0], [0, 0], [0, 0], [1, 0], [0, 0], [0, 0]], "multi_edge_importances": [[1, 0], [1, 0], [1, 0], [1, 0], [1, 0], [1, 0], [0, 0], [0, 0], [0, 0], [0, 0], [0, 0], [0, 0], [0, 0], [0, 0], [0, 0], [0, 0], [0, 0], [0, 0], [0, 0], [0, 0], [0, 0], [0, 0], [0, 0], [0, 0], [0, 0], [0, 0]], "original_value": -2.11, "class": 0, "node_positions": [[0.45769218111676674, -0.4317465386183276], [-0.07964070054604315, 0.6189552776135163], [-0.40865085473679685, -0.2516181382713706], [0.5825580056444268, -0.8398774536208315], [0.8739345086056988, -0.34940718190246484], [-0.11667056275985396, -0.6555091981664275], [0.0893245487395165, 0.20316262558602258], [-0.5475524339498908, 0.5353519900013824], [-0.2755299919294067, 0.3271568737646749], [0.04802086281175634, -0.251084726685265], [0.06791618616505717, 1.0], [-0.6914017491612309, 0.09461647029909073]], "node_coordinates": [[609.6828165068413, 270.24978384868353], [392.0184688451645, 630.02491067758], [258.74209021673437, 331.9282896618047], [660.263823492574, 130.5], [778.2954545454545, 298.4439413611349], [377.0183058589938, 193.63029202444457], [460.46339752591643, 487.65163996772293], [202.47543939306976, 601.3979653927237], [312.66707182862297, 530.1090200496517], [443.7319817494102, 332.1109373150955], [451.791236500047, 760.5], [144.20454545454544, 450.4839048578715]]}, "label": "0", "name": "274", "value": -2.11, "input_type": "classification", "classes": {"0": "low", "1": "high"}, "image_width": 900, "image_height": 900, "image_path": "./274.png"}