{"graph":{"node_indices":[0,1,2,3,4,5,6,7,8,9,10,11,12,13,14,15,16,17,18,19,20,21,22],"node_attributes":[[1.0,0.0,0.0],[1.0,0.0,0.0],[0.800000011920929,0.800000011920929,0.800000011920929],[0.800000011920929,0.800000011920929,0.800000011920929],[1.0,0.0,1.0],[0.800000011920929,0.800000011920929,0.800000011920929],[0.0,0.0,1.0],[0.0,0.0,1.0],[0.0,1.0,1.0],[0.0,1.0,1.0],[1.0,0.0,1.0],[0.0,1.0,0.0],[0.800000011920929,0.800000011920929,0.800000011920929],[0.0,1.0,0.0],[1.0,0.0,0.0],[0.0,1.0,0.0],[0.0,1.0,1.0],[0.0,1.0,1.0],[1.0,0.0,1.0],[0.0,0.0,1.0],[0.0,0.0,1.0],[1.0,0.0,0.0],[0.800000011920929,0.800000011920929,0.800000011920929]],"node_adjacency":[[0,0,0,0,0,0,0,0,0,0,1,0,0,0,0,0,0,0,0,0,0,0,1],[0,0,0,0,0,0,0,0,0,0,0,0,1,0,0,0,0,0,1,0,0,0,0],[0,0,0,0,0,0,0,0,0,0,0,0,0,0,1,0,0,0,0,0,0,0,0],[0,0,0,0,0,0,0,0,1,0,0,0,0,0,0,0,0,0,0,0,0,0,0],[0,0,0,0,0,0,0,0,0,0,0,0,0,0,0,0,0,0,0,0,0,0,1],[0,0,0,0,0,0,0,0,0,0,0,0,0,0,0,0,0,1,0,0,0,0,0],[0,0,0,0,0,0,0,1,0,0,0,0,0,0,0,1,0,0,0,0,0,0,0],[0,0,0,0,0,0,1,0,0,0,0,0,0,0,0,1,0,0,0,0,0,0,0],[0,0,0,1,0,0,0,0,0,0,0,0,0,0,0,0,0,0,1,1,0,0,0],[0,0,0,0,0,0,0,0,0,0,0,1,0,0,0,1,0,0,0,0,0,0,0],[1,0,0,0,0,0,0,0,0,0,0,0,0,0,0,0,0,0,0,0,1,0,0],[0,0,0,0,0,0,0,0,0,1,0,0,0,0,1,0,0,1,0,0,1,1,0],[0,1,0,0,0,0,0,0,0,0,0,0,0,0,1,0,0,0,0,0,0,0,0],[0,0,0,0,0,0,0,0,0,0,0,0,0,0,1,0,0,0,0,0,0,0,0],[0,0,1,0,0,0,0,0,0,0,0,1,1,1,0,0,0,0,0,1,0,1,0],[0,0,0,0,0,0,1,1,0,1,0,0,0,0,0,0,0,0,1,0,0,0,0],[0,0,0,0,0,0,0,0,0,0,0,0,0,0,0,0,0,0,0,0,0,0,1],[0,0,0,0,0,1,0,0,0,0,0,1,0,0,0,0,0,0,0,0,0,0,0],[0,1,0,0,0,0,0,0,1,0,0,0,0,0,0,1,0,0,0,1,0,0,1],[0,0,0,0,0,0,0,0,1,0,0,0,0,0,1,0,0,0,1,0,0,0,0],[0,0,0,0,0,0,0,0,0,0,1,1,0,0,0,0,0,0,0,0,0,0,0],[0,0,0,0,0,0,0,0,0,0,0,1,0,0,1,0,0,0,0,0,0,0,0],[1,0,0,0,1,0,0,0,0,0,0,0,0,0,0,0,1,0,1,0,0,0,0]],"edge_indices":[[6,7],[6,15],[7,6],[7,15],[15,7],[15,6],[21,14],[21,11],[14,21],[14,11],[11,14],[11,21],[17,11],[11,17],[12,14],[14,12],[18,15],[15,18],[19,14],[14,19],[22,18],[18,22],[2,14],[14,2],[13,14],[14,13],[16,22],[22,16],[4,22],[22,4],[1,18],[18,1],[20,11],[11,20],[5,17],[17,5],[0,22],[22,0],[8,19],[19,8],[10,0],[0,10],[9,11],[11,9],[3,8],[8,3],[1,12],[12,1],[9,15],[15,9],[18,8],[8,18],[10,20],[20,10],[19,18],[18,19]],"edge_attributes":[[1.0],[1.0],[1.0],[1.0],[1.0],[1.0],[1.0],[1.0],[1.0],[1.0],[1.0],[1.0],[1.0],[1.0],[1.0],[1.0],[1.0],[1.0],[1.0],[1.0],[1.0],[1.0],[1.0],[1.0],[1.0],[1.0],[1.0],[1.0],[1.0],[1.0],[1.0],[1.0],[1.0],[1.0],[1.0],[1.0],[1.0],[1.0],[1.0],[1.0],[1.0],[1.0],[1.0],[1.0],[1.0],[1.0],[1.0],[1.0],[1.0],[1.0],[1.0],[1.0],[1.0],[1.0],[1.0],[1.0]],"seed_graph_indices":[-1,-1,-1,-1,-1,-1,0,0,-1,-1,-1,1,-1,-1,1,0,-1,-1,-1,-1,-1,1,-1],"graph_labels":1,"node_importances":[0,0,0,0,0,0,1,1,0,0,0,1,0,0,1,1,0,0,0,0,0,1,0],"edge_importances":[1,1,1,1,1,1,1,1,1,1,1,1,0,0,0,0,0,0,0,0,0,0,0,0,0,0,0,0,0,0,0,0,0,0,0,0,0,0,0,0,0,0,0,0,0,0,0,0,0,0,0,0,0,0,0,0],"multi_node_importances":[[0,0],[0,0],[0,0],[0,0],[0,0],[0,0],[1,0],[1,0],[0,0],[0,0],[0,0],[0,1],[0,0],[0,0],[0,1],[1,0],[0,0],[0,0],[0,0],[0,0],[0,0],[0,1],[0,0]],"multi_edge_importances":[[1,0],[1,0],[1,0],[1,0],[1,0],[1,0],[0,1],[0,1],[0,1],[0,1],[0,1],[0,1],[0,0],[0,0],[0,0],[0,0],[0,0],[0,0],[0,0],[0,0],[0,0],[0,0],[0,0],[0,0],[0,0],[0,0],[0,0],[0,0],[0,0],[0,0],[0,0],[0,0],[0,0],[0,0],[0,0],[0,0],[0,0],[0,0],[0,0],[0,0],[0,0],[0,0],[0,0],[0,0],[0,0],[0,0],[0,0],[0,0],[0,0],[0,0],[0,0],[0,0],[0,0],[0,0],[0,0],[0,0]],"original_value":0.07405026484363164,"class":1,"node_positions":[[-0.4750529940441222,0.5893924447522484],[0.45508336039862385,0.034358768407465254],[0.16574767149323025,-0.842049040678775],[-0.5133823447997753,0.35443309802982165],[0.14516853358692527,0.9816518146205451],[-0.6887068123534664,-0.969357528714898],[0.8262186085295009,0.2536137067326893],[0.7162653717231069,0.5001749715748915],[-0.1493167994338734,0.23175417755170186],[0.17486194007150327,-0.13177155737257376],[-0.696126093387459,0.20722295524255202],[-0.2066192078989982,-0.3822798780660708],[0.4685828519037903,-0.34188516513151657],[0.41501111959225595,-0.7168679631964321],[0.12040413630863997,-0.4577455239585332],[0.4423365436936633,0.2540390589292655],[-0.18930734021232834,1.0],[-0.47986125630017357,-0.6814499156013456],[0.15591378055624003,0.3170255299522755],[0.022338788781541094,-0.042125948373280896],[-0.5451177342108012,-0.16883114765650262],[-0.109832901462666,-0.6508788073036293],[-0.05460922253535726,0.6615759502601019]],"node_coordinates":[[236.28647825310543,629.1461162921054],[623.7092517054194,451.5901311554751],[503.1944105006362,171.22614865168475],[220.32143903766882,553.9823198372676],[494.6227353426483,754.6303919575236],[147.2948433678376,130.5],[778.2954545454545,521.7300672162614],[732.4974511128145,600.6053321621599],[371.9629511991731,514.7371757868374],[506.9907089613058,398.44482680349097],[144.20454545454544,506.8896062980969],[348.09520545736046,318.3068936269343],[629.332094436108,331.22921411862063],[607.0182594681005,211.2717359378789],[484.307805246,294.1653366881718],[618.3999150077019,521.8661379296468],[355.30598886645254,760.5],[234.28372855965694,222.6020148027151],[499.09837309446596,542.0155908176606],[443.46137586277746,427.1225721321456],[207.10293346750979,386.5894163264961],[388.4088853739296,232.38175156799878],[411.4107933716833,652.2377123110481]]},"label":"1","name":"2777","value":0.07405026484363164,"input_type":"classification","classes":{"0":"low","1":"high"},"image_width":900,"image_height":900,"image_path":"./2777.png"}