{"graph":{"node_indices":[0,1,2,3,4,5,6,7,8,9,10,11,12,13,14,15,16,17,18,19,20],"node_attributes":[[0.0,0.0,1.0],[0.800000011920929,0.800000011920929,0.800000011920929],[1.0,1.0,0.0],[0.0,0.0,1.0],[0.800000011920929,0.800000011920929,0.800000011920929],[1.0,0.0,0.0],[1.0,0.0,1.0],[0.0,1.0,0.0],[1.0,0.0,0.0],[0.0,0.0,1.0],[0.0,1.0,0.0],[0.800000011920929,0.800000011920929,0.800000011920929],[0.800000011920929,0.800000011920929,0.800000011920929],[0.800000011920929,0.800000011920929,0.800000011920929],[0.0,0.0,1.0],[0.0,1.0,1.0],[1.0,0.0,0.0],[0.800000011920929,0.800000011920929,0.800000011920929],[0.0,0.0,1.0],[1.0,1.0,0.0],[0.800000011920929,0.800000011920929,0.800000011920929]],"node_adjacency":[[0,0,0,0,0,0,0,0,0,0,0,0,0,0,0,0,0,0,0,1,1],[0,0,0,0,0,0,0,0,0,0,0,0,0,0,1,0,0,0,1,0,0],[0,0,0,1,1,0,1,0,0,1,0,0,0,0,1,0,0,0,0,0,0],[0,0,0,0,0,0,0,0,0,0,0,0,0,1,0,0,0,0,0,0,0],[0,0,1,0,0,0,0,0,0,0,0,0,1,0,0,0,0,0,0,0,0],[0,0,0,0,0,0,0,1,0,0,0,0,0,0,0,0,0,0,1,1,0],[0,0,1,0,0,0,0,0,0,0,0,0,0,0,0,0,0,1,0,0,0],[0,0,0,0,0,1,0,0,0,0,0,0,0,0,0,0,0,0,0,0,0],[0,0,0,0,0,0,0,0,0,0,0,0,0,0,0,0,0,0,0,0,0],[0,0,1,0,0,0,0,0,0,0,0,0,0,0,0,0,0,0,0,0,0],[0,0,0,0,0,0,0,0,0,0,0,0,1,0,0,1,0,0,0,1,0],[0,0,0,0,0,0,0,0,0,0,0,0,0,0,0,0,0,1,0,0,0],[0,0,0,0,1,0,0,0,0,0,1,0,0,0,0,0,0,0,0,0,0],[0,0,0,1,0,0,0,0,0,0,0,0,0,0,0,0,0,0,0,0,0],[0,1,1,0,0,0,0,0,0,0,0,0,0,0,0,0,0,0,0,0,0],[0,0,0,0,0,0,0,0,0,0,1,0,0,0,0,0,0,0,0,0,0],[0,0,0,0,0,0,0,0,0,0,0,0,0,0,0,0,0,0,0,1,0],[0,0,0,0,0,0,1,0,0,0,0,1,0,0,0,0,0,0,0,0,0],[0,1,0,0,0,1,0,0,0,0,0,0,0,0,0,0,0,0,0,0,0],[1,0,0,0,0,1,0,0,1,0,1,0,0,0,0,0,1,0,0,0,0],[1,0,0,0,0,0,0,0,0,0,0,0,0,0,0,0,0,0,0,0,0]],"edge_indices":[[2,14],[2,9],[2,3],[14,2],[9,2],[9,2],[19,16],[19,5],[19,8],[16,19],[5,19],[5,19],[13,3],[3,13],[4,2],[2,4],[6,2],[2,6],[10,19],[19,10],[12,4],[4,12],[1,14],[14,1],[17,6],[6,17],[15,10],[10,15],[11,17],[17,11],[0,19],[19,0],[20,0],[0,20],[18,5],[5,18],[7,5],[5,7],[12,10],[10,12],[1,18],[18,1]],"edge_attributes":[[1.0],[1.0],[1.0],[1.0],[1.0],[1.0],[1.0],[1.0],[1.0],[1.0],[1.0],[1.0],[1.0],[1.0],[1.0],[1.0],[1.0],[1.0],[1.0],[1.0],[1.0],[1.0],[1.0],[1.0],[1.0],[1.0],[1.0],[1.0],[1.0],[1.0],[1.0],[1.0],[1.0],[1.0],[1.0],[1.0],[1.0],[1.0],[1.0],[1.0],[1.0],[1.0]],"seed_graph_indices":[-1,-1,0,0,-1,1,-1,-1,1,0,-1,-1,-1,-1,0,-1,1,-1,-1,1,-1],"graph_labels":1,"node_importances":[0,0,1,1,0,1,0,0,1,1,0,0,0,0,1,0,1,0,0,1,0],"edge_importances":[1,1,1,1,1,1,1,1,1,1,1,1,0,0,0,0,0,0,0,0,0,0,0,0,0,0,0,0,0,0,0,0,0,0,0,0,0,0,0,0,0,0],"multi_node_importances":[[0,0],[0,0],[1,0],[1,0],[0,0],[0,1],[0,0],[0,0],[0,1],[1,0],[0,0],[0,0],[0,0],[0,0],[1,0],[0,0],[0,1],[0,0],[0,0],[0,1],[0,0]],"multi_edge_importances":[[1,0],[1,0],[1,0],[1,0],[1,0],[1,0],[0,1],[0,1],[0,1],[0,1],[0,1],[0,1],[0,0],[0,0],[0,0],[0,0],[0,0],[0,0],[0,0],[0,0],[0,0],[0,0],[0,0],[0,0],[0,0],[0,0],[0,0],[0,0],[0,0],[0,0],[0,0],[0,0],[0,0],[0,0],[0,0],[0,0],[0,0],[0,0],[0,0],[0,0],[0,0],[0,0]],"original_value":0.47144041026752903,"class":1,"node_positions":[[0.6617022949590723,-0.2176182422214723],[-0.1930754187643833,-0.24830259258733614],[-0.3368309131816008,0.1889335720456565],[-0.3360446412298934,0.4425375735482307],[-0.10321860822319573,0.22515494762818214],[0.24743225964877386,-0.33807040481704415],[-0.570959765361437,0.10593116119535703],[0.26298569642818476,-0.5776948329834474],[0.5141387203308121,-0.36364317094931464],[-0.4890645216665378,0.3195074198338902],[0.32660781265169425,0.0706317536185025],[-1.0,0.04469244812556988],[0.12327773524664494,0.18732145017253246],[-0.3885615324202003,0.6624765480280214],[-0.3063532314285485,-0.046275118015084944],[0.4613829547326454,0.2711267989920747],[0.6011276549201715,-0.02491054118206123],[-0.7905783639620829,0.06870404366100742],[0.01447373203024896,-0.3435466881820241],[0.42456665191002996,-0.16149805114728227],[0.876991483379602,-0.26545807476395744]],"node_coordinates":[[705.5658133021067,313.4168578257544],[416.80223479633275,297.82938255703147],[368.2383212415947,519.9428645615303],[368.50394199750406,648.7722532999762],[447.1579328315103,538.3431171124156],[565.6158638084335,252.22784508356426],[289.1442081155102,477.7781124665091],[570.8701726075267,130.5],[655.7154426353932,239.237025500072],[316.81030568949586,586.2736357485704],[592.3631872917568,459.84621441280564],[144.20454545454538,446.66919492117745],[523.6736089058447,519.1239158294286],[350.7625278396033,760.5],[378.5343833712852,400.45818929236543],[637.8933312064713,561.6965558408847],[685.1023061896702,411.3112726733312],[214.95199250182242,458.86694873080654],[486.9171132461029,249.44592431619134],[625.4559370398633,341.9255953422612],[778.2954545454545,289.1144952948721]]},"label":"1","name":"2845","value":0.47144041026752903,"input_type":"classification","classes":{"0":"low","1":"high"},"image_width":900,"image_height":900,"image_path":"./2845.png"}