{"graph":{"node_indices":[0,1,2,3,4,5,6,7,8,9,10,11,12,13,14,15,16,17,18,19,20,21,22,23,24,25,26,27,28,29,30,31,32],"node_attributes":[[1.0,0.0,1.0],[0.0,0.0,1.0],[0.0,0.0,1.0],[0.800000011920929,0.800000011920929,0.800000011920929],[0.0,0.0,1.0],[1.0,0.0,0.0],[0.0,0.0,1.0],[0.0,0.0,1.0],[0.0,1.0,0.0],[0.800000011920929,0.800000011920929,0.800000011920929],[0.0,1.0,1.0],[0.800000011920929,0.800000011920929,0.800000011920929],[1.0,1.0,0.0],[1.0,0.0,1.0],[1.0,0.0,1.0],[0.800000011920929,0.800000011920929,0.800000011920929],[1.0,0.0,0.0],[1.0,1.0,0.0],[0.0,0.0,1.0],[0.0,1.0,0.0],[1.0,0.0,1.0],[1.0,1.0,0.0],[1.0,0.0,1.0],[0.0,1.0,0.0],[0.0,1.0,1.0],[0.0,0.0,1.0],[0.0,0.0,1.0],[1.0,0.0,1.0],[0.0,1.0,1.0],[0.0,1.0,1.0],[0.0,1.0,0.0],[0.0,1.0,1.0],[1.0,0.0,0.0]],"node_adjacency":[[0,0,0,0,0,0,0,0,0,0,0,0,0,0,0,1,0,0,0,0,0,0,0,0,0,0,0,0,0,0,0,0,0],[0,0,0,0,0,0,0,0,0,0,0,0,0,0,0,0,0,0,0,0,0,0,0,0,0,0,0,0,0,0,0,0,0],[0,0,0,0,0,0,0,0,0,0,0,0,0,0,0,1,0,0,0,0,0,0,0,0,0,0,0,0,0,0,0,0,0],[0,0,0,0,0,0,0,0,0,0,0,0,0,0,0,0,0,0,1,0,0,0,0,0,0,0,0,1,0,1,0,0,0],[0,0,0,0,0,1,0,0,0,0,0,0,0,0,0,0,0,1,0,0,0,0,0,0,0,0,0,0,0,0,0,0,0],[0,0,0,0,1,0,0,0,0,0,0,0,0,0,0,0,0,0,0,0,0,0,0,0,0,1,0,0,0,0,0,0,0],[0,0,0,0,0,0,0,0,0,0,0,0,0,0,0,1,0,0,0,0,0,0,0,1,0,1,0,0,0,0,0,0,0],[0,0,0,0,0,0,0,0,0,0,0,0,0,0,1,0,0,0,0,0,0,0,0,0,0,1,0,0,0,1,0,0,0],[0,0,0,0,0,0,0,0,0,0,1,1,1,0,0,0,0,1,0,0,0,0,0,0,0,0,0,0,0,0,0,0,0],[0,0,0,0,0,0,0,0,0,0,0,0,0,0,0,0,0,0,0,0,0,0,0,0,0,0,0,0,0,0,1,0,0],[0,0,0,0,0,0,0,0,1,0,0,0,0,0,0,0,0,0,0,0,0,0,0,0,0,0,0,0,0,0,0,0,0],[0,0,0,0,0,0,0,0,1,0,0,0,0,1,0,0,0,0,0,0,0,0,1,0,0,0,0,0,0,0,0,0,0],[0,0,0,0,0,0,0,0,1,0,0,0,0,0,0,0,0,0,0,0,0,0,0,0,0,0,0,0,0,0,0,0,0],[0,0,0,0,0,0,0,0,0,0,0,1,0,0,0,0,0,0,0,0,0,0,0,0,0,0,0,0,0,0,0,0,0],[0,0,0,0,0,0,0,1,0,0,0,0,0,0,0,0,0,0,0,0,0,0,0,0,0,1,0,0,0,0,0,0,0],[1,0,1,0,0,0,1,0,0,0,0,0,0,0,0,0,0,0,0,0,0,0,0,0,1,0,0,0,0,0,0,0,0],[0,0,0,0,0,0,0,0,0,0,0,0,0,0,0,0,0,0,0,0,0,0,1,0,0,0,0,0,0,0,0,0,0],[0,1,0,0,1,0,0,0,1,0,0,0,0,0,0,0,0,0,1,1,0,0,0,0,0,0,0,0,0,0,0,0,0],[0,0,0,1,0,0,0,0,0,0,0,0,0,0,0,0,0,1,0,0,0,0,0,0,0,0,0,0,0,0,0,0,1],[0,0,0,0,0,0,0,0,0,0,0,0,0,0,0,0,0,1,0,0,0,0,0,0,0,0,0,0,0,0,0,0,0],[0,0,0,0,0,0,0,0,0,0,0,0,0,0,0,0,0,0,0,0,0,0,0,0,0,0,0,0,0,1,0,0,0],[0,0,0,0,0,0,0,0,0,0,0,0,0,0,0,0,0,0,0,0,0,0,1,0,0,0,0,0,0,0,0,0,0],[0,0,0,0,0,0,0,0,0,0,0,1,0,0,0,0,1,0,0,0,0,1,0,0,0,0,1,0,1,0,0,0,0],[0,0,0,0,0,0,1,0,0,0,0,0,0,0,0,0,0,0,0,0,0,0,0,0,0,1,0,0,0,0,0,0,0],[0,0,0,0,0,0,0,0,0,0,0,0,0,0,0,1,0,0,0,0,0,0,0,0,0,0,0,0,0,0,0,1,0],[0,0,0,0,0,1,1,1,0,0,0,0,0,0,1,0,0,0,0,0,0,0,0,1,0,0,0,0,0,0,1,0,0],[0,0,0,0,0,0,0,0,0,0,0,0,0,0,0,0,0,0,0,0,0,0,1,0,0,0,0,0,0,0,0,0,0],[0,0,0,1,0,0,0,0,0,0,0,0,0,0,0,0,0,0,0,0,0,0,0,0,0,0,0,0,0,0,0,0,0],[0,0,0,0,0,0,0,0,0,0,0,0,0,0,0,0,0,0,0,0,0,0,1,0,0,0,0,0,0,0,0,0,0],[0,0,0,1,0,0,0,1,0,0,0,0,0,0,0,0,0,0,0,0,1,0,0,0,0,0,0,0,0,0,0,0,0],[0,0,0,0,0,0,0,0,0,1,0,0,0,0,0,0,0,0,0,0,0,0,0,0,0,1,0,0,0,0,0,0,0],[0,0,0,0,0,0,0,0,0,0,0,0,0,0,0,0,0,0,0,0,0,0,0,0,1,0,0,0,0,0,0,0,0],[0,0,0,0,0,0,0,0,0,0,0,0,0,0,0,0,0,0,1,0,0,0,0,0,0,0,0,0,0,0,0,0,0]],"edge_indices":[[6,25],[6,23],[25,6],[25,23],[23,25],[23,6],[17,18],[17,4],[17,1],[18,17],[4,17],[4,17],[8,17],[17,8],[3,18],[18,3],[7,25],[25,7],[15,6],[6,15],[11,8],[8,11],[32,18],[18,32],[13,11],[11,13],[22,11],[11,22],[29,3],[3,29],[5,25],[25,5],[30,25],[25,30],[27,3],[3,27],[12,8],[8,12],[16,22],[22,16],[28,22],[22,28],[19,17],[17,19],[10,8],[8,10],[24,15],[15,24],[26,22],[22,26],[2,15],[15,2],[0,15],[15,0],[21,22],[22,21],[31,24],[24,31],[9,30],[30,9],[14,7],[7,14],[20,29],[29,20],[7,29],[29,7],[25,14],[14,25],[4,5],[5,4]],"edge_attributes":[[1.0],[1.0],[1.0],[1.0],[1.0],[1.0],[1.0],[1.0],[1.0],[1.0],[1.0],[1.0],[1.0],[1.0],[1.0],[1.0],[1.0],[1.0],[1.0],[1.0],[1.0],[1.0],[1.0],[1.0],[1.0],[1.0],[1.0],[1.0],[1.0],[1.0],[1.0],[1.0],[1.0],[1.0],[1.0],[1.0],[1.0],[1.0],[1.0],[1.0],[1.0],[1.0],[1.0],[1.0],[1.0],[1.0],[1.0],[1.0],[1.0],[1.0],[1.0],[1.0],[1.0],[1.0],[1.0],[1.0],[1.0],[1.0],[1.0],[1.0],[1.0],[1.0],[1.0],[1.0],[1.0],[1.0],[1.0],[1.0],[1.0],[1.0]],"seed_graph_indices":[-1,1,-1,-1,1,-1,0,-1,-1,-1,-1,-1,-1,-1,-1,-1,-1,1,1,-1,-1,-1,-1,0,-1,0,-1,-1,-1,-1,-1,-1,-1],"graph_labels":0,"node_importances":[0,1,0,0,1,0,1,0,0,0,0,0,0,0,0,0,0,1,1,0,0,0,0,1,0,1,0,0,0,0,0,0,0],"edge_importances":[1,1,1,1,1,1,1,1,1,1,1,1,0,0,0,0,0,0,0,0,0,0,0,0,0,0,0,0,0,0,0,0,0,0,0,0,0,0,0,0,0,0,0,0,0,0,0,0,0,0,0,0,0,0,0,0,0,0,0,0,0,0,0,0,0,0,0,0,0,0],"multi_node_importances":[[0,0],[1,0],[0,0],[0,0],[1,0],[0,0],[1,0],[0,0],[0,0],[0,0],[0,0],[0,0],[0,0],[0,0],[0,0],[0,0],[0,0],[1,0],[1,0],[0,0],[0,0],[0,0],[0,0],[1,0],[0,0],[1,0],[0,0],[0,0],[0,0],[0,0],[0,0],[0,0],[0,0]],"multi_edge_importances":[[1,0],[1,0],[1,0],[1,0],[1,0],[1,0],[1,0],[1,0],[1,0],[1,0],[1,0],[1,0],[0,0],[0,0],[0,0],[0,0],[0,0],[0,0],[0,0],[0,0],[0,0],[0,0],[0,0],[0,0],[0,0],[0,0],[0,0],[0,0],[0,0],[0,0],[0,0],[0,0],[0,0],[0,0],[0,0],[0,0],[0,0],[0,0],[0,0],[0,0],[0,0],[0,0],[0,0],[0,0],[0,0],[0,0],[0,0],[0,0],[0,0],[0,0],[0,0],[0,0],[0,0],[0,0],[0,0],[0,0],[0,0],[0,0],[0,0],[0,0],[0,0],[0,0],[0,0],[0,0],[0,0],[0,0],[0,0],[0,0],[0,0],[0,0]],"original_value":-2.6906880517399316,"class":0,"node_positions":[[-0.23541982921436658,0.8526929906487778],[0.3134042663120539,-0.21100900353342858],[-0.5631508728787364,0.6630166277632452],[0.3565582614870048,0.16043077832872002],[-0.004095516894908748,-0.04900073839776251],[-0.11705319359141976,0.11637005406491134],[-0.24943215335263555,0.5140455524527002],[0.04846479678561268,0.3689393724957998],[0.18520943013735758,-0.40531313008260866],[-0.5550239483642224,0.18547503537740842],[0.3282169566216294,-0.5085420827221346],[0.1002272034566807,-0.602429693724868],[0.4081468262813036,-0.43249771161639883],[0.27032512429241035,-0.7272389052196143],[-0.04195627106122123,0.45754190644041415],[-0.3552147043285109,0.6836059712081073],[-0.16782509842045945,-0.8970865565749976],[0.15879005972092056,-0.182068564651631],[0.33899425144536993,-0.04281013484864818],[-0.0017595117124404648,-0.25133711546170606],[0.37087791339571885,0.49185442925514716],[0.12694060891785502,-0.9347428693073355],[-0.014528966423986015,-0.7757873601082034],[-0.30194421195618476,0.3861482824338619],[-0.449514132488206,0.8444806741276392],[-0.15788342523685395,0.31694550336445715],[-0.01885674595014925,-0.9687188654802211],[0.551287761025394,0.22453151322994336],[-0.216243569182826,-0.7640944624242697],[0.24420118496062532,0.3338249061518408],[-0.3578940484623105,0.22633287786879908],[-0.5441483295597552,0.9999999999999999],[0.5502998842392564,-0.07355928105794364]],"node_coordinates":[[330.6762533550899,713.3610115347105],[642.9450127790215,372.97099034632333],[144.2045454545455,652.6636155209138],[667.4986806068574,491.8336002782261],[462.29466555928536,424.8144550609124],[398.02424839475515,477.7339455368019],[322.7035511523809,604.992117527344],[492.20032036149695,558.5574056059198],[570.0049892211464,310.7926865405516],[148.82858557371162,499.8478892746517],[651.3731056131477,277.75889928772415],[521.6519837409401,247.71438863216443],[696.8514318072669,302.0934828774068],[618.4339347393112,207.77480933499018],[440.75273467334506,586.9106648568242],[262.5156216660648,659.2523096192451],[369.13615863377834,153.42270135750584],[554.972952377376,382.2320772466539],[657.5051477592334,426.79547952526156],[463.62380078910354,360.06579044180705],[675.6462455067324,597.8908458020649],[536.8513200152488,141.37249071679753],[456.35826377315004,192.23905808269012],[292.82535242060214,564.0643438747999],[208.8613348265458,710.7330286880813],[374.7927505672373,541.9191043598169],[453.89585303952686,130.5],[778.2954545454545,512.3461598396036],[341.58712075185787,195.9808445155038],[603.5699916418824,547.3205986729512],[260.9911341744417,512.9226056401585],[155.01657188794422,760.5],[777.7333745256715,416.9555971268517]]},"label":"0","name":"2864","value":-2.6906880517399316,"input_type":"classification","classes":{"0":"low","1":"high"},"image_width":900,"image_height":900,"image_path":"./2864.png"}