{"graph":{"node_indices":[0,1,2,3,4,5,6,7,8,9],"node_attributes":[[1.0,0.0,0.0],[0.0,0.0,1.0],[0.0,1.0,0.0],[1.0,1.0,0.0],[1.0,0.0,0.0],[1.0,0.0,0.0],[0.800000011920929,0.800000011920929,0.800000011920929],[1.0,0.0,1.0],[1.0,0.0,0.0],[0.0,1.0,0.0]],"node_adjacency":[[0,0,1,0,1,0,0,0,0,0],[0,0,1,0,0,0,0,0,1,0],[1,1,0,1,1,0,0,0,0,0],[0,0,1,0,0,0,0,1,0,0],[1,0,1,0,0,0,1,0,0,0],[0,0,0,0,0,0,0,0,1,1],[0,0,0,0,1,0,0,0,0,0],[0,0,0,1,0,0,0,0,1,0],[0,1,0,0,0,1,0,1,0,1],[0,0,0,0,0,1,0,0,1,0]],"edge_indices":[[0,4],[0,2],[4,0],[4,2],[2,4],[2,0],[8,5],[8,9],[5,8],[5,9],[9,5],[9,8],[6,4],[4,6],[1,2],[2,1],[3,2],[2,3],[7,3],[3,7],[1,8],[8,1],[7,8],[8,7]],"edge_attributes":[[1.0],[1.0],[1.0],[1.0],[1.0],[1.0],[1.0],[1.0],[1.0],[1.0],[1.0],[1.0],[1.0],[1.0],[1.0],[1.0],[1.0],[1.0],[1.0],[1.0],[1.0],[1.0],[1.0],[1.0]],"seed_graph_indices":[0,-1,0,-1,0,1,-1,-1,1,1],"graph_labels":1,"node_importances":[1,0,1,0,1,1,0,0,1,1],"edge_importances":[1,1,1,1,1,1,1,1,1,1,1,1,0,0,0,0,0,0,0,0,0,0,0,0],"multi_node_importances":[[0,1],[0,0],[0,1],[0,0],[0,1],[0,1],[0,0],[0,0],[0,1],[0,1]],"multi_edge_importances":[[0,1],[0,1],[0,1],[0,1],[0,1],[0,1],[0,1],[0,1],[0,1],[0,1],[0,1],[0,1],[0,0],[0,0],[0,0],[0,0],[0,0],[0,0],[0,0],[0,0],[0,0],[0,0],[0,0],[0,0]],"original_value":1.9740470861750947,"class":1,"node_positions":[[-0.01847798017950702,-0.7308299828489647],[-0.28742334591858953,-0.017156219868309876],[0.135105752391859,-0.282053156563644],[0.4215959274835909,0.1275891576769589],[0.40115541844356634,-0.6711883419527284],[-0.7648413442758993,0.6262813188956295],[0.7226019479094872,-1.0],[0.17981176192250628,0.5492351106911861],[-0.3118984216208939,0.47949431397673764],[-0.47762971615611977,0.9186277999931349]],"node_coordinates":[[462.3761534334302,218.88457923196938],[347.72585896289166,453.2262637835126],[527.8482619295266,366.24479185932927],[649.9778358930689,500.7548088477745],[641.2641316277942,238.46848902664834],[144.20454545454544,664.5052046092071],[778.2954545454545,130.50000000000006],[546.9062484585229,639.2063367574158],[337.2922356552485,616.3062714449775],[266.6416718530777,760.5000000000001]]},"label":"1","name":"2865","value":1.9740470861750947,"input_type":"classification","classes":{"0":"low","1":"high"},"image_width":900,"image_height":900,"image_path":"./2865.png"}