{"graph": {"node_indices": [0, 1, 2, 3, 4, 5, 6, 7, 8, 9], "node_attributes": [[1.0, 0.0, 0.0], [0.0, 1.0, 1.0], [1.0, 0.0, 1.0], [1.0, 1.0, 0.0], [1.0, 0.0, 0.0], [1.0, 0.0, 0.0], [1.0, 0.0, 0.0], [1.0, 0.0, 0.0], [1.0, 0.0, 0.0], [0.0, 1.0, 1.0]], "node_adjacency": [[0, 0, 0, 0, 0, 0, 0, 0, 0, 1], [0, 0, 0, 1, 0, 0, 0, 0, 0, 1], [0, 0, 0, 1, 0, 0, 0, 1, 0, 0], [0, 1, 1, 0, 0, 0, 0, 0, 0, 0], [0, 0, 0, 0, 0, 0, 0, 0, 0, 1], [0, 0, 0, 0, 0, 0, 1, 0, 0, 0], [0, 0, 0, 0, 0, 1, 0, 1, 0, 0], [0, 0, 1, 0, 0, 0, 1, 0, 1, 0], [0, 0, 0, 0, 0, 0, 0, 1, 0, 1], [1, 1, 0, 0, 1, 0, 0, 0, 1, 0]], "edge_indices": [[8, 7], [7, 8], [7, 6], [6, 7], [6, 5], [5, 6], [9, 8], [8, 9], [1, 9], [9, 1], [4, 9], [9, 4], [2, 7], [7, 2], [3, 1], [1, 3], [0, 9], [9, 0], [3, 2], [2, 3]], "edge_attributes": [[1.0], [1.0], [1.0], [1.0], [1.0], [1.0], [1.0], [1.0], [1.0], [1.0], [1.0], [1.0], [1.0], [1.0], [1.0], [1.0], [1.0], [1.0], [1.0], [1.0]], "seed_graph_indices": [-1, -1, -1, -1, -1, 0, 0, 0, 0, -1], "graph_labels": 1, "node_importances": [0, 0, 0, 0, 0, 1, 1, 1, 1, 0], "edge_importances": [1, 1, 1, 1, 1, 1, 0, 0, 0, 0, 0, 0, 0, 0, 0, 0, 0, 0, 0, 0], "multi_node_importances": [[0, 0], [0, 0], [0, 0], [0, 0], [0, 0], [0, 1], [0, 1], [0, 1], [0, 1], [0, 0]], "multi_edge_importances": [[0, 1], [0, 1], [0, 1], [0, 1], [0, 1], [0, 1], [0, 0], [0, 0], [0, 0], [0, 0], [0, 0], [0, 0], [0, 0], [0, 0], [0, 0], [0, 0], [0, 0], [0, 0], [0, 0], [0, 0]], "original_value": 3.59, "class": 1, "node_positions": [[0.91806504892683, -0.12685282248237195], [0.22282752921535082, 0.6185171235086437], [-0.5851858004657365, 0.24192332997642618], [-0.28012922389696054, 0.6422883573139636], [0.910544197344578, 0.48579853577113635], [-0.8896299039826028, -1.0], [-0.617975544371527, -0.6285572044314774], [-0.3524806771218344, -0.2220285768782118], [0.15923998080031904, -0.19267860637182568], [0.5147243935515832, 0.181589863593717]], "node_coordinates": [[778.2954545454546, 465.4489262262023], [534.424778136011, 751.3810914778418], [250.99537211237055, 606.9155420092109], [358.00103789095226, 760.5], [775.6573415113653, 700.4687715419068], [144.20454545454544, 130.5], [239.49360933507387, 272.98956960938415], [332.6220884860372, 428.93845289650784], [512.119971500104, 440.19742659419956], [636.8143697924195, 583.7709561928235]]}, "label": "1", "name": "2867", "value": 3.59, "input_type": "classification", "classes": {"0": "low", "1": "high"}, "image_width": 900, "image_height": 900, "image_path": "./2867.png"}