{"graph": {"node_indices": [0, 1, 2, 3, 4, 5, 6, 7, 8, 9, 10, 11, 12, 13, 14], "node_attributes": [[0.0, 1.0, 0.0], [0.0, 1.0, 1.0], [0.0, 1.0, 1.0], [0.0, 1.0, 1.0], [0.0, 1.0, 1.0], [0.0, 0.0, 1.0], [1.0, 0.0, 1.0], [1.0, 0.0, 0.0], [1.0, 0.0, 1.0], [1.0, 0.0, 1.0], [0.0, 1.0, 1.0], [0.0, 1.0, 1.0], [0.0, 0.0, 1.0], [1.0, 1.0, 0.0], [0.0, 0.0, 1.0]], "node_adjacency": [[0, 0, 1, 0, 0, 0, 0, 0, 0, 0, 0, 0, 0, 0, 0], [0, 0, 0, 0, 0, 0, 0, 0, 0, 0, 0, 1, 0, 0, 0], [1, 0, 0, 0, 0, 0, 0, 0, 0, 0, 0, 1, 0, 0, 0], [0, 0, 0, 0, 0, 1, 1, 0, 1, 1, 0, 0, 0, 0, 0], [0, 0, 0, 0, 0, 0, 0, 0, 0, 0, 0, 0, 0, 0, 1], [0, 0, 0, 1, 0, 0, 0, 0, 0, 0, 0, 0, 0, 0, 0], [0, 0, 0, 1, 0, 0, 0, 0, 0, 0, 0, 0, 0, 0, 0], [0, 0, 0, 0, 0, 0, 0, 0, 1, 0, 0, 0, 0, 0, 1], [0, 0, 0, 1, 0, 0, 0, 1, 0, 0, 0, 0, 1, 1, 0], [0, 0, 0, 1, 0, 0, 0, 0, 0, 0, 1, 0, 1, 0, 1], [0, 0, 0, 0, 0, 0, 0, 0, 0, 1, 0, 0, 0, 0, 0], [0, 1, 1, 0, 0, 0, 0, 0, 0, 0, 0, 0, 0, 0, 1], [0, 0, 0, 0, 0, 0, 0, 0, 1, 1, 0, 0, 0, 0, 0], [0, 0, 0, 0, 0, 0, 0, 0, 1, 0, 0, 0, 0, 0, 0], [0, 0, 0, 0, 1, 0, 0, 1, 0, 1, 0, 1, 0, 0, 0]], "edge_indices": [[3, 8], [8, 3], [7, 8], [8, 7], [14, 7], [7, 14], [11, 14], [14, 11], [13, 8], [8, 13], [5, 3], [3, 5], [12, 8], [8, 12], [6, 3], [3, 6], [2, 11], [11, 2], [1, 11], [11, 1], [0, 2], [2, 0], [9, 14], [14, 9], [4, 14], [14, 4], [10, 9], [9, 10], [3, 9], [9, 3], [12, 9], [9, 12]], "edge_attributes": [[1.0], [1.0], [1.0], [1.0], [1.0], [1.0], [1.0], [1.0], [1.0], [1.0], [1.0], [1.0], [1.0], [1.0], [1.0], [1.0], [1.0], [1.0], [1.0], [1.0], [1.0], [1.0], [1.0], [1.0], [1.0], [1.0], [1.0], [1.0], [1.0], [1.0], [1.0], [1.0]], "seed_graph_indices": [-1, -1, -1, -1, -1, -1, -1, -1, -1, -1, -1, -1, -1, -1, -1], "graph_labels": 0, "node_importances": [0, 0, 0, 0, 0, 0, 0, 0, 0, 0, 0, 0, 0, 0, 0], "edge_importances": [0, 0, 0, 0, 0, 0, 0, 0, 0, 0, 0, 0, 0, 0, 0, 0, 0, 0, 0, 0, 0, 0, 0, 0, 0, 0, 0, 0, 0, 0, 0, 0], "multi_node_importances": [[0, 0], [0, 0], [0, 0], [0, 0], [0, 0], [0, 0], [0, 0], [0, 0], [0, 0], [0, 0], [0, 0], [0, 0], [0, 0], [0, 0], [0, 0]], "multi_edge_importances": [[0, 0], [0, 0], [0, 0], [0, 0], [0, 0], [0, 0], [0, 0], [0, 0], [0, 0], [0, 0], [0, 0], [0, 0], [0, 0], [0, 0], [0, 0], [0, 0], [0, 0], [0, 0], [0, 0], [0, 0], [0, 0], [0, 0], [0, 0], [0, 0], [0, 0], [0, 0], [0, 0], [0, 0], [0, 0], [0, 0], [0, 0], [0, 0]], "original_value": -0.25, "class": 0, "node_positions": [[1.0, -0.5522061447279625], [0.307883355402531, -0.785824591439918], [0.684704716480135, -0.4499815541208371], [-0.22458399836050624, 0.4640555467919761], [-0.15159517817742912, -0.5165690452740322], [-0.08046248849426957, 0.7918436210145087], [-0.45962440285944983, 0.7293602013985707], [-0.3293506488092516, -0.15832799583045762], [-0.49157221847105864, 0.18267211826965754], [0.06663679260198996, 0.19311055057776425], [0.3647636800572108, 0.38060493325386846], [0.33346334596391874, -0.42184037748177344], [-0.2242803635347875, 0.17559947280637095], [-0.8349578882469194, 0.16553379423906517], [0.03897529644788666, -0.19803052947680064]], "node_coordinates": [[778.2954545454545, 223.78933692563922], [539.1265476289906, 130.5], [669.3415247360941, 264.61001872304803], [355.1262985925388, 629.6065173716551], [380.3484291056137, 238.02006838028885], [404.9291522688947, 760.5], [273.90536991813906, 735.5489018874252], [318.9229715020616, 381.074139805317], [262.8654329395375, 517.2435005030615], [455.76100921470106, 521.4118118768936], [558.7822013094845, 596.2827258963758], [547.9660090539629, 275.847452007597], [355.2312231163683, 514.4192269284937], [144.2045454545455, 510.3997648848634], [446.20225947144274, 365.21998492044213]]}, "label": "0", "name": "2872", "value": -0.25, "input_type": "classification", "classes": {"0": "low", "1": "high"}, "image_width": 900, "image_height": 900, "image_path": "./2872.png"}