{"graph":{"node_indices":[0,1,2,3,4,5,6,7,8,9,10,11,12,13,14],"node_attributes":[[1.0,1.0,0.0],[0.0,0.0,1.0],[0.800000011920929,0.800000011920929,0.800000011920929],[0.0,0.0,1.0],[0.0,1.0,1.0],[0.800000011920929,0.800000011920929,0.800000011920929],[1.0,1.0,0.0],[1.0,1.0,0.0],[0.0,1.0,0.0],[0.0,1.0,1.0],[0.800000011920929,0.800000011920929,0.800000011920929],[0.800000011920929,0.800000011920929,0.800000011920929],[0.0,0.0,1.0],[1.0,1.0,0.0],[0.800000011920929,0.800000011920929,0.800000011920929]],"node_adjacency":[[0,0,0,0,0,0,0,0,0,0,0,0,0,0,1],[0,0,1,0,0,0,0,0,0,0,0,0,0,1,1],[0,1,0,0,0,0,0,1,0,1,0,0,0,0,0],[0,0,0,0,0,0,0,0,1,0,0,0,0,0,0],[0,0,0,0,0,0,1,0,0,0,0,0,0,0,0],[0,0,0,0,0,0,0,0,0,0,0,0,1,0,0],[0,0,0,0,1,0,0,0,0,0,0,1,0,0,1],[0,0,1,0,0,0,0,0,0,0,1,1,0,0,0],[0,0,0,1,0,0,0,0,0,0,0,0,0,0,0],[0,0,1,0,0,0,0,0,0,0,0,1,0,0,0],[0,0,0,0,0,0,0,1,0,0,0,0,0,0,0],[0,0,0,0,0,0,1,1,0,1,0,0,0,0,0],[0,0,0,0,0,1,0,0,0,0,0,0,0,1,0],[0,1,0,1,0,0,0,0,0,0,0,0,1,0,0],[1,1,0,0,0,0,1,0,0,0,0,0,0,0,0]],"edge_indices":[[13,12],[13,1],[13,3],[12,13],[1,13],[1,13],[2,1],[1,2],[7,2],[2,7],[11,7],[7,11],[9,2],[2,9],[14,1],[1,14],[0,14],[14,0],[6,11],[11,6],[4,6],[6,4],[10,7],[7,10],[8,3],[3,8],[5,12],[12,5],[11,9],[9,11],[14,6],[6,14]],"edge_attributes":[[1.0],[1.0],[1.0],[1.0],[1.0],[1.0],[1.0],[1.0],[1.0],[1.0],[1.0],[1.0],[1.0],[1.0],[1.0],[1.0],[1.0],[1.0],[1.0],[1.0],[1.0],[1.0],[1.0],[1.0],[1.0],[1.0],[1.0],[1.0],[1.0],[1.0],[1.0],[1.0]],"seed_graph_indices":[-1,0,-1,0,-1,-1,-1,-1,-1,-1,-1,-1,0,0,-1],"graph_labels":0,"node_importances":[0,1,0,1,0,0,0,0,0,0,0,0,1,1,0],"edge_importances":[1,1,1,1,1,1,0,0,0,0,0,0,0,0,0,0,0,0,0,0,0,0,0,0,0,0,0,0,0,0,0,0],"multi_node_importances":[[0,0],[1,0],[0,0],[1,0],[0,0],[0,0],[0,0],[0,0],[0,0],[0,0],[0,0],[0,0],[1,0],[1,0],[0,0]],"multi_edge_importances":[[1,0],[1,0],[1,0],[1,0],[1,0],[1,0],[0,0],[0,0],[0,0],[0,0],[0,0],[0,0],[0,0],[0,0],[0,0],[0,0],[0,0],[0,0],[0,0],[0,0],[0,0],[0,0],[0,0],[0,0],[0,0],[0,0],[0,0],[0,0],[0,0],[0,0],[0,0],[0,0]],"original_value":-1.926978806900702,"class":0,"node_positions":[[0.430739964617059,-0.27881717482757173],[-0.07830782755559748,-0.07660182840576527],[0.19369904721079692,0.2062703105733282],[-0.6478619721654365,-0.31347205359125707],[-0.21274493820576848,0.6366697825897856],[-0.2587306271923617,-1.0],[0.04650261312949568,0.36630265915989796],[0.5349915575939321,0.3156184510724253],[-0.9653969329969369,-0.33453707768566276],[0.12484597983863263,0.5944031998742144],[0.8590925637129116,0.3582595281605293],[0.3738516835130669,0.5806418245112596],[-0.26368357183753194,-0.6807795282094476],[-0.30639155296223697,-0.3381732496993086],[0.1693940132999747,-0.03578484352242711]],"node_coordinates":[[629.4239540726085,408.10345103927835],[452.5072999117802,485.94179668537043],[547.0417364271083,594.8271988920629],[254.56200837493225,394.76381841859484],[405.78444956846647,760.5],[389.8023858803695,130.50000000000006],[495.88445606464654,656.4281282194229],[665.6560000690857,636.9183581761454],[144.2045454545455,386.6553011595566],[523.1122459244526,744.2304095217821],[778.2954545454545,653.3321020182278],[609.6527567339009,738.9332710452941],[388.08101824389007,253.37689268010024],[373.2381032116923,385.25563679661343],[538.5946606419142,501.6533963923152]]},"label":"0","name":"2888","value":-1.926978806900702,"input_type":"classification","classes":{"0":"low","1":"high"},"image_width":900,"image_height":900,"image_path":"./2888.png"}