{"graph": {"node_indices": [0, 1, 2, 3, 4, 5, 6, 7, 8, 9, 10, 11, 12], "node_attributes": [[0.0, 1.0, 0.0], [1.0, 0.0, 0.0], [0.0, 0.0, 1.0], [1.0, 0.0, 0.0], [0.0, 1.0, 1.0], [1.0, 0.0, 0.0], [1.0, 0.0, 0.0], [1.0, 0.0, 0.0], [1.0, 0.0, 0.0], [1.0, 0.0, 0.0], [0.0, 1.0, 1.0], [0.0, 1.0, 1.0], [1.0, 0.0, 0.0]], "node_adjacency": [[0, 0, 0, 1, 0, 0, 0, 0, 1, 0, 0, 0, 0], [0, 0, 0, 0, 0, 0, 0, 1, 0, 0, 0, 0, 1], [0, 0, 0, 0, 0, 0, 0, 0, 1, 0, 0, 0, 1], [1, 0, 0, 0, 0, 1, 0, 0, 0, 1, 0, 0, 0], [0, 0, 0, 0, 0, 0, 0, 0, 0, 0, 0, 1, 0], [0, 0, 0, 1, 0, 0, 1, 0, 0, 0, 0, 1, 0], [0, 0, 0, 0, 0, 1, 0, 0, 0, 0, 0, 0, 0], [0, 1, 0, 0, 0, 0, 0, 0, 1, 0, 0, 0, 0], [1, 0, 1, 0, 0, 0, 0, 1, 0, 0, 1, 0, 0], [0, 0, 0, 1, 0, 0, 0, 0, 0, 0, 0, 0, 0], [0, 0, 0, 0, 0, 0, 0, 0, 1, 0, 0, 0, 0], [0, 0, 0, 0, 1, 1, 0, 0, 0, 0, 0, 0, 0], [0, 1, 1, 0, 0, 0, 0, 0, 0, 0, 0, 0, 0]], "edge_indices": [[9, 3], [3, 9], [3, 5], [5, 3], [5, 6], [6, 5], [8, 7], [7, 8], [7, 1], [1, 7], [1, 12], [12, 1], [11, 5], [5, 11], [0, 3], [3, 0], [10, 8], [8, 10], [2, 12], [12, 2], [4, 11], [11, 4], [0, 8], [8, 0], [2, 8], [8, 2]], "edge_attributes": [[1.0], [1.0], [1.0], [1.0], [1.0], [1.0], [1.0], [1.0], [1.0], [1.0], [1.0], [1.0], [1.0], [1.0], [1.0], [1.0], [1.0], [1.0], [1.0], [1.0], [1.0], [1.0], [1.0], [1.0], [1.0], [1.0]], "seed_graph_indices": [-1, 1, -1, 0, -1, 0, 0, 1, 1, 0, -1, -1, 1], "graph_labels": 1, "node_importances": [0, 1, 0, 1, 0, 1, 1, 1, 1, 1, 0, 0, 1], "edge_importances": [1, 1, 1, 1, 1, 1, 1, 1, 1, 1, 1, 1, 0, 0, 0, 0, 0, 0, 0, 0, 0, 0, 0, 0, 0, 0], "multi_node_importances": [[0, 0], [0, 1], [0, 0], [0, 1], [0, 0], [0, 1], [0, 1], [0, 1], [0, 1], [0, 1], [0, 0], [0, 0], [0, 1]], "multi_edge_importances": [[0, 1], [0, 1], [0, 1], [0, 1], [0, 1], [0, 1], [0, 1], [0, 1], [0, 1], [0, 1], [0, 1], [0, 1], [0, 0], [0, 0], [0, 0], [0, 0], [0, 0], [0, 0], [0, 0], [0, 0], [0, 0], [0, 0], [0, 0], [0, 0], [0, 0], [0, 0]], "original_value": 3.67, "class": 1, "node_positions": [[-0.006695555368826208, -0.04102598934736842], [-0.3030388720778303, -0.7907324238768741], [-0.5114423762629368, -0.3880109790963184], [0.25204295363752666, 0.12494659037630718], [0.25595754382686703, 0.9999999999999999], [0.3514178886238278, 0.4231048887018534], [0.6583408182879112, 0.4706063909855846], [-0.15231972358125972, -0.53099392644604], [-0.2542849742093561, -0.2275039941451119], [0.5153308190312534, -0.04905465280602772], [-0.5015277077725417, -0.024839561710489826], [0.2673473776800641, 0.7143357303896899], [-0.5711281918146993, -0.6808320730252048]], "node_coordinates": [[435.3071276454313, 394.25523638034247], [282.46992593398284, 130.49999999999994], [174.98712942540197, 272.18197706638205], [568.7498863034734, 452.64627450067815], [570.7688115724154, 760.5], [620.001883993968, 557.5417493580705], [778.2954545454545, 574.2533172281392], [360.20237880778234, 221.8789526562325], [307.61444211708374, 328.6501568854195], [704.5389469046672, 391.430661412294], [180.10055734001435, 399.94980541548415], [576.6430467446914, 660.0000663109289], [144.20454545454544, 169.16419131824028]]}, "label": "1", "name": "2899", "value": 3.67, "input_type": "classification", "classes": {"0": "low", "1": "high"}, "image_width": 900, "image_height": 900, "image_path": "./2899.png"}