{"graph":{"node_indices":[0,1,2,3,4,5,6,7,8,9,10,11,12,13,14,15,16,17,18,19,20,21,22,23,24,25,26],"node_attributes":[[1.0,1.0,0.0],[0.0,1.0,0.0],[0.800000011920929,0.800000011920929,0.800000011920929],[1.0,1.0,0.0],[0.0,1.0,1.0],[1.0,0.0,0.0],[0.0,0.0,1.0],[1.0,0.0,0.0],[0.0,1.0,0.0],[0.0,1.0,1.0],[0.0,0.0,1.0],[1.0,0.0,1.0],[1.0,0.0,0.0],[1.0,0.0,1.0],[0.0,1.0,1.0],[0.0,1.0,0.0],[0.0,0.0,1.0],[0.800000011920929,0.800000011920929,0.800000011920929],[0.0,0.0,1.0],[0.0,1.0,0.0],[0.0,0.0,1.0],[1.0,0.0,0.0],[0.0,0.0,1.0],[0.800000011920929,0.800000011920929,0.800000011920929],[0.0,0.0,1.0],[0.0,0.0,1.0],[0.0,1.0,1.0]],"node_adjacency":[[0,0,0,0,0,0,0,0,0,0,0,1,0,0,0,0,0,0,0,0,0,0,0,0,0,0,0],[0,0,0,0,0,0,0,0,0,0,1,0,0,0,0,0,0,0,0,0,0,0,0,1,0,0,0],[0,0,0,0,0,0,0,0,0,0,0,0,0,0,0,0,0,0,0,0,1,0,0,0,0,0,0],[0,0,0,0,1,0,0,0,1,0,0,0,0,0,1,0,1,0,1,0,0,0,1,0,0,0,0],[0,0,0,1,0,0,0,0,0,0,0,0,0,0,0,0,0,0,0,0,0,0,0,0,0,0,0],[0,0,0,0,0,0,0,0,0,0,0,0,0,0,0,0,0,1,0,0,0,0,0,0,0,0,0],[0,0,0,0,0,0,0,0,0,0,0,0,0,0,1,0,0,0,0,0,0,0,0,0,0,0,0],[0,0,0,0,0,0,0,0,0,0,0,1,0,0,0,0,0,0,0,0,0,0,1,0,0,0,0],[0,0,0,1,0,0,0,0,0,0,0,0,0,0,0,0,0,0,0,0,0,0,0,0,0,0,0],[0,0,0,0,0,0,0,0,0,0,1,0,0,0,0,0,0,0,0,1,0,1,0,0,0,0,0],[0,1,0,0,0,0,0,0,0,1,0,0,0,0,0,1,0,0,0,0,1,0,0,0,0,0,0],[1,0,0,0,0,0,0,1,0,0,0,0,0,0,1,0,0,0,0,0,0,0,0,0,0,1,0],[0,0,0,0,0,0,0,0,0,0,0,0,0,0,0,0,0,0,0,0,1,0,0,0,0,0,1],[0,0,0,0,0,0,0,0,0,0,0,0,0,0,0,0,0,0,0,0,0,1,0,0,0,0,0],[0,0,0,1,0,0,1,0,0,0,0,1,0,0,0,0,0,0,0,0,0,0,0,0,1,0,0],[0,0,0,0,0,0,0,0,0,0,1,0,0,0,0,0,0,0,0,0,1,0,0,0,0,0,0],[0,0,0,1,0,0,0,0,0,0,0,0,0,0,0,0,0,0,0,0,0,0,0,0,0,0,1],[0,0,0,0,0,1,0,0,0,0,0,0,0,0,0,0,0,0,0,0,0,0,1,0,0,1,0],[0,0,0,1,0,0,0,0,0,0,0,0,0,0,0,0,0,0,0,0,0,0,0,0,0,0,0],[0,0,0,0,0,0,0,0,0,1,0,0,0,0,0,0,0,0,0,0,0,0,0,0,0,0,0],[0,0,1,0,0,0,0,0,0,0,1,0,1,0,0,1,0,0,0,0,0,0,0,0,0,0,0],[0,0,0,0,0,0,0,0,0,1,0,0,0,1,0,0,0,0,0,0,0,0,0,0,0,0,0],[0,0,0,0,0,0,0,1,0,0,0,0,0,0,0,0,0,1,0,0,0,0,0,0,0,0,0],[0,1,0,0,0,0,0,0,0,0,0,0,0,0,0,0,0,0,0,0,0,0,0,0,0,0,0],[0,0,0,0,0,0,0,0,0,0,0,0,0,0,1,0,0,0,0,0,0,0,0,0,0,0,0],[0,0,0,0,0,0,0,0,0,0,0,1,0,0,0,0,0,1,0,0,0,0,0,0,0,0,0],[0,0,0,0,0,0,0,0,0,0,0,0,1,0,0,0,1,0,0,0,0,0,0,0,0,0,0]],"edge_indices":[[3,18],[3,16],[3,22],[18,3],[16,3],[16,3],[20,10],[20,15],[10,20],[10,15],[15,10],[15,20],[17,22],[22,17],[1,10],[10,1],[9,10],[10,9],[21,9],[9,21],[4,3],[3,4],[14,3],[3,14],[11,14],[14,11],[0,11],[11,0],[19,9],[9,19],[26,16],[16,26],[24,14],[14,24],[13,21],[21,13],[5,17],[17,5],[2,20],[20,2],[6,14],[14,6],[23,1],[1,23],[25,11],[11,25],[7,11],[11,7],[12,26],[26,12],[8,3],[3,8],[12,20],[20,12],[7,22],[22,7],[25,17],[17,25]],"edge_attributes":[[1.0],[1.0],[1.0],[1.0],[1.0],[1.0],[1.0],[1.0],[1.0],[1.0],[1.0],[1.0],[1.0],[1.0],[1.0],[1.0],[1.0],[1.0],[1.0],[1.0],[1.0],[1.0],[1.0],[1.0],[1.0],[1.0],[1.0],[1.0],[1.0],[1.0],[1.0],[1.0],[1.0],[1.0],[1.0],[1.0],[1.0],[1.0],[1.0],[1.0],[1.0],[1.0],[1.0],[1.0],[1.0],[1.0],[1.0],[1.0],[1.0],[1.0],[1.0],[1.0],[1.0],[1.0],[1.0],[1.0],[1.0],[1.0]],"seed_graph_indices":[-1,-1,-1,0,-1,-1,-1,-1,-1,-1,1,-1,-1,-1,-1,1,0,-1,0,-1,1,-1,0,-1,-1,-1,-1],"graph_labels":0,"node_importances":[0,0,0,1,0,0,0,0,0,0,1,0,0,0,0,1,1,0,1,0,1,0,1,0,0,0,0],"edge_importances":[1,1,1,1,1,1,1,1,1,1,1,1,0,0,0,0,0,0,0,0,0,0,0,0,0,0,0,0,0,0,0,0,0,0,0,0,0,0,0,0,0,0,0,0,0,0,0,0,0,0,0,0,0,0,0,0,0,0],"multi_node_importances":[[0,0],[0,0],[0,0],[1,0],[0,0],[0,0],[0,0],[0,0],[0,0],[0,0],[1,0],[0,0],[0,0],[0,0],[0,0],[1,0],[1,0],[0,0],[1,0],[0,0],[1,0],[0,0],[1,0],[0,0],[0,0],[0,0],[0,0]],"multi_edge_importances":[[1,0],[1,0],[1,0],[1,0],[1,0],[1,0],[1,0],[1,0],[1,0],[1,0],[1,0],[1,0],[0,0],[0,0],[0,0],[0,0],[0,0],[0,0],[0,0],[0,0],[0,0],[0,0],[0,0],[0,0],[0,0],[0,0],[0,0],[0,0],[0,0],[0,0],[0,0],[0,0],[0,0],[0,0],[0,0],[0,0],[0,0],[0,0],[0,0],[0,0],[0,0],[0,0],[0,0],[0,0],[0,0],[0,0],[0,0],[0,0],[0,0],[0,0],[0,0],[0,0],[0,0],[0,0],[0,0],[0,0],[0,0],[0,0]],"original_value":-2.6598378015948474,"class":0,"node_positions":[[-0.5155173346343167,-0.7766602407143965],[0.24319362347105516,0.8136787642644024],[-0.04061655602701084,0.555115485102469],[-0.20847645900856607,-0.2862895969216367],[-0.018033399978675,-0.306686116456925],[0.12685488366680778,-0.810342837645729],[-0.5998081543257843,-0.3035990671762246],[-0.22122815644582147,-0.6081543202788181],[-0.2883573587701448,-0.1255338493215106],[0.525998164272105,0.6237852703690342],[0.3194905162774469,0.5987574645219297],[-0.37726463098598356,-0.631893525362571],[0.10931693389408276,0.249266989771091],[0.915951419927085,0.605062283646876],[-0.40569661667052614,-0.4074336350741578],[0.16946185163230212,0.5911411096372262],[-0.07839339243697613,-0.09992129515980702],[-0.024060757145868212,-0.6817409907271367],[-0.38614977734757633,-0.17810536712215688],[0.6030637402099088,0.8131878985071435],[0.15698867541145917,0.4429793377842195],[0.7236763045500166,0.5763438294708697],[-0.09917341788026576,-0.4795615090373183],[0.16982035959714598,0.9999999999999999],[-0.6065714843077126,-0.45183959054613904],[-0.21820103940622826,-0.7948649764657736],[0.023732062462040807,0.07330848493503982]],"node_coordinates":[[182.12621374755616,142.22155661649992],[498.10945434390106,695.6601386916984],[379.90994862439317,605.6800186367282],[310.00069590613543,312.87072823484],[389.3152415818926,305.77273163440475],[449.65741655860313,130.50000000000006],[147.0212952353168,306.84702596495845],[304.68994793777875,200.86168138561226],[276.73239353253257,368.81378989258906],[615.8901378875098,629.5771301773225],[529.8851116991061,620.8674441687979],[239.70484346590968,192.60042893565443],[442.35331986222735,499.24462526706907],[778.2954545454545,623.0615236360228],[227.86366616747537,270.7125566172805],[467.40210268168374,618.2169497554838],[364.17688577512695,377.7269685382744],[386.8050052006002,175.25349192094194],[236.00441274125023,350.5188815881055],[647.9859316322852,695.4893172204045],[462.2073515044589,566.6565964752282],[698.21790538945,613.0674905972794],[355.5225494839497,245.6120288874696],[467.55141185838767,760.5],[144.20454545454547,255.25926712669457],[305.95066289334454,135.88630161127537],[406.7094626960543,438.010998275801]]},"label":"0","name":"2904","value":-2.6598378015948474,"input_type":"classification","classes":{"0":"low","1":"high"},"image_width":900,"image_height":900,"image_path":"./2904.png"}