{"graph": {"node_indices": [0, 1, 2, 3, 4, 5, 6, 7, 8, 9], "node_attributes": [[1.0, 0.0, 0.0], [0.0, 1.0, 0.0], [1.0, 0.0, 0.0], [0.0, 1.0, 1.0], [0.0, 1.0, 0.0], [1.0, 1.0, 0.0], [0.0, 1.0, 0.0], [0.0, 0.0, 1.0], [0.0, 0.0, 1.0], [1.0, 0.0, 0.0]], "node_adjacency": [[0, 1, 0, 0, 0, 0, 0, 0, 0, 0], [1, 0, 0, 1, 0, 0, 0, 0, 1, 1], [0, 0, 0, 0, 0, 0, 1, 0, 0, 1], [0, 1, 0, 0, 1, 1, 0, 0, 0, 0], [0, 0, 0, 1, 0, 0, 0, 0, 1, 0], [0, 0, 0, 1, 0, 0, 0, 0, 0, 0], [0, 0, 1, 0, 0, 0, 0, 0, 0, 1], [0, 0, 0, 0, 0, 0, 0, 0, 1, 0], [0, 1, 0, 0, 1, 0, 0, 1, 0, 0], [0, 1, 1, 0, 0, 0, 1, 0, 0, 0]], "edge_indices": [[9, 2], [9, 6], [2, 9], [2, 6], [6, 2], [6, 9], [1, 9], [9, 1], [8, 1], [1, 8], [3, 1], [1, 3], [4, 3], [3, 4], [7, 8], [8, 7], [5, 3], [3, 5], [0, 1], [1, 0], [8, 4], [4, 8]], "edge_attributes": [[1.0], [1.0], [1.0], [1.0], [1.0], [1.0], [1.0], [1.0], [1.0], [1.0], [1.0], [1.0], [1.0], [1.0], [1.0], [1.0], [1.0], [1.0], [1.0], [1.0], [1.0], [1.0]], "seed_graph_indices": [-1, -1, 0, -1, -1, -1, 0, -1, -1, 0], "graph_labels": 1, "node_importances": [0, 0, 1, 0, 0, 0, 1, 0, 0, 1], "edge_importances": [1, 1, 1, 1, 1, 1, 0, 0, 0, 0, 0, 0, 0, 0, 0, 0, 0, 0, 0, 0, 0, 0], "multi_node_importances": [[0, 0], [0, 0], [0, 1], [0, 0], [0, 0], [0, 0], [0, 1], [0, 0], [0, 0], [0, 1]], "multi_edge_importances": [[0, 1], [0, 1], [0, 1], [0, 1], [0, 1], [0, 1], [0, 0], [0, 0], [0, 0], [0, 0], [0, 0], [0, 0], [0, 0], [0, 0], [0, 0], [0, 0], [0, 0], [0, 0], [0, 0], [0, 0], [0, 0], [0, 0]], "original_value": 1.1, "class": 1, "node_positions": [[0.6107016200201024, 0.025818204832083205], [0.07709484832981565, 0.002450286575438691], [-0.011838722175996779, -1.0], [0.12981200043031163, 0.5405409794057695], [-0.3736347504231809, 0.6780263732659401], [0.4318104119992655, 0.95437252853929], [0.42188994626536186, -0.9281213516065177], [-0.9598992297278303, 0.09577753197647396], [-0.45158032078255117, 0.15863715367855213], [0.12564419606470192, -0.5275017066670299]], "node_coordinates": [[778.2954545454545, 461.1767054934175], [562.8650331163167, 453.6439612050554], [526.9603227758241, 130.5], [584.1482680677381, 627.099702898517], [380.89420260687365, 671.4186834751856], [706.0725923583441, 760.5], [702.0674518181326, 153.67037710396954], [144.20454545454544, 483.72838152107204], [349.4256231923682, 503.9914383815303], [582.4656210352175, 282.8117627028121]]}, "label": "1", "name": "2907", "value": 1.1, "input_type": "classification", "classes": {"0": "low", "1": "high"}, "image_width": 900, "image_height": 900, "image_path": "./2907.png"}