{"graph":{"node_indices":[0,1,2,3,4,5,6,7,8,9,10,11,12],"node_attributes":[[0.0,1.0,0.0],[0.0,1.0,0.0],[1.0,1.0,0.0],[1.0,0.0,1.0],[0.0,0.0,1.0],[0.0,0.0,1.0],[1.0,0.0,1.0],[1.0,1.0,0.0],[0.0,0.0,1.0],[0.800000011920929,0.800000011920929,0.800000011920929],[0.800000011920929,0.800000011920929,0.800000011920929],[0.0,0.0,1.0],[0.800000011920929,0.800000011920929,0.800000011920929]],"node_adjacency":[[0,1,0,1,0,0,0,1,0,0,0,0,0],[1,0,0,1,0,0,0,1,0,0,0,0,0],[0,0,0,0,0,1,0,0,1,0,0,1,0],[1,1,0,0,0,0,0,0,0,0,0,1,0],[0,0,0,0,0,0,0,0,0,0,1,0,0],[0,0,0,0,0,0,0,0,0,1,1,0,0],[0,0,0,0,0,0,0,0,1,0,0,0,0],[1,1,0,0,0,0,0,0,0,0,0,0,0],[0,0,1,0,0,0,1,0,0,0,0,0,1],[0,0,0,0,0,1,0,0,0,0,0,0,0],[0,0,0,0,1,1,0,0,0,0,0,1,0],[0,0,1,1,0,0,0,0,0,0,1,0,0],[0,0,0,0,0,0,0,0,1,0,0,0,0]],"edge_indices":[[2,11],[2,8],[2,5],[11,2],[8,2],[8,2],[9,5],[5,9],[3,11],[11,3],[12,8],[8,12],[1,3],[3,1],[7,1],[1,7],[10,11],[11,10],[6,8],[8,6],[0,7],[7,0],[4,10],[10,4],[10,5],[5,10],[3,0],[0,3],[1,0],[0,1]],"edge_attributes":[[1.0],[1.0],[1.0],[1.0],[1.0],[1.0],[1.0],[1.0],[1.0],[1.0],[1.0],[1.0],[1.0],[1.0],[1.0],[1.0],[1.0],[1.0],[1.0],[1.0],[1.0],[1.0],[1.0],[1.0],[1.0],[1.0],[1.0],[1.0],[1.0],[1.0]],"seed_graph_indices":[-1,-1,0,-1,-1,0,-1,-1,0,-1,-1,0,-1],"graph_labels":0,"node_importances":[0,0,1,0,0,1,0,0,1,0,0,1,0],"edge_importances":[1,1,1,1,1,1,0,0,0,0,0,0,0,0,0,0,0,0,0,0,0,0,0,0,0,0,0,0,0,0],"multi_node_importances":[[0,0],[0,0],[1,0],[0,0],[0,0],[1,0],[0,0],[0,0],[1,0],[0,0],[0,0],[1,0],[0,0]],"multi_edge_importances":[[1,0],[1,0],[1,0],[1,0],[1,0],[1,0],[0,0],[0,0],[0,0],[0,0],[0,0],[0,0],[0,0],[0,0],[0,0],[0,0],[0,0],[0,0],[0,0],[0,0],[0,0],[0,0],[0,0],[0,0],[0,0],[0,0],[0,0],[0,0],[0,0],[0,0]],"original_value":-2.319689744307112,"class":0,"node_positions":[[-0.7119009627242779,0.19813410293906686],[-0.7108263461834832,-0.07706502030322876],[0.22344645376990646,-0.11877092967626889],[-0.41416568860652664,0.06030286710177513],[0.13172840617334458,0.7145377555503113],[0.4187513143623843,0.182526626751726],[0.6648639175423432,-0.5767702056165039],[-0.9999999999999999,0.06056513112052289],[0.35370733609096716,-0.4437975083847746],[0.7291070885788127,0.31047815378143157],[0.12595981427066674,0.377674436649585],[-0.07297542213854202,0.07986192811426726],[0.26230408886440426,-0.76767733802791]],"node_coordinates":[[249.85501769020516,541.0080365497472],[250.24909656697196,424.03753180060187],[592.8617045276915,406.3108718719235],[359.0392503388187,482.42431347628406],[559.2272462777123,760.5],[664.4830849621127,534.3742422774951],[754.7364679479966,211.64307696654063],[144.20454545454544,482.5357860503571],[640.6304296896672,268.16172909668],[778.2954545454545,588.7586986077265],[557.1118124171352,617.3197747904948],[484.15911576917364,490.7376874874223],[607.1114137128203,130.5]]},"label":"0","name":"2920","value":-2.319689744307112,"input_type":"classification","classes":{"0":"low","1":"high"},"image_width":900,"image_height":900,"image_path":"./2920.png"}