{"graph":{"node_indices":[0,1,2,3,4,5,6,7,8,9,10],"node_attributes":[[0.0,1.0,0.0],[0.0,1.0,0.0],[1.0,0.0,0.0],[0.0,0.0,1.0],[1.0,0.0,0.0],[0.800000011920929,0.800000011920929,0.800000011920929],[1.0,0.0,0.0],[0.0,0.0,1.0],[1.0,1.0,0.0],[1.0,0.0,0.0],[1.0,0.0,0.0]],"node_adjacency":[[0,0,0,0,0,0,1,0,0,0,1],[0,0,0,0,0,1,0,0,0,0,0],[0,0,0,0,0,0,0,1,0,0,0],[0,0,0,0,0,0,1,0,0,0,0],[0,0,0,0,0,1,0,0,1,0,0],[0,1,0,0,1,0,1,1,0,0,0],[1,0,0,1,0,1,0,1,0,0,1],[0,0,1,0,0,1,1,0,0,0,0],[0,0,1,0,1,0,0,0,0,1,0],[0,0,0,0,0,0,0,0,1,0,0],[1,0,0,0,0,0,1,0,0,0,0]],"edge_indices":[[8,4],[8,9],[8,2],[4,8],[9,8],[9,8],[6,10],[6,0],[10,6],[10,0],[0,10],[0,6],[5,4],[4,5],[7,5],[5,7],[1,5],[5,1],[3,6],[6,3],[7,6],[6,7],[6,5],[5,6],[2,7],[7,2]],"edge_attributes":[[1.0],[1.0],[1.0],[1.0],[1.0],[1.0],[1.0],[1.0],[1.0],[1.0],[1.0],[1.0],[1.0],[1.0],[1.0],[1.0],[1.0],[1.0],[1.0],[1.0],[1.0],[1.0],[1.0],[1.0],[1.0],[1.0]],"seed_graph_indices":[1,-1,0,-1,0,-1,1,-1,0,0,1],"graph_labels":1,"node_importances":[1,0,1,0,1,0,1,0,1,1,1],"edge_importances":[1,1,1,1,1,1,1,1,1,1,1,1,0,0,0,0,0,0,0,0,0,0,0,0,0,0],"multi_node_importances":[[0,1],[0,0],[0,1],[0,0],[0,1],[0,0],[0,1],[0,0],[0,1],[0,1],[0,1]],"multi_edge_importances":[[0,1],[0,1],[0,1],[0,1],[0,1],[0,1],[0,1],[0,1],[0,1],[0,1],[0,1],[0,1],[0,0],[0,0],[0,0],[0,0],[0,0],[0,0],[0,0],[0,0],[0,0],[0,0],[0,0],[0,0],[0,0],[0,0]],"original_value":2.95455860113661,"class":1,"node_positions":[[0.7349130561873699,-0.16525861521625804],[0.29477886503714484,0.4147782018079261],[-0.2488550763173834,0.41408679573336077],[0.19399303452197456,-0.6708075641190404],[-0.4273391436297924,-0.06980613867037758],[0.0006189537577648657,-0.05137036326042887],[0.3175501761103669,-0.24884890819766303],[0.1238644906455138,0.1506769438136248],[-0.6347803212780558,0.28145052472397597],[-1.0,0.417792672221082],[0.6452559649650969,-0.4726935488362016]],"node_coordinates":[[778.2954545454545,423.07373568054425],[617.431434073009,758.7554510858155],[418.7394368822645,758.3553172144133],[580.5953640077522,130.50000000000006],[353.5055485921613,478.3144551076123],[509.91934584701625,488.98369632265724],[625.7540882187691,374.69795656503106],[554.9641820985164,605.9134922269852],[277.6881671684837,681.5954122038795],[144.20454545454544,760.5],[745.5268116000193,245.15350223311202]]},"label":"1","name":"2927","value":2.95455860113661,"input_type":"classification","classes":{"0":"low","1":"high"},"image_width":900,"image_height":900,"image_path":"./2927.png"}