{"graph":{"node_indices":[0,1,2,3,4,5,6,7,8,9,10,11,12,13,14,15,16,17,18,19,20,21,22,23,24,25,26],"node_attributes":[[1.0,0.0,1.0],[1.0,0.0,1.0],[0.800000011920929,0.800000011920929,0.800000011920929],[1.0,0.0,1.0],[0.800000011920929,0.800000011920929,0.800000011920929],[0.0,1.0,0.0],[0.0,0.0,1.0],[1.0,1.0,0.0],[1.0,0.0,0.0],[1.0,0.0,0.0],[1.0,0.0,1.0],[0.0,1.0,0.0],[1.0,1.0,0.0],[0.0,1.0,0.0],[0.800000011920929,0.800000011920929,0.800000011920929],[0.0,1.0,0.0],[0.0,1.0,1.0],[1.0,0.0,1.0],[1.0,0.0,1.0],[0.0,0.0,1.0],[1.0,0.0,0.0],[1.0,1.0,0.0],[0.800000011920929,0.800000011920929,0.800000011920929],[1.0,0.0,1.0],[0.0,1.0,0.0],[1.0,0.0,0.0],[0.0,1.0,0.0]],"node_adjacency":[[0,0,0,0,0,0,0,0,0,0,0,0,0,0,0,0,1,0,0,0,0,1,0,0,0,0,0],[0,0,0,0,0,0,0,0,0,0,0,0,0,1,0,0,0,0,0,0,0,0,0,0,0,0,0],[0,0,0,0,0,0,0,0,1,0,0,0,0,0,1,0,0,0,0,0,0,0,0,0,0,0,0],[0,0,0,0,0,0,0,0,0,0,0,0,1,0,0,0,0,0,0,0,0,0,0,0,0,0,0],[0,0,0,0,0,0,0,0,0,0,1,0,0,0,0,0,0,0,0,0,0,0,0,1,0,0,0],[0,0,0,0,0,0,0,0,0,0,0,0,0,1,0,0,0,0,0,0,0,0,0,0,0,0,0],[0,0,0,0,0,0,0,0,0,0,0,0,0,0,0,0,0,0,0,1,0,0,0,0,1,0,0],[0,0,0,0,0,0,0,0,0,0,0,0,0,0,0,0,0,0,0,0,0,0,1,0,0,0,0],[0,0,1,0,0,0,0,0,0,1,0,0,0,1,0,0,0,0,0,0,0,0,0,0,0,0,0],[0,0,0,0,0,0,0,0,1,0,0,0,0,1,0,0,1,0,0,0,0,0,0,0,0,0,0],[0,0,0,0,1,0,0,0,0,0,0,0,0,0,0,0,1,0,0,0,0,0,0,1,0,0,0],[0,0,0,0,0,0,0,0,0,0,0,0,0,0,1,0,0,0,0,0,0,0,0,0,0,0,0],[0,0,0,1,0,0,0,0,0,0,0,0,0,1,0,0,1,0,0,0,0,0,0,0,0,0,1],[0,1,0,0,0,1,0,0,1,1,0,0,1,0,0,1,0,0,0,0,0,0,0,0,0,0,0],[0,0,1,0,0,0,0,0,0,0,0,1,0,0,0,0,0,0,1,0,0,0,0,0,0,0,0],[0,0,0,0,0,0,0,0,0,0,0,0,0,1,0,0,0,0,0,0,0,0,0,0,0,1,0],[1,0,0,0,0,0,0,0,0,1,1,0,1,0,0,0,0,0,0,0,1,0,0,1,0,0,0],[0,0,0,0,0,0,0,0,0,0,0,0,0,0,0,0,0,0,0,1,0,1,0,0,0,0,0],[0,0,0,0,0,0,0,0,0,0,0,0,0,0,1,0,0,0,0,0,0,0,0,0,0,0,0],[0,0,0,0,0,0,1,0,0,0,0,0,0,0,0,0,0,1,0,0,0,0,0,0,1,0,0],[0,0,0,0,0,0,0,0,0,0,0,0,0,0,0,0,1,0,0,0,0,0,0,0,0,0,0],[1,0,0,0,0,0,0,0,0,0,0,0,0,0,0,0,0,1,0,0,0,0,0,0,0,0,0],[0,0,0,0,0,0,0,1,0,0,0,0,0,0,0,0,0,0,0,0,0,0,0,0,1,0,0],[0,0,0,0,1,0,0,0,0,0,1,0,0,0,0,0,1,0,0,0,0,0,0,0,0,0,0],[0,0,0,0,0,0,1,0,0,0,0,0,0,0,0,0,0,0,0,1,0,0,1,0,0,0,0],[0,0,0,0,0,0,0,0,0,0,0,0,0,0,0,1,0,0,0,0,0,0,0,0,0,0,0],[0,0,0,0,0,0,0,0,0,0,0,0,1,0,0,0,0,0,0,0,0,0,0,0,0,0,0]],"edge_indices":[[19,6],[19,24],[6,19],[6,24],[24,6],[24,19],[8,9],[8,13],[9,8],[9,13],[13,9],[13,8],[16,9],[9,16],[12,13],[13,12],[2,8],[8,2],[20,16],[16,20],[10,16],[16,10],[22,24],[24,22],[15,13],[13,15],[3,12],[12,3],[17,19],[19,17],[5,13],[13,5],[23,16],[16,23],[4,23],[23,4],[7,22],[22,7],[26,12],[12,26],[14,2],[2,14],[0,16],[16,0],[11,14],[14,11],[25,15],[15,25],[1,13],[13,1],[21,0],[0,21],[18,14],[14,18],[17,21],[21,17],[23,10],[10,23],[16,12],[12,16],[4,10],[10,4]],"edge_attributes":[[1.0],[1.0],[1.0],[1.0],[1.0],[1.0],[1.0],[1.0],[1.0],[1.0],[1.0],[1.0],[1.0],[1.0],[1.0],[1.0],[1.0],[1.0],[1.0],[1.0],[1.0],[1.0],[1.0],[1.0],[1.0],[1.0],[1.0],[1.0],[1.0],[1.0],[1.0],[1.0],[1.0],[1.0],[1.0],[1.0],[1.0],[1.0],[1.0],[1.0],[1.0],[1.0],[1.0],[1.0],[1.0],[1.0],[1.0],[1.0],[1.0],[1.0],[1.0],[1.0],[1.0],[1.0],[1.0],[1.0],[1.0],[1.0],[1.0],[1.0],[1.0],[1.0]],"seed_graph_indices":[-1,-1,-1,-1,-1,-1,0,-1,1,1,-1,-1,-1,1,-1,-1,-1,-1,-1,0,-1,-1,-1,-1,0,-1,-1],"graph_labels":1,"node_importances":[0,0,0,0,0,0,1,0,1,1,0,0,0,1,0,0,0,0,0,1,0,0,0,0,1,0,0],"edge_importances":[1,1,1,1,1,1,1,1,1,1,1,1,0,0,0,0,0,0,0,0,0,0,0,0,0,0,0,0,0,0,0,0,0,0,0,0,0,0,0,0,0,0,0,0,0,0,0,0,0,0,0,0,0,0,0,0,0,0,0,0,0,0],"multi_node_importances":[[0,0],[0,0],[0,0],[0,0],[0,0],[0,0],[1,0],[0,0],[0,1],[0,1],[0,0],[0,0],[0,0],[0,1],[0,0],[0,0],[0,0],[0,0],[0,0],[1,0],[0,0],[0,0],[0,0],[0,0],[1,0],[0,0],[0,0]],"multi_edge_importances":[[1,0],[1,0],[1,0],[1,0],[1,0],[1,0],[0,1],[0,1],[0,1],[0,1],[0,1],[0,1],[0,0],[0,0],[0,0],[0,0],[0,0],[0,0],[0,0],[0,0],[0,0],[0,0],[0,0],[0,0],[0,0],[0,0],[0,0],[0,0],[0,0],[0,0],[0,0],[0,0],[0,0],[0,0],[0,0],[0,0],[0,0],[0,0],[0,0],[0,0],[0,0],[0,0],[0,0],[0,0],[0,0],[0,0],[0,0],[0,0],[0,0],[0,0],[0,0],[0,0],[0,0],[0,0],[0,0],[0,0],[0,0],[0,0],[0,0],[0,0],[0,0],[0,0]],"original_value":0.24815722222859982,"class":1,"node_positions":[[-0.11954087544098767,-0.009291993705838556],[0.40485958316234905,-0.1805331413760114],[0.30719192932853906,0.2464579647134919],[0.1804162320239134,-0.35265650879984034],[-0.16471044015918235,-0.37111807974841765],[0.424341246935697,0.02740138673740976],[-0.6442885612767065,0.25166194958155347],[-1.0,0.10065302342997283],[0.2535356781471716,0.09126528572048152],[0.15166095325474796,-0.00914906616276382],[-0.060947890553192496,-0.2764414503165755],[0.5378075605574169,0.44387313907669795],[0.18222549196590354,-0.17922680130614893],[0.30780114669537745,-0.06094738120230977],[0.38922272105168004,0.3844057920526458],[0.4813640992256754,-0.09655904860089468],[0.01678855367567516,-0.114409637142883],[-0.4162980976488996,0.0886187580485868],[0.35518527659537685,0.536540637917396],[-0.5617184814311558,0.12956945169345305],[0.026196794818653602,-0.2461084593879982],[-0.2682530588156225,0.050106112105330766],[-0.8557747083200691,0.10059371522269678],[-0.11773037879369276,-0.20326338900867716],[-0.7095367828057273,0.12556153183299615],[0.62854239879031,-0.15700383418018307],[0.2716596090167492,-0.31999995719417085]],"node_coordinates":[[487.0209972237543,381.6411280145416],[691.2020881001572,262.7837635310669],[653.1741120067752,559.1555072280524],[603.8125987822892,143.3140560667054],[469.4337299983656,130.49999999999994],[698.7874883340237,407.1097642203338],[282.7047096023322,562.7675592064767],[144.20454545454544,457.9532478096204],[632.2824599900541,451.43728025279574],[592.6164144708175,381.74033309061764],[509.83482084999184,196.21443140594764],[742.966846519008,696.1800930422676],[604.5170540560669,263.69048565910396],[653.411317494492,345.7874602323756],[685.1137037151707,654.9041950687447],[720.9899635501232,321.0696340005024],[540.1023610916163,308.6796568399534],[371.47530621265,449.60034264525376],[671.860850050163,760.5],[314.85427907738256,478.0239521960018],[543.7655633415111,217.26836270531038],[429.11827168282855,422.86896611350255],[200.36025032483923,457.91208236950877],[487.7259340223553,247.00684680028763],[257.29959633255544,475.24208114365155],[778.2954545454545,279.11530229653226],[639.3392119726416,165.98075568754976]]},"label":"1","name":"2951","value":0.24815722222859982,"input_type":"classification","classes":{"0":"low","1":"high"},"image_width":900,"image_height":900,"image_path":"./2951.png"}