{"graph":{"node_indices":[0,1,2,3,4,5,6,7,8,9,10,11,12,13,14,15,16,17,18,19,20,21,22,23,24,25,26],"node_attributes":[[0.0,1.0,1.0],[1.0,0.0,1.0],[0.0,1.0,1.0],[1.0,0.0,0.0],[1.0,0.0,0.0],[0.0,1.0,0.0],[0.0,0.0,1.0],[0.0,1.0,1.0],[1.0,0.0,0.0],[0.800000011920929,0.800000011920929,0.800000011920929],[0.0,1.0,1.0],[1.0,0.0,1.0],[0.0,1.0,0.0],[0.0,1.0,1.0],[0.0,1.0,1.0],[1.0,0.0,1.0],[0.0,0.0,1.0],[0.0,1.0,1.0],[0.0,0.0,1.0],[0.0,1.0,1.0],[0.0,1.0,1.0],[1.0,0.0,1.0],[0.800000011920929,0.800000011920929,0.800000011920929],[0.0,1.0,1.0],[0.0,1.0,1.0],[1.0,0.0,1.0],[0.0,0.0,1.0]],"node_adjacency":[[0,0,0,0,0,0,0,1,0,0,0,0,0,0,0,0,0,0,0,0,0,0,0,0,0,0,0],[0,0,0,0,0,0,0,0,0,0,0,0,0,0,0,0,0,0,0,0,0,0,0,0,0,0,1],[0,0,0,0,0,0,1,0,0,0,0,0,0,1,0,0,1,0,0,0,0,0,0,0,0,0,0],[0,0,0,0,0,0,0,0,0,0,0,0,0,0,0,0,0,1,0,0,0,0,0,0,0,0,0],[0,0,0,0,0,1,0,0,1,0,0,0,0,0,0,0,0,0,0,0,0,0,0,0,0,1,0],[0,0,0,0,1,0,0,0,1,0,0,0,0,0,0,0,0,0,0,0,0,0,0,0,0,0,0],[0,0,1,0,0,0,0,0,0,0,0,0,0,0,0,0,0,0,0,0,0,0,0,0,0,0,0],[1,0,0,0,0,0,0,0,1,0,0,0,0,0,0,0,1,0,0,0,0,0,0,0,0,0,0],[0,0,0,0,1,1,0,1,0,0,0,0,0,0,0,0,0,1,0,0,0,1,0,0,0,0,1],[0,0,0,0,0,0,0,0,0,0,0,0,0,0,0,0,0,0,0,0,0,0,0,0,0,1,0],[0,0,0,0,0,0,0,0,0,0,0,0,0,0,0,0,0,0,0,1,0,0,0,0,0,1,0],[0,0,0,0,0,0,0,0,0,0,0,0,0,0,0,0,0,0,1,0,0,0,0,1,0,0,0],[0,0,0,0,0,0,0,0,0,0,0,0,0,0,1,0,0,0,0,0,0,0,0,0,0,0,0],[0,0,1,0,0,0,0,0,0,0,0,0,0,0,0,0,0,0,0,0,0,0,1,0,0,0,0],[0,0,0,0,0,0,0,0,0,0,0,0,1,0,0,1,0,0,0,0,0,1,0,0,0,0,0],[0,0,0,0,0,0,0,0,0,0,0,0,0,0,1,0,0,0,0,0,0,0,0,0,0,0,0],[0,0,1,0,0,0,0,1,0,0,0,0,0,0,0,0,0,0,0,0,0,0,0,0,0,0,0],[0,0,0,1,0,0,0,0,1,0,0,0,0,0,0,0,0,0,0,1,0,0,0,0,0,0,0],[0,0,0,0,0,0,0,0,0,0,0,1,0,0,0,0,0,0,0,0,0,0,0,0,0,0,0],[0,0,0,0,0,0,0,0,0,0,1,0,0,0,0,0,0,1,0,0,0,0,0,0,0,0,0],[0,0,0,0,0,0,0,0,0,0,0,0,0,0,0,0,0,0,0,0,0,0,1,1,0,0,0],[0,0,0,0,0,0,0,0,1,0,0,0,0,0,1,0,0,0,0,0,0,0,0,0,0,0,0],[0,0,0,0,0,0,0,0,0,0,0,0,0,1,0,0,0,0,0,0,1,0,0,0,0,0,0],[0,0,0,0,0,0,0,0,0,0,0,1,0,0,0,0,0,0,0,0,1,0,0,0,0,1,0],[0,0,0,0,0,0,0,0,0,0,0,0,0,0,0,0,0,0,0,0,0,0,0,0,0,1,0],[0,0,0,0,1,0,0,0,0,1,1,0,0,0,0,0,0,0,0,0,0,0,0,1,1,0,0],[0,1,0,0,0,0,0,0,1,0,0,0,0,0,0,0,0,0,0,0,0,0,0,0,0,0,0]],"edge_indices":[[4,8],[4,5],[8,4],[8,5],[5,8],[5,4],[25,4],[4,25],[26,8],[8,26],[7,8],[8,7],[0,7],[7,0],[23,25],[25,23],[20,23],[23,20],[11,23],[23,11],[21,8],[8,21],[17,8],[8,17],[24,25],[25,24],[10,25],[25,10],[16,7],[7,16],[18,11],[11,18],[2,16],[16,2],[3,17],[17,3],[1,26],[26,1],[14,21],[21,14],[12,14],[14,12],[15,14],[14,15],[19,10],[10,19],[22,20],[20,22],[9,25],[25,9],[13,22],[22,13],[6,2],[2,6],[19,17],[17,19],[13,2],[2,13]],"edge_attributes":[[1.0],[1.0],[1.0],[1.0],[1.0],[1.0],[1.0],[1.0],[1.0],[1.0],[1.0],[1.0],[1.0],[1.0],[1.0],[1.0],[1.0],[1.0],[1.0],[1.0],[1.0],[1.0],[1.0],[1.0],[1.0],[1.0],[1.0],[1.0],[1.0],[1.0],[1.0],[1.0],[1.0],[1.0],[1.0],[1.0],[1.0],[1.0],[1.0],[1.0],[1.0],[1.0],[1.0],[1.0],[1.0],[1.0],[1.0],[1.0],[1.0],[1.0],[1.0],[1.0],[1.0],[1.0],[1.0],[1.0],[1.0],[1.0]],"seed_graph_indices":[-1,-1,-1,-1,0,0,-1,-1,0,-1,-1,-1,-1,-1,-1,-1,-1,-1,-1,-1,-1,-1,-1,-1,-1,-1,-1],"graph_labels":1,"node_importances":[0,0,0,0,1,1,0,0,1,0,0,0,0,0,0,0,0,0,0,0,0,0,0,0,0,0,0],"edge_importances":[1,1,1,1,1,1,0,0,0,0,0,0,0,0,0,0,0,0,0,0,0,0,0,0,0,0,0,0,0,0,0,0,0,0,0,0,0,0,0,0,0,0,0,0,0,0,0,0,0,0,0,0,0,0,0,0,0,0],"multi_node_importances":[[0,0],[0,0],[0,0],[0,0],[0,1],[0,1],[0,0],[0,0],[0,1],[0,0],[0,0],[0,0],[0,0],[0,0],[0,0],[0,0],[0,0],[0,0],[0,0],[0,0],[0,0],[0,0],[0,0],[0,0],[0,0],[0,0],[0,0]],"multi_edge_importances":[[0,1],[0,1],[0,1],[0,1],[0,1],[0,1],[0,0],[0,0],[0,0],[0,0],[0,0],[0,0],[0,0],[0,0],[0,0],[0,0],[0,0],[0,0],[0,0],[0,0],[0,0],[0,0],[0,0],[0,0],[0,0],[0,0],[0,0],[0,0],[0,0],[0,0],[0,0],[0,0],[0,0],[0,0],[0,0],[0,0],[0,0],[0,0],[0,0],[0,0],[0,0],[0,0],[0,0],[0,0],[0,0],[0,0],[0,0],[0,0],[0,0],[0,0],[0,0],[0,0],[0,0],[0,0],[0,0],[0,0],[0,0],[0,0]],"original_value":1.0919136624349668,"class":1,"node_positions":[[0.41739657289590787,0.38126726776441533],[0.19349062493113825,0.6399620968885208],[0.6540147221223689,-0.1031663065945205],[-0.5498904726635391,0.31768277235170234],[-0.11966069793916602,-0.05508704341523001],[-0.001098193839925599,0.05688824826529815],[0.8951295205587277,-0.05295351186529786],[0.23950478628815308,0.1983780458305315],[-0.05384334197572384,0.22094719297531776],[-0.4502384249535864,-0.414215498055877],[-0.4436138908711823,-0.21551291722472715],[-0.08045699088734064,-0.7702383543566609],[-0.48318512309775563,0.8206025585834753],[0.6354031008540183,-0.3629253145305599],[-0.26722491500833007,0.6981926854468123],[-0.1978364070363182,0.9364701306876121],[0.4715991238401502,0.07610883539681236],[-0.31762597766173367,0.20951146294041592],[-0.1368913224591525,-0.9999999999999999],[-0.4774546116828296,0.013330470150022124],[0.23056512134075713,-0.5854402270908983],[-0.16824781737151637,0.45740484499303224],[0.48231545474941845,-0.5639987060822685],[-0.020573169548638835,-0.5178428295736469],[-0.31645465419694285,-0.4984757661782428],[-0.20238237817276247,-0.3055469966115045],[0.06725936178580388,0.4186568593054657]],"node_coordinates":[[568.660902423654,579.8735095116531],[470.40847217232783,664.035790026827],[672.4915885415983,422.2706903358365],[144.20454545454544,559.1872972767217],[332.99417483858196,437.91251993234954],[385.0207255859793,474.34191413823044],[778.2954545454545,438.60663075552037],[490.60000000085483,520.3733871021047],[361.87556559619736,527.7159029901069],[187.93297677145054,321.0757441731132],[190.83989630081183,385.72049336899875],[350.1971992678792,205.24932582817846],[173.4755977208019,722.8043137775194],[664.3246012991672,337.762196036678],[268.2413485873523,682.9801931499969],[298.68980072421294,760.5],[592.445587040121,480.59502886536245],[246.12479948288,523.9954686762402],[325.4331843904714,130.50000000000006],[175.9902101204155,460.17107835937964],[486.67717519562706,265.37048046539996],[311.6736042752176,604.6436688308656],[597.1480327088652,272.3461409836648],[376.4748887743208,287.36222707744116],[246.63878929901568,293.6629955456706],[296.69497782617043,356.4293263559921],[415.01678432098396,592.0376231210365]]},"label":"1","name":"2959","value":1.0919136624349668,"input_type":"classification","classes":{"0":"low","1":"high"},"image_width":900,"image_height":900,"image_path":"./2959.png"}