{"graph":{"node_indices":[0,1,2,3,4,5,6,7,8,9,10,11,12,13,14,15,16,17,18,19,20,21,22,23,24,25,26,27,28,29,30,31],"node_attributes":[[0.0,1.0,0.0],[0.0,0.0,1.0],[1.0,1.0,0.0],[0.0,0.0,1.0],[0.0,1.0,0.0],[0.0,1.0,1.0],[1.0,1.0,0.0],[1.0,0.0,1.0],[1.0,1.0,0.0],[0.0,1.0,0.0],[0.800000011920929,0.800000011920929,0.800000011920929],[1.0,0.0,0.0],[1.0,0.0,0.0],[0.0,0.0,1.0],[0.800000011920929,0.800000011920929,0.800000011920929],[1.0,0.0,0.0],[0.0,0.0,1.0],[0.0,1.0,0.0],[0.800000011920929,0.800000011920929,0.800000011920929],[1.0,0.0,0.0],[0.800000011920929,0.800000011920929,0.800000011920929],[1.0,1.0,0.0],[0.0,0.0,1.0],[0.0,0.0,1.0],[1.0,0.0,0.0],[0.800000011920929,0.800000011920929,0.800000011920929],[0.800000011920929,0.800000011920929,0.800000011920929],[1.0,0.0,1.0],[0.800000011920929,0.800000011920929,0.800000011920929],[0.800000011920929,0.800000011920929,0.800000011920929],[0.0,0.0,1.0],[1.0,0.0,0.0]],"node_adjacency":[[0,0,1,0,0,1,0,0,0,0,0,0,0,0,0,0,0,0,0,0,0,0,0,0,0,0,0,0,0,0,0,0],[0,0,0,0,0,0,0,0,0,0,0,0,0,0,0,0,0,0,0,0,0,0,0,0,0,1,0,0,0,1,0,0],[1,0,0,0,0,0,0,0,0,0,0,0,0,1,0,0,0,0,1,0,0,0,1,1,0,0,0,0,0,0,0,0],[0,0,0,0,0,0,0,0,0,0,1,0,0,0,0,0,0,1,0,0,1,0,0,0,0,0,1,0,0,0,0,0],[0,0,0,0,0,0,0,1,0,0,0,0,1,0,0,0,0,0,0,0,0,0,0,0,0,0,0,0,0,0,0,0],[1,0,0,0,0,0,0,0,0,0,0,0,0,0,0,0,0,0,0,0,0,0,0,0,0,0,0,0,0,0,0,0],[0,0,0,0,0,0,0,1,1,0,0,0,0,0,0,0,0,0,0,0,0,0,0,0,0,0,0,0,0,0,0,0],[0,0,0,0,1,0,1,0,0,0,0,1,0,0,0,1,0,0,0,0,0,0,0,0,0,0,0,0,0,0,0,0],[0,0,0,0,0,0,1,0,0,0,0,0,0,0,0,0,0,0,0,0,0,0,0,0,0,0,0,0,0,0,0,0],[0,0,0,0,0,0,0,0,0,0,0,0,0,0,0,0,0,0,0,0,0,0,0,0,0,0,0,0,0,0,0,1],[0,0,0,1,0,0,0,0,0,0,0,0,0,0,0,0,0,0,0,0,0,0,0,0,0,0,0,0,0,0,0,0],[0,0,0,0,0,0,0,1,0,0,0,0,0,0,0,0,0,0,0,0,0,0,0,0,0,0,0,0,0,0,0,0],[0,0,0,0,1,0,0,0,0,0,0,0,0,0,0,0,1,0,0,0,1,0,0,0,0,0,0,0,1,0,0,0],[0,0,0,0,0,0,0,0,0,0,0,0,0,0,0,0,0,0,0,1,0,0,0,0,0,0,0,0,0,0,0,0],[0,0,0,0,0,0,0,0,0,0,0,0,0,0,0,0,1,0,0,0,0,0,0,0,0,0,0,0,0,0,0,0],[0,0,0,0,0,0,0,1,0,0,0,0,0,0,0,0,0,0,0,0,0,0,0,0,0,0,0,0,0,0,0,0],[0,0,0,0,0,0,0,0,0,0,0,0,1,0,1,0,0,0,0,0,0,0,0,0,0,1,1,0,0,0,0,0],[0,0,0,1,0,0,0,0,0,0,0,0,0,0,0,0,0,0,0,1,0,0,0,1,0,0,0,0,0,0,0,0],[0,0,1,0,0,0,0,0,0,0,0,0,0,0,0,0,0,0,0,0,0,0,0,0,0,0,1,0,0,0,0,0],[0,0,0,0,0,0,0,0,0,0,0,0,0,1,0,0,0,1,0,0,0,0,0,0,0,0,0,0,0,0,0,0],[0,0,0,1,0,0,0,0,0,0,0,0,1,0,0,0,0,0,0,0,0,0,0,0,0,0,0,0,0,0,0,0],[0,0,0,0,0,0,0,0,0,0,0,0,1,0,0,0,0,0,0,0,0,0,0,0,1,0,0,0,0,0,1,1],[0,0,1,0,0,0,0,0,0,0,0,0,0,0,0,0,0,0,0,0,0,0,0,0,0,0,0,0,0,0,0,0],[0,0,1,0,0,0,0,0,0,0,0,0,0,0,0,0,0,1,0,0,0,0,0,0,0,0,0,1,1,0,0,0],[0,0,0,0,0,0,0,0,0,0,0,0,0,0,0,0,0,0,0,0,0,1,0,0,0,0,0,0,0,0,0,0],[0,1,0,0,0,0,0,0,0,0,0,0,0,0,0,0,1,0,0,0,0,0,0,0,0,0,0,0,0,0,0,0],[0,0,0,1,0,0,0,0,0,0,0,0,0,0,0,0,1,0,1,0,0,0,0,0,0,0,0,0,0,0,0,0],[0,0,0,0,0,0,0,0,0,0,0,0,0,0,0,0,0,0,0,0,0,0,0,1,0,0,0,0,0,0,0,1],[0,0,0,0,0,0,0,0,0,0,0,0,1,0,0,0,0,0,0,0,0,0,0,1,0,0,0,0,0,0,0,0],[0,1,0,0,0,0,0,0,0,0,0,0,0,0,0,0,0,0,0,0,0,0,0,0,0,0,0,0,0,0,0,1],[0,0,0,0,0,0,0,0,0,0,0,0,0,0,0,0,0,0,0,0,0,1,0,0,0,0,0,0,0,0,0,0],[0,0,0,0,0,0,0,0,0,1,0,0,0,0,0,0,0,0,0,0,0,1,0,0,0,0,0,1,0,1,0,0]],"edge_indices":[[2,22],[2,23],[2,13],[22,2],[23,2],[23,2],[21,24],[21,31],[21,12],[24,21],[31,21],[31,21],[19,13],[13,19],[20,12],[12,20],[4,12],[12,4],[3,20],[20,3],[10,3],[3,10],[7,4],[4,7],[16,12],[12,16],[17,23],[23,17],[25,16],[16,25],[6,7],[7,6],[27,31],[31,27],[11,7],[7,11],[8,6],[6,8],[9,31],[31,9],[1,25],[25,1],[28,23],[23,28],[26,16],[16,26],[29,1],[1,29],[0,2],[2,0],[30,21],[21,30],[18,26],[26,18],[5,0],[0,5],[15,7],[7,15],[14,16],[16,14],[17,3],[3,17],[31,29],[29,31],[23,27],[27,23],[12,28],[28,12],[17,19],[19,17],[2,18],[18,2],[26,3],[3,26]],"edge_attributes":[[1.0],[1.0],[1.0],[1.0],[1.0],[1.0],[1.0],[1.0],[1.0],[1.0],[1.0],[1.0],[1.0],[1.0],[1.0],[1.0],[1.0],[1.0],[1.0],[1.0],[1.0],[1.0],[1.0],[1.0],[1.0],[1.0],[1.0],[1.0],[1.0],[1.0],[1.0],[1.0],[1.0],[1.0],[1.0],[1.0],[1.0],[1.0],[1.0],[1.0],[1.0],[1.0],[1.0],[1.0],[1.0],[1.0],[1.0],[1.0],[1.0],[1.0],[1.0],[1.0],[1.0],[1.0],[1.0],[1.0],[1.0],[1.0],[1.0],[1.0],[1.0],[1.0],[1.0],[1.0],[1.0],[1.0],[1.0],[1.0],[1.0],[1.0],[1.0],[1.0],[1.0],[1.0]],"seed_graph_indices":[-1,-1,0,-1,-1,-1,-1,-1,-1,-1,-1,-1,1,0,-1,-1,-1,-1,-1,-1,-1,1,0,0,1,-1,-1,-1,-1,-1,-1,1],"graph_labels":1,"node_importances":[0,0,1,0,0,0,0,0,0,0,0,0,1,1,0,0,0,0,0,0,0,1,1,1,1,0,0,0,0,0,0,1],"edge_importances":[1,1,1,1,1,1,1,1,1,1,1,1,0,0,0,0,0,0,0,0,0,0,0,0,0,0,0,0,0,0,0,0,0,0,0,0,0,0,0,0,0,0,0,0,0,0,0,0,0,0,0,0,0,0,0,0,0,0,0,0,0,0,0,0,0,0,0,0,0,0,0,0,0,0],"multi_node_importances":[[0,0],[0,0],[1,0],[0,0],[0,0],[0,0],[0,0],[0,0],[0,0],[0,0],[0,0],[0,0],[0,1],[1,0],[0,0],[0,0],[0,0],[0,0],[0,0],[0,0],[0,0],[0,1],[1,0],[1,0],[0,1],[0,0],[0,0],[0,0],[0,0],[0,0],[0,0],[0,1]],"multi_edge_importances":[[1,0],[1,0],[1,0],[1,0],[1,0],[1,0],[0,1],[0,1],[0,1],[0,1],[0,1],[0,1],[0,0],[0,0],[0,0],[0,0],[0,0],[0,0],[0,0],[0,0],[0,0],[0,0],[0,0],[0,0],[0,0],[0,0],[0,0],[0,0],[0,0],[0,0],[0,0],[0,0],[0,0],[0,0],[0,0],[0,0],[0,0],[0,0],[0,0],[0,0],[0,0],[0,0],[0,0],[0,0],[0,0],[0,0],[0,0],[0,0],[0,0],[0,0],[0,0],[0,0],[0,0],[0,0],[0,0],[0,0],[0,0],[0,0],[0,0],[0,0],[0,0],[0,0],[0,0],[0,0],[0,0],[0,0],[0,0],[0,0],[0,0],[0,0],[0,0],[0,0],[0,0],[0,0]],"original_value":0.12770543869304407,"class":1,"node_positions":[[-0.742806253626675,0.2870923800591442],[-0.14449268484500816,-0.5234697863175428],[-0.49214961515052214,0.33874429051936356],[0.1084032092602128,0.409215608217584],[0.434327652687185,-0.1670255649813926],[-0.9791205635725724,0.33323415209199553],[0.8197908782258485,-0.42532181754259124],[0.6946316715632098,-0.1960227276886135],[0.9999999999999999,-0.5806992633417131],[-0.5284547970470951,-0.4462297362489439],[0.2435230555968036,0.6178827747714486],[0.9242893421027192,-0.17510303980985403],[0.16700840907030495,-0.11135147369527834],[-0.463651941375339,0.6110940544091747],[0.3681067115415096,0.11943319930488987],[0.869885689953919,0.008566714656151771],[0.10414593999189387,0.016425988402006028],[-0.14989069058843085,0.4442784799017886],[-0.27436539073555677,0.36750385118568757],[-0.25128456107666736,0.681133184671793],[0.23328410388934037,0.17595237478814116],[0.022539669197567353,-0.35995667420124094],[-0.6610412581712624,0.5003389616653403],[-0.3082472389102335,0.16857666466879398],[0.02208763854090009,-0.6234828670522219],[-0.02588793074392451,-0.24502936470815948],[-0.023006275159395906,0.254298711487215],[-0.41551403677521115,-0.08265146077952679],[-0.09103755037851848,0.025872249777270543],[-0.34880122249114215,-0.5440800990941683],[0.1794913367291077,-0.5586309014580546],[-0.2917632977029671,-0.32058886365848666]],"node_coordinates":[[219.91734354416533,570.2174210160003],[411.611170455525,178.796386342621],[300.2252836901204,595.160164551109],[492.6365462462089,629.190812948551],[597.0595563606097,350.92354907760716],[144.20454545454538,592.4993148669015],[720.5582110669795,226.1921088209],[680.458423012355,336.9207990107134],[778.2954545454545,151.16023202918745],[288.5934578088546,216.09566031591973],[535.9276260201123,729.9563330072789],[754.038498815937,347.0229308572457],[511.41308018204717,377.8086065348581],[309.3556601834368,726.6780552162148],[575.8430132430346,489.254685860627],[736.6080997367485,435.7171832088655],[491.2725587306024,439.51243197446604],[409.88170210876285,646.1226981049983],[370.001223259797,609.0481764269716],[377.39609577557684,760.5],[532.6471658420807,516.5478350652489],[465.12670617976767,257.7569820651256],[246.1140499269978,673.1943437929122],[359.1458098472966,512.986099511675],[464.9818799699355,130.5],[449.61097589168435,313.2554598624524],[450.53423021126065,554.3813356228965],[324.7785749120509,391.6678627604962],[428.7376737283966,444.0740381715938],[346.152709381675,168.84365194837875],[515.4124883499852,161.81705935269946],[364.4271036996776,276.76772519461605]]},"label":"1","name":"2971","value":0.12770543869304407,"input_type":"classification","classes":{"0":"low","1":"high"},"image_width":900,"image_height":900,"image_path":"./2971.png"}