{"graph":{"node_indices":[0,1,2,3,4,5,6,7,8,9,10,11],"node_attributes":[[0.0,1.0,0.0],[0.0,0.0,1.0],[1.0,0.0,0.0],[0.0,0.0,1.0],[0.0,1.0,1.0],[0.0,0.0,1.0],[0.0,1.0,0.0],[1.0,0.0,0.0],[0.800000011920929,0.800000011920929,0.800000011920929],[1.0,0.0,0.0],[0.800000011920929,0.800000011920929,0.800000011920929],[0.0,0.0,1.0]],"node_adjacency":[[0,1,1,0,0,0,0,0,0,1,0,1],[1,0,0,0,0,0,0,0,1,0,1,0],[1,0,0,0,0,0,0,0,0,1,1,0],[0,0,0,0,0,1,1,0,0,0,0,0],[0,0,0,0,0,1,0,0,0,0,0,0],[0,0,0,1,1,0,1,0,1,0,0,0],[0,0,0,1,0,1,0,0,0,0,0,0],[0,0,0,0,0,0,0,0,0,0,0,1],[0,1,0,0,0,1,0,0,0,0,0,0],[1,0,1,0,0,0,0,0,0,0,0,0],[0,1,1,0,0,0,0,0,0,0,0,0],[1,0,0,0,0,0,0,1,0,0,0,0]],"edge_indices":[[3,5],[3,6],[5,3],[5,6],[6,5],[6,3],[9,2],[9,0],[2,9],[2,0],[0,2],[0,9],[8,5],[5,8],[4,5],[5,4],[11,0],[0,11],[1,8],[8,1],[7,11],[11,7],[10,2],[2,10],[1,0],[0,1],[10,1],[1,10]],"edge_attributes":[[1.0],[1.0],[1.0],[1.0],[1.0],[1.0],[1.0],[1.0],[1.0],[1.0],[1.0],[1.0],[1.0],[1.0],[1.0],[1.0],[1.0],[1.0],[1.0],[1.0],[1.0],[1.0],[1.0],[1.0],[1.0],[1.0],[1.0],[1.0]],"seed_graph_indices":[1,-1,1,0,-1,0,0,-1,-1,1,-1,-1],"graph_labels":1,"node_importances":[1,0,1,1,0,1,1,0,0,1,0,0],"edge_importances":[1,1,1,1,1,1,1,1,1,1,1,1,0,0,0,0,0,0,0,0,0,0,0,0,0,0,0,0],"multi_node_importances":[[0,1],[0,0],[0,1],[1,0],[0,0],[1,0],[1,0],[0,0],[0,0],[0,1],[0,0],[0,0]],"multi_edge_importances":[[1,0],[1,0],[1,0],[1,0],[1,0],[1,0],[0,1],[0,1],[0,1],[0,1],[0,1],[0,1],[0,0],[0,0],[0,0],[0,0],[0,0],[0,0],[0,0],[0,0],[0,0],[0,0],[0,0],[0,0],[0,0],[0,0],[0,0],[0,0]],"original_value":0.2737049890889748,"class":1,"node_positions":[[-0.35494720781218264,0.2511258700534848],[-0.011635644157987868,0.1186234076493316],[-0.2120049264847591,0.5861535929107092],[0.8103150423299751,-0.26920873519402533],[0.3629636287631763,-0.741621497135628],[0.47231730429471697,-0.3922900204719679],[0.7732641730761276,-0.5439354239446821],[-0.9999999999999999,0.0075114122840573465],[0.21772361548535815,-0.1470265230485901],[-0.48776575688534884,0.5742232624239672],[0.10511813765530181,0.4669509127805668],[-0.6753483662643773,0.08949374169277646]],"node_coordinates":[[370.14428624329145,601.5367335685704],[490.39448381041205,538.6672371151436],[420.2120363282589,760.5],[778.2954545454545,354.64943784856155],[621.6036866051147,130.5],[659.9065067821941,296.2500821847964],[765.31781318556,224.29768233635832],[144.2045454545455,485.94704556698025],[570.7311202825284,412.62220313740113],[323.6225303297213,754.8393212728631],[531.2893059373423,703.9409569474835],[257.9188132807236,524.8458529890194]]},"label":"1","name":"2975","value":0.2737049890889748,"input_type":"classification","classes":{"0":"low","1":"high"},"image_width":900,"image_height":900,"image_path":"./2975.png"}