{"graph":{"node_indices":[0,1,2,3,4,5,6,7,8,9],"node_attributes":[[0.0,1.0,0.0],[0.0,0.0,1.0],[0.0,1.0,1.0],[0.0,1.0,0.0],[0.800000011920929,0.800000011920929,0.800000011920929],[0.0,1.0,0.0],[0.0,1.0,0.0],[1.0,0.0,0.0],[0.800000011920929,0.800000011920929,0.800000011920929],[0.0,0.0,1.0]],"node_adjacency":[[0,0,0,0,1,0,0,1,0,1],[0,0,1,1,1,0,1,0,0,1],[0,1,0,0,0,0,0,0,0,0],[0,1,0,0,0,0,0,0,0,0],[1,1,0,0,0,1,0,0,0,0],[0,0,0,0,1,0,0,0,0,0],[0,1,0,0,0,0,0,0,1,1],[1,0,0,0,0,0,0,0,0,0],[0,0,0,0,0,0,1,0,0,0],[1,1,0,0,0,0,1,0,0,0]],"edge_indices":[[9,1],[9,6],[1,9],[1,6],[6,1],[6,9],[4,1],[1,4],[2,1],[1,2],[8,6],[6,8],[3,1],[1,3],[0,9],[9,0],[5,4],[4,5],[7,0],[0,7],[4,0],[0,4]],"edge_attributes":[[1.0],[1.0],[1.0],[1.0],[1.0],[1.0],[1.0],[1.0],[1.0],[1.0],[1.0],[1.0],[1.0],[1.0],[1.0],[1.0],[1.0],[1.0],[1.0],[1.0],[1.0],[1.0]],"seed_graph_indices":[-1,0,-1,-1,-1,-1,0,-1,-1,0],"graph_labels":0,"node_importances":[0,1,0,0,0,0,1,0,0,1],"edge_importances":[1,1,1,1,1,1,0,0,0,0,0,0,0,0,0,0,0,0,0,0,0,0],"multi_node_importances":[[0,0],[1,0],[0,0],[0,0],[0,0],[0,0],[1,0],[0,0],[0,0],[1,0]],"multi_edge_importances":[[1,0],[1,0],[1,0],[1,0],[1,0],[1,0],[0,0],[0,0],[0,0],[0,0],[0,0],[0,0],[0,0],[0,0],[0,0],[0,0],[0,0],[0,0],[0,0],[0,0],[0,0],[0,0]],"original_value":-1.4786123847660837,"class":0,"node_positions":[[-0.15183124129385675,0.553509026115365],[0.13336198603101654,-0.25031797659914884],[0.2095437793058371,-0.7806498505837995],[0.6302315418810979,-0.4415094790541211],[0.3080906040386796,0.2871837102513126],[0.7510855164707173,0.5591010205441064],[-0.38259916233589986,-0.3713111216367082],[-0.3855005673463727,1.0],[-0.8249907646858429,-0.6141097789498448],[-0.28739169206537646,0.05810444991283847]],"node_coordinates":[[415.0317504916009,602.5299681854369],[529.7713953572008,318.1332286781648],[560.4210429227098,130.5],[729.6731844618347,250.48902198186127],[600.0686452817885,508.30316164099276],[778.2954545454545,604.5084349170922],[322.18862951322444,275.32544064017895],[321.02132907051896,760.5000000000001],[144.2045454545455,189.42244626027554],[360.4927345225206,427.2541367774451]]},"label":"0","name":"2986","value":-1.4786123847660837,"input_type":"classification","classes":{"0":"low","1":"high"},"image_width":900,"image_height":900,"image_path":"./2986.png"}