{"graph":{"node_indices":[0,1,2,3,4,5,6,7,8,9],"node_attributes":[[1.0,1.0,0.0],[0.0,0.0,1.0],[1.0,0.0,1.0],[1.0,0.0,0.0],[1.0,0.0,0.0],[0.0,0.0,1.0],[0.0,1.0,0.0],[0.0,0.0,1.0],[1.0,0.0,1.0],[0.0,0.0,1.0]],"node_adjacency":[[0,0,1,0,0,1,0,1,0,1],[0,0,0,0,1,0,0,0,0,0],[1,0,0,1,0,1,0,0,0,0],[0,0,1,0,1,0,1,0,0,0],[0,1,0,1,0,0,1,0,0,0],[1,0,1,0,0,0,0,0,0,0],[0,0,0,1,1,0,0,0,1,0],[1,0,0,0,0,0,0,0,0,0],[0,0,0,0,0,0,1,0,0,0],[0,0,0,0,0,0,0,0,0,0]],"edge_indices":[[0,5],[0,7],[0,9],[5,0],[7,0],[7,0],[4,3],[4,6],[3,4],[3,6],[6,3],[6,4],[1,4],[4,1],[8,6],[6,8],[2,5],[5,2],[2,3],[3,2],[2,0],[0,2]],"edge_attributes":[[1.0],[1.0],[1.0],[1.0],[1.0],[1.0],[1.0],[1.0],[1.0],[1.0],[1.0],[1.0],[1.0],[1.0],[1.0],[1.0],[1.0],[1.0],[1.0],[1.0],[1.0],[1.0]],"seed_graph_indices":[0,-1,-1,1,1,0,1,0,-1,0],"graph_labels":0,"node_importances":[1,0,0,1,1,1,1,1,0,1],"edge_importances":[1,1,1,1,1,1,1,1,1,1,1,1,0,0,0,0,0,0,0,0,0,0],"multi_node_importances":[[1,0],[0,0],[0,0],[0,1],[0,1],[1,0],[0,1],[1,0],[0,0],[1,0]],"multi_edge_importances":[[1,0],[1,0],[1,0],[1,0],[1,0],[1,0],[0,1],[0,1],[0,1],[0,1],[0,1],[0,1],[0,0],[0,0],[0,0],[0,0],[0,0],[0,0],[0,0],[0,0],[0,0],[0,0]],"original_value":-1.3504223752769677,"class":0,"node_positions":[[-0.6428801809437225,-0.09436275510421938],[0.9988177923552962,-0.3295075657422011],[-0.196955157025795,-0.06603060514746747],[0.23330986941512494,0.04415764699701612],[0.6488959500967599,-0.06976481435508478],[-0.3911099891986695,-0.43094558383578313],[0.5443655600338405,0.33864945523020024],[-1.0,-0.3845928211988319],[0.7312805447728413,0.7315731883570787],[-0.925724389505676,0.26082385479929243]],"node_coordinates":[[257.4947270738236,312.9032326814818],[778.2954545454546,185.47197372427004],[398.9568477753403,328.2571821399363],[535.4511009330844,387.9711416143972],[667.2887084993195,326.233514344567],[337.36453330438354,130.49999999999997],[634.1282221777917,547.5641250781745],[144.2045454545455,155.61980121077528],[693.4238183292587,760.5],[167.76721813124357,505.3883517106732]]},"label":"0","name":"3004","value":-1.3504223752769677,"input_type":"classification","classes":{"0":"low","1":"high"},"image_width":900,"image_height":900,"image_path":"./3004.png"}