{"graph": {"node_indices": [0, 1, 2, 3, 4, 5, 6, 7, 8, 9, 10, 11], "node_attributes": [[0.0, 1.0, 0.0], [1.0, 0.0, 0.0], [0.0, 1.0, 0.0], [0.0, 1.0, 1.0], [1.0, 1.0, 0.0], [1.0, 0.0, 0.0], [0.0, 0.0, 1.0], [0.0, 0.0, 1.0], [0.0, 1.0, 0.0], [1.0, 0.0, 0.0], [1.0, 0.0, 0.0], [1.0, 0.0, 1.0]], "node_adjacency": [[0, 0, 1, 0, 1, 0, 0, 1, 0, 0, 0, 0], [0, 0, 0, 0, 0, 0, 0, 0, 1, 1, 1, 0], [1, 0, 0, 0, 0, 0, 0, 0, 0, 1, 0, 0], [0, 0, 0, 0, 1, 0, 0, 0, 0, 0, 0, 0], [1, 0, 0, 1, 0, 0, 0, 0, 0, 0, 0, 1], [0, 0, 0, 0, 0, 0, 1, 0, 0, 0, 1, 0], [0, 0, 0, 0, 0, 1, 0, 0, 0, 0, 0, 0], [1, 0, 0, 0, 0, 0, 0, 0, 0, 0, 0, 1], [0, 1, 0, 0, 0, 0, 0, 0, 0, 0, 0, 1], [0, 1, 1, 0, 0, 0, 0, 0, 0, 0, 0, 0], [0, 1, 0, 0, 0, 1, 0, 0, 0, 0, 0, 0], [0, 0, 0, 0, 1, 0, 0, 1, 1, 0, 0, 0]], "edge_indices": [[9, 1], [1, 9], [1, 10], [10, 1], [10, 5], [5, 10], [8, 1], [1, 8], [11, 8], [8, 11], [7, 11], [11, 7], [4, 11], [11, 4], [6, 5], [5, 6], [0, 4], [4, 0], [2, 9], [9, 2], [3, 4], [4, 3], [2, 0], [0, 2], [0, 7], [7, 0]], "edge_attributes": [[1.0], [1.0], [1.0], [1.0], [1.0], [1.0], [1.0], [1.0], [1.0], [1.0], [1.0], [1.0], [1.0], [1.0], [1.0], [1.0], [1.0], [1.0], [1.0], [1.0], [1.0], [1.0], [1.0], [1.0], [1.0], [1.0]], "seed_graph_indices": [-1, 0, -1, -1, -1, 0, -1, -1, -1, 0, 0, -1], "graph_labels": 1, "node_importances": [0, 1, 0, 0, 0, 1, 0, 0, 0, 1, 1, 0], "edge_importances": [1, 1, 1, 1, 1, 1, 0, 0, 0, 0, 0, 0, 0, 0, 0, 0, 0, 0, 0, 0, 0, 0, 0, 0, 0, 0], "multi_node_importances": [[0, 0], [0, 1], [0, 0], [0, 0], [0, 0], [0, 1], [0, 0], [0, 0], [0, 0], [0, 1], [0, 1], [0, 0]], "multi_edge_importances": [[0, 1], [0, 1], [0, 1], [0, 1], [0, 1], [0, 1], [0, 0], [0, 0], [0, 0], [0, 0], [0, 0], [0, 0], [0, 0], [0, 0], [0, 0], [0, 0], [0, 0], [0, 0], [0, 0], [0, 0], [0, 0], [0, 0], [0, 0], [0, 0], [0, 0], [0, 0]], "original_value": 3.2, "class": 1, "node_positions": [[0.6172024811130813, 0.2365210587365392], [-0.18196954717323974, -0.22007726463386995], [0.5290645966655596, -0.15445754919667554], [0.5361760436857367, 0.9255950933786076], [0.40655931413216634, 0.5914323380784525], [-0.7356903904326457, -0.667523207153472], [-1.0, -0.8830560097229347], [0.3114352241965454, 0.31753350282399506], [-0.22733948524638933, 0.1765061098642923], [0.19270224438404085, -0.3524501731675356], [-0.46648860785627794, -0.4491429218313328], [0.01834812653142207, 0.479119022823934]], "node_coordinates": [[778.2954545454545, 520.4776755837188], [464.9471114317853, 361.43265953276637], [743.7373630712116, 384.2897051257723], [746.5256990765288, 760.5], [695.7041162284457, 644.1024618136213], [247.83802522553515, 205.57565466104057], [144.20454545454544, 130.5], [658.4067948551763, 548.6964070392083], [447.15795663256625, 499.5729152766156], [611.8526348241053, 315.3237487355426], [353.38968312631624, 281.6431612780001], [543.4899143954195, 604.9808266408622]]}, "label": "1", "name": "3013", "value": 3.2, "input_type": "classification", "classes": {"0": "low", "1": "high"}, "image_width": 900, "image_height": 900, "image_path": "./3013.png"}