{"graph":{"node_indices":[0,1,2,3,4,5,6,7,8,9,10,11],"node_attributes":[[0.0,0.0,1.0],[0.800000011920929,0.800000011920929,0.800000011920929],[0.0,0.0,1.0],[0.0,1.0,0.0],[0.800000011920929,0.800000011920929,0.800000011920929],[0.800000011920929,0.800000011920929,0.800000011920929],[1.0,0.0,0.0],[1.0,1.0,0.0],[0.0,0.0,1.0],[1.0,0.0,0.0],[0.800000011920929,0.800000011920929,0.800000011920929],[0.800000011920929,0.800000011920929,0.800000011920929]],"node_adjacency":[[0,0,0,0,0,1,0,1,0,0,1,0],[0,0,0,0,0,0,0,1,0,0,0,0],[0,0,0,0,0,0,1,1,0,0,0,0],[0,0,0,0,0,0,0,0,0,0,1,0],[0,0,0,0,0,1,0,0,0,1,0,0],[1,0,0,0,1,0,0,1,0,0,0,0],[0,0,1,0,0,0,0,0,0,0,0,0],[1,1,1,0,0,1,0,0,1,0,0,0],[0,0,0,0,0,0,0,0,0,0,1,0],[0,0,0,0,1,0,0,0,0,0,0,0],[1,0,0,1,0,0,0,0,1,0,0,1],[0,0,0,0,0,0,0,0,0,0,1,0]],"edge_indices":[[7,2],[7,0],[7,8],[2,7],[0,7],[0,7],[5,7],[7,5],[10,0],[0,10],[1,7],[7,1],[3,10],[10,3],[6,2],[2,6],[4,5],[5,4],[9,4],[4,9],[11,10],[10,11],[10,8],[8,10],[0,5],[5,0]],"edge_attributes":[[1.0],[1.0],[1.0],[1.0],[1.0],[1.0],[1.0],[1.0],[1.0],[1.0],[1.0],[1.0],[1.0],[1.0],[1.0],[1.0],[1.0],[1.0],[1.0],[1.0],[1.0],[1.0],[1.0],[1.0],[1.0],[1.0]],"seed_graph_indices":[0,-1,0,-1,-1,-1,-1,0,0,-1,-1,-1],"graph_labels":0,"node_importances":[1,0,1,0,0,0,0,1,1,0,0,0],"edge_importances":[1,1,1,1,1,1,0,0,0,0,0,0,0,0,0,0,0,0,0,0,0,0,0,0,0,0],"multi_node_importances":[[1,0],[0,0],[1,0],[0,0],[0,0],[0,0],[0,0],[1,0],[1,0],[0,0],[0,0],[0,0]],"multi_edge_importances":[[1,0],[1,0],[1,0],[1,0],[1,0],[1,0],[0,0],[0,0],[0,0],[0,0],[0,0],[0,0],[0,0],[0,0],[0,0],[0,0],[0,0],[0,0],[0,0],[0,0],[0,0],[0,0],[0,0],[0,0],[0,0],[0,0]],"original_value":-2.4550363758929192,"class":0,"node_positions":[[0.008695771866176264,0.16948660206952193],[0.39053968753056845,-0.43567187732222973],[-0.04705528354663481,-0.5878196028261314],[0.6699734043967727,0.5689729123922399],[-0.6452492025443092,0.05540121605676508],[-0.27474791050231323,-0.018212770787806195],[-0.07028661619765529,-0.9579608530476225],[0.06578393916724225,-0.20802062505632032],[0.3793781658630451,0.05370902619794057],[-1.0,0.12184607131943229],[0.3040131645017557,0.4301608399513256],[0.21895487946535214,0.8081090610528848]],"node_coordinates":[[527.2075425650401,532.6878698304909],[672.1941363497037,316.81315333548656],[506.03879980757284,262.5383670984548],[778.2954545454545,675.1943320570986],[278.90384968727255,491.99084384404034],[419.58363564777267,465.7309481616542],[497.2178348740624,130.49999999999994],[548.8839883137929,398.02188000165006],[667.9560931555044,491.38719865278955],[144.20454545454544,515.6933362998957],[639.3399115438699,625.6766969173161],[607.0431784686931,760.5]]},"label":"0","name":"3016","value":-2.4550363758929192,"input_type":"classification","classes":{"0":"low","1":"high"},"image_width":900,"image_height":900,"image_path":"./3016.png"}