{"graph":{"node_indices":[0,1,2,3,4,5,6,7,8,9,10,11,12,13,14,15,16,17,18],"node_attributes":[[1.0,0.0,1.0],[0.0,0.0,1.0],[0.0,1.0,1.0],[1.0,0.0,0.0],[0.0,0.0,1.0],[0.800000011920929,0.800000011920929,0.800000011920929],[0.0,1.0,0.0],[0.0,1.0,0.0],[0.0,1.0,0.0],[0.0,1.0,1.0],[0.0,1.0,1.0],[0.800000011920929,0.800000011920929,0.800000011920929],[0.800000011920929,0.800000011920929,0.800000011920929],[0.0,0.0,1.0],[0.0,0.0,1.0],[1.0,0.0,1.0],[0.800000011920929,0.800000011920929,0.800000011920929],[1.0,0.0,0.0],[0.0,1.0,1.0]],"node_adjacency":[[0,0,0,0,0,0,0,0,0,0,0,0,0,0,0,0,0,0,1],[0,0,0,0,1,0,0,1,0,1,0,0,0,0,1,0,0,0,1],[0,0,0,0,0,0,0,0,0,0,0,0,0,0,1,0,0,0,1],[0,0,0,0,0,0,0,0,1,0,0,0,0,0,0,0,0,1,0],[0,1,0,0,0,0,0,0,0,0,0,1,0,0,0,0,0,0,1],[0,0,0,0,0,0,0,0,0,0,0,0,0,0,1,0,0,0,0],[0,0,0,0,0,0,0,0,0,0,0,0,0,0,0,0,1,0,0],[0,1,0,0,0,0,0,0,0,0,0,0,0,0,1,0,0,0,0],[0,0,0,1,0,0,0,0,0,1,0,1,0,0,0,1,0,1,0],[0,1,0,0,0,0,0,0,1,0,0,0,0,0,0,0,1,0,0],[0,0,0,0,0,0,0,0,0,0,0,0,0,0,1,0,0,0,0],[0,0,0,0,1,0,0,0,1,0,0,0,0,0,0,0,0,0,0],[0,0,0,0,0,0,0,0,0,0,0,0,0,0,0,0,0,0,1],[0,0,0,0,0,0,0,0,0,0,0,0,0,0,0,0,0,0,1],[0,1,1,0,0,1,0,1,0,0,1,0,0,0,0,0,0,0,0],[0,0,0,0,0,0,0,0,1,0,0,0,0,0,0,0,0,0,0],[0,0,0,0,0,0,1,0,0,1,0,0,0,0,0,0,0,0,0],[0,0,0,1,0,0,0,0,1,0,0,0,0,0,0,0,0,0,0],[1,1,1,0,1,0,0,0,0,0,0,0,1,1,0,0,0,0,0]],"edge_indices":[[1,14],[1,7],[14,1],[14,7],[7,14],[7,1],[17,3],[17,8],[3,17],[3,8],[8,3],[8,17],[9,8],[8,9],[4,1],[1,4],[18,4],[4,18],[10,14],[14,10],[2,14],[14,2],[16,9],[9,16],[0,18],[18,0],[5,14],[14,5],[15,8],[8,15],[13,18],[18,13],[6,16],[16,6],[11,4],[4,11],[12,18],[18,12],[11,8],[8,11],[18,1],[1,18],[1,9],[9,1],[2,18],[18,2]],"edge_attributes":[[1.0],[1.0],[1.0],[1.0],[1.0],[1.0],[1.0],[1.0],[1.0],[1.0],[1.0],[1.0],[1.0],[1.0],[1.0],[1.0],[1.0],[1.0],[1.0],[1.0],[1.0],[1.0],[1.0],[1.0],[1.0],[1.0],[1.0],[1.0],[1.0],[1.0],[1.0],[1.0],[1.0],[1.0],[1.0],[1.0],[1.0],[1.0],[1.0],[1.0],[1.0],[1.0],[1.0],[1.0],[1.0],[1.0]],"seed_graph_indices":[-1,0,-1,1,-1,-1,-1,0,1,-1,-1,-1,-1,-1,0,-1,-1,1,-1],"graph_labels":1,"node_importances":[0,1,0,1,0,0,0,1,1,0,0,0,0,0,1,0,0,1,0],"edge_importances":[1,1,1,1,1,1,1,1,1,1,1,1,0,0,0,0,0,0,0,0,0,0,0,0,0,0,0,0,0,0,0,0,0,0,0,0,0,0,0,0,0,0,0,0,0,0],"multi_node_importances":[[0,0],[1,0],[0,0],[0,1],[0,0],[0,0],[0,0],[1,0],[0,1],[0,0],[0,0],[0,0],[0,0],[0,0],[1,0],[0,0],[0,0],[0,1],[0,0]],"multi_edge_importances":[[1,0],[1,0],[1,0],[1,0],[1,0],[1,0],[0,1],[0,1],[0,1],[0,1],[0,1],[0,1],[0,0],[0,0],[0,0],[0,0],[0,0],[0,0],[0,0],[0,0],[0,0],[0,0],[0,0],[0,0],[0,0],[0,0],[0,0],[0,0],[0,0],[0,0],[0,0],[0,0],[0,0],[0,0],[0,0],[0,0],[0,0],[0,0],[0,0],[0,0],[0,0],[0,0],[0,0],[0,0],[0,0],[0,0]],"original_value":0.43373379114047683,"class":1,"node_positions":[[-0.7390346310470051,0.49179889535780114],[-0.15143856113473875,-0.03278886498426491],[-0.6696178548511833,0.08720188029018586],[0.8657237989995177,0.39214723443149296],[-0.020616183960498292,0.2801306601183415],[-0.8900112547283882,-0.38447984190172735],[0.5264268438310354,-0.9377858123502396],[-0.24908153342716377,-0.35941500593239567],[0.6283851344880657,0.05624195941274145],[0.273031399875266,-0.1803233156904886],[-0.6182303966933401,-0.6593958837870577],[0.36017533158454595,0.338963017126665],[-0.23675293588757887,0.7435972514867341],[-0.5253624519888256,0.7093710915452192],[-0.5172156513649419,-0.26185303108677765],[0.9332666196085901,-0.20551698559966344],[0.39259477552533056,-0.5774109361129411],[1.0,0.1522117061742471],[-0.3622424488286877,0.34730598150212766]],"node_coordinates":[[194.85657428352823,666.1532875981147],[391.9926099641511,469.5946947802999],[218.14561376096478,514.5542112336151],[733.2463480130675,628.8146538662471],[435.8829729788248,586.8429917654994],[144.20454545454544,337.8190630260572],[619.413631823513,130.5],[359.23379918334444,347.21064487335127],[653.6202139538202,502.95379097704404],[534.4005150944813,414.3147850773834],[235.38589208082087,234.81034947774992],[563.636941460225,608.886977881704],[363.3699923420538,760.5],[266.54270098117445,747.6757476169957],[269.275918680729,383.7662909213591],[755.906683191191,404.87493024349465],[574.5135299615924,265.5294153144339],[778.2954545454545,538.9128426411988],[321.2687830803988,612.0130160044782]]},"label":"1","name":"303","value":0.43373379114047683,"input_type":"classification","classes":{"0":"low","1":"high"},"image_width":900,"image_height":900,"image_path":"./303.png"}