{"graph":{"node_indices":[0,1,2,3,4,5,6,7,8,9,10,11,12,13,14,15,16,17,18,19,20,21,22,23,24],"node_attributes":[[0.0,1.0,0.0],[1.0,0.0,1.0],[0.0,1.0,0.0],[0.0,1.0,1.0],[0.0,1.0,0.0],[0.800000011920929,0.800000011920929,0.800000011920929],[1.0,0.0,0.0],[0.0,1.0,1.0],[1.0,0.0,0.0],[0.0,1.0,0.0],[0.0,1.0,1.0],[0.0,1.0,1.0],[0.800000011920929,0.800000011920929,0.800000011920929],[1.0,1.0,0.0],[0.800000011920929,0.800000011920929,0.800000011920929],[0.0,0.0,1.0],[0.800000011920929,0.800000011920929,0.800000011920929],[1.0,0.0,0.0],[0.0,0.0,1.0],[1.0,0.0,0.0],[0.0,1.0,0.0],[1.0,0.0,0.0],[0.800000011920929,0.800000011920929,0.800000011920929],[0.800000011920929,0.800000011920929,0.800000011920929],[0.800000011920929,0.800000011920929,0.800000011920929]],"node_adjacency":[[0,0,0,0,0,0,1,0,0,0,1,0,0,0,0,0,0,0,0,0,0,0,0,0,0],[0,0,0,0,0,0,0,0,0,0,0,1,0,0,0,0,0,0,0,0,0,0,0,0,0],[0,0,0,0,0,0,0,0,0,0,1,0,0,0,0,0,0,0,0,0,0,0,0,0,0],[0,0,0,0,1,0,0,0,0,0,0,0,0,0,0,0,0,0,0,0,0,0,0,0,0],[0,0,0,1,0,0,0,1,0,0,0,0,0,0,0,0,1,1,0,0,0,0,0,0,0],[0,0,0,0,0,0,0,0,0,0,0,0,0,0,0,0,0,1,0,0,0,0,0,0,0],[1,0,0,0,0,0,0,0,0,1,0,0,0,0,0,0,0,1,1,0,0,0,0,0,0],[0,0,0,0,1,0,0,0,0,0,0,0,0,0,0,0,0,0,0,0,0,0,0,0,0],[0,0,0,0,0,0,0,0,0,0,0,0,0,0,1,1,0,0,0,0,0,0,0,0,0],[0,0,0,0,0,0,1,0,0,0,0,0,0,0,0,0,0,1,0,0,0,0,1,0,0],[1,0,1,0,0,0,0,0,0,0,0,0,0,1,0,0,0,0,0,0,0,0,0,0,0],[0,1,0,0,0,0,0,0,0,0,0,0,1,0,0,0,0,1,0,0,0,0,0,0,0],[0,0,0,0,0,0,0,0,0,0,0,1,0,0,0,0,0,0,0,0,0,0,0,0,0],[0,0,0,0,0,0,0,0,0,0,1,0,0,0,0,0,0,0,0,0,0,0,0,0,0],[0,0,0,0,0,0,0,0,1,0,0,0,0,0,0,0,0,0,0,1,0,0,0,0,0],[0,0,0,0,0,0,0,0,1,0,0,0,0,0,0,0,0,0,0,0,0,0,1,0,1],[0,0,0,0,1,0,0,0,0,0,0,0,0,0,0,0,0,0,0,0,0,0,0,0,0],[0,0,0,0,1,1,1,0,0,1,0,1,0,0,0,0,0,0,0,1,1,0,0,0,0],[0,0,0,0,0,0,1,0,0,0,0,0,0,0,0,0,0,0,0,0,0,0,0,0,0],[0,0,0,0,0,0,0,0,0,0,0,0,0,0,1,0,0,1,0,0,0,0,0,1,0],[0,0,0,0,0,0,0,0,0,0,0,0,0,0,0,0,0,1,0,0,0,0,0,0,0],[0,0,0,0,0,0,0,0,0,0,0,0,0,0,0,0,0,0,0,0,0,0,1,0,0],[0,0,0,0,0,0,0,0,0,1,0,0,0,0,0,1,0,0,0,0,0,1,0,0,0],[0,0,0,0,0,0,0,0,0,0,0,0,0,0,0,0,0,0,0,1,0,0,0,0,0],[0,0,0,0,0,0,0,0,0,0,0,0,0,0,0,1,0,0,0,0,0,0,0,0,0]],"edge_indices":[[17,6],[17,9],[6,17],[6,9],[9,6],[9,17],[11,17],[17,11],[1,11],[11,1],[19,17],[17,19],[14,19],[19,14],[8,14],[14,8],[0,6],[6,0],[4,17],[17,4],[15,8],[8,15],[10,0],[0,10],[13,10],[10,13],[22,15],[15,22],[24,15],[15,24],[21,22],[22,21],[3,4],[4,3],[7,4],[4,7],[12,11],[11,12],[5,17],[17,5],[16,4],[4,16],[18,6],[6,18],[23,19],[19,23],[2,10],[10,2],[20,17],[17,20],[22,9],[9,22]],"edge_attributes":[[1.0],[1.0],[1.0],[1.0],[1.0],[1.0],[1.0],[1.0],[1.0],[1.0],[1.0],[1.0],[1.0],[1.0],[1.0],[1.0],[1.0],[1.0],[1.0],[1.0],[1.0],[1.0],[1.0],[1.0],[1.0],[1.0],[1.0],[1.0],[1.0],[1.0],[1.0],[1.0],[1.0],[1.0],[1.0],[1.0],[1.0],[1.0],[1.0],[1.0],[1.0],[1.0],[1.0],[1.0],[1.0],[1.0],[1.0],[1.0],[1.0],[1.0],[1.0],[1.0]],"seed_graph_indices":[-1,-1,-1,-1,-1,-1,0,-1,-1,0,-1,-1,-1,-1,-1,-1,-1,0,-1,-1,-1,-1,-1,-1,-1],"graph_labels":1,"node_importances":[0,0,0,0,0,0,1,0,0,1,0,0,0,0,0,0,0,1,0,0,0,0,0,0,0],"edge_importances":[1,1,1,1,1,1,0,0,0,0,0,0,0,0,0,0,0,0,0,0,0,0,0,0,0,0,0,0,0,0,0,0,0,0,0,0,0,0,0,0,0,0,0,0,0,0,0,0,0,0,0,0],"multi_node_importances":[[0,0],[0,0],[0,0],[0,0],[0,0],[0,0],[0,1],[0,0],[0,0],[0,1],[0,0],[0,0],[0,0],[0,0],[0,0],[0,0],[0,0],[0,1],[0,0],[0,0],[0,0],[0,0],[0,0],[0,0],[0,0]],"multi_edge_importances":[[0,1],[0,1],[0,1],[0,1],[0,1],[0,1],[0,0],[0,0],[0,0],[0,0],[0,0],[0,0],[0,0],[0,0],[0,0],[0,0],[0,0],[0,0],[0,0],[0,0],[0,0],[0,0],[0,0],[0,0],[0,0],[0,0],[0,0],[0,0],[0,0],[0,0],[0,0],[0,0],[0,0],[0,0],[0,0],[0,0],[0,0],[0,0],[0,0],[0,0],[0,0],[0,0],[0,0],[0,0],[0,0],[0,0],[0,0],[0,0],[0,0],[0,0],[0,0],[0,0]],"original_value":0.9663604995128472,"class":1,"node_positions":[[-0.22777572165834076,0.4695068625783869],[-0.67722142849869,-0.1496867907145664],[-0.3472627136655347,1.0],[-0.14537335729041592,-0.7809984061818586],[-0.1071947605234587,-0.4883877818461808],[-0.24234046265133855,-0.08546176457529721],[-0.12428623848200535,0.17219088013630748],[0.0820570734355906,-0.7358050750282387],[0.7903274419529004,-0.035615176934856385],[0.11138996739029805,0.1135997439295609],[-0.4015535998335428,0.7166305799333075],[-0.38194814103259855,-0.22625396448368754],[-0.6186998571956223,-0.41282606519489673],[-0.6798119482701737,0.8166711670370785],[0.562324721771613,-0.20029460783424163],[0.6878331724352842,0.23546500374384738],[-0.35220958051223794,-0.6694485395602539],[-0.04972479006201007,-0.14405178876805752],[-0.39270970927071414,0.24113446326786975],[0.2674810696816306,-0.24039377430547318],[0.04934957558149163,-0.3112414869619336],[0.4439524097261891,0.5646541204941118],[0.38011753426341344,0.2787780020232963],[0.4346803775450504,-0.5057079401120789],[0.9385989651632222,0.3775423393578541]],"node_coordinates":[[321.3116444583717,572.8464482530875],[145.21950712051273,353.8164927963345],[274.49682458938923,760.5000000000001],[353.5967642012003,130.50000000000006],[368.5550797506286,234.00637748558074],[315.605201316975,376.53507936401274],[361.8586649486234,467.6756248046448],[442.7036574981883,146.48642566324304],[720.2028995803671,394.1675208667544],[454.1962402777675,446.94993763831883],[253.2257388101966,660.262552272724],[260.9071274433601,326.73206683215943],[168.14816883490244,260.73513890674514],[144.20454545454544,695.6503267123942],[630.8717841541596,335.9147784125767],[680.0458022723919,490.05784465076397],[272.5586497600295,169.9589999225609],[391.07172587112404,355.8097855550356],[256.69076154350705,492.0633262321828],[515.3524943115094,321.730332885175],[429.8889100961231,296.66907577307154],[584.4936941814213,606.5032849346055],[559.4832880614912,505.379132318029],[580.8609262199241,227.8796456088754],[778.2954545454545,540.3154535998449]]},"label":"1","name":"3031","value":0.9663604995128472,"input_type":"classification","classes":{"0":"low","1":"high"},"image_width":900,"image_height":900,"image_path":"./3031.png"}