{"graph": {"node_indices": [0, 1, 2, 3, 4, 5, 6, 7, 8, 9, 10], "node_attributes": [[1.0, 1.0, 0.0], [1.0, 1.0, 0.0], [0.0, 1.0, 0.0], [1.0, 0.0, 0.0], [1.0, 1.0, 0.0], [1.0, 0.0, 0.0], [0.0, 1.0, 0.0], [1.0, 1.0, 0.0], [1.0, 0.0, 0.0], [1.0, 0.0, 0.0], [0.0, 1.0, 0.0]], "node_adjacency": [[0, 0, 1, 0, 0, 0, 0, 0, 0, 0, 1], [0, 0, 0, 0, 0, 0, 0, 0, 1, 0, 0], [1, 0, 0, 0, 1, 0, 0, 0, 1, 0, 0], [0, 0, 0, 0, 1, 0, 1, 0, 0, 0, 0], [0, 0, 1, 1, 0, 1, 0, 0, 0, 1, 0], [0, 0, 0, 0, 1, 0, 0, 0, 0, 0, 1], [0, 0, 0, 1, 0, 0, 0, 0, 0, 0, 0], [0, 0, 0, 0, 0, 0, 0, 0, 1, 0, 0], [0, 1, 1, 0, 0, 0, 0, 1, 0, 0, 0], [0, 0, 0, 0, 0, 0, 0, 0, 0, 0, 0], [1, 0, 0, 0, 0, 1, 0, 0, 0, 0, 0]], "edge_indices": [[4, 5], [4, 3], [4, 9], [5, 4], [3, 4], [3, 4], [2, 4], [4, 2], [8, 2], [2, 8], [6, 3], [3, 6], [10, 5], [5, 10], [1, 8], [8, 1], [0, 10], [10, 0], [7, 8], [8, 7], [2, 0], [0, 2]], "edge_attributes": [[1.0], [1.0], [1.0], [1.0], [1.0], [1.0], [1.0], [1.0], [1.0], [1.0], [1.0], [1.0], [1.0], [1.0], [1.0], [1.0], [1.0], [1.0], [1.0], [1.0], [1.0], [1.0]], "seed_graph_indices": [-1, -1, -1, 0, 0, 0, -1, -1, -1, 0, -1], "graph_labels": 1, "node_importances": [0, 0, 0, 1, 1, 1, 0, 0, 0, 1, 0], "edge_importances": [1, 1, 1, 1, 1, 1, 0, 0, 0, 0, 0, 0, 0, 0, 0, 0, 0, 0, 0, 0, 0, 0], "multi_node_importances": [[0, 0], [0, 0], [0, 0], [0, 1], [0, 1], [0, 1], [0, 0], [0, 0], [0, 0], [0, 1], [0, 0]], "multi_edge_importances": [[0, 1], [0, 1], [0, 1], [0, 1], [0, 1], [0, 1], [0, 0], [0, 0], [0, 0], [0, 0], [0, 0], [0, 0], [0, 0], [0, 0], [0, 0], [0, 0], [0, 0], [0, 0], [0, 0], [0, 0], [0, 0], [0, 0]], "original_value": 2.44, "class": 1, "node_positions": [[-0.4411024717769676, -0.27020291614239317], [-0.33559140347856425, 0.841853256989988], [-0.1738636625776098, 0.07063315442949121], [0.6247713847497055, -0.2434685288145822], [0.2312399222444973, -0.09439708492902851], [0.10184608687224792, -0.5087606276119923], [0.9999999999999999, -0.35352618640277833], [-0.8058849389846952, 0.5087106926141262], [-0.39865099571119084, 0.43452058559090323], [0.4753392037699621, 0.24618120881493868], [-0.27810312510738494, -0.6315435545386731]], "node_coordinates": [[272.2887003521532, 285.003254254686], [309.33624849445187, 760.5], [366.12286210382223, 430.7390959370814], [646.5433984622189, 296.43443415458444], [508.364759597167, 360.1749071304023], [462.9313806865051, 182.9999398387148], [778.2954545454545, 249.37560808815186], [144.20454545454544, 618.0537737596698], [287.1944645399499, 586.33131646988], [594.0740603336474, 505.8005277234638], [329.5218062271316, 130.5]]}, "label": "1", "name": "3033", "value": 2.44, "input_type": "classification", "classes": {"0": "low", "1": "high"}, "image_width": 900, "image_height": 900, "image_path": "./3033.png"}