{"graph": {"node_indices": [0, 1, 2, 3, 4, 5, 6, 7, 8, 9, 10, 11], "node_attributes": [[1.0, 0.0, 0.0], [1.0, 0.0, 1.0], [0.0, 0.0, 1.0], [0.0, 1.0, 0.0], [1.0, 0.0, 0.0], [0.0, 1.0, 0.0], [0.0, 0.0, 1.0], [1.0, 0.0, 0.0], [0.0, 1.0, 0.0], [1.0, 1.0, 0.0], [1.0, 0.0, 0.0], [0.0, 0.0, 1.0]], "node_adjacency": [[0, 0, 1, 0, 0, 0, 0, 0, 0, 0, 0, 0], [0, 0, 0, 1, 0, 0, 0, 0, 0, 1, 0, 0], [1, 0, 0, 0, 1, 1, 0, 0, 0, 1, 0, 0], [0, 1, 0, 0, 0, 0, 0, 1, 0, 0, 1, 1], [0, 0, 1, 0, 0, 0, 0, 0, 0, 0, 0, 0], [0, 0, 1, 0, 0, 0, 0, 0, 0, 0, 0, 0], [0, 0, 0, 0, 0, 0, 0, 0, 0, 1, 0, 0], [0, 0, 0, 1, 0, 0, 0, 0, 0, 0, 0, 0], [0, 0, 0, 0, 0, 0, 0, 0, 0, 1, 0, 0], [0, 1, 1, 0, 0, 0, 1, 0, 1, 0, 0, 1], [0, 0, 0, 1, 0, 0, 0, 0, 0, 0, 0, 0], [0, 0, 0, 1, 0, 0, 0, 0, 0, 0, 0, 0]], "edge_indices": [[9, 2], [9, 6], [9, 11], [2, 9], [6, 9], [6, 9], [8, 9], [9, 8], [5, 2], [2, 5], [4, 2], [2, 4], [1, 9], [9, 1], [3, 1], [1, 3], [7, 3], [3, 7], [0, 2], [2, 0], [10, 3], [3, 10], [11, 3], [3, 11]], "edge_attributes": [[1.0], [1.0], [1.0], [1.0], [1.0], [1.0], [1.0], [1.0], [1.0], [1.0], [1.0], [1.0], [1.0], [1.0], [1.0], [1.0], [1.0], [1.0], [1.0], [1.0], [1.0], [1.0], [1.0], [1.0]], "seed_graph_indices": [-1, -1, 0, -1, -1, -1, 0, -1, -1, 0, -1, 0], "graph_labels": 0, "node_importances": [0, 0, 1, 0, 0, 0, 1, 0, 0, 1, 0, 1], "edge_importances": [1, 1, 1, 1, 1, 1, 0, 0, 0, 0, 0, 0, 0, 0, 0, 0, 0, 0, 0, 0, 0, 0, 0, 0], "multi_node_importances": [[0, 0], [0, 0], [1, 0], [0, 0], [0, 0], [0, 0], [1, 0], [0, 0], [0, 0], [1, 0], [0, 0], [1, 0]], "multi_edge_importances": [[1, 0], [1, 0], [1, 0], [1, 0], [1, 0], [1, 0], [0, 0], [0, 0], [0, 0], [0, 0], [0, 0], [0, 0], [0, 0], [0, 0], [0, 0], [0, 0], [0, 0], [0, 0], [0, 0], [0, 0], [0, 0], [0, 0], [0, 0], [0, 0]], "original_value": -1.89, "class": 0, "node_positions": [[-0.8485157780344894, 0.3648803433206987], [0.3424383292197576, 0.03751336330343016], [-0.48090246730841313, 0.20679691622817667], [0.6179525604142221, -0.26573044889058384], [-0.5109909841503218, 0.6370295125153876], [-0.8138764173932566, -0.06730782601152542], [0.06775505459893709, 0.44056079682056953], [0.7708197026804183, -0.6472199919321965], [-0.27316343672759097, -0.352236037514241], [-0.07984573280258925, 0.03433264649092377], [1.0, -0.11426336362949104], [0.2083291695033263, -0.2743559107011487]], "node_coordinates": [[144.20454545454544, 626.9948080580305], [552.7340162483337, 466.40202862021147], [270.3058539540975, 549.4455789375347], [647.2428494438711, 317.64308339920035], [259.98467886639037, 760.5], [156.08678305312407, 414.9810632706256], [458.51022363262666, 664.1205266507174], [699.6804138734095, 130.5], [341.5659602079484, 275.2069986320535], [407.8791613619634, 464.84169973946103], [778.2954545454545, 391.94660727366346], [506.7309471847688, 313.4117865041369]]}, "label": "0", "name": "3040", "value": -1.89, "input_type": "classification", "classes": {"0": "low", "1": "high"}, "image_width": 900, "image_height": 900, "image_path": "./3040.png"}