{"graph": {"node_indices": [0, 1, 2, 3, 4, 5, 6, 7, 8, 9], "node_attributes": [[0.0, 1.0, 0.0], [1.0, 1.0, 0.0], [0.0, 0.0, 1.0], [1.0, 0.0, 0.0], [0.0, 0.0, 1.0], [1.0, 0.0, 1.0], [0.0, 1.0, 0.0], [0.0, 1.0, 1.0], [0.0, 0.0, 1.0], [0.0, 1.0, 0.0]], "node_adjacency": [[0, 1, 0, 1, 0, 0, 0, 1, 0, 0], [1, 0, 1, 0, 1, 0, 0, 0, 1, 0], [0, 1, 0, 0, 0, 0, 0, 0, 0, 0], [1, 0, 0, 0, 0, 0, 0, 0, 0, 0], [0, 1, 0, 0, 0, 0, 0, 1, 0, 1], [0, 0, 0, 0, 0, 0, 0, 0, 1, 0], [0, 0, 0, 0, 0, 0, 0, 1, 0, 0], [1, 0, 0, 0, 1, 0, 1, 0, 0, 0], [0, 0, 0, 0, 0, 1, 0, 0, 0, 0], [0, 0, 0, 0, 1, 0, 0, 0, 0, 0]], "edge_indices": [[1, 4], [1, 2], [1, 8], [4, 1], [2, 1], [2, 1], [7, 4], [4, 7], [6, 7], [7, 6], [0, 7], [7, 0], [9, 4], [4, 9], [3, 0], [0, 3], [5, 8], [8, 5], [1, 0], [0, 1]], "edge_attributes": [[1.0], [1.0], [1.0], [1.0], [1.0], [1.0], [1.0], [1.0], [1.0], [1.0], [1.0], [1.0], [1.0], [1.0], [1.0], [1.0], [1.0], [1.0], [1.0], [1.0]], "seed_graph_indices": [-1, 0, 0, -1, 0, -1, -1, -1, 0, -1], "graph_labels": 0, "node_importances": [0, 1, 1, 0, 1, 0, 0, 0, 1, 0], "edge_importances": [1, 1, 1, 1, 1, 1, 0, 0, 0, 0, 0, 0, 0, 0, 0, 0, 0, 0, 0, 0], "multi_node_importances": [[0, 0], [1, 0], [1, 0], [0, 0], [1, 0], [0, 0], [0, 0], [0, 0], [1, 0], [0, 0]], "multi_edge_importances": [[1, 0], [1, 0], [1, 0], [1, 0], [1, 0], [1, 0], [0, 0], [0, 0], [0, 0], [0, 0], [0, 0], [0, 0], [0, 0], [0, 0], [0, 0], [0, 0], [0, 0], [0, 0], [0, 0], [0, 0]], "original_value": -2.2, "class": 0, "node_positions": [[-0.2970542308475973, 0.05258445597889273], [0.04641212792514539, -0.29016879328833584], [-0.19446930005439694, -0.7280314813384542], [-0.799478771434258, -0.027732397827889377], [0.10479326921652508, 0.19901544904822044], [0.8646119421896176, -0.7704432643325531], [0.18670756297281021, 0.9999999999999999], [0.0060699621400956685, 0.5578106281180064], [0.4854889372008589, -0.5128949976856213], [-0.40308149930880066, 0.5198604013277341]], "node_coordinates": [[335.65013858354206, 423.3687262913704], [466.5257536526724, 301.40235132269265], [374.73945714841375, 145.5919398687172], [144.20454545454544, 394.7885289376029], [488.771506634852, 475.47518318393554], [778.2954545454545, 130.5], [519.9844138220756, 760.5], [451.1536345921485, 603.1499680063575], [633.8331070769768, 222.1467707586983], [295.24913970975945, 589.6456420787572]]}, "label": "0", "name": "3044", "value": -2.2, "input_type": "classification", "classes": {"0": "low", "1": "high"}, "image_width": 900, "image_height": 900, "image_path": "./3044.png"}