{"graph": {"node_indices": [0, 1, 2, 3, 4, 5, 6, 7, 8, 9, 10, 11, 12, 13], "node_attributes": [[0.0, 1.0, 0.0], [1.0, 0.0, 0.0], [0.0, 1.0, 0.0], [0.0, 1.0, 1.0], [1.0, 0.0, 1.0], [1.0, 0.0, 1.0], [0.0, 1.0, 0.0], [1.0, 0.0, 1.0], [0.0, 0.0, 1.0], [1.0, 0.0, 0.0], [1.0, 1.0, 0.0], [1.0, 0.0, 1.0], [1.0, 0.0, 0.0], [0.0, 1.0, 0.0]], "node_adjacency": [[0, 1, 0, 0, 0, 0, 0, 0, 0, 0, 0, 0, 0, 0], [1, 0, 0, 1, 0, 1, 0, 0, 0, 0, 0, 0, 1, 1], [0, 0, 0, 0, 0, 1, 0, 0, 0, 0, 0, 0, 0, 0], [0, 1, 0, 0, 1, 1, 0, 0, 0, 0, 0, 0, 1, 0], [0, 0, 0, 1, 0, 0, 0, 0, 0, 0, 1, 0, 0, 0], [0, 1, 1, 1, 0, 0, 0, 0, 1, 0, 0, 0, 0, 0], [0, 0, 0, 0, 0, 0, 0, 0, 0, 0, 0, 0, 1, 0], [0, 0, 0, 0, 0, 0, 0, 0, 0, 1, 0, 0, 0, 0], [0, 0, 0, 0, 0, 1, 0, 0, 0, 0, 0, 0, 0, 0], [0, 0, 0, 0, 0, 0, 0, 1, 0, 0, 0, 0, 0, 1], [0, 0, 0, 0, 1, 0, 0, 0, 0, 0, 0, 0, 0, 1], [0, 0, 0, 0, 0, 0, 0, 0, 0, 0, 0, 0, 0, 1], [0, 1, 0, 1, 0, 0, 1, 0, 0, 0, 0, 0, 0, 1], [0, 1, 0, 0, 0, 0, 0, 0, 0, 1, 1, 1, 1, 0]], "edge_indices": [[1, 12], [1, 13], [12, 1], [12, 13], [13, 12], [13, 1], [11, 13], [13, 11], [5, 1], [1, 5], [0, 1], [1, 0], [3, 1], [1, 3], [9, 13], [13, 9], [10, 13], [13, 10], [6, 12], [12, 6], [8, 5], [5, 8], [2, 5], [5, 2], [7, 9], [9, 7], [4, 3], [3, 4], [5, 3], [3, 5], [3, 12], [12, 3], [10, 4], [4, 10]], "edge_attributes": [[1.0], [1.0], [1.0], [1.0], [1.0], [1.0], [1.0], [1.0], [1.0], [1.0], [1.0], [1.0], [1.0], [1.0], [1.0], [1.0], [1.0], [1.0], [1.0], [1.0], [1.0], [1.0], [1.0], [1.0], [1.0], [1.0], [1.0], [1.0], [1.0], [1.0], [1.0], [1.0], [1.0], [1.0]], "seed_graph_indices": [-1, 0, -1, -1, -1, -1, -1, -1, -1, -1, -1, -1, 0, 0], "graph_labels": 1, "node_importances": [0, 1, 0, 0, 0, 0, 0, 0, 0, 0, 0, 0, 1, 1], "edge_importances": [1, 1, 1, 1, 1, 1, 0, 0, 0, 0, 0, 0, 0, 0, 0, 0, 0, 0, 0, 0, 0, 0, 0, 0, 0, 0, 0, 0, 0, 0, 0, 0, 0, 0], "multi_node_importances": [[0, 0], [0, 1], [0, 0], [0, 0], [0, 0], [0, 0], [0, 0], [0, 0], [0, 0], [0, 0], [0, 0], [0, 0], [0, 1], [0, 1]], "multi_edge_importances": [[0, 1], [0, 1], [0, 1], [0, 1], [0, 1], [0, 1], [0, 0], [0, 0], [0, 0], [0, 0], [0, 0], [0, 0], [0, 0], [0, 0], [0, 0], [0, 0], [0, 0], [0, 0], [0, 0], [0, 0], [0, 0], [0, 0], [0, 0], [0, 0], [0, 0], [0, 0], [0, 0], [0, 0], [0, 0], [0, 0], [0, 0], [0, 0], [0, 0], [0, 0]], "original_value": 1.2, "class": 1, "node_positions": [[0.4312795861839048, 0.34007896716166713], [0.10888439891255783, -0.016909481032077695], [0.6458975866923945, -0.6055506248943566], [0.30551529345810363, 0.01366268429045383], [0.16830074122433647, 0.45800129851498866], [0.506491488035657, -0.23315964325321578], [-0.1982656943938794, -0.6251670716059782], [-1.0, 0.43389086812083794], [0.9103750087388885, -0.1520069108626064], [-0.6592422799485815, 0.2640499521245228], [-0.21200137933154825, 0.48029831956131136], [-0.6196843858059354, -0.19739451188162918], [-0.08679909959022752, -0.2316280360864184], [-0.3007512641756705, 0.07183418984250066]], "node_coordinates": [[619.2742934438306, 680.5895905764202], [512.2650117853709, 477.1434002578082], [690.5102143636389, 141.67932911067624], [577.530659685597, 494.56634656357835], [531.9864603695435, 747.7930230367947], [644.2385978351012, 353.90335738730266], [410.315875620422, 130.5], [144.20454545454544, 734.0525918395088], [778.2954545454545, 400.1519526075459], [257.30871165162444, 637.2609799694216], [405.75673256773814, 760.4999999999999], [270.4387520593404, 374.2857528418608], [447.31382320086806, 354.7762137632616], [376.29890627442177, 527.7180388649464]]}, "label": "1", "name": "3095", "value": 1.2, "input_type": "classification", "classes": {"0": "low", "1": "high"}, "image_width": 900, "image_height": 900, "image_path": "./3095.png"}