{"graph": {"node_indices": [0, 1, 2, 3, 4, 5, 6, 7, 8, 9], "node_attributes": [[1.0, 0.0, 1.0], [1.0, 0.0, 1.0], [0.0, 0.0, 1.0], [0.0, 1.0, 1.0], [1.0, 0.0, 0.0], [0.0, 0.0, 1.0], [0.0, 0.0, 1.0], [0.0, 0.0, 1.0], [1.0, 1.0, 0.0], [0.0, 0.0, 1.0]], "node_adjacency": [[0, 0, 0, 0, 1, 0, 0, 1, 0, 0], [0, 0, 0, 0, 0, 0, 0, 0, 0, 1], [0, 0, 0, 1, 0, 0, 0, 0, 0, 0], [0, 0, 1, 0, 0, 1, 0, 1, 0, 0], [1, 0, 0, 0, 0, 0, 0, 0, 0, 0], [0, 0, 0, 1, 0, 0, 0, 0, 0, 1], [0, 0, 0, 0, 0, 0, 0, 0, 1, 0], [1, 0, 0, 1, 0, 0, 0, 0, 1, 0], [0, 0, 0, 0, 0, 0, 1, 1, 0, 1], [0, 1, 0, 0, 0, 1, 0, 0, 0, 0]], "edge_indices": [[8, 6], [8, 7], [8, 9], [6, 8], [7, 8], [7, 8], [1, 9], [9, 1], [0, 7], [7, 0], [3, 7], [7, 3], [4, 0], [0, 4], [2, 3], [3, 2], [5, 3], [3, 5], [9, 5], [5, 9]], "edge_attributes": [[1.0], [1.0], [1.0], [1.0], [1.0], [1.0], [1.0], [1.0], [1.0], [1.0], [1.0], [1.0], [1.0], [1.0], [1.0], [1.0], [1.0], [1.0], [1.0], [1.0]], "seed_graph_indices": [-1, -1, -1, -1, -1, -1, 0, 0, 0, 0], "graph_labels": 0, "node_importances": [0, 0, 0, 0, 0, 0, 1, 1, 1, 1], "edge_importances": [1, 1, 1, 1, 1, 1, 0, 0, 0, 0, 0, 0, 0, 0, 0, 0, 0, 0, 0, 0], "multi_node_importances": [[0, 0], [0, 0], [0, 0], [0, 0], [0, 0], [0, 0], [1, 0], [1, 0], [1, 0], [1, 0]], "multi_edge_importances": [[1, 0], [1, 0], [1, 0], [1, 0], [1, 0], [1, 0], [0, 0], [0, 0], [0, 0], [0, 0], [0, 0], [0, 0], [0, 0], [0, 0], [0, 0], [0, 0], [0, 0], [0, 0], [0, 0], [0, 0]], "original_value": -2.4, "class": 0, "node_positions": [[0.6160038564953134, -0.04421568406194926], [-0.8232126068576964, 0.3352945076202835], [-0.03955090090710726, -0.783661752957234], [-0.04291177494434171, -0.3803764047112481], [1.0, -0.05354208300238668], [-0.4321597727805435, -0.23352623875261327], [0.019966265574355088, 0.7094159961160389], [0.20949464521369043, -0.03608462275437468], [-0.052092984078046516, 0.308395402493146], [-0.4555367277156238, 0.17830088001033753]], "node_coordinates": [[644.7463211056952, 442.5072104035941], [144.20454545454544, 602.6404793564042], [416.7524434215137, 130.5], [415.583572788657, 300.6651300829228], [778.2954545454545, 438.57196233220435], [280.2079090391809, 362.6281488281708], [437.45178153424706, 760.5], [503.36741972806146, 445.9380890882115], [412.39046123148194, 591.2904768259833], [272.0776917782823, 536.3974552033383]]}, "label": "0", "name": "310", "value": -2.4, "input_type": "classification", "classes": {"0": "low", "1": "high"}, "image_width": 900, "image_height": 900, "image_path": "./310.png"}