{"graph":{"node_indices":[0,1,2,3,4,5,6,7,8,9,10,11,12,13,14,15,16,17,18,19,20,21,22,23,24,25,26],"node_attributes":[[0.0,0.0,1.0],[0.800000011920929,0.800000011920929,0.800000011920929],[1.0,0.0,0.0],[0.0,1.0,1.0],[0.800000011920929,0.800000011920929,0.800000011920929],[0.800000011920929,0.800000011920929,0.800000011920929],[1.0,0.0,1.0],[1.0,0.0,0.0],[1.0,1.0,0.0],[1.0,0.0,1.0],[1.0,0.0,1.0],[0.0,0.0,1.0],[0.0,1.0,0.0],[0.0,0.0,1.0],[0.0,0.0,1.0],[0.800000011920929,0.800000011920929,0.800000011920929],[0.0,0.0,1.0],[0.800000011920929,0.800000011920929,0.800000011920929],[0.0,1.0,1.0],[1.0,0.0,1.0],[0.0,0.0,1.0],[1.0,1.0,0.0],[1.0,0.0,0.0],[1.0,0.0,0.0],[0.0,0.0,1.0],[0.0,1.0,0.0],[1.0,0.0,1.0]],"node_adjacency":[[0,0,0,0,0,0,1,0,0,0,0,0,1,0,0,1,0,0,0,0,0,0,0,0,0,0,0],[0,0,1,0,0,1,0,0,0,0,0,0,0,0,0,0,0,0,0,0,0,0,0,0,0,0,0],[0,1,0,0,0,0,0,0,0,0,0,0,0,1,0,0,0,0,0,0,0,0,0,0,0,0,0],[0,0,0,0,0,0,0,0,0,0,0,0,0,0,0,0,0,0,0,0,0,0,0,0,0,0,1],[0,0,0,0,0,0,0,0,0,0,0,0,1,0,0,0,0,0,0,0,0,0,0,0,0,0,0],[0,1,0,0,0,0,0,0,0,0,0,0,0,0,0,0,0,0,0,0,0,0,0,0,0,0,0],[1,0,0,0,0,0,0,0,0,0,0,0,0,0,0,0,0,0,0,0,0,0,0,0,0,0,0],[0,0,0,0,0,0,0,0,0,0,0,0,1,0,0,0,0,0,0,0,0,0,0,0,0,0,0],[0,0,0,0,0,0,0,0,0,0,0,0,0,0,0,0,1,0,0,0,1,0,0,0,1,0,0],[0,0,0,0,0,0,0,0,0,0,0,0,1,0,0,0,0,1,0,0,0,0,0,0,1,0,0],[0,0,0,0,0,0,0,0,0,0,0,0,0,0,0,0,1,1,0,0,0,0,0,0,0,0,0],[0,0,0,0,0,0,0,0,0,0,0,0,1,1,0,0,0,0,1,1,0,0,0,0,0,0,0],[1,0,0,0,1,0,0,1,0,1,0,1,0,1,0,0,0,0,0,0,0,0,0,0,0,0,0],[0,0,1,0,0,0,0,0,0,0,0,1,1,0,0,0,0,0,0,0,0,0,0,0,0,0,1],[0,0,0,0,0,0,0,0,0,0,0,0,0,0,0,0,0,0,0,0,0,0,0,1,1,0,0],[1,0,0,0,0,0,0,0,0,0,0,0,0,0,0,0,0,0,0,0,0,0,0,0,0,0,0],[0,0,0,0,0,0,0,0,0,0,1,0,0,0,0,0,0,0,0,0,0,0,0,0,0,0,0],[0,0,0,0,0,0,0,0,0,1,1,0,0,0,0,0,0,0,0,0,0,0,0,0,0,1,0],[0,0,0,0,0,0,0,0,0,0,0,1,0,0,0,0,0,0,0,0,0,0,0,0,0,0,0],[0,0,0,0,0,0,0,0,0,0,0,1,0,0,0,0,0,0,0,0,0,1,0,0,0,0,0],[0,0,0,0,0,0,0,0,1,0,0,0,0,0,0,0,0,0,0,0,0,0,0,0,0,0,0],[0,0,0,0,0,0,0,0,0,0,0,0,0,0,0,0,0,0,0,1,0,0,0,0,0,0,0],[0,0,0,0,0,0,0,0,0,0,0,0,0,0,0,0,0,0,0,0,0,0,0,0,1,0,1],[0,0,0,0,0,0,0,0,0,0,0,0,0,0,1,0,0,0,0,0,0,0,0,0,0,0,1],[0,0,0,0,0,0,0,0,1,1,0,0,0,0,1,0,0,0,0,0,0,0,1,0,0,0,0],[0,0,0,0,0,0,0,0,0,0,0,0,0,0,0,0,0,1,0,0,0,0,0,0,0,0,0],[0,0,0,1,0,0,0,0,0,0,0,0,0,1,0,0,0,0,0,0,0,0,1,1,0,0,0]],"edge_indices":[[13,11],[13,12],[11,13],[11,12],[12,11],[12,13],[8,24],[8,20],[8,16],[24,8],[20,8],[20,8],[2,13],[13,2],[0,12],[12,0],[26,13],[13,26],[15,0],[0,15],[6,0],[0,6],[22,26],[26,22],[19,11],[11,19],[10,16],[16,10],[17,10],[10,17],[7,12],[12,7],[21,19],[19,21],[25,17],[17,25],[23,26],[26,23],[4,12],[12,4],[9,17],[17,9],[1,2],[2,1],[5,1],[1,5],[14,23],[23,14],[18,11],[11,18],[3,26],[26,3],[14,24],[24,14],[9,12],[12,9],[9,24],[24,9],[24,22],[22,24]],"edge_attributes":[[1.0],[1.0],[1.0],[1.0],[1.0],[1.0],[1.0],[1.0],[1.0],[1.0],[1.0],[1.0],[1.0],[1.0],[1.0],[1.0],[1.0],[1.0],[1.0],[1.0],[1.0],[1.0],[1.0],[1.0],[1.0],[1.0],[1.0],[1.0],[1.0],[1.0],[1.0],[1.0],[1.0],[1.0],[1.0],[1.0],[1.0],[1.0],[1.0],[1.0],[1.0],[1.0],[1.0],[1.0],[1.0],[1.0],[1.0],[1.0],[1.0],[1.0],[1.0],[1.0],[1.0],[1.0],[1.0],[1.0],[1.0],[1.0],[1.0],[1.0]],"seed_graph_indices":[-1,-1,-1,-1,-1,-1,-1,-1,1,-1,-1,0,0,0,-1,-1,1,-1,-1,-1,1,-1,-1,-1,1,-1,-1],"graph_labels":0,"node_importances":[0,0,0,0,0,0,0,0,1,0,0,1,1,1,0,0,1,0,0,0,1,0,0,0,1,0,0],"edge_importances":[1,1,1,1,1,1,1,1,1,1,1,1,0,0,0,0,0,0,0,0,0,0,0,0,0,0,0,0,0,0,0,0,0,0,0,0,0,0,0,0,0,0,0,0,0,0,0,0,0,0,0,0,0,0,0,0,0,0,0,0],"multi_node_importances":[[0,0],[0,0],[0,0],[0,0],[0,0],[0,0],[0,0],[0,0],[1,0],[0,0],[0,0],[1,0],[1,0],[1,0],[0,0],[0,0],[1,0],[0,0],[0,0],[0,0],[1,0],[0,0],[0,0],[0,0],[1,0],[0,0],[0,0]],"multi_edge_importances":[[1,0],[1,0],[1,0],[1,0],[1,0],[1,0],[1,0],[1,0],[1,0],[1,0],[1,0],[1,0],[0,0],[0,0],[0,0],[0,0],[0,0],[0,0],[0,0],[0,0],[0,0],[0,0],[0,0],[0,0],[0,0],[0,0],[0,0],[0,0],[0,0],[0,0],[0,0],[0,0],[0,0],[0,0],[0,0],[0,0],[0,0],[0,0],[0,0],[0,0],[0,0],[0,0],[0,0],[0,0],[0,0],[0,0],[0,0],[0,0],[0,0],[0,0],[0,0],[0,0],[0,0],[0,0],[0,0],[0,0],[0,0],[0,0],[0,0],[0,0]],"original_value":-2.8214484768593735,"class":0,"node_positions":[[-0.34655083554144944,0.18883882020887002],[-0.2974103274984723,-0.72699483425961],[-0.26919039072031714,-0.4204711076690028],[-0.2497893402273404,0.5734837106313629],[0.07168889985142612,-0.2801773951532493],[-0.3423532178175293,-0.9999999999999999],[-0.650441674458098,0.2730757851673792],[-0.06640439564376167,-0.3417408331679942],[0.6850430156711494,0.3367297683308929],[0.24934989007248218,-0.01154777176537051],[0.7944991961085672,-0.11285755098290008],[-0.3914098711860589,-0.13992960982071842],[-0.07882128495948584,-0.058747403023685474],[-0.22321509435547324,-0.04476658245894737],[0.33683463247463025,0.5578342256931971],[-0.49291285672950264,0.46527267503356395],[0.9064837149041631,0.14534489597339287],[0.5096847000991516,-0.19377875410579457],[-0.6623242244227718,-0.046230520405789975],[-0.6289364618954122,-0.31820489041545763],[0.8585308231267812,0.5629856194541247],[-0.8947913176746259,-0.4119515173498313],[0.1775698821667761,0.3340734120211854],[0.05428594360374873,0.5614951822446116],[0.39900663296893774,0.2661272616008559],[0.6453088854614916,-0.4545775327960834],[-0.0937349233790063,0.29671494701499773]],"node_coordinates":[[337.1980081011546,606.4937784364245],[354.49661539576135,239.80729899163242],[364.4306926701965,362.534942403077],[371.2603158659381,760.5],[484.4281696459655,418.7065050876758],[338.67566764255514,130.5],[230.22133056558334,640.2210344386914],[435.81610225138064,394.05739961093286],[700.3431531218537,665.7071637974266],[546.9689903211852,526.2619005397565],[738.8742867376998,485.69893793912456],[321.4065791531226,474.85967919587256],[431.4450670169574,507.3638544450773],[380.6150714798954,512.9615717244325],[577.7656642538406,754.2341737671447],[285.67515601418097,717.173874685834],[778.2954545454545,589.0794435543966],[638.6129277389429,453.29926476617027],[226.03839527078205,512.3754322555079],[237.79166798626272,403.480848887156],[761.414915932133,756.2967169301],[144.20454545454544,365.9460624959087],[521.70074996684,664.6435973532311],[478.301922322057,755.6999675416895],[599.6516614505022,637.4389466310247],[686.355810661159,348.87922567408776],[426.1951177464408,649.6858111398267]]},"label":"0","name":"3102","value":-2.8214484768593735,"input_type":"classification","classes":{"0":"low","1":"high"},"image_width":900,"image_height":900,"image_path":"./3102.png"}