{"graph":{"node_indices":[0,1,2,3,4,5,6,7,8,9],"node_attributes":[[1.0,0.0,0.0],[0.0,0.0,1.0],[1.0,1.0,0.0],[0.0,0.0,1.0],[0.0,0.0,1.0],[0.0,1.0,0.0],[0.0,1.0,0.0],[0.0,1.0,1.0],[0.0,1.0,1.0],[0.0,0.0,1.0]],"node_adjacency":[[0,0,0,0,0,1,1,0,0,0],[0,0,0,0,0,1,0,0,0,0],[0,0,0,1,1,0,1,0,1,1],[0,0,0,0,0,0,0,0,0,0],[0,0,1,0,0,1,0,1,0,0],[1,1,0,0,1,0,0,0,0,0],[1,0,1,0,0,0,0,0,0,1],[0,0,0,0,1,0,0,0,0,0],[0,0,1,0,0,0,0,0,0,0],[0,0,1,0,0,0,1,0,0,0]],"edge_indices":[[2,9],[2,4],[2,3],[9,2],[4,2],[4,2],[7,4],[4,7],[8,2],[2,8],[5,4],[4,5],[0,5],[5,0],[1,5],[5,1],[6,0],[0,6],[9,6],[6,9],[2,6],[6,2]],"edge_attributes":[[1.0],[1.0],[1.0],[1.0],[1.0],[1.0],[1.0],[1.0],[1.0],[1.0],[1.0],[1.0],[1.0],[1.0],[1.0],[1.0],[1.0],[1.0],[1.0],[1.0],[1.0],[1.0]],"seed_graph_indices":[-1,-1,0,0,0,-1,-1,-1,-1,0],"graph_labels":0,"node_importances":[0,0,1,1,1,0,0,0,0,1],"edge_importances":[1,1,1,1,1,1,0,0,0,0,0,0,0,0,0,0,0,0,0,0,0,0],"multi_node_importances":[[0,0],[0,0],[1,0],[1,0],[1,0],[0,0],[0,0],[0,0],[0,0],[1,0]],"multi_edge_importances":[[1,0],[1,0],[1,0],[1,0],[1,0],[1,0],[0,0],[0,0],[0,0],[0,0],[0,0],[0,0],[0,0],[0,0],[0,0],[0,0],[0,0],[0,0],[0,0],[0,0],[0,0],[0,0]],"original_value":-1.8058245358323974,"class":0,"node_positions":[[-0.6703351525099188,0.09324167787725682],[-0.57711793237713,1.0],[0.18863236898055108,-0.31567048952664245],[0.4369230527824338,-0.8182529989169224],[0.17330449628155362,0.2732991729765258],[-0.33624160001199915,0.5287887925970814],[-0.3619025705878594,-0.3330411498179713],[0.5816129085950134,0.6420111733233711],[0.7443751742897213,-0.34069364721066636],[-0.17925074544236586,-0.7296825313020325]],"node_coordinates":[[144.2045454545455,446.32054132312226],[185.98567247200498,760.5],[529.2045601314692,304.63802210389935],[640.4915582032919,130.5],[522.3344153746101,508.70802094235563],[293.94946525311286,597.2317084912436],[282.4478964496876,298.6193239414017],[705.3433660048086,636.4617275810245],[778.2954545454545,295.9678373989515],[364.3147349533855,161.18846559341225]]},"label":"0","name":"3110","value":-1.8058245358323974,"input_type":"classification","classes":{"0":"low","1":"high"},"image_width":900,"image_height":900,"image_path":"./3110.png"}