{"graph": {"node_indices": [0, 1, 2, 3, 4, 5, 6, 7, 8, 9, 10, 11], "node_attributes": [[0.0, 1.0, 0.0], [0.0, 0.0, 1.0], [0.0, 0.0, 1.0], [0.0, 1.0, 0.0], [0.0, 1.0, 0.0], [0.0, 0.0, 1.0], [0.0, 0.0, 1.0], [1.0, 0.0, 0.0], [0.0, 0.0, 1.0], [1.0, 0.0, 1.0], [0.0, 0.0, 1.0], [0.0, 0.0, 1.0]], "node_adjacency": [[0, 0, 0, 0, 1, 0, 0, 0, 0, 0, 0, 0], [0, 0, 0, 0, 0, 0, 0, 0, 0, 0, 0, 1], [0, 0, 0, 0, 1, 0, 0, 0, 0, 0, 0, 0], [0, 0, 0, 0, 1, 1, 0, 0, 0, 0, 0, 1], [1, 0, 1, 1, 0, 0, 0, 1, 0, 0, 1, 0], [0, 0, 0, 1, 0, 0, 1, 0, 0, 0, 0, 0], [0, 0, 0, 0, 0, 1, 0, 0, 1, 0, 0, 0], [0, 0, 0, 0, 1, 0, 0, 0, 0, 0, 0, 0], [0, 0, 0, 0, 0, 0, 1, 0, 0, 0, 1, 0], [0, 0, 0, 0, 0, 0, 0, 0, 0, 0, 1, 0], [0, 0, 0, 0, 1, 0, 0, 0, 1, 1, 0, 0], [0, 1, 0, 1, 0, 0, 0, 0, 0, 0, 0, 0]], "edge_indices": [[10, 8], [8, 10], [8, 6], [6, 8], [6, 5], [5, 6], [3, 5], [5, 3], [4, 10], [10, 4], [11, 3], [3, 11], [2, 4], [4, 2], [0, 4], [4, 0], [7, 4], [4, 7], [9, 10], [10, 9], [1, 11], [11, 1], [4, 3], [3, 4]], "edge_attributes": [[1.0], [1.0], [1.0], [1.0], [1.0], [1.0], [1.0], [1.0], [1.0], [1.0], [1.0], [1.0], [1.0], [1.0], [1.0], [1.0], [1.0], [1.0], [1.0], [1.0], [1.0], [1.0], [1.0], [1.0]], "seed_graph_indices": [-1, -1, -1, -1, -1, 0, 0, -1, 0, -1, 0, -1], "graph_labels": 0, "node_importances": [0, 0, 0, 0, 0, 1, 1, 0, 1, 0, 1, 0], "edge_importances": [1, 1, 1, 1, 1, 1, 0, 0, 0, 0, 0, 0, 0, 0, 0, 0, 0, 0, 0, 0, 0, 0, 0, 0], "multi_node_importances": [[0, 0], [0, 0], [0, 0], [0, 0], [0, 0], [1, 0], [1, 0], [0, 0], [1, 0], [0, 0], [1, 0], [0, 0]], "multi_edge_importances": [[1, 0], [1, 0], [1, 0], [1, 0], [1, 0], [1, 0], [0, 0], [0, 0], [0, 0], [0, 0], [0, 0], [0, 0], [0, 0], [0, 0], [0, 0], [0, 0], [0, 0], [0, 0], [0, 0], [0, 0], [0, 0], [0, 0], [0, 0], [0, 0]], "original_value": -3.6, "class": 0, "node_positions": [[-0.24764577069501373, 0.6107594810573146], [-0.4747773162514348, -0.9999999999999999], [-0.5488124480303053, 0.41836065868781047], [-0.07667236123990581, -0.268015134459107], [-0.1703979189540684, 0.18782328486230404], [0.33723448262962546, -0.43139781760816703], [0.7178437967778678, -0.2461251021510728], [-0.5811634777373897, 0.06632494655734583], [0.6514620159275809, 0.17284804440673507], [0.4305871711928494, 0.7641769993809471], [0.25735811045585727, 0.3674241534570049], [-0.29501628407566327, -0.6421795141911154]], "node_coordinates": [[307.00620962177084, 705.7135264331163], [196.135353830114, 130.50000000000006], [159.99621516990334, 637.0065553438657], [390.4643139439481, 391.89693775204023], [344.713589323716, 554.6800396025124], [592.5067289920999, 333.55183381971005], [778.2954545454545, 399.7140220689204], [144.20454545454544, 511.29212945575097], [745.8921843003827, 549.3322760332566], [638.0754431313061, 760.5], [553.5162764825488, 618.8167714918668], [283.883004322672, 258.2802092072961]]}, "label": "0", "name": "3128", "value": -3.6, "input_type": "classification", "classes": {"0": "low", "1": "high"}, "image_width": 900, "image_height": 900, "image_path": "./3128.png"}