{"graph":{"node_indices":[0,1,2,3,4,5,6,7,8,9,10,11,12,13,14,15,16,17],"node_attributes":[[0.800000011920929,0.800000011920929,0.800000011920929],[0.0,1.0,0.0],[0.0,1.0,0.0],[0.0,0.0,1.0],[0.0,1.0,0.0],[0.0,1.0,1.0],[0.0,0.0,1.0],[1.0,0.0,1.0],[0.800000011920929,0.800000011920929,0.800000011920929],[1.0,1.0,0.0],[0.0,1.0,1.0],[1.0,1.0,0.0],[1.0,1.0,0.0],[0.0,0.0,1.0],[1.0,0.0,0.0],[1.0,0.0,1.0],[0.0,0.0,1.0],[1.0,0.0,0.0]],"node_adjacency":[[0,0,0,1,0,0,0,0,0,0,0,0,0,1,0,0,0,0],[0,0,1,0,0,0,0,0,0,0,0,0,0,0,0,0,0,0],[0,1,0,0,0,0,0,0,1,1,0,0,0,1,0,0,0,0],[1,0,0,0,0,0,0,0,0,0,0,0,0,0,0,0,0,1],[0,0,0,0,0,0,1,0,0,0,0,1,1,1,0,0,1,0],[0,0,0,0,0,0,0,0,0,0,0,0,0,1,0,0,0,0],[0,0,0,0,1,0,0,0,1,0,1,0,0,0,0,0,1,0],[0,0,0,0,0,0,0,0,0,0,0,0,0,0,1,0,0,0],[0,0,1,0,0,0,1,0,0,0,0,0,0,0,0,0,0,1],[0,0,1,0,0,0,0,0,0,0,0,0,0,0,0,0,0,0],[0,0,0,0,0,0,1,0,0,0,0,0,0,0,0,0,0,0],[0,0,0,0,1,0,0,0,0,0,0,0,0,0,0,0,0,0],[0,0,0,0,1,0,0,0,0,0,0,0,0,0,0,0,0,0],[1,0,1,0,1,1,0,0,0,0,0,0,0,0,1,1,0,0],[0,0,0,0,0,0,0,1,0,0,0,0,0,1,0,1,0,0],[0,0,0,0,0,0,0,0,0,0,0,0,0,1,1,0,0,0],[0,0,0,0,1,0,1,0,0,0,0,0,0,0,0,0,0,0],[0,0,0,1,0,0,0,0,1,0,0,0,0,0,0,0,0,0]],"edge_indices":[[6,16],[6,4],[16,6],[16,4],[4,16],[4,6],[10,6],[6,10],[13,4],[4,13],[14,13],[13,14],[2,13],[13,2],[8,2],[2,8],[1,2],[2,1],[5,13],[13,5],[17,8],[8,17],[12,4],[4,12],[11,4],[4,11],[0,13],[13,0],[9,2],[2,9],[3,17],[17,3],[7,14],[14,7],[15,14],[14,15],[15,13],[13,15],[8,6],[6,8],[0,3],[3,0]],"edge_attributes":[[1.0],[1.0],[1.0],[1.0],[1.0],[1.0],[1.0],[1.0],[1.0],[1.0],[1.0],[1.0],[1.0],[1.0],[1.0],[1.0],[1.0],[1.0],[1.0],[1.0],[1.0],[1.0],[1.0],[1.0],[1.0],[1.0],[1.0],[1.0],[1.0],[1.0],[1.0],[1.0],[1.0],[1.0],[1.0],[1.0],[1.0],[1.0],[1.0],[1.0],[1.0],[1.0]],"seed_graph_indices":[-1,-1,-1,-1,0,-1,0,-1,-1,-1,-1,-1,-1,-1,-1,-1,0,-1],"graph_labels":0,"node_importances":[0,0,0,0,1,0,1,0,0,0,0,0,0,0,0,0,1,0],"edge_importances":[1,1,1,1,1,1,0,0,0,0,0,0,0,0,0,0,0,0,0,0,0,0,0,0,0,0,0,0,0,0,0,0,0,0,0,0,0,0,0,0,0,0],"multi_node_importances":[[0,0],[0,0],[0,0],[0,0],[1,0],[0,0],[1,0],[0,0],[0,0],[0,0],[0,0],[0,0],[0,0],[0,0],[0,0],[0,0],[1,0],[0,0]],"multi_edge_importances":[[1,0],[1,0],[1,0],[1,0],[1,0],[1,0],[0,0],[0,0],[0,0],[0,0],[0,0],[0,0],[0,0],[0,0],[0,0],[0,0],[0,0],[0,0],[0,0],[0,0],[0,0],[0,0],[0,0],[0,0],[0,0],[0,0],[0,0],[0,0],[0,0],[0,0],[0,0],[0,0],[0,0],[0,0],[0,0],[0,0],[0,0],[0,0],[0,0],[0,0],[0,0],[0,0]],"original_value":-0.8769383685277718,"class":0,"node_positions":[[-0.4699156251295029,-0.16724177989681285],[0.6575303130765008,-0.11291592946510078],[0.24567992871816094,-0.12127652143700367],[-0.7829812317103658,0.030422136382246175],[0.1312042492539102,0.22399761770285373],[-0.3518670049031308,-0.43953303246230246],[0.061341838438086695,0.5445272142454528],[-0.11413978107551717,-1.0],[-0.11830059622089312,0.21348405313203586],[0.5444658324569033,-0.41615101732917553],[0.062190180576149515,0.9341369512491515],[-0.21153717511960748,0.526423305049921],[0.5537723588058111,0.29356399668806854],[-0.057752394880551845,-0.2100393684551848],[-0.09028894467156003,-0.6262340523044896],[0.14582163142425603,-0.5305864116150758],[0.345032436396502,0.5420198934396459],[-0.5502560154351513,0.3154029450757701]],"node_coordinates":[[282.0111849086759,401.7515669204156],[778.2954545454545,419.4469456007487],[597.0052833057239,416.7236777686042],[144.20454545454544,466.13597732908977],[546.6148592074386,529.1886754088305],[333.9743622862948,313.0590423267109],[515.8625061660456,633.5937154404681],[438.6182105206473,130.49999999999994],[436.7866840274105,525.7641269685881],[728.5262183588889,320.6751883934908],[516.2359332583109,760.5],[395.74538360301204,627.6967892761555],[732.6228073618813,551.8483007949128],[463.4390660722881,387.8112506597905],[449.11697992842835,252.2455397334159],[553.0492048275531,283.4005277994954],[640.7387210155492,632.7770141688037],[246.6465873044516,558.9618288599064]]},"label":"0","name":"3130","value":-0.8769383685277718,"input_type":"classification","classes":{"0":"low","1":"high"},"image_width":900,"image_height":900,"image_path":"./3130.png"}