{"graph": {"node_indices": [0, 1, 2, 3, 4, 5, 6, 7, 8, 9, 10, 11], "node_attributes": [[1.0, 0.0, 1.0], [1.0, 0.0, 0.0], [0.0, 1.0, 1.0], [0.0, 1.0, 0.0], [1.0, 0.0, 1.0], [0.0, 1.0, 0.0], [0.0, 1.0, 0.0], [1.0, 0.0, 0.0], [1.0, 0.0, 0.0], [1.0, 1.0, 0.0], [1.0, 1.0, 0.0], [0.0, 1.0, 0.0]], "node_adjacency": [[0, 0, 0, 0, 1, 0, 0, 1, 1, 0, 0, 1], [0, 0, 0, 0, 1, 0, 1, 0, 0, 0, 0, 0], [0, 0, 0, 0, 0, 1, 0, 0, 0, 0, 0, 0], [0, 0, 0, 0, 0, 0, 0, 0, 0, 0, 1, 0], [1, 1, 0, 0, 0, 1, 0, 0, 0, 1, 0, 0], [0, 0, 1, 0, 1, 0, 0, 0, 0, 0, 0, 0], [0, 1, 0, 0, 0, 0, 0, 0, 0, 0, 0, 0], [1, 0, 0, 0, 0, 0, 0, 0, 0, 0, 0, 0], [1, 0, 0, 0, 0, 0, 0, 0, 0, 0, 0, 0], [0, 0, 0, 0, 1, 0, 0, 0, 0, 0, 1, 0], [0, 0, 0, 1, 0, 0, 0, 0, 0, 1, 0, 0], [1, 0, 0, 0, 0, 0, 0, 0, 0, 0, 0, 0]], "edge_indices": [[4, 1], [1, 4], [9, 4], [4, 9], [0, 4], [4, 0], [8, 0], [0, 8], [10, 9], [9, 10], [7, 0], [0, 7], [11, 0], [0, 11], [6, 1], [1, 6], [5, 4], [4, 5], [2, 5], [5, 2], [3, 10], [10, 3]], "edge_attributes": [[1.0], [1.0], [1.0], [1.0], [1.0], [1.0], [1.0], [1.0], [1.0], [1.0], [1.0], [1.0], [1.0], [1.0], [1.0], [1.0], [1.0], [1.0], [1.0], [1.0], [1.0], [1.0]], "seed_graph_indices": [-1, -1, -1, -1, -1, -1, -1, -1, -1, -1, -1, -1], "graph_labels": 1, "node_importances": [0, 0, 0, 0, 0, 0, 0, 0, 0, 0, 0, 0], "edge_importances": [0, 0, 0, 0, 0, 0, 0, 0, 0, 0, 0, 0, 0, 0, 0, 0, 0, 0, 0, 0, 0, 0], "multi_node_importances": [[0, 0], [0, 0], [0, 0], [0, 0], [0, 0], [0, 0], [0, 0], [0, 0], [0, 0], [0, 0], [0, 0], [0, 0]], "multi_edge_importances": [[0, 0], [0, 0], [0, 0], [0, 0], [0, 0], [0, 0], [0, 0], [0, 0], [0, 0], [0, 0], [0, 0], [0, 0], [0, 0], [0, 0], [0, 0], [0, 0], [0, 0], [0, 0], [0, 0], [0, 0], [0, 0], [0, 0]], "original_value": 0.31000000000000005, "class": 1, "node_positions": [[-0.3819841929728116, 0.3878243883450268], [0.3976517435237464, 0.3173207854332377], [-0.6164945703436981, -0.7714451774483195], [0.9849124798621385, -1.0], [-0.01319581463357718, 0.013410176137688636], [-0.3233035333857497, -0.3927820346784156], [0.7807073146480706, 0.6047549753134416], [-0.7223727622907632, 0.7334110637960091], [-0.8662099439918365, 0.259383094745511], [0.33794970042012246, -0.34310551316042776], [0.6685568432671102, -0.6788133417351572], [-0.2462172641027515, 0.8700415832514047]], "node_coordinates": [[310.07317883732736, 598.0454131544966], [577.1328035075335, 574.2933906154044], [229.74305238963015, 207.49804084420782], [778.2954545454545, 130.5], [436.39943099110394, 471.9086706332413], [330.1738876311556, 335.0662094248571], [708.3461971743159, 671.1273547616358], [193.47511131805018, 714.4704207500893], [144.20454545454544, 554.7747096084266], [556.682225902112, 351.80177767993206], [669.9297243162588, 238.70486374160365], [356.5793278863263, 760.5]]}, "label": "1", "name": "3137", "value": 0.31000000000000005, "input_type": "classification", "classes": {"0": "low", "1": "high"}, "image_width": 900, "image_height": 900, "image_path": "./3137.png"}