{"graph": {"node_indices": [0, 1, 2, 3, 4, 5, 6, 7, 8, 9], "node_attributes": [[0.0, 1.0, 0.0], [0.0, 0.0, 1.0], [0.0, 1.0, 0.0], [0.0, 1.0, 1.0], [0.0, 0.0, 1.0], [1.0, 1.0, 0.0], [0.0, 1.0, 0.0], [0.0, 1.0, 0.0], [0.0, 1.0, 0.0], [0.0, 1.0, 1.0]], "node_adjacency": [[0, 0, 0, 1, 0, 0, 0, 1, 0, 0], [0, 0, 0, 0, 0, 0, 1, 0, 0, 0], [0, 0, 0, 0, 0, 0, 0, 1, 0, 0], [1, 0, 0, 0, 0, 0, 0, 0, 0, 0], [0, 0, 0, 0, 0, 0, 0, 1, 0, 0], [0, 0, 0, 0, 0, 0, 0, 0, 0, 1], [0, 1, 0, 0, 0, 0, 0, 1, 0, 1], [1, 0, 1, 0, 1, 0, 1, 0, 1, 0], [0, 0, 0, 0, 0, 0, 0, 1, 0, 0], [0, 0, 0, 0, 0, 1, 1, 0, 0, 0]], "edge_indices": [[0, 7], [7, 0], [8, 7], [7, 8], [4, 7], [7, 4], [3, 0], [0, 3], [2, 7], [7, 2], [6, 7], [7, 6], [9, 6], [6, 9], [5, 9], [9, 5], [1, 6], [6, 1]], "edge_attributes": [[1.0], [1.0], [1.0], [1.0], [1.0], [1.0], [1.0], [1.0], [1.0], [1.0], [1.0], [1.0], [1.0], [1.0], [1.0], [1.0], [1.0], [1.0]], "seed_graph_indices": [-1, -1, -1, -1, -1, -1, -1, -1, -1, -1], "graph_labels": 0, "node_importances": [0, 0, 0, 0, 0, 0, 0, 0, 0, 0], "edge_importances": [0, 0, 0, 0, 0, 0, 0, 0, 0, 0, 0, 0, 0, 0, 0, 0, 0, 0], "multi_node_importances": [[0, 0], [0, 0], [0, 0], [0, 0], [0, 0], [0, 0], [0, 0], [0, 0], [0, 0], [0, 0]], "multi_edge_importances": [[0, 0], [0, 0], [0, 0], [0, 0], [0, 0], [0, 0], [0, 0], [0, 0], [0, 0], [0, 0], [0, 0], [0, 0], [0, 0], [0, 0], [0, 0], [0, 0], [0, 0], [0, 0]], "original_value": -0.21000000000000002, "class": 0, "node_positions": [[-0.5719530328574131, -0.20048974392779942], [0.7305927814400586, -0.061019993988940896], [-0.3316008940807516, 0.2298767690581722], [-1.0, -0.23705443505763177], [0.16580264800889666, -0.5342878502283728], [0.6018035293735605, 0.9225446288571563], [0.30088076995090596, 0.10412366400435882], [-0.10456919952578995, -0.15953462550576866], [-0.22118643723440587, -0.6019044511565953], [0.43022983492493866, 0.5377460379454213]], "node_coordinates": [[301.04137815137153, 296.39026742163156], [778.2954545454545, 354.0281010583498], [389.10663984281257, 474.24527532961383], [144.20454545454544, 281.27939509811216], [571.3557902906805, 158.44351031022694], [731.1069450359962, 760.5], [620.8485479509943, 422.27603790307563], [472.29127757891507, 313.3155455067786], [429.56260618529285, 130.50000000000003], [668.2421734642094, 601.476576093833]]}, "label": "0", "name": "314", "value": -0.21000000000000002, "input_type": "classification", "classes": {"0": "low", "1": "high"}, "image_width": 900, "image_height": 900, "image_path": "./314.png"}