{"graph": {"node_indices": [0, 1, 2, 3, 4, 5, 6, 7, 8, 9, 10, 11, 12], "node_attributes": [[0.0, 0.0, 1.0], [0.0, 1.0, 1.0], [0.0, 0.0, 1.0], [0.0, 1.0, 0.0], [1.0, 0.0, 1.0], [0.0, 1.0, 0.0], [0.0, 0.0, 1.0], [0.0, 0.0, 1.0], [0.0, 0.0, 1.0], [0.0, 1.0, 0.0], [0.0, 1.0, 0.0], [0.0, 1.0, 1.0], [0.0, 0.0, 1.0]], "node_adjacency": [[0, 0, 1, 0, 0, 0, 0, 0, 0, 1, 0, 1, 0], [0, 0, 0, 1, 0, 1, 0, 0, 0, 0, 0, 0, 0], [1, 0, 0, 0, 0, 0, 0, 0, 0, 1, 0, 1, 0], [0, 1, 0, 0, 0, 0, 0, 0, 0, 0, 0, 1, 0], [0, 0, 0, 0, 0, 0, 0, 0, 0, 0, 1, 0, 0], [0, 1, 0, 0, 0, 0, 0, 0, 0, 0, 1, 0, 0], [0, 0, 0, 0, 0, 0, 0, 1, 1, 0, 1, 1, 0], [0, 0, 0, 0, 0, 0, 1, 0, 0, 0, 1, 0, 0], [0, 0, 0, 0, 0, 0, 1, 0, 0, 0, 0, 0, 0], [1, 0, 1, 0, 0, 0, 0, 0, 0, 0, 0, 0, 0], [0, 0, 0, 0, 1, 1, 1, 1, 0, 0, 0, 0, 0], [1, 0, 1, 1, 0, 0, 1, 0, 0, 0, 0, 0, 1], [0, 0, 0, 0, 0, 0, 0, 0, 0, 0, 0, 1, 0]], "edge_indices": [[7, 6], [7, 10], [6, 7], [6, 10], [10, 6], [10, 7], [0, 2], [0, 9], [2, 0], [2, 9], [9, 2], [9, 0], [5, 10], [10, 5], [11, 6], [6, 11], [12, 11], [11, 12], [8, 6], [6, 8], [4, 10], [10, 4], [1, 5], [5, 1], [3, 1], [1, 3], [11, 2], [2, 11], [11, 3], [3, 11], [11, 0], [0, 11]], "edge_attributes": [[1.0], [1.0], [1.0], [1.0], [1.0], [1.0], [1.0], [1.0], [1.0], [1.0], [1.0], [1.0], [1.0], [1.0], [1.0], [1.0], [1.0], [1.0], [1.0], [1.0], [1.0], [1.0], [1.0], [1.0], [1.0], [1.0], [1.0], [1.0], [1.0], [1.0], [1.0], [1.0]], "seed_graph_indices": [1, -1, 1, -1, -1, -1, 0, 0, -1, 1, 0, -1, -1], "graph_labels": 0, "node_importances": [1, 0, 1, 0, 0, 0, 1, 1, 0, 1, 1, 0, 0], "edge_importances": [1, 1, 1, 1, 1, 1, 1, 1, 1, 1, 1, 1, 0, 0, 0, 0, 0, 0, 0, 0, 0, 0, 0, 0, 0, 0, 0, 0, 0, 0, 0, 0], "multi_node_importances": [[1, 0], [0, 0], [1, 0], [0, 0], [0, 0], [0, 0], [1, 0], [1, 0], [0, 0], [1, 0], [1, 0], [0, 0], [0, 0]], "multi_edge_importances": [[1, 0], [1, 0], [1, 0], [1, 0], [1, 0], [1, 0], [1, 0], [1, 0], [1, 0], [1, 0], [1, 0], [1, 0], [0, 0], [0, 0], [0, 0], [0, 0], [0, 0], [0, 0], [0, 0], [0, 0], [0, 0], [0, 0], [0, 0], [0, 0], [0, 0], [0, 0], [0, 0], [0, 0], [0, 0], [0, 0], [0, 0], [0, 0]], "original_value": -1.62, "class": 0, "node_positions": [[0.6464766064449777, 0.34046541800910896], [-0.8161612784242457, 0.1815230893763466], [0.4827771991741919, 0.6416888128886137], [-0.3739736408763738, 0.3982043529225165], [-0.533322326137467, -1.0], [-0.8084548000352254, -0.3160602975189199], [0.11134658517399133, -0.2576009558046512], [0.03075080101251492, -0.6904109672589864], [0.5583729073144603, -0.5422879260516671], [0.9442005041593392, 0.7118510058274157], [-0.3496731884054847, -0.5290454942046764], [0.1356151240019707, 0.2829528375641882], [-0.02795449340264969, 0.7787201242507116]], "node_coordinates": [[671.0538529454013, 605.2757681672841], [144.20454545454544, 548.980420926626], [612.088527180584, 711.965255842603], [303.482691489949, 625.7261630886155], [246.08451703551685, 130.5], [146.9804565973172, 372.7427264910999], [478.2974064997425, 393.448280320432], [449.2664115341274, 240.15248999417483], [639.3184703503812, 292.61578350974196], [778.2954545454546, 736.8158104345265], [312.23583311744557, 297.3060841083921], [487.039052677244, 584.9055451140293], [428.1204778559213, 760.5]]}, "label": "0", "name": "3140", "value": -1.62, "input_type": "classification", "classes": {"0": "low", "1": "high"}, "image_width": 900, "image_height": 900, "image_path": "./3140.png"}