{"graph":{"node_indices":[0,1,2,3,4,5,6,7,8,9,10,11,12,13,14,15,16,17,18,19,20,21,22,23,24,25,26,27,28,29,30,31],"node_attributes":[[0.0,0.0,1.0],[0.0,1.0,0.0],[0.800000011920929,0.800000011920929,0.800000011920929],[0.800000011920929,0.800000011920929,0.800000011920929],[0.0,1.0,0.0],[0.0,1.0,1.0],[0.0,1.0,0.0],[1.0,1.0,0.0],[0.0,0.0,1.0],[1.0,0.0,0.0],[0.0,1.0,1.0],[0.800000011920929,0.800000011920929,0.800000011920929],[0.0,0.0,1.0],[0.0,1.0,0.0],[0.0,0.0,1.0],[0.0,0.0,1.0],[1.0,0.0,1.0],[0.800000011920929,0.800000011920929,0.800000011920929],[0.0,1.0,1.0],[0.0,1.0,1.0],[0.0,1.0,0.0],[0.0,1.0,0.0],[0.0,0.0,1.0],[0.0,1.0,0.0],[0.800000011920929,0.800000011920929,0.800000011920929],[0.0,0.0,1.0],[0.0,1.0,1.0],[0.800000011920929,0.800000011920929,0.800000011920929],[0.0,1.0,0.0],[0.800000011920929,0.800000011920929,0.800000011920929],[0.0,1.0,0.0],[0.0,0.0,1.0]],"node_adjacency":[[0,0,0,1,0,0,0,0,0,0,0,0,0,0,0,0,0,0,0,0,0,0,0,0,0,0,0,0,0,0,0,0],[0,0,0,0,0,0,0,0,0,0,0,0,0,1,0,0,0,0,0,0,0,0,0,1,0,0,0,0,0,0,0,0],[0,0,0,0,0,0,0,0,0,0,0,0,0,0,0,0,0,0,0,0,0,0,0,0,0,0,0,0,0,0,0,1],[1,0,0,0,0,0,0,0,0,0,0,1,0,0,0,0,0,0,0,0,0,0,0,0,0,0,0,1,1,1,0,0],[0,0,0,0,0,0,0,0,0,0,0,0,0,0,0,0,0,0,0,0,0,0,0,1,0,0,1,0,0,0,0,0],[0,0,0,0,0,0,1,0,0,0,0,0,0,0,0,0,0,0,0,0,0,0,1,0,0,0,0,0,0,0,0,0],[0,0,0,0,0,1,0,0,0,0,0,0,0,0,0,0,0,0,0,1,0,0,0,0,0,0,0,0,0,0,0,0],[0,0,0,0,0,0,0,0,0,0,0,0,0,0,0,0,0,0,0,0,0,0,0,1,0,0,0,0,0,0,0,0],[0,0,0,0,0,0,0,0,0,0,0,0,0,0,0,0,0,0,0,0,0,0,0,0,0,0,0,0,0,1,0,0],[0,0,0,0,0,0,0,0,0,0,0,0,0,0,0,0,0,0,0,0,0,0,0,0,0,0,0,0,0,1,0,0],[0,0,0,0,0,0,0,0,0,0,0,0,0,0,0,0,0,0,0,0,0,0,0,1,0,0,0,0,0,0,0,0],[0,0,0,1,0,0,0,0,0,0,0,0,0,0,0,0,0,0,0,0,0,0,0,0,0,0,0,0,0,0,0,0],[0,0,0,0,0,0,0,0,0,0,0,0,0,1,0,0,0,1,0,1,0,0,1,1,0,0,0,0,0,0,0,0],[0,1,0,0,0,0,0,0,0,0,0,0,1,0,0,0,0,0,0,0,0,0,1,0,0,0,0,0,0,1,0,0],[0,0,0,0,0,0,0,0,0,0,0,0,0,0,0,1,0,0,0,0,0,0,0,0,0,0,0,0,0,0,0,0],[0,0,0,0,0,0,0,0,0,0,0,0,0,0,1,0,0,0,0,0,0,0,0,0,0,0,0,0,0,0,0,1],[0,0,0,0,0,0,0,0,0,0,0,0,0,0,0,0,0,0,0,0,0,0,1,0,0,0,0,0,0,0,0,0],[0,0,0,0,0,0,0,0,0,0,0,0,1,0,0,0,0,0,0,0,0,0,0,0,0,0,0,0,0,0,0,0],[0,0,0,0,0,0,0,0,0,0,0,0,0,0,0,0,0,0,0,1,0,0,0,0,0,0,0,0,0,0,0,0],[0,0,0,0,0,0,1,0,0,0,0,0,1,0,0,0,0,0,1,0,0,0,0,0,0,0,0,0,0,0,0,0],[0,0,0,0,0,0,0,0,0,0,0,0,0,0,0,0,0,0,0,0,0,0,1,0,0,0,0,0,0,0,0,0],[0,0,0,0,0,0,0,0,0,0,0,0,0,0,0,0,0,0,0,0,0,0,1,0,0,0,0,0,0,0,0,0],[0,0,0,0,0,1,0,0,0,0,0,0,1,1,0,0,1,0,0,0,1,1,0,0,0,1,0,0,0,0,1,0],[0,1,0,0,1,0,0,1,0,0,1,0,1,0,0,0,0,0,0,0,0,0,0,0,0,0,0,0,0,0,0,1],[0,0,0,0,0,0,0,0,0,0,0,0,0,0,0,0,0,0,0,0,0,0,0,0,0,0,0,1,0,0,0,0],[0,0,0,0,0,0,0,0,0,0,0,0,0,0,0,0,0,0,0,0,0,0,1,0,0,0,0,0,0,0,0,0],[0,0,0,0,1,0,0,0,0,0,0,0,0,0,0,0,0,0,0,0,0,0,0,0,0,0,0,0,0,0,0,0],[0,0,0,1,0,0,0,0,0,0,0,0,0,0,0,0,0,0,0,0,0,0,0,0,1,0,0,0,0,0,0,0],[0,0,0,1,0,0,0,0,0,0,0,0,0,0,0,0,0,0,0,0,0,0,0,0,0,0,0,0,0,0,0,0],[0,0,0,1,0,0,0,0,1,1,0,0,0,1,0,0,0,0,0,0,0,0,0,0,0,0,0,0,0,0,0,0],[0,0,0,0,0,0,0,0,0,0,0,0,0,0,0,0,0,0,0,0,0,0,1,0,0,0,0,0,0,0,0,0],[0,0,1,0,0,0,0,0,0,0,0,0,0,0,0,1,0,0,0,0,0,0,0,1,0,0,0,0,0,0,0,0]],"edge_indices":[[12,22],[12,13],[22,12],[22,13],[13,22],[13,12],[29,13],[13,29],[23,12],[12,23],[3,29],[29,3],[31,23],[23,31],[10,23],[23,10],[11,3],[3,11],[19,12],[12,19],[15,31],[31,15],[20,22],[22,20],[28,3],[3,28],[1,13],[13,1],[9,29],[29,9],[30,22],[22,30],[4,23],[23,4],[21,22],[22,21],[6,19],[19,6],[14,15],[15,14],[16,22],[22,16],[26,4],[4,26],[18,19],[19,18],[8,29],[29,8],[17,12],[12,17],[27,3],[3,27],[2,31],[31,2],[5,22],[22,5],[24,27],[27,24],[7,23],[23,7],[0,3],[3,0],[25,22],[22,25],[6,5],[5,6],[23,1],[1,23]],"edge_attributes":[[1.0],[1.0],[1.0],[1.0],[1.0],[1.0],[1.0],[1.0],[1.0],[1.0],[1.0],[1.0],[1.0],[1.0],[1.0],[1.0],[1.0],[1.0],[1.0],[1.0],[1.0],[1.0],[1.0],[1.0],[1.0],[1.0],[1.0],[1.0],[1.0],[1.0],[1.0],[1.0],[1.0],[1.0],[1.0],[1.0],[1.0],[1.0],[1.0],[1.0],[1.0],[1.0],[1.0],[1.0],[1.0],[1.0],[1.0],[1.0],[1.0],[1.0],[1.0],[1.0],[1.0],[1.0],[1.0],[1.0],[1.0],[1.0],[1.0],[1.0],[1.0],[1.0],[1.0],[1.0],[1.0],[1.0],[1.0],[1.0]],"seed_graph_indices":[-1,-1,-1,-1,-1,-1,-1,-1,-1,-1,-1,-1,0,0,-1,-1,-1,-1,-1,-1,-1,-1,0,-1,-1,-1,-1,-1,-1,-1,-1,-1],"graph_labels":0,"node_importances":[0,0,0,0,0,0,0,0,0,0,0,0,1,1,0,0,0,0,0,0,0,0,1,0,0,0,0,0,0,0,0,0],"edge_importances":[1,1,1,1,1,1,0,0,0,0,0,0,0,0,0,0,0,0,0,0,0,0,0,0,0,0,0,0,0,0,0,0,0,0,0,0,0,0,0,0,0,0,0,0,0,0,0,0,0,0,0,0,0,0,0,0,0,0,0,0,0,0,0,0,0,0,0,0],"multi_node_importances":[[0,0],[0,0],[0,0],[0,0],[0,0],[0,0],[0,0],[0,0],[0,0],[0,0],[0,0],[0,0],[1,0],[1,0],[0,0],[0,0],[0,0],[0,0],[0,0],[0,0],[0,0],[0,0],[1,0],[0,0],[0,0],[0,0],[0,0],[0,0],[0,0],[0,0],[0,0],[0,0]],"multi_edge_importances":[[1,0],[1,0],[1,0],[1,0],[1,0],[1,0],[0,0],[0,0],[0,0],[0,0],[0,0],[0,0],[0,0],[0,0],[0,0],[0,0],[0,0],[0,0],[0,0],[0,0],[0,0],[0,0],[0,0],[0,0],[0,0],[0,0],[0,0],[0,0],[0,0],[0,0],[0,0],[0,0],[0,0],[0,0],[0,0],[0,0],[0,0],[0,0],[0,0],[0,0],[0,0],[0,0],[0,0],[0,0],[0,0],[0,0],[0,0],[0,0],[0,0],[0,0],[0,0],[0,0],[0,0],[0,0],[0,0],[0,0],[0,0],[0,0],[0,0],[0,0],[0,0],[0,0],[0,0],[0,0],[0,0],[0,0],[0,0],[0,0]],"original_value":-0.6870896069305736,"class":0,"node_positions":[[0.2693637224478269,-0.7573494061331038],[0.1656548662357323,0.03416099184221806],[0.5003701267109483,0.5984807123616358],[0.09410632029214448,-0.6016263757006094],[0.4263643974360677,0.1971391652777217],[-0.390679775758322,0.2077068170929372],[-0.4494696177738671,0.4028965289747814],[0.0909622426319494,0.473322797848932],[0.24925067466257572,-0.36593201717020896],[-0.1559447369954322,-0.4844039511635697],[0.35158440439245875,0.32356110560369755],[0.10638990247413768,-0.811464491798029],[-0.07985365471959673,0.1498170939240155],[-0.04845028864218955,-0.09582366395464335],[0.3129010987201982,0.972515478797861],[0.2631456707844983,0.7590666313669298],[-0.4121546297799711,-0.17943399402377797],[0.05428614195284744,0.12849750729866344],[-0.30567202987905323,0.5860821668010658],[-0.21466649117386385,0.36252883867270835],[-0.28771159293468046,-0.17312934698423876],[-0.4704746559048337,0.11188197921199143],[-0.26810229276169495,0.01266481200531578],[0.1708932921782449,0.2762173732361675],[-0.18035609175572018,-1.0],[-0.5254519664256403,0.01607141941042697],[0.6628972952104749,0.20536822773247376],[-0.08784440428414449,-0.7905785660655077],[0.34755183073412826,-0.6319080632067967],[0.02626034964763284,-0.3527558742756161],[-0.48996454228417136,-0.09433491245913918],[0.27481443456131516,0.5207610154756971]],"node_coordinates":[[568.3099991185707,207.9999617388606],[512.9720231217108,460.79977805683103],[691.5726337781427,641.0373618672779],[474.79445697500455,257.73620473770455],[652.0839399498344,512.8532348575568],[216.11759632206156,516.2284279625778],[184.7479429950392,578.5698999597988],[473.11680956429245,601.063284608803],[557.5778842711395,333.0144205338347],[341.3697918926833,295.1757727675294],[612.1821069604741,553.2310282191098],[481.3488497315156,190.71619168212044],[381.9712085734721,497.7390797225085],[398.72772081055814,419.28409210544356],[591.5410940426102,760.5],[564.9921108854885,692.3267586100565],[204.65883571288327,392.5798616394515],[453.54682052798614,490.92983552729567],[261.4768527330443,637.0774012042978],[310.0364695332704,565.6768985290546],[271.06035663832506,394.5934973637858],[173.53987129933577,485.62301648981827],[281.5236769556245,453.93413190965765],[515.7671931742591,538.1099547917308],[328.3441447771373,130.49999999999994],[144.20454545454544,455.02216528039094],[778.2954545454545,515.4815079444952],[377.70742702432904,197.38692930264733],[610.0303672493169,248.0645629513878],[438.5925468186394,337.2227373317604],[163.1402689506645,419.75958314835253],[571.2184428823813,616.2145356007982]]},"label":"0","name":"3148","value":-0.6870896069305736,"input_type":"classification","classes":{"0":"low","1":"high"},"image_width":900,"image_height":900,"image_path":"./3148.png"}