{"graph":{"node_indices":[0,1,2,3,4,5,6,7,8,9,10,11,12,13],"node_attributes":[[0.800000011920929,0.800000011920929,0.800000011920929],[0.0,1.0,0.0],[1.0,0.0,0.0],[0.800000011920929,0.800000011920929,0.800000011920929],[0.0,1.0,1.0],[0.0,1.0,1.0],[0.0,0.0,1.0],[0.800000011920929,0.800000011920929,0.800000011920929],[0.0,0.0,1.0],[1.0,0.0,1.0],[1.0,1.0,0.0],[1.0,0.0,0.0],[0.0,0.0,1.0],[0.800000011920929,0.800000011920929,0.800000011920929]],"node_adjacency":[[0,0,0,0,0,0,0,0,1,0,0,0,0,0],[0,0,1,0,0,0,0,0,0,0,0,1,0,0],[0,1,0,0,0,0,0,0,0,0,0,1,0,1],[0,0,0,0,0,0,0,0,0,0,0,0,1,0],[0,0,0,0,0,0,0,0,0,0,1,0,0,0],[0,0,0,0,0,0,0,0,0,0,0,0,1,0],[0,0,0,0,0,0,0,0,0,0,1,0,0,0],[0,0,0,0,0,0,0,0,0,1,0,0,0,1],[1,0,0,0,0,0,0,0,0,0,1,0,0,1],[0,0,0,0,0,0,0,1,0,0,0,1,0,0],[0,0,0,0,1,0,1,0,1,0,0,0,1,0],[0,1,1,0,0,0,0,0,0,1,0,0,0,0],[0,0,0,1,0,1,0,0,0,0,0,0,0,0],[0,0,1,0,0,0,0,1,1,0,0,0,0,0]],"edge_indices":[[10,6],[10,8],[10,12],[6,10],[8,10],[8,10],[2,11],[2,1],[11,2],[11,1],[1,11],[1,2],[0,8],[8,0],[5,12],[12,5],[13,8],[8,13],[7,13],[13,7],[9,7],[7,9],[3,12],[12,3],[4,10],[10,4],[9,11],[11,9],[2,13],[13,2]],"edge_attributes":[[1.0],[1.0],[1.0],[1.0],[1.0],[1.0],[1.0],[1.0],[1.0],[1.0],[1.0],[1.0],[1.0],[1.0],[1.0],[1.0],[1.0],[1.0],[1.0],[1.0],[1.0],[1.0],[1.0],[1.0],[1.0],[1.0],[1.0],[1.0],[1.0],[1.0]],"seed_graph_indices":[-1,1,1,-1,-1,-1,0,-1,0,-1,0,1,0,-1],"graph_labels":0,"node_importances":[0,1,1,0,0,0,1,0,1,0,1,1,1,0],"edge_importances":[1,1,1,1,1,1,1,1,1,1,1,1,0,0,0,0,0,0,0,0,0,0,0,0,0,0,0,0,0,0],"multi_node_importances":[[0,0],[0,1],[0,1],[0,0],[0,0],[0,0],[1,0],[0,0],[1,0],[0,0],[1,0],[0,1],[1,0],[0,0]],"multi_edge_importances":[[1,0],[1,0],[1,0],[1,0],[1,0],[1,0],[0,1],[0,1],[0,1],[0,1],[0,1],[0,1],[0,0],[0,0],[0,0],[0,0],[0,0],[0,0],[0,0],[0,0],[0,0],[0,0],[0,0],[0,0],[0,0],[0,0],[0,0],[0,0],[0,0],[0,0]],"original_value":-1.360383387629052,"class":0,"node_positions":[[-0.4461146413787988,0.2911532905369891],[-0.0029464248987697574,-0.951748552781475],[-0.08294009301541658,-0.6202490651843],[0.8262342421506702,0.6509580492042114],[0.4990086116832207,0.157601254742392],[0.4551059814963344,1.0],[-0.03827471092840124,0.6646749537149544],[-0.5754005360669653,-0.3803293859557499],[-0.10843465067770376,0.09987391084400758],[-0.6374008337077587,-0.7397617338589145],[0.18492352612678342,0.357786488622508],[-0.3210610030258967,-0.8933223386254783],[0.45602953939727725,0.6310243545582066],[-0.20872900715457515,-0.26766122581735113]],"node_coordinates":[[227.0754998276974,531.6931558369665],[419.06935260087266,130.5],[384.4136801766165,237.50388474150094],[778.2954545454545,647.833627742176],[636.5314309009292,488.5842305449817],[617.5114858710128,760.5],[403.7640723608414,652.2612728040631],[171.06494648169348,314.94695377751003],[373.36866799318756,469.95056659059935],[144.20454545454544,198.92669140493837],[500.46028808852435,553.2015180355971],[281.2525119369558,149.35925052477756],[617.9115990403857,641.3992806491111],[329.91812439521595,351.31482544111896]]},"label":"0","name":"3152","value":-1.360383387629052,"input_type":"classification","classes":{"0":"low","1":"high"},"image_width":900,"image_height":900,"image_path":"./3152.png"}