{"graph":{"node_indices":[0,1,2,3,4,5,6,7,8,9,10,11,12,13,14,15,16,17,18,19,20,21,22,23,24,25,26,27],"node_attributes":[[0.0,1.0,1.0],[1.0,1.0,0.0],[0.800000011920929,0.800000011920929,0.800000011920929],[0.0,0.0,1.0],[1.0,0.0,1.0],[0.0,0.0,1.0],[0.0,1.0,0.0],[0.800000011920929,0.800000011920929,0.800000011920929],[1.0,0.0,1.0],[1.0,0.0,1.0],[0.0,0.0,1.0],[0.0,1.0,0.0],[1.0,1.0,0.0],[0.0,1.0,0.0],[1.0,0.0,0.0],[0.0,1.0,1.0],[1.0,0.0,0.0],[0.0,1.0,1.0],[1.0,0.0,0.0],[0.800000011920929,0.800000011920929,0.800000011920929],[0.0,1.0,0.0],[1.0,0.0,0.0],[1.0,0.0,0.0],[0.0,0.0,1.0],[1.0,0.0,0.0],[0.800000011920929,0.800000011920929,0.800000011920929],[0.800000011920929,0.800000011920929,0.800000011920929],[0.0,1.0,1.0]],"node_adjacency":[[0,0,0,1,0,0,0,0,0,0,0,0,0,0,0,0,0,0,1,0,0,0,0,0,0,0,0,0],[0,0,0,0,0,0,1,0,0,1,0,0,0,0,0,0,0,0,0,0,0,0,0,0,0,1,0,0],[0,0,0,0,0,1,0,0,0,0,0,0,0,0,0,0,0,0,0,0,0,0,0,0,0,1,0,0],[1,0,0,0,0,0,0,0,0,0,0,0,0,0,0,0,0,0,0,0,0,0,0,1,0,0,0,0],[0,0,0,0,0,0,0,0,0,1,0,0,0,0,0,0,0,0,0,0,0,0,1,0,0,0,0,0],[0,0,1,0,0,0,0,0,0,0,0,0,0,0,0,0,0,0,0,0,0,0,0,0,0,0,0,0],[0,1,0,0,0,0,0,0,0,0,1,0,0,0,0,0,0,0,0,0,0,0,0,0,0,0,0,0],[0,0,0,0,0,0,0,0,0,1,0,0,0,0,0,0,0,0,0,0,0,0,0,0,0,0,0,0],[0,0,0,0,0,0,0,0,0,0,0,0,1,0,0,0,0,0,0,0,0,0,0,0,0,0,1,0],[0,1,0,0,1,0,0,1,0,0,0,0,1,0,0,0,0,0,0,0,0,0,0,0,0,0,0,0],[0,0,0,0,0,0,1,0,0,0,0,0,0,0,0,0,0,1,0,0,0,0,0,0,0,0,0,0],[0,0,0,0,0,0,0,0,0,0,0,0,0,0,0,0,0,0,0,0,0,0,0,0,0,1,0,0],[0,0,0,0,0,0,0,0,1,1,0,0,0,0,0,0,0,0,0,0,0,0,0,0,0,0,0,0],[0,0,0,0,0,0,0,0,0,0,0,0,0,0,1,1,0,0,0,0,0,0,1,0,0,1,0,0],[0,0,0,0,0,0,0,0,0,0,0,0,0,1,0,0,0,0,0,0,0,0,1,0,0,0,0,0],[0,0,0,0,0,0,0,0,0,0,0,0,0,1,0,0,0,1,0,1,0,0,0,0,0,0,0,0],[0,0,0,0,0,0,0,0,0,0,0,0,0,0,0,0,0,1,0,0,1,0,0,0,0,0,0,0],[0,0,0,0,0,0,0,0,0,0,1,0,0,0,0,1,1,0,0,0,0,0,0,0,0,0,1,0],[1,0,0,0,0,0,0,0,0,0,0,0,0,0,0,0,0,0,0,0,1,1,0,0,0,0,0,0],[0,0,0,0,0,0,0,0,0,0,0,0,0,0,0,1,0,0,0,0,1,0,0,0,0,0,0,0],[0,0,0,0,0,0,0,0,0,0,0,0,0,0,0,0,1,0,1,1,0,1,0,0,1,0,0,0],[0,0,0,0,0,0,0,0,0,0,0,0,0,0,0,0,0,0,1,0,1,0,0,0,0,0,1,1],[0,0,0,0,1,0,0,0,0,0,0,0,0,1,1,0,0,0,0,0,0,0,0,0,0,0,0,0],[0,0,0,1,0,0,0,0,0,0,0,0,0,0,0,0,0,0,0,0,0,0,0,0,0,0,0,0],[0,0,0,0,0,0,0,0,0,0,0,0,0,0,0,0,0,0,0,0,1,0,0,0,0,0,0,0],[0,1,1,0,0,0,0,0,0,0,0,1,0,1,0,0,0,0,0,0,0,0,0,0,0,0,0,0],[0,0,0,0,0,0,0,0,1,0,0,0,0,0,0,0,0,1,0,0,0,1,0,0,0,0,0,0],[0,0,0,0,0,0,0,0,0,0,0,0,0,0,0,0,0,0,0,0,0,1,0,0,0,0,0,0]],"edge_indices":[[14,22],[14,13],[22,14],[22,13],[13,22],[13,14],[21,18],[21,20],[18,21],[18,20],[20,18],[20,21],[26,21],[21,26],[15,13],[13,15],[24,20],[20,24],[0,18],[18,0],[17,15],[15,17],[25,13],[13,25],[3,0],[0,3],[10,17],[17,10],[23,3],[3,23],[11,25],[25,11],[2,25],[25,2],[1,25],[25,1],[16,20],[20,16],[4,22],[22,4],[5,2],[2,5],[9,1],[1,9],[6,1],[1,6],[19,20],[20,19],[27,21],[21,27],[8,26],[26,8],[7,9],[9,7],[12,8],[8,12],[9,12],[12,9],[16,17],[17,16],[17,26],[26,17],[10,6],[6,10],[9,4],[4,9],[19,15],[15,19]],"edge_attributes":[[1.0],[1.0],[1.0],[1.0],[1.0],[1.0],[1.0],[1.0],[1.0],[1.0],[1.0],[1.0],[1.0],[1.0],[1.0],[1.0],[1.0],[1.0],[1.0],[1.0],[1.0],[1.0],[1.0],[1.0],[1.0],[1.0],[1.0],[1.0],[1.0],[1.0],[1.0],[1.0],[1.0],[1.0],[1.0],[1.0],[1.0],[1.0],[1.0],[1.0],[1.0],[1.0],[1.0],[1.0],[1.0],[1.0],[1.0],[1.0],[1.0],[1.0],[1.0],[1.0],[1.0],[1.0],[1.0],[1.0],[1.0],[1.0],[1.0],[1.0],[1.0],[1.0],[1.0],[1.0],[1.0],[1.0],[1.0],[1.0]],"seed_graph_indices":[-1,-1,-1,-1,-1,-1,-1,-1,-1,-1,-1,-1,-1,0,0,-1,-1,-1,1,-1,1,1,0,-1,-1,-1,-1,-1],"graph_labels":1,"node_importances":[0,0,0,0,0,0,0,0,0,0,0,0,0,1,1,0,0,0,1,0,1,1,1,0,0,0,0,0],"edge_importances":[1,1,1,1,1,1,1,1,1,1,1,1,0,0,0,0,0,0,0,0,0,0,0,0,0,0,0,0,0,0,0,0,0,0,0,0,0,0,0,0,0,0,0,0,0,0,0,0,0,0,0,0,0,0,0,0,0,0,0,0,0,0,0,0,0,0,0,0],"multi_node_importances":[[0,0],[0,0],[0,0],[0,0],[0,0],[0,0],[0,0],[0,0],[0,0],[0,0],[0,0],[0,0],[0,0],[0,1],[0,1],[0,0],[0,0],[0,0],[0,1],[0,0],[0,1],[0,1],[0,1],[0,0],[0,0],[0,0],[0,0],[0,0]],"multi_edge_importances":[[0,1],[0,1],[0,1],[0,1],[0,1],[0,1],[0,1],[0,1],[0,1],[0,1],[0,1],[0,1],[0,0],[0,0],[0,0],[0,0],[0,0],[0,0],[0,0],[0,0],[0,0],[0,0],[0,0],[0,0],[0,0],[0,0],[0,0],[0,0],[0,0],[0,0],[0,0],[0,0],[0,0],[0,0],[0,0],[0,0],[0,0],[0,0],[0,0],[0,0],[0,0],[0,0],[0,0],[0,0],[0,0],[0,0],[0,0],[0,0],[0,0],[0,0],[0,0],[0,0],[0,0],[0,0],[0,0],[0,0],[0,0],[0,0],[0,0],[0,0],[0,0],[0,0],[0,0],[0,0],[0,0],[0,0],[0,0],[0,0]],"original_value":2.423511617221034,"class":1,"node_positions":[[0.6858645497790221,-0.4534338760870899],[-0.44631136105580127,0.13332997087282394],[-0.26714243160469137,0.566184688469034],[0.8419796354328666,-0.596781527788363],[-0.6819419023869951,0.12113962165401011],[-0.2791877196296021,0.801743121845703],[-0.37142687051122547,-0.1359992587471214],[-0.7014745764391341,0.41761872935364047],[0.09856441953497208,0.2574273396324086],[-0.48647655041867494,0.2924412496007722],[-0.18345981144502313,-0.3027927535897761],[-0.49478948162119435,0.49080794437133857],[-0.1548391726423132,0.33249922926708925],[-0.29946971986297893,0.02596314536139393],[-0.4917357060705072,-0.18933253785002477],[-0.06873325146439146,-0.06401475758946329],[0.19196551470595477,-0.3667450940010292],[0.030213528389165537,-0.20033974354834902],[0.5357376872472415,-0.2863181093518585],[0.16941597032477718,-0.14345168964592298],[0.36957316263183354,-0.22317457059835705],[0.4426098103925659,-0.039271844249879694],[-0.5523984844139287,-0.03853271128438971],[1.0,-0.7318195255087795],[0.6084091325011987,-0.1324455805006776],[-0.32429418656586784,0.3044312895494428],[0.2072194966040194,0.03445410175873973],[0.6221283185887118,0.12641314860468486]],"node_coordinates":[[661.2261571450961,244.86308744100805],[239.29657765380813,485.91044486226554],[306.06771307345235,663.730681000671],[719.405784367162,185.97470702329747],[151.48381440055445,480.90255032264486],[301.57877874569886,760.5],[267.2038854348,375.2678082844429],[144.20454545454544,602.6985774839615],[442.3561965518408,536.8906525853783],[224.32816038235316,551.2746513858983],[337.25383211803006,306.74768494149134],[221.23016868949622,632.7653018794023],[347.919925592758,567.7307950154493],[294.02025736415766,441.8032802877454],[222.36822349319905,353.35806374756874],[380.00913961562276,404.8396264345246],[477.1641132654724,280.47554370970477],[416.88377439286734,348.83621418250084],[605.2781694055637,313.51560269678663],[468.7605430363064,372.20628909946254],[543.3534037164115,339.4554816338032],[570.5720733438341,415.00421633949406],[199.76094108039806,415.3078581692308],[778.2954545454545,130.5],[632.3607385042271,376.7276881916131],[284.7688886529808,556.2002572492736],[482.84883602474076,445.2914341884392],[637.4734867631075,483.06895805607286]]},"label":"1","name":"3173","value":2.423511617221034,"input_type":"classification","classes":{"0":"low","1":"high"},"image_width":900,"image_height":900,"image_path":"./3173.png"}