{"graph":{"node_indices":[0,1,2,3,4,5,6,7,8,9,10,11,12,13,14,15,16],"node_attributes":[[1.0,0.0,1.0],[0.800000011920929,0.800000011920929,0.800000011920929],[0.0,0.0,1.0],[0.0,0.0,1.0],[1.0,1.0,0.0],[1.0,0.0,0.0],[0.0,1.0,1.0],[1.0,0.0,1.0],[0.0,1.0,0.0],[0.800000011920929,0.800000011920929,0.800000011920929],[0.0,1.0,1.0],[0.0,0.0,1.0],[0.0,0.0,1.0],[0.0,1.0,0.0],[0.800000011920929,0.800000011920929,0.800000011920929],[0.0,0.0,1.0],[1.0,0.0,0.0]],"node_adjacency":[[0,0,0,0,1,0,0,0,0,1,0,0,0,0,0,0,0],[0,0,0,0,0,0,0,0,0,0,1,0,1,0,0,0,0],[0,0,0,0,0,0,0,1,0,0,0,0,0,0,0,0,0],[0,0,0,0,1,0,1,0,0,0,0,0,0,1,1,0,0],[1,0,1,1,0,0,0,0,0,0,0,0,0,0,0,1,0],[0,0,0,0,0,0,0,0,1,0,0,0,0,0,0,0,1],[0,0,0,1,0,0,0,0,0,0,0,0,0,0,0,0,0],[0,0,1,0,0,0,0,0,0,0,0,0,0,0,0,0,0],[0,0,0,0,0,1,0,0,0,0,0,1,0,0,0,0,1],[1,0,0,0,0,0,0,0,0,0,0,0,1,0,0,0,0],[0,1,0,0,0,0,0,0,0,0,0,0,0,0,0,1,0],[0,0,0,0,0,0,0,0,1,0,0,0,1,0,0,0,0],[0,1,0,0,0,0,0,0,0,1,0,1,0,0,0,0,0],[0,0,0,1,0,0,0,0,0,0,0,0,0,0,0,0,0],[0,0,0,1,0,0,0,0,0,0,0,0,0,0,0,0,0],[0,0,0,0,1,0,0,0,0,0,1,0,0,0,0,0,0],[0,0,0,0,0,1,0,0,1,0,0,0,0,0,0,0,0]],"edge_indices":[[4,3],[4,15],[4,2],[3,4],[15,4],[15,4],[16,5],[16,8],[5,16],[5,8],[8,5],[8,16],[10,15],[15,10],[11,8],[8,11],[7,2],[2,7],[1,10],[10,1],[6,3],[3,6],[0,4],[4,0],[12,11],[11,12],[9,12],[12,9],[13,3],[3,13],[14,3],[3,14],[1,12],[12,1],[0,9],[9,0]],"edge_attributes":[[1.0],[1.0],[1.0],[1.0],[1.0],[1.0],[1.0],[1.0],[1.0],[1.0],[1.0],[1.0],[1.0],[1.0],[1.0],[1.0],[1.0],[1.0],[1.0],[1.0],[1.0],[1.0],[1.0],[1.0],[1.0],[1.0],[1.0],[1.0],[1.0],[1.0],[1.0],[1.0],[1.0],[1.0],[1.0],[1.0]],"seed_graph_indices":[-1,-1,0,0,0,1,-1,-1,1,-1,-1,-1,-1,-1,-1,0,1],"graph_labels":0,"node_importances":[0,0,1,1,1,1,0,0,1,0,0,0,0,0,0,1,1],"edge_importances":[1,1,1,1,1,1,1,1,1,1,1,1,0,0,0,0,0,0,0,0,0,0,0,0,0,0,0,0,0,0,0,0,0,0,0,0],"multi_node_importances":[[0,0],[0,0],[1,0],[1,0],[1,0],[0,1],[0,0],[0,0],[0,1],[0,0],[0,0],[0,0],[0,0],[0,0],[0,0],[1,0],[0,1]],"multi_edge_importances":[[1,0],[1,0],[1,0],[1,0],[1,0],[1,0],[0,1],[0,1],[0,1],[0,1],[0,1],[0,1],[0,0],[0,0],[0,0],[0,0],[0,0],[0,0],[0,0],[0,0],[0,0],[0,0],[0,0],[0,0],[0,0],[0,0],[0,0],[0,0],[0,0],[0,0],[0,0],[0,0],[0,0],[0,0],[0,0],[0,0]],"original_value":-1.4499404575205102,"class":0,"node_positions":[[-0.07213045717822159,-0.13209201503111084],[0.1856565380109653,0.33602862198253064],[0.36627818690729036,-0.4173723084741496],[-0.025397610505740808,-0.5479039991748493],[0.11673637690262599,-0.3186326356673136],[-0.27372544634930057,1.0],[-0.28233759489979215,-0.5799031578820861],[0.5994528800141414,-0.4991682963074024],[-0.28766174993446275,0.7690075860621072],[-0.1623313393357768,0.10481899366125998],[0.3212975167911063,0.1278725707279112],[-0.18890961141860607,0.5564413540856618],[-0.06976559962598862,0.3452624881848776],[0.11055856607551343,-0.7660110715228974],[-0.1373920711215721,-0.7682909985750517],[0.27100315092757865,-0.11889831437458674],[-0.4713317352597598,0.908841182305099]],"node_coordinates":[[380.6012005038207,357.16255721239605],[533.2559807459826,523.9427995798839],[640.2154419826137,255.52397792089704],[408.2751816278206,209.01864299146033],[492.44324680443253,290.7025734792267],[261.221870498259,760.5],[256.1219792356168,197.61810427820308],[778.2954545454545,226.3820140832283],[252.9691525532763,678.2029002024318],[327.18657486180416,441.5683114669093],[613.57905442283,449.7817523336524],[311.44761067921195,602.4706105209963],[382.0016078815288,527.232606354994],[488.7849072768764,131.3122837496852],[341.9549634139333,130.49999999999994],[583.7960338996995,361.86315876514294],[144.2045454545455,728.0222827045623]]},"label":"0","name":"3174","value":-1.4499404575205102,"input_type":"classification","classes":{"0":"low","1":"high"},"image_width":900,"image_height":900,"image_path":"./3174.png"}