{"graph":{"node_indices":[0,1,2,3,4,5,6,7,8,9,10,11,12,13,14,15,16,17,18,19,20,21],"node_attributes":[[1.0,0.0,0.0],[1.0,1.0,0.0],[0.0,1.0,1.0],[0.0,1.0,0.0],[0.0,0.0,1.0],[1.0,0.0,0.0],[0.800000011920929,0.800000011920929,0.800000011920929],[0.0,0.0,1.0],[0.0,1.0,0.0],[1.0,1.0,0.0],[1.0,0.0,0.0],[0.0,0.0,1.0],[0.800000011920929,0.800000011920929,0.800000011920929],[1.0,0.0,0.0],[0.0,1.0,1.0],[1.0,1.0,0.0],[0.0,1.0,1.0],[1.0,0.0,1.0],[1.0,0.0,0.0],[0.800000011920929,0.800000011920929,0.800000011920929],[0.0,1.0,1.0],[0.0,1.0,1.0]],"node_adjacency":[[0,0,0,0,0,0,0,1,1,0,1,0,0,0,0,0,0,0,0,0,0,0],[0,0,1,0,1,0,0,1,0,0,0,1,0,0,0,0,0,1,0,0,0,0],[0,1,0,0,0,0,0,0,1,0,0,0,0,0,0,0,0,0,0,0,0,0],[0,0,0,0,0,0,0,0,0,0,0,0,0,0,0,0,0,0,1,0,0,0],[0,1,0,0,0,0,0,0,0,0,1,0,0,0,0,0,0,0,0,0,0,0],[0,0,0,0,0,0,0,0,0,0,0,0,0,0,0,1,0,0,0,0,1,0],[0,0,0,0,0,0,0,0,0,0,0,0,0,0,0,0,0,0,1,0,0,0],[1,1,0,0,0,0,0,0,0,0,0,0,0,0,0,0,0,0,0,0,0,0],[1,0,1,0,0,0,0,0,0,0,0,0,0,0,0,1,0,0,0,0,0,0],[0,0,0,0,0,0,0,0,0,0,0,0,0,0,1,0,0,0,0,0,0,0],[1,0,0,0,1,0,0,0,0,0,0,0,0,0,0,0,1,0,0,0,0,0],[0,0,0,0,0,0,0,0,0,0,0,0,0,0,0,0,0,0,0,0,0,0],[0,0,0,0,0,0,0,0,0,0,0,0,0,0,0,0,0,0,0,0,1,0],[0,0,0,0,0,0,0,0,0,0,0,0,0,0,0,0,0,0,0,0,0,1],[0,0,0,0,0,0,0,0,0,1,0,0,0,0,0,0,0,0,1,1,0,1],[0,0,0,0,0,1,0,0,1,0,0,0,0,1,0,0,0,0,1,0,0,0],[0,0,0,0,0,0,0,0,0,0,1,0,0,0,0,0,0,0,1,0,0,0],[0,1,0,0,0,0,0,0,0,0,0,0,0,0,0,0,0,0,0,0,0,0],[0,0,0,1,0,0,1,0,0,0,0,0,0,0,1,1,1,0,0,0,0,0],[0,0,0,0,0,0,0,0,0,0,0,0,0,0,1,0,0,0,0,0,0,0],[0,0,0,0,0,1,0,0,0,0,0,0,1,0,0,0,0,0,0,0,0,0],[0,0,0,0,0,0,0,0,0,0,0,0,0,1,1,0,0,0,0,0,0,0]],"edge_indices":[[1,4],[1,7],[1,11],[4,1],[7,1],[7,1],[15,5],[15,18],[15,13],[5,15],[18,15],[18,15],[0,7],[7,0],[17,1],[1,17],[20,5],[5,20],[6,18],[18,6],[2,1],[1,2],[21,13],[13,21],[14,18],[18,14],[12,20],[20,12],[8,15],[15,8],[9,14],[14,9],[19,14],[14,19],[16,18],[18,16],[3,18],[18,3],[10,16],[16,10],[2,8],[8,2],[14,21],[21,14],[0,8],[8,0],[0,10],[10,0],[4,10],[10,4]],"edge_attributes":[[1.0],[1.0],[1.0],[1.0],[1.0],[1.0],[1.0],[1.0],[1.0],[1.0],[1.0],[1.0],[1.0],[1.0],[1.0],[1.0],[1.0],[1.0],[1.0],[1.0],[1.0],[1.0],[1.0],[1.0],[1.0],[1.0],[1.0],[1.0],[1.0],[1.0],[1.0],[1.0],[1.0],[1.0],[1.0],[1.0],[1.0],[1.0],[1.0],[1.0],[1.0],[1.0],[1.0],[1.0],[1.0],[1.0],[1.0],[1.0],[1.0],[1.0]],"seed_graph_indices":[-1,0,-1,-1,0,1,-1,0,-1,-1,-1,0,-1,1,-1,1,-1,-1,1,-1,-1,-1],"graph_labels":0,"node_importances":[0,1,0,0,1,1,0,1,0,0,0,1,0,1,0,1,0,0,1,0,0,0],"edge_importances":[1,1,1,1,1,1,1,1,1,1,1,1,0,0,0,0,0,0,0,0,0,0,0,0,0,0,0,0,0,0,0,0,0,0,0,0,0,0,0,0,0,0,0,0,0,0,0,0,0,0],"multi_node_importances":[[0,0],[1,0],[0,0],[0,0],[1,0],[0,1],[0,0],[1,0],[0,0],[0,0],[0,0],[1,0],[0,0],[0,1],[0,0],[0,1],[0,0],[0,0],[0,1],[0,0],[0,0],[0,0]],"multi_edge_importances":[[1,0],[1,0],[1,0],[1,0],[1,0],[1,0],[0,1],[0,1],[0,1],[0,1],[0,1],[0,1],[0,0],[0,0],[0,0],[0,0],[0,0],[0,0],[0,0],[0,0],[0,0],[0,0],[0,0],[0,0],[0,0],[0,0],[0,0],[0,0],[0,0],[0,0],[0,0],[0,0],[0,0],[0,0],[0,0],[0,0],[0,0],[0,0],[0,0],[0,0],[0,0],[0,0],[0,0],[0,0],[0,0],[0,0],[0,0],[0,0],[0,0],[0,0]],"original_value":-0.04132570186221218,"class":0,"node_positions":[[-0.3688112250617747,0.15645956788870086],[-0.6824248768302337,0.35504623715924694],[-0.5483645623704642,0.00878757839061618],[0.6160989317010709,-0.06720160898188553],[-0.39931753388821084,0.500047777803517],[0.3411390620467253,0.22616478159912998],[0.6158508918127478,-0.2723660918888754],[-0.7051010632850716,0.12533403046053007],[-0.23759747456612562,-0.06395559571753792],[0.3628133873580999,-0.8645352539656789],[-0.1394493807636147,0.31522558088908714],[-0.9999999999999999,0.32355109761701395],[0.7709972884254122,0.6832839410998668],[-0.008270620576805715,-0.40725918259514804],[0.3604923081418615,-0.5492693429795033],[0.09585166502538563,-0.09731191881650489],[0.12696982247737287,0.0943224436112492],[-0.8158682377713626,0.629961313623477],[0.3299438043133262,-0.20333314214319445],[0.6341610327515509,-0.7028608959971117],[0.5588998132649032,0.4736563603514105],[0.09198696779520685,-0.6637476774084053]],"node_coordinates":[[370.19645787830785,546.0696865750656],[257.90968767665083,626.8992834939396],[305.908872782342,485.96360074773895],[722.835381018548,455.0341561476875],[359.27392670155973,685.9184317879506],[624.3882773148176,574.4414012931472],[722.7465723911687,371.52722934159493],[249.79066695435077,533.4008369818692],[417.1764543361161,456.3553623732327],[632.1485899536026,130.5],[452.3175663138237,610.6913093777262],[144.20454545454544,614.0799968648146],[778.2954545454546,760.5],[499.2850347813935,316.6224656483439],[631.3175467668538,258.8208817635058],[536.5651566458474,442.7785288390942],[547.706755154735,520.7783680414841],[210.13139766778363,738.7963957177808],[620.3799080191257,399.6253163006065],[729.3023666825259,196.30538983164894],[702.3557104705286,675.1764839895044],[535.1814338157442,212.2254196319264]]},"label":"0","name":"3176","value":-0.04132570186221218,"input_type":"classification","classes":{"0":"low","1":"high"},"image_width":900,"image_height":900,"image_path":"./3176.png"}