{"graph":{"node_indices":[0,1,2,3,4,5,6,7,8,9,10,11,12,13,14,15,16,17,18,19,20,21],"node_attributes":[[1.0,0.0,1.0],[0.800000011920929,0.800000011920929,0.800000011920929],[0.0,1.0,0.0],[0.800000011920929,0.800000011920929,0.800000011920929],[0.800000011920929,0.800000011920929,0.800000011920929],[1.0,0.0,0.0],[1.0,0.0,0.0],[1.0,0.0,1.0],[1.0,0.0,0.0],[1.0,0.0,0.0],[0.0,1.0,0.0],[1.0,0.0,0.0],[0.0,0.0,1.0],[1.0,1.0,0.0],[1.0,0.0,1.0],[0.800000011920929,0.800000011920929,0.800000011920929],[1.0,0.0,1.0],[1.0,0.0,1.0],[0.800000011920929,0.800000011920929,0.800000011920929],[1.0,1.0,0.0],[1.0,0.0,0.0],[0.0,1.0,1.0]],"node_adjacency":[[0,0,0,0,0,0,1,0,0,0,0,0,0,0,0,0,0,0,0,0,0,0],[0,0,0,0,0,1,0,0,0,0,0,0,0,0,0,0,0,0,0,1,0,0],[0,0,0,0,0,0,0,0,0,0,0,0,0,0,0,0,0,0,1,1,0,0],[0,0,0,0,0,0,1,0,0,0,0,1,1,1,0,0,1,0,0,0,0,0],[0,0,0,0,0,0,0,0,0,0,0,0,0,0,0,0,0,0,0,1,0,0],[0,1,0,0,0,0,0,1,0,0,0,0,0,0,1,0,0,0,0,0,0,0],[1,0,0,1,0,0,0,0,0,0,0,0,0,0,0,0,0,0,0,0,0,0],[0,0,0,0,0,1,0,0,0,0,0,0,0,0,0,0,0,0,0,0,0,0],[0,0,0,0,0,0,0,0,0,0,0,0,1,0,1,0,0,0,0,1,0,0],[0,0,0,0,0,0,0,0,0,0,0,0,0,0,0,1,0,1,0,0,0,0],[0,0,0,0,0,0,0,0,0,0,0,0,0,0,0,1,1,0,0,0,0,0],[0,0,0,1,0,0,0,0,0,0,0,0,0,0,0,1,0,0,0,0,0,0],[0,0,0,1,0,0,0,0,1,0,0,0,0,0,0,0,0,0,0,0,0,0],[0,0,0,1,0,0,0,0,0,0,0,0,0,0,0,0,0,1,0,0,0,0],[0,0,0,0,0,1,0,0,1,0,0,0,0,0,0,0,0,0,0,0,0,1],[0,0,0,0,0,0,0,0,0,1,1,1,0,0,0,0,0,0,0,0,0,0],[0,0,0,1,0,0,0,0,0,0,1,0,0,0,0,0,0,0,0,0,0,0],[0,0,0,0,0,0,0,0,0,1,0,0,0,1,0,0,0,0,0,0,0,0],[0,0,1,0,0,0,0,0,0,0,0,0,0,0,0,0,0,0,0,0,0,0],[0,1,1,0,1,0,1,0,1,0,0,0,0,0,0,0,0,0,0,0,1,1],[0,0,0,0,0,0,0,0,0,0,0,0,0,0,0,0,0,0,0,1,0,0],[0,0,0,0,0,0,0,0,0,0,0,0,0,0,1,0,0,0,0,1,0,0]],"edge_indices":[[19,20],[19,8],[19,6],[20,19],[8,19],[8,19],[3,6],[6,3],[4,19],[19,4],[13,3],[3,13],[21,19],[19,21],[12,8],[8,12],[2,19],[19,2],[16,3],[3,16],[11,3],[3,11],[17,13],[13,17],[15,11],[11,15],[0,6],[6,0],[18,2],[2,18],[10,16],[16,10],[14,8],[8,14],[5,14],[14,5],[1,19],[19,1],[9,15],[15,9],[7,5],[5,7],[5,1],[1,5],[21,14],[14,21],[10,15],[15,10],[3,12],[12,3],[17,9],[9,17]],"edge_attributes":[[1.0],[1.0],[1.0],[1.0],[1.0],[1.0],[1.0],[1.0],[1.0],[1.0],[1.0],[1.0],[1.0],[1.0],[1.0],[1.0],[1.0],[1.0],[1.0],[1.0],[1.0],[1.0],[1.0],[1.0],[1.0],[1.0],[1.0],[1.0],[1.0],[1.0],[1.0],[1.0],[1.0],[1.0],[1.0],[1.0],[1.0],[1.0],[1.0],[1.0],[1.0],[1.0],[1.0],[1.0],[1.0],[1.0],[1.0],[1.0],[1.0],[1.0],[1.0],[1.0]],"seed_graph_indices":[-1,-1,-1,-1,-1,-1,0,-1,0,-1,-1,-1,-1,-1,-1,-1,-1,-1,-1,0,0,-1],"graph_labels":1,"node_importances":[0,0,0,0,0,0,1,0,1,0,0,0,0,0,0,0,0,0,0,1,1,0],"edge_importances":[1,1,1,1,1,1,0,0,0,0,0,0,0,0,0,0,0,0,0,0,0,0,0,0,0,0,0,0,0,0,0,0,0,0,0,0,0,0,0,0,0,0,0,0,0,0,0,0,0,0,0,0],"multi_node_importances":[[0,0],[0,0],[0,0],[0,0],[0,0],[0,0],[0,1],[0,0],[0,1],[0,0],[0,0],[0,0],[0,0],[0,0],[0,0],[0,0],[0,0],[0,0],[0,0],[0,1],[0,1],[0,0]],"multi_edge_importances":[[0,1],[0,1],[0,1],[0,1],[0,1],[0,1],[0,0],[0,0],[0,0],[0,0],[0,0],[0,0],[0,0],[0,0],[0,0],[0,0],[0,0],[0,0],[0,0],[0,0],[0,0],[0,0],[0,0],[0,0],[0,0],[0,0],[0,0],[0,0],[0,0],[0,0],[0,0],[0,0],[0,0],[0,0],[0,0],[0,0],[0,0],[0,0],[0,0],[0,0],[0,0],[0,0],[0,0],[0,0],[0,0],[0,0],[0,0],[0,0],[0,0],[0,0],[0,0],[0,0]],"original_value":1.5510580450228124,"class":1,"node_positions":[[0.06634264137002567,-0.46806788970151836],[0.5295938735066602,0.2566263354803999],[0.5694183414504903,-0.20968455991521656],[-0.2786261294988921,-0.09104019762666651],[0.37250002388104275,-0.2612424853104655],[0.5115426532512518,0.5549374668362167],[0.02982878773861,-0.15996870563800744],[0.6614723513841576,0.7840782719180115],[0.11527388689889624,0.22192109280597871],[-1.0,-0.0853734544913853],[-0.6468046927869634,-0.5194819264923503],[-0.5300239942502769,-0.1744672015360754],[-0.15971398238267884,0.16631870080818384],[-0.5212348546671489,0.12929367343438605],[0.2299148660394736,0.50585624897131],[-0.7944630045763186,-0.2918472515867806],[-0.37985319385282346,-0.3905968053694632],[-0.8182011669586013,0.15233770865175011],[0.7984430896058122,-0.3844581836847529],[0.31760813029733304,0.0006407676666829689],[0.5944630288707845,0.001067789423946948],[0.33251934467916555,0.263150605355815]],"node_coordinates":[[520.1731700813735,155.34798417267066],[683.5052191301905,505.5867858953387],[697.5464380203027,280.22253769453755],[398.5448779255234,337.56238922800424],[628.1174326067195,255.3050133342382],[677.1407616012837,649.7581198953678],[507.29919993610116,304.24980412445495],[730.0026281447823,760.5],[537.4252355705032,488.814025487689],[144.20454545454538,340.3010799149251],[268.73333078655446,130.5],[309.9075996457538,297.2427994407269],[440.470648000015,461.94184344245025],[313.00645417198405,444.04795003120813],[577.8450871090101,626.0375680615529],[216.67230439185045,240.51397968838825],[362.85447346860116,192.78912665977072],[208.30275794797137,455.1849440915079],[778.2954545454545,195.75587239662548],[608.7637755989546,381.871051156502],[706.3766360432564,382.07742728504934],[614.0211371121832,508.73991225384816]]},"label":"1","name":"3177","value":1.5510580450228124,"input_type":"classification","classes":{"0":"low","1":"high"},"image_width":900,"image_height":900,"image_path":"./3177.png"}