{"graph": {"node_indices": [0, 1, 2, 3, 4, 5, 6, 7, 8, 9, 10, 11, 12, 13, 14], "node_attributes": [[0.0, 0.0, 1.0], [0.0, 1.0, 1.0], [0.0, 1.0, 0.0], [1.0, 0.0, 0.0], [1.0, 0.0, 0.0], [1.0, 0.0, 1.0], [0.0, 0.0, 1.0], [0.0, 0.0, 1.0], [1.0, 0.0, 0.0], [0.0, 0.0, 1.0], [0.0, 1.0, 1.0], [0.0, 1.0, 0.0], [1.0, 1.0, 0.0], [1.0, 1.0, 0.0], [0.0, 1.0, 0.0]], "node_adjacency": [[0, 0, 0, 1, 0, 0, 0, 0, 1, 0, 1, 0, 1, 0, 0], [0, 0, 1, 0, 1, 0, 0, 1, 0, 0, 0, 0, 0, 0, 0], [0, 1, 0, 0, 0, 0, 0, 0, 0, 0, 0, 0, 0, 0, 0], [1, 0, 0, 0, 0, 0, 1, 0, 0, 0, 0, 0, 0, 0, 0], [0, 1, 0, 0, 0, 0, 0, 0, 0, 0, 0, 0, 0, 0, 0], [0, 0, 0, 0, 0, 0, 0, 0, 0, 0, 0, 1, 1, 1, 0], [0, 0, 0, 1, 0, 0, 0, 0, 0, 0, 0, 0, 0, 1, 0], [0, 1, 0, 0, 0, 0, 0, 0, 0, 0, 0, 0, 0, 0, 0], [1, 0, 0, 0, 0, 0, 0, 0, 0, 0, 0, 0, 0, 0, 0], [0, 0, 0, 0, 0, 0, 0, 0, 0, 0, 0, 0, 1, 0, 1], [1, 0, 0, 0, 0, 0, 0, 0, 0, 0, 0, 0, 0, 0, 0], [0, 0, 0, 0, 0, 1, 0, 0, 0, 0, 0, 0, 0, 0, 0], [1, 0, 0, 0, 0, 1, 0, 1, 0, 1, 0, 0, 0, 0, 0], [0, 0, 0, 0, 0, 1, 1, 0, 0, 0, 0, 0, 0, 0, 0], [0, 0, 0, 0, 0, 0, 0, 0, 0, 1, 0, 0, 0, 0, 0]], "edge_indices": [[12, 9], [12, 0], [12, 7], [9, 12], [0, 12], [0, 12], [8, 0], [0, 8], [1, 7], [7, 1], [3, 0], [0, 3], [2, 1], [1, 2], [5, 12], [12, 5], [4, 1], [1, 4], [6, 3], [3, 6], [11, 5], [5, 11], [10, 0], [0, 10], [13, 5], [5, 13], [14, 9], [9, 14], [6, 13], [13, 6]], "edge_attributes": [[1.0], [1.0], [1.0], [1.0], [1.0], [1.0], [1.0], [1.0], [1.0], [1.0], [1.0], [1.0], [1.0], [1.0], [1.0], [1.0], [1.0], [1.0], [1.0], [1.0], [1.0], [1.0], [1.0], [1.0], [1.0], [1.0], [1.0], [1.0], [1.0], [1.0]], "seed_graph_indices": [0, -1, -1, -1, -1, -1, -1, 0, -1, 0, -1, -1, 0, -1, -1], "graph_labels": 0, "node_importances": [1, 0, 0, 0, 0, 0, 0, 1, 0, 1, 0, 0, 1, 0, 0], "edge_importances": [1, 1, 1, 1, 1, 1, 0, 0, 0, 0, 0, 0, 0, 0, 0, 0, 0, 0, 0, 0, 0, 0, 0, 0, 0, 0, 0, 0, 0, 0], "multi_node_importances": [[1, 0], [0, 0], [0, 0], [0, 0], [0, 0], [0, 0], [0, 0], [1, 0], [0, 0], [1, 0], [0, 0], [0, 0], [1, 0], [0, 0], [0, 0]], "multi_edge_importances": [[1, 0], [1, 0], [1, 0], [1, 0], [1, 0], [1, 0], [0, 0], [0, 0], [0, 0], [0, 0], [0, 0], [0, 0], [0, 0], [0, 0], [0, 0], [0, 0], [0, 0], [0, 0], [0, 0], [0, 0], [0, 0], [0, 0], [0, 0], [0, 0], [0, 0], [0, 0], [0, 0], [0, 0], [0, 0], [0, 0]], "original_value": -2.1, "class": 0, "node_positions": [[-0.29568629192432677, -0.18276458930807912], [-0.061060381113359756, 0.716248555621044], [-0.3300413434058607, 0.941717582036958], [-0.3200237052383662, -0.5521507970905464], [0.1465020350517739, 1.0], [0.2627687399689726, -0.3315368512715204], [-0.1242400202403586, -0.8369013561794492], [-0.016804366002384975, 0.35882019653534636], [-0.5967787334843603, 0.004612536005702342], [0.39378635290257363, 0.11857689752257099], [-0.6373989618373276, -0.3018213255860144], [0.60323342992764, -0.45366434656236293], [0.054009159785041984, -0.009827484857839913], [0.18949709681586033, -0.6881975528377151], [0.7322369887944825, 0.21688853597190583]], "node_coordinates": [[302.40490330369784, 354.8485540160405], [411.02804291519783, 663.1820850464446], [286.49978208098037, 740.5109444128859], [291.1375789273907, 228.1605802061827], [507.12178307917515, 760.5], [560.9489775128072, 303.8242980201122], [381.77820116594035, 130.50000000000006], [431.51694497819784, 540.5952812061238], [163.0102123997886, 419.1130767409887], [621.6052980873837, 458.19930612075143], [144.20454545454538, 314.0157985701504], [718.5715666903609, 261.93836779615174], [464.30099458040695, 414.1605989645267], [527.0269102685083, 181.50077681914482], [778.2954545454545, 491.91713860790344]]}, "label": "0", "name": "3178", "value": -2.1, "input_type": "classification", "classes": {"0": "low", "1": "high"}, "image_width": 900, "image_height": 900, "image_path": "./3178.png"}