{"graph":{"node_indices":[0,1,2,3,4,5,6,7,8,9,10,11,12,13,14,15,16,17,18,19,20,21,22,23,24,25,26,27,28,29,30,31],"node_attributes":[[0.0,1.0,0.0],[0.0,1.0,0.0],[0.800000011920929,0.800000011920929,0.800000011920929],[0.800000011920929,0.800000011920929,0.800000011920929],[0.0,0.0,1.0],[0.0,0.0,1.0],[0.800000011920929,0.800000011920929,0.800000011920929],[1.0,0.0,0.0],[0.0,0.0,1.0],[0.0,1.0,1.0],[0.0,0.0,1.0],[0.800000011920929,0.800000011920929,0.800000011920929],[0.800000011920929,0.800000011920929,0.800000011920929],[0.0,1.0,0.0],[0.0,0.0,1.0],[0.0,1.0,0.0],[1.0,0.0,0.0],[0.800000011920929,0.800000011920929,0.800000011920929],[0.800000011920929,0.800000011920929,0.800000011920929],[0.800000011920929,0.800000011920929,0.800000011920929],[1.0,1.0,0.0],[0.0,0.0,1.0],[1.0,0.0,1.0],[0.0,1.0,1.0],[0.0,1.0,0.0],[0.0,0.0,1.0],[0.800000011920929,0.800000011920929,0.800000011920929],[0.0,0.0,1.0],[1.0,1.0,0.0],[1.0,0.0,1.0],[0.0,1.0,1.0],[0.0,1.0,0.0]],"node_adjacency":[[0,0,0,0,0,0,0,0,0,0,1,0,0,0,0,0,0,0,0,0,0,0,0,1,0,0,0,0,0,0,0,0],[0,0,0,0,0,0,0,0,0,0,0,0,0,0,0,0,0,0,1,0,0,0,0,0,0,0,0,0,0,0,0,0],[0,0,0,0,0,0,0,0,0,0,0,0,0,0,0,0,0,0,0,0,0,0,0,0,0,0,0,1,0,0,0,1],[0,0,0,0,0,0,0,0,0,0,0,0,0,0,0,0,1,0,0,0,0,0,0,0,0,1,0,0,0,0,0,0],[0,0,0,0,0,0,0,0,0,0,0,0,0,0,0,0,0,0,0,0,0,0,0,1,0,0,0,0,0,0,0,0],[0,0,0,0,0,0,0,0,1,0,0,0,0,0,0,0,0,1,0,0,0,0,0,0,1,0,0,0,0,0,1,0],[0,0,0,0,0,0,0,0,0,0,0,0,0,0,0,0,0,0,0,0,1,0,0,1,0,0,0,0,0,0,0,0],[0,0,0,0,0,0,0,0,0,0,0,0,0,0,0,0,0,0,0,1,0,0,0,0,0,0,0,0,0,0,0,0],[0,0,0,0,0,1,0,0,0,0,0,0,0,0,0,0,0,0,0,0,0,0,0,0,1,0,0,0,0,0,0,0],[0,0,0,0,0,0,0,0,0,0,1,0,0,0,0,0,0,0,0,0,0,1,0,0,0,0,0,0,0,0,0,0],[1,0,0,0,0,0,0,0,0,1,0,0,0,0,1,1,0,0,0,0,0,0,0,0,0,0,0,1,0,1,0,0],[0,0,0,0,0,0,0,0,0,0,0,0,0,0,0,1,0,0,1,0,0,0,0,0,0,0,0,0,1,0,1,0],[0,0,0,0,0,0,0,0,0,0,0,0,0,0,0,0,0,0,0,1,0,0,0,0,1,1,0,0,0,0,0,0],[0,0,0,0,0,0,0,0,0,0,0,0,0,0,0,1,0,0,0,0,0,0,1,0,0,0,0,0,1,0,0,0],[0,0,0,0,0,0,0,0,0,0,1,0,0,0,0,1,0,0,0,0,0,0,0,0,0,0,0,0,0,0,0,0],[0,0,0,0,0,0,0,0,0,0,1,1,0,1,1,0,0,0,0,0,0,0,0,0,0,0,0,0,0,0,0,0],[0,0,0,1,0,0,0,0,0,0,0,0,0,0,0,0,0,0,0,0,0,0,0,0,0,0,0,0,0,0,0,0],[0,0,0,0,0,1,0,0,0,0,0,0,0,0,0,0,0,0,0,0,0,0,0,0,0,0,0,0,0,0,0,0],[0,1,0,0,0,0,0,0,0,0,0,1,0,0,0,0,0,0,0,0,0,0,0,0,0,0,0,0,0,0,0,0],[0,0,0,0,0,0,0,1,0,0,0,0,1,0,0,0,0,0,0,0,0,0,0,0,0,0,0,0,0,0,0,1],[0,0,0,0,0,0,1,0,0,0,0,0,0,0,0,0,0,0,0,0,0,0,0,0,0,0,0,0,0,0,0,0],[0,0,0,0,0,0,0,0,0,1,0,0,0,0,0,0,0,0,0,0,0,0,0,0,0,0,0,0,0,0,0,0],[0,0,0,0,0,0,0,0,0,0,0,0,0,1,0,0,0,0,0,0,0,0,0,0,0,0,0,0,0,0,0,0],[1,0,0,0,1,0,1,0,0,0,0,0,0,0,0,0,0,0,0,0,0,0,0,0,0,0,0,0,0,0,0,0],[0,0,0,0,0,1,0,0,1,0,0,0,1,0,0,0,0,0,0,0,0,0,0,0,0,0,0,0,0,0,0,0],[0,0,0,1,0,0,0,0,0,0,0,0,1,0,0,0,0,0,0,0,0,0,0,0,0,0,1,0,0,0,0,0],[0,0,0,0,0,0,0,0,0,0,0,0,0,0,0,0,0,0,0,0,0,0,0,0,0,1,0,0,0,0,0,0],[0,0,1,0,0,0,0,0,0,0,1,0,0,0,0,0,0,0,0,0,0,0,0,0,0,0,0,0,0,1,0,0],[0,0,0,0,0,0,0,0,0,0,0,1,0,1,0,0,0,0,0,0,0,0,0,0,0,0,0,0,0,0,0,0],[0,0,0,0,0,0,0,0,0,0,1,0,0,0,0,0,0,0,0,0,0,0,0,0,0,0,0,1,0,0,0,0],[0,0,0,0,0,1,0,0,0,0,0,1,0,0,0,0,0,0,0,0,0,0,0,0,0,0,0,0,0,0,0,0],[0,0,1,0,0,0,0,0,0,0,0,0,0,0,0,0,0,0,0,1,0,0,0,0,0,0,0,0,0,0,0,0]],"edge_indices":[[10,14],[10,15],[14,10],[14,15],[15,14],[15,10],[5,8],[5,24],[8,5],[8,24],[24,8],[24,5],[27,10],[10,27],[30,5],[5,30],[9,10],[10,9],[0,10],[10,0],[23,0],[0,23],[12,24],[24,12],[13,15],[15,13],[22,13],[13,22],[19,12],[12,19],[11,15],[15,11],[21,9],[9,21],[28,11],[11,28],[25,12],[12,25],[4,23],[23,4],[6,23],[23,6],[18,11],[11,18],[29,27],[27,29],[1,18],[18,1],[26,25],[25,26],[2,27],[27,2],[17,5],[5,17],[3,25],[25,3],[31,19],[19,31],[16,3],[3,16],[7,19],[19,7],[20,6],[6,20],[2,31],[31,2],[28,13],[13,28],[11,30],[30,11],[10,29],[29,10]],"edge_attributes":[[1.0],[1.0],[1.0],[1.0],[1.0],[1.0],[1.0],[1.0],[1.0],[1.0],[1.0],[1.0],[1.0],[1.0],[1.0],[1.0],[1.0],[1.0],[1.0],[1.0],[1.0],[1.0],[1.0],[1.0],[1.0],[1.0],[1.0],[1.0],[1.0],[1.0],[1.0],[1.0],[1.0],[1.0],[1.0],[1.0],[1.0],[1.0],[1.0],[1.0],[1.0],[1.0],[1.0],[1.0],[1.0],[1.0],[1.0],[1.0],[1.0],[1.0],[1.0],[1.0],[1.0],[1.0],[1.0],[1.0],[1.0],[1.0],[1.0],[1.0],[1.0],[1.0],[1.0],[1.0],[1.0],[1.0],[1.0],[1.0],[1.0],[1.0],[1.0],[1.0]],"seed_graph_indices":[-1,-1,-1,-1,-1,1,-1,-1,1,-1,0,-1,-1,-1,0,0,-1,-1,-1,-1,-1,-1,-1,-1,1,-1,-1,-1,-1,-1,-1,-1],"graph_labels":0,"node_importances":[0,0,0,0,0,1,0,0,1,0,1,0,0,0,1,1,0,0,0,0,0,0,0,0,1,0,0,0,0,0,0,0],"edge_importances":[1,1,1,1,1,1,1,1,1,1,1,1,0,0,0,0,0,0,0,0,0,0,0,0,0,0,0,0,0,0,0,0,0,0,0,0,0,0,0,0,0,0,0,0,0,0,0,0,0,0,0,0,0,0,0,0,0,0,0,0,0,0,0,0,0,0,0,0,0,0,0,0],"multi_node_importances":[[0,0],[0,0],[0,0],[0,0],[0,0],[1,0],[0,0],[0,0],[1,0],[0,0],[1,0],[0,0],[0,0],[0,0],[1,0],[1,0],[0,0],[0,0],[0,0],[0,0],[0,0],[0,0],[0,0],[0,0],[1,0],[0,0],[0,0],[0,0],[0,0],[0,0],[0,0],[0,0]],"multi_edge_importances":[[1,0],[1,0],[1,0],[1,0],[1,0],[1,0],[1,0],[1,0],[1,0],[1,0],[1,0],[1,0],[0,0],[0,0],[0,0],[0,0],[0,0],[0,0],[0,0],[0,0],[0,0],[0,0],[0,0],[0,0],[0,0],[0,0],[0,0],[0,0],[0,0],[0,0],[0,0],[0,0],[0,0],[0,0],[0,0],[0,0],[0,0],[0,0],[0,0],[0,0],[0,0],[0,0],[0,0],[0,0],[0,0],[0,0],[0,0],[0,0],[0,0],[0,0],[0,0],[0,0],[0,0],[0,0],[0,0],[0,0],[0,0],[0,0],[0,0],[0,0],[0,0],[0,0],[0,0],[0,0],[0,0],[0,0],[0,0],[0,0],[0,0],[0,0],[0,0],[0,0]],"original_value":-2.453391442508652,"class":0,"node_positions":[[0.5011853393607155,0.0021893285062318957],[-0.03441154048893387,-0.6699110490369282],[0.011728818883152851,0.2979143345135696],[-0.8119071129122747,0.3696839790217435],[0.8250848569868898,-0.12723061773474292],[-0.35957480934263375,-0.1862154665069284],[0.8409704567015499,0.12641760358697152],[-0.3903834258080177,0.5107993710284836],[-0.517414888078291,-0.1592392875986617],[0.3991964378999139,0.18110053799071638],[0.29292352008759287,0.019195419943451173],[0.019179377105469617,-0.2821145630735484],[-0.5033209648499778,0.17736609798338937],[0.2923303882351888,-0.3501630762661354],[0.31457260913763885,-0.11961404242219403],[0.19240387241000834,-0.1731981636996002],[-0.9565528726437316,0.46831025960035383],[-0.4703025961435214,-0.35355981641995926],[-0.027739139248822514,-0.48094321060806244],[-0.3590914033441654,0.32298952457210484],[1.0,0.19980863828807546],[0.4671316966629746,0.36008481575799395],[0.4069434485649605,-0.5019572581901193],[0.6946233655535089,0.008315244529913059],[-0.4607552036454811,-0.014596258586819746],[-0.6939585756129686,0.2265692670851409],[-0.8597039244345268,0.13593179347776044],[0.13857642854763147,0.1539024524667693],[0.13014229118023327,-0.4233401450173006],[0.2577684797952292,0.1685062512554505],[-0.17227923243713758,-0.2363405368260137],[-0.1673656981221742,0.34933857237889493]],"node_coordinates":[[616.6367301352858,489.11734651984614],[443.05741255148774,130.50000000000006],[458.0108456169049,646.9094271337373],[191.08217527312166,685.2040633728624],[721.6079488829663,420.0618315127904],[337.6766300368727,388.58886905310607],[726.756245412726,555.4027048692119],[327.69199640109895,760.5],[286.52290942147386,402.9827394072497],[583.5835803080188,584.5802644883187],[549.1420418198184,498.19140686806816],[460.4254653813276,337.41931061588696],[291.0905491297854,582.587652951541],[548.949816237387,301.1101847008681],[556.158203125076,424.12586140984166],[516.5650562097885,395.5346032731551],[144.20454545454544,737.828784649636],[301.79133198237747,299.29776206061524],[445.21984272514544,231.32890451969593],[337.83329503341565,660.2889734377345],[778.2954545454547,594.5624777279404],[605.6004297326851,680.0821700166343],[586.0942760852807,220.11629069694135],[679.3272383225767,492.3859948093271],[304.88550585990214,480.16094223230147],[229.30761568302083,608.8413354864899],[175.59190966693865,560.4792583825322],[499.12034858652083,570.0679898535802],[496.3869648351966,262.06457916561754],[537.7487941494952,577.8602419422502],[398.37645792766637,361.8432811728244],[399.96886439119044,674.348221019676]]},"label":"0","name":"3188","value":-2.453391442508652,"input_type":"classification","classes":{"0":"low","1":"high"},"image_width":900,"image_height":900,"image_path":"./3188.png"}