{"graph":{"node_indices":[0,1,2,3,4,5,6,7,8,9,10,11,12,13,14,15,16,17,18,19,20,21,22,23,24,25,26,27,28,29,30,31,32],"node_attributes":[[0.0,0.0,1.0],[0.800000011920929,0.800000011920929,0.800000011920929],[1.0,1.0,0.0],[0.800000011920929,0.800000011920929,0.800000011920929],[0.0,0.0,1.0],[0.0,0.0,1.0],[0.0,1.0,0.0],[0.0,1.0,1.0],[0.800000011920929,0.800000011920929,0.800000011920929],[0.0,0.0,1.0],[0.800000011920929,0.800000011920929,0.800000011920929],[0.800000011920929,0.800000011920929,0.800000011920929],[0.0,1.0,1.0],[0.800000011920929,0.800000011920929,0.800000011920929],[0.800000011920929,0.800000011920929,0.800000011920929],[0.800000011920929,0.800000011920929,0.800000011920929],[0.0,1.0,1.0],[0.0,0.0,1.0],[1.0,1.0,0.0],[1.0,0.0,0.0],[0.0,1.0,0.0],[0.0,1.0,1.0],[1.0,0.0,1.0],[1.0,0.0,0.0],[0.0,1.0,0.0],[0.800000011920929,0.800000011920929,0.800000011920929],[0.800000011920929,0.800000011920929,0.800000011920929],[1.0,1.0,0.0],[1.0,0.0,0.0],[0.0,0.0,1.0],[1.0,1.0,0.0],[0.0,1.0,0.0],[1.0,0.0,1.0]],"node_adjacency":[[0,0,0,0,0,0,0,1,0,0,1,0,0,0,0,0,0,0,0,0,0,0,0,0,0,0,0,0,0,1,0,0,0],[0,0,0,0,0,0,0,0,0,0,0,0,0,0,0,0,0,0,0,0,0,0,0,0,0,0,0,0,0,1,0,0,0],[0,0,0,0,0,0,1,0,0,0,0,0,0,0,0,0,0,0,0,0,0,0,0,0,1,0,0,0,0,0,0,0,0],[0,0,0,0,0,0,0,0,0,0,0,0,0,0,0,0,0,0,0,0,1,0,0,0,0,0,0,0,0,0,0,0,0],[0,0,0,0,0,0,0,1,0,0,0,0,0,0,0,0,0,0,0,0,0,0,0,0,0,0,0,0,0,0,0,0,0],[0,0,0,0,0,0,1,0,0,0,0,0,0,0,0,0,0,0,0,0,0,0,0,0,0,0,0,0,0,0,0,0,0],[0,0,1,0,0,1,0,0,0,0,0,0,0,0,0,0,0,0,0,0,0,0,0,0,0,0,0,0,0,0,0,0,0],[1,0,0,0,1,0,0,0,0,0,0,0,0,0,0,0,0,0,0,0,0,0,0,0,1,0,0,0,0,0,0,0,1],[0,0,0,0,0,0,0,0,0,1,0,0,0,0,0,0,0,0,0,0,0,0,0,0,0,0,0,0,0,0,0,0,0],[0,0,0,0,0,0,0,0,1,0,0,0,0,0,0,0,0,0,0,0,1,0,0,0,0,0,0,0,0,0,0,0,0],[1,0,0,0,0,0,0,0,0,0,0,0,0,0,0,0,0,0,0,0,0,0,0,0,0,0,0,0,0,0,0,0,0],[0,0,0,0,0,0,0,0,0,0,0,0,0,0,0,0,0,0,0,0,0,0,0,1,0,0,0,0,0,0,0,0,0],[0,0,0,0,0,0,0,0,0,0,0,0,0,0,0,0,0,0,0,0,1,0,0,0,0,1,0,0,0,0,1,0,0],[0,0,0,0,0,0,0,0,0,0,0,0,0,0,0,0,0,0,0,0,0,0,1,0,0,0,0,0,0,0,0,0,0],[0,0,0,0,0,0,0,0,0,0,0,0,0,0,0,0,0,0,0,0,0,0,0,0,0,0,0,0,0,0,0,1,0],[0,0,0,0,0,0,0,0,0,0,0,0,0,0,0,0,0,0,0,0,0,0,0,1,0,0,0,0,0,0,0,0,0],[0,0,0,0,0,0,0,0,0,0,0,0,0,0,0,0,0,0,0,0,0,0,0,0,0,0,0,0,1,0,0,0,0],[0,0,0,0,0,0,0,0,0,0,0,0,0,0,0,0,0,0,0,0,0,0,0,0,0,0,1,0,0,0,0,0,0],[0,0,0,0,0,0,0,0,0,0,0,0,0,0,0,0,0,0,0,0,0,0,0,0,0,0,0,0,0,0,0,1,0],[0,0,0,0,0,0,0,0,0,0,0,0,0,0,0,0,0,0,0,0,0,0,0,0,0,0,0,0,0,0,0,0,1],[0,0,0,1,0,0,0,0,0,1,0,0,1,0,0,0,0,0,0,0,0,0,0,1,0,0,0,0,1,0,0,0,0],[0,0,0,0,0,0,0,0,0,0,0,0,0,0,0,0,0,0,0,0,0,0,0,1,0,0,0,0,0,0,0,0,0],[0,0,0,0,0,0,0,0,0,0,0,0,0,1,0,0,0,0,0,0,0,0,0,0,0,0,0,1,1,0,0,0,0],[0,0,0,0,0,0,0,0,0,0,0,1,0,0,0,1,0,0,0,0,1,1,0,0,1,0,0,0,1,0,0,1,0],[0,0,1,0,0,0,0,1,0,0,0,0,0,0,0,0,0,0,0,0,0,0,0,1,0,0,0,0,0,1,0,0,0],[0,0,0,0,0,0,0,0,0,0,0,0,1,0,0,0,0,0,0,0,0,0,0,0,0,0,0,0,0,0,0,0,0],[0,0,0,0,0,0,0,0,0,0,0,0,0,0,0,0,0,1,0,0,0,0,0,0,0,0,0,0,1,0,0,0,0],[0,0,0,0,0,0,0,0,0,0,0,0,0,0,0,0,0,0,0,0,0,0,1,0,0,0,0,0,0,0,0,0,0],[0,0,0,0,0,0,0,0,0,0,0,0,0,0,0,0,1,0,0,0,1,0,1,1,0,0,1,0,0,0,0,0,0],[1,1,0,0,0,0,0,0,0,0,0,0,0,0,0,0,0,0,0,0,0,0,0,0,1,0,0,0,0,0,0,0,0],[0,0,0,0,0,0,0,0,0,0,0,0,1,0,0,0,0,0,0,0,0,0,0,0,0,0,0,0,0,0,0,0,0],[0,0,0,0,0,0,0,0,0,0,0,0,0,0,1,0,0,0,1,0,0,0,0,1,0,0,0,0,0,0,0,0,0],[0,0,0,0,0,0,0,1,0,0,0,0,0,0,0,0,0,0,0,1,0,0,0,0,0,0,0,0,0,0,0,0,0]],"edge_indices":[[28,23],[28,20],[23,28],[23,20],[20,23],[20,28],[9,20],[20,9],[24,23],[23,24],[7,24],[24,7],[29,24],[24,29],[15,23],[23,15],[0,7],[7,0],[26,28],[28,26],[16,28],[28,16],[12,20],[20,12],[32,7],[7,32],[22,28],[28,22],[8,9],[9,8],[19,32],[32,19],[25,12],[12,25],[11,23],[23,11],[2,24],[24,2],[3,20],[20,3],[6,2],[2,6],[4,7],[7,4],[10,0],[0,10],[30,12],[12,30],[31,23],[23,31],[14,31],[31,14],[17,26],[26,17],[5,6],[6,5],[13,22],[22,13],[27,22],[22,27],[21,23],[23,21],[18,31],[31,18],[1,29],[29,1],[0,29],[29,0]],"edge_attributes":[[1.0],[1.0],[1.0],[1.0],[1.0],[1.0],[1.0],[1.0],[1.0],[1.0],[1.0],[1.0],[1.0],[1.0],[1.0],[1.0],[1.0],[1.0],[1.0],[1.0],[1.0],[1.0],[1.0],[1.0],[1.0],[1.0],[1.0],[1.0],[1.0],[1.0],[1.0],[1.0],[1.0],[1.0],[1.0],[1.0],[1.0],[1.0],[1.0],[1.0],[1.0],[1.0],[1.0],[1.0],[1.0],[1.0],[1.0],[1.0],[1.0],[1.0],[1.0],[1.0],[1.0],[1.0],[1.0],[1.0],[1.0],[1.0],[1.0],[1.0],[1.0],[1.0],[1.0],[1.0],[1.0],[1.0],[1.0],[1.0]],"seed_graph_indices":[-1,-1,-1,-1,-1,-1,-1,-1,-1,-1,-1,-1,-1,-1,-1,-1,-1,-1,-1,-1,0,-1,-1,0,-1,-1,-1,-1,0,-1,-1,-1,-1],"graph_labels":1,"node_importances":[0,0,0,0,0,0,0,0,0,0,0,0,0,0,0,0,0,0,0,0,1,0,0,1,0,0,0,0,1,0,0,0,0],"edge_importances":[1,1,1,1,1,1,0,0,0,0,0,0,0,0,0,0,0,0,0,0,0,0,0,0,0,0,0,0,0,0,0,0,0,0,0,0,0,0,0,0,0,0,0,0,0,0,0,0,0,0,0,0,0,0,0,0,0,0,0,0,0,0,0,0,0,0,0,0],"multi_node_importances":[[0,0],[0,0],[0,0],[0,0],[0,0],[0,0],[0,0],[0,0],[0,0],[0,0],[0,0],[0,0],[0,0],[0,0],[0,0],[0,0],[0,0],[0,0],[0,0],[0,0],[0,1],[0,0],[0,0],[0,1],[0,0],[0,0],[0,0],[0,0],[0,1],[0,0],[0,0],[0,0],[0,0]],"multi_edge_importances":[[0,1],[0,1],[0,1],[0,1],[0,1],[0,1],[0,0],[0,0],[0,0],[0,0],[0,0],[0,0],[0,0],[0,0],[0,0],[0,0],[0,0],[0,0],[0,0],[0,0],[0,0],[0,0],[0,0],[0,0],[0,0],[0,0],[0,0],[0,0],[0,0],[0,0],[0,0],[0,0],[0,0],[0,0],[0,0],[0,0],[0,0],[0,0],[0,0],[0,0],[0,0],[0,0],[0,0],[0,0],[0,0],[0,0],[0,0],[0,0],[0,0],[0,0],[0,0],[0,0],[0,0],[0,0],[0,0],[0,0],[0,0],[0,0],[0,0],[0,0],[0,0],[0,0],[0,0],[0,0],[0,0],[0,0],[0,0],[0,0]],"original_value":0.8035568485186998,"class":1,"node_positions":[[0.3445282236920002,-0.6065069209099285],[0.5618043769361226,-0.3831949453537154],[-0.2390223520748535,-0.3937503865489225],[-0.35791535898745686,0.3075258363584752],[0.1503444176890609,-0.7429532926963041],[-0.690886175416278,-0.659127938642393],[-0.47849946639184204,-0.5251454558183357],[0.08118569263007874,-0.5230685195111731],[-0.718418107896516,0.19380273188556563],[-0.4530816261313994,0.1720417219555502],[0.5300266867412354,-0.7898853324827916],[0.19531249867762912,-0.020545098277438795],[-0.32182432348906803,0.5004778769282958],[0.5357724564618641,0.624231452889239],[-0.11820717948842745,0.5463580233410016],[-0.23580846679951653,-0.01771044761664756],[0.3328454547143879,0.31777842555660546],[0.6967125650237121,0.2440966806817183],[0.09806055664903976,0.5472356802691907],[-0.11670117192935824,-1.0],[-0.16277741502761792,0.24432726527131515],[-0.12007608220089853,-0.08491405935086185],[0.2903182828231319,0.5133172252440737],[-0.0021780523614816838,0.04887387858753777],[0.02441148196184863,-0.26383312139856935],[-0.36462382294362966,0.7596163969240693],[0.43277682014980284,0.1944743739945489],[0.3186605006543583,0.7760146868420592],[0.1435260749595898,0.24749869729146406],[0.2923430979218612,-0.36159821704964973],[-0.5744531879639825,0.5952192471515306],[-0.006194529243521277,0.2909376037666865],[-0.067961869339876,-0.7515940692821967]],"node_coordinates":[[620.4889046373976,270.0825393018221],[717.8458739765164,349.2972809606142],[359.0119102019966,345.55298312217417],[305.73840247553795,594.31445097762],[533.4791404966429,221.68135497475743],[156.54103736267314,251.41645426487963],[251.7071474479165,298.94363115396504],[502.490540162142,299.6803761162711],[144.2045454545455,553.973818465551],[263.0963581733207,546.2546051293782],[703.6069454803201,205.0333028586678],[553.6284114436675,477.9388993834308],[321.91005216636177,662.7597101635861],[706.1815065546427,706.6584196917283],[413.1467007787679,679.0346275131716],[360.4519860020264,478.94442593089076],[615.2540964719958,597.9513190973917],[778.2954545454545,571.8144297940055],[510.0518191813352,679.3459559435363],[413.8215117488795,130.5],[393.17569618374955,571.8962243267434],[412.30928396445506,455.1055040423354],[596.1985466195251,667.3141710578948],[465.1369629565541,502.5636706473998],[477.0511856598132,391.63811836970785],[302.73247794151933,754.6830871530105],[660.031283178633,554.2120679191136],[608.8981107051295,760.5],[530.4239815473269,573.0212162468533],[597.1058245630134,356.95821920192697],[208.71226103450874,696.3670128975334],[463.33726238740485,588.430160374478],[435.660589424757,218.6162399791197]]},"label":"1","name":"3207",