{"graph": {"node_indices": [0, 1, 2, 3, 4, 5, 6, 7, 8, 9, 10, 11, 12, 13, 14], "node_attributes": [[0.0, 1.0, 0.0], [0.0, 1.0, 1.0], [0.0, 0.0, 1.0], [1.0, 1.0, 0.0], [0.0, 0.0, 1.0], [1.0, 0.0, 1.0], [1.0, 0.0, 0.0], [0.0, 1.0, 0.0], [0.0, 1.0, 1.0], [0.0, 1.0, 0.0], [1.0, 0.0, 1.0], [0.0, 0.0, 1.0], [1.0, 0.0, 1.0], [0.0, 0.0, 1.0], [1.0, 1.0, 0.0]], "node_adjacency": [[0, 0, 0, 0, 1, 0, 0, 0, 0, 0, 0, 0, 0, 0, 0], [0, 0, 0, 0, 0, 0, 0, 0, 1, 0, 0, 0, 0, 1, 1], [0, 0, 0, 0, 0, 1, 0, 0, 0, 0, 1, 0, 0, 1, 0], [0, 0, 0, 0, 0, 0, 0, 0, 1, 0, 0, 0, 0, 0, 0], [1, 0, 0, 0, 0, 0, 0, 0, 0, 1, 0, 1, 0, 0, 0], [0, 0, 1, 0, 0, 0, 0, 0, 0, 0, 0, 0, 0, 0, 0], [0, 0, 0, 0, 0, 0, 0, 0, 0, 0, 0, 1, 0, 0, 0], [0, 0, 0, 0, 0, 0, 0, 0, 0, 0, 1, 0, 0, 0, 0], [0, 1, 0, 1, 0, 0, 0, 0, 0, 0, 1, 0, 0, 0, 0], [0, 0, 0, 0, 1, 0, 0, 0, 0, 0, 0, 0, 0, 0, 0], [0, 0, 1, 0, 0, 0, 0, 1, 1, 0, 0, 0, 0, 0, 0], [0, 0, 0, 0, 1, 0, 1, 0, 0, 0, 0, 0, 0, 1, 0], [0, 0, 0, 0, 0, 0, 0, 0, 0, 0, 0, 0, 0, 1, 0], [0, 1, 1, 0, 0, 0, 0, 0, 0, 0, 0, 1, 1, 0, 0], [0, 1, 0, 0, 0, 0, 0, 0, 0, 0, 0, 0, 0, 0, 0]], "edge_indices": [[4, 11], [11, 4], [11, 13], [13, 11], [13, 2], [2, 13], [1, 13], [13, 1], [10, 2], [2, 10], [7, 10], [10, 7], [0, 4], [4, 0], [14, 1], [1, 14], [5, 2], [2, 5], [8, 10], [10, 8], [3, 8], [8, 3], [6, 11], [11, 6], [12, 13], [13, 12], [9, 4], [4, 9], [8, 1], [1, 8]], "edge_attributes": [[1.0], [1.0], [1.0], [1.0], [1.0], [1.0], [1.0], [1.0], [1.0], [1.0], [1.0], [1.0], [1.0], [1.0], [1.0], [1.0], [1.0], [1.0], [1.0], [1.0], [1.0], [1.0], [1.0], [1.0], [1.0], [1.0], [1.0], [1.0], [1.0], [1.0]], "seed_graph_indices": [-1, -1, 0, -1, 0, -1, -1, -1, -1, -1, -1, 0, -1, 0, -1], "graph_labels": 0, "node_importances": [0, 0, 1, 0, 1, 0, 0, 0, 0, 0, 0, 1, 0, 1, 0], "edge_importances": [1, 1, 1, 1, 1, 1, 0, 0, 0, 0, 0, 0, 0, 0, 0, 0, 0, 0, 0, 0, 0, 0, 0, 0, 0, 0, 0, 0, 0, 0], "multi_node_importances": [[0, 0], [0, 0], [1, 0], [0, 0], [1, 0], [0, 0], [0, 0], [0, 0], [0, 0], [0, 0], [0, 0], [1, 0], [0, 0], [1, 0], [0, 0]], "multi_edge_importances": [[1, 0], [1, 0], [1, 0], [1, 0], [1, 0], [1, 0], [0, 0], [0, 0], [0, 0], [0, 0], [0, 0], [0, 0], [0, 0], [0, 0], [0, 0], [0, 0], [0, 0], [0, 0], [0, 0], [0, 0], [0, 0], [0, 0], [0, 0], [0, 0], [0, 0], [0, 0], [0, 0], [0, 0], [0, 0], [0, 0]], "original_value": -3.3, "class": 0, "node_positions": [[-0.626006088426966, 0.8895194753492572], [0.39420738252510995, 0.0803353017218478], [0.014538861960820432, -0.3625708423664291], [0.9842872942755098, -0.2841785020898778], [-0.6211914622692883, 0.5105249449447752], [-0.21077528051213437, -0.6744032210972811], [-0.7099909046341542, -0.045939105715998865], [0.47996571144347167, -0.8868173556615273], [0.6134336346767281, -0.24131912119299165], [-1.0, 0.5408734081538715], [0.3698983072896304, -0.52902252228091], [-0.39762925478390015, 0.1819155614412045], [0.07211531070220281, 0.4032993836638728], [-0.012998951543037821, 0.04184838381393196], [0.6501454392960079, 0.37593421131625465]], "node_coordinates": [[263.7165435749565, 760.5], [589.7318787177381, 473.51274595810435], [468.4065252508603, 316.43056092181354], [778.2954545454545, 344.2333815986357], [265.25508624771464, 626.0848654452777], [396.40603931120796, 205.83532066625412], [236.87869171132675, 428.72795328982664], [617.1364672079424, 130.5], [659.7869427825244, 359.4339952962494], [144.2045454545455, 636.8483262303874], [581.9637678903932, 257.3963977409195], [336.6957308518209, 509.53945131374314], [486.8054248607976, 588.0559835194722], [459.60665173989634, 459.8628807643562], [671.5184201913471, 578.3505840265228]]}, "label": "0", "name": "3248", "value": -3.3, "input_type": "classification", "classes": {"0": "low", "1": "high"}, "image_width": 900, "image_height": 900, "image_path": "./3248.png"}