{"graph": {"node_indices": [0, 1, 2, 3, 4, 5, 6, 7, 8, 9, 10, 11, 12, 13, 14], "node_attributes": [[1.0, 1.0, 0.0], [1.0, 0.0, 0.0], [0.0, 1.0, 0.0], [0.0, 0.0, 1.0], [1.0, 0.0, 1.0], [0.0, 1.0, 1.0], [1.0, 0.0, 0.0], [0.0, 1.0, 1.0], [0.0, 0.0, 1.0], [0.0, 0.0, 1.0], [1.0, 1.0, 0.0], [0.0, 0.0, 1.0], [1.0, 0.0, 0.0], [1.0, 0.0, 0.0], [0.0, 1.0, 1.0]], "node_adjacency": [[0, 0, 0, 1, 0, 0, 0, 0, 1, 0, 0, 1, 0, 0, 0], [0, 0, 1, 0, 0, 0, 0, 0, 0, 0, 0, 0, 0, 0, 0], [0, 1, 0, 0, 0, 0, 0, 0, 0, 0, 0, 1, 0, 0, 0], [0, 0, 0, 0, 0, 0, 0, 1, 0, 0, 1, 0, 0, 0, 0], [0, 0, 0, 0, 0, 0, 0, 0, 0, 0, 1, 0, 0, 0, 0], [0, 0, 0, 0, 0, 0, 0, 0, 0, 0, 0, 1, 0, 0, 0], [0, 0, 0, 0, 0, 0, 0, 0, 1, 0, 0, 0, 0, 0, 0], [0, 0, 0, 1, 0, 0, 0, 0, 0, 0, 0, 0, 0, 0, 0], [1, 0, 0, 0, 0, 0, 1, 0, 0, 0, 1, 0, 0, 1, 1], [0, 0, 0, 0, 0, 0, 0, 0, 0, 0, 0, 0, 1, 0, 0], [0, 0, 0, 1, 1, 0, 0, 0, 1, 0, 0, 0, 0, 0, 0], [1, 0, 1, 0, 0, 1, 0, 0, 0, 0, 0, 0, 1, 0, 0], [0, 0, 0, 0, 0, 0, 0, 0, 0, 1, 0, 1, 0, 0, 0], [0, 0, 0, 0, 0, 0, 0, 0, 1, 0, 0, 0, 0, 0, 0], [0, 0, 0, 0, 0, 0, 0, 0, 1, 0, 0, 0, 0, 0, 0]], "edge_indices": [[0, 11], [0, 8], [0, 3], [11, 0], [8, 0], [8, 0], [2, 11], [11, 2], [6, 8], [8, 6], [1, 2], [2, 1], [7, 3], [3, 7], [14, 8], [8, 14], [13, 8], [8, 13], [10, 8], [8, 10], [5, 11], [11, 5], [4, 10], [10, 4], [12, 11], [11, 12], [9, 12], [12, 9], [3, 10], [10, 3]], "edge_attributes": [[1.0], [1.0], [1.0], [1.0], [1.0], [1.0], [1.0], [1.0], [1.0], [1.0], [1.0], [1.0], [1.0], [1.0], [1.0], [1.0], [1.0], [1.0], [1.0], [1.0], [1.0], [1.0], [1.0], [1.0], [1.0], [1.0], [1.0], [1.0], [1.0], [1.0]], "seed_graph_indices": [0, -1, -1, 0, -1, -1, -1, -1, 0, -1, -1, 0, -1, -1, -1], "graph_labels": 0, "node_importances": [1, 0, 0, 1, 0, 0, 0, 0, 1, 0, 0, 1, 0, 0, 0], "edge_importances": [1, 1, 1, 1, 1, 1, 0, 0, 0, 0, 0, 0, 0, 0, 0, 0, 0, 0, 0, 0, 0, 0, 0, 0, 0, 0, 0, 0, 0, 0], "multi_node_importances": [[1, 0], [0, 0], [0, 0], [1, 0], [0, 0], [0, 0], [0, 0], [0, 0], [1, 0], [0, 0], [0, 0], [1, 0], [0, 0], [0, 0], [0, 0]], "multi_edge_importances": [[1, 0], [1, 0], [1, 0], [1, 0], [1, 0], [1, 0], [0, 0], [0, 0], [0, 0], [0, 0], [0, 0], [0, 0], [0, 0], [0, 0], [0, 0], [0, 0], [0, 0], [0, 0], [0, 0], [0, 0], [0, 0], [0, 0], [0, 0], [0, 0], [0, 0], [0, 0], [0, 0], [0, 0], [0, 0], [0, 0]], "original_value": -2.01, "class": 0, "node_positions": [[0.027917564041420897, 0.016211091786220766], [-0.7004394265125629, 0.8288292484339095], [-0.4981328124929962, 0.5046939661165606], [0.33239391648872063, 0.2984935553409248], [1.0, 0.0786744261705734], [-0.7330103783987376, 0.18117038191296597], [0.6738994646158091, -0.46828318724534834], [0.4727100578778408, 0.6636673996811479], [0.3231584876946572, -0.2906137594981373], [-0.9981878967270085, -0.40755168219088733], [0.6105222756635491, 0.014070173505807101], [-0.3834317453119101, 0.09962859747407599], [-0.6692765495753903, -0.21097470338586208], [0.11772612022378004, -0.6267081917735446], [0.4241509224128276, -0.6813073163284065]], "node_coordinates": [[469.8216435800729, 421.49129665890786], [238.6899531922038, 760.5], [302.8885128015839, 625.2769793640682], [566.4420301994844, 539.2541243323467], [778.2954545454545, 447.54980128715374], [228.35411614440167, 490.3091474446124], [674.8130016312462, 219.3695793836695], [610.9689687317876, 691.5976456419908], [563.5113241084986, 293.4898557166647], [144.2045454545455, 244.70559804389737], [654.701329738833, 420.5981466298753], [339.2869436406877, 456.29147950966893], [248.5789616279703, 326.7137419011769], [498.32085985852785, 153.27770717708358], [595.5595538303594, 130.5]]}, "label": "0", "name": "3252", "value": -2.01, "input_type": "classification", "classes": {"0": "low", "1": "high"}, "image_width": 900, "image_height": 900, "image_path": "./3252.png"}