{"graph":{"node_indices":[0,1,2,3,4,5,6,7,8,9,10,11,12,13,14],"node_attributes":[[1.0,0.0,0.0],[1.0,0.0,1.0],[1.0,0.0,0.0],[0.0,1.0,0.0],[0.800000011920929,0.800000011920929,0.800000011920929],[1.0,0.0,0.0],[0.0,1.0,0.0],[0.0,1.0,0.0],[0.0,1.0,0.0],[0.0,1.0,0.0],[0.800000011920929,0.800000011920929,0.800000011920929],[0.800000011920929,0.800000011920929,0.800000011920929],[0.0,1.0,0.0],[1.0,0.0,0.0],[1.0,1.0,0.0]],"node_adjacency":[[0,0,0,0,0,0,0,0,1,1,0,0,0,0,0],[0,0,0,0,0,1,0,0,0,0,0,0,0,0,0],[0,0,0,0,0,0,1,1,0,0,0,0,0,0,1],[0,0,0,0,0,0,0,0,1,0,0,0,0,0,0],[0,0,0,0,0,1,0,0,0,0,0,0,0,0,0],[0,1,0,0,1,0,0,0,0,0,0,0,1,0,1],[0,0,1,0,0,0,0,1,0,0,1,0,0,0,0],[0,0,1,0,0,0,1,0,0,0,0,0,0,0,0],[1,0,0,1,0,0,0,0,0,0,0,0,0,0,0],[1,0,0,0,0,0,0,0,0,0,1,0,0,1,0],[0,0,0,0,0,0,1,0,0,1,0,0,0,0,0],[0,0,0,0,0,0,0,0,0,0,0,0,0,1,0],[0,0,0,0,0,1,0,0,0,0,0,0,0,0,0],[0,0,0,0,0,0,0,0,0,1,0,1,0,0,0],[0,0,1,0,0,1,0,0,0,0,0,0,0,1,0]],"edge_indices":[[14,5],[14,2],[14,13],[5,14],[2,14],[2,14],[4,5],[5,4],[6,2],[2,6],[7,6],[6,7],[11,13],[13,11],[12,5],[5,12],[9,13],[13,9],[0,9],[9,0],[8,0],[0,8],[10,6],[6,10],[3,8],[8,3],[1,5],[5,1],[2,7],[7,2],[9,10],[10,9]],"edge_attributes":[[1.0],[1.0],[1.0],[1.0],[1.0],[1.0],[1.0],[1.0],[1.0],[1.0],[1.0],[1.0],[1.0],[1.0],[1.0],[1.0],[1.0],[1.0],[1.0],[1.0],[1.0],[1.0],[1.0],[1.0],[1.0],[1.0],[1.0],[1.0],[1.0],[1.0],[1.0],[1.0]],"seed_graph_indices":[-1,-1,0,-1,-1,0,-1,-1,-1,-1,-1,-1,-1,0,0],"graph_labels":1,"node_importances":[0,0,1,0,0,1,0,0,0,0,0,0,0,1,1],"edge_importances":[1,1,1,1,1,1,0,0,0,0,0,0,0,0,0,0,0,0,0,0,0,0,0,0,0,0,0,0,0,0,0,0],"multi_node_importances":[[0,0],[0,0],[0,1],[0,0],[0,0],[0,1],[0,0],[0,0],[0,0],[0,0],[0,0],[0,0],[0,0],[0,1],[0,1]],"multi_edge_importances":[[0,1],[0,1],[0,1],[0,1],[0,1],[0,1],[0,0],[0,0],[0,0],[0,0],[0,0],[0,0],[0,0],[0,0],[0,0],[0,0],[0,0],[0,0],[0,0],[0,0],[0,0],[0,0],[0,0],[0,0],[0,0],[0,0],[0,0],[0,0],[0,0],[0,0],[0,0],[0,0]],"original_value":1.7536820143522371,"class":1,"node_positions":[[-0.13051570024720544,0.5189813037053713],[0.4451705545389209,-0.6036925592120259],[-0.18641698904949539,-0.2785660071574467],[-0.20859123798134546,1.0],[0.5409644419865499,-0.35333455008429193],[0.273079267310663,-0.4104258063734818],[-0.3937062212147689,-0.11406698277485562],[-0.4239142066223819,-0.34059552533333254],[-0.16860292296228174,0.7626228722988198],[-0.10792736619251944,0.25791698634528915],[-0.36289357763274627,0.14457713142409884],[0.3462592503505543,0.20924321565209184],[0.1825001545336535,-0.6699020792768363],[0.11139870357204547,0.08131006655203618],[0.08319584961035745,-0.20406806576543648]],"node_coordinates":[[337.017730720451,579.0272164001074],[715.3424259292744,155.47870872697777],[300.2809876210978,278.1384325133497],[285.7086995060317,760.5],[778.2954545454546,249.930681514973],[602.2489079801401,228.39199855353516],[164.05637755439915,340.1985896010707],[144.2045454545455,254.73670319295064],[311.9878871116523,670.9452935848153],[351.8621438455985,480.5361000778396],[184.30557387415078,437.7766416123037],[650.3407193596549,462.1730619588657],[542.7228815225884,130.50000000000003],[495.9970225320018,413.9080259826613],[477.46290600521667,306.2440943119693]]},"label":"1","name":"3303","value":1.7536820143522371,"input_type":"classification","classes":{"0":"low","1":"high"},"image_width":900,"image_height":900,"image_path":"./3303.png"}