{"graph": {"node_indices": [0, 1, 2, 3, 4, 5, 6, 7, 8, 9, 10, 11], "node_attributes": [[1.0, 1.0, 0.0], [1.0, 0.0, 0.0], [1.0, 0.0, 1.0], [1.0, 1.0, 0.0], [0.0, 1.0, 1.0], [1.0, 0.0, 0.0], [0.0, 0.0, 1.0], [1.0, 0.0, 0.0], [1.0, 0.0, 0.0], [0.0, 1.0, 0.0], [0.0, 0.0, 1.0], [0.0, 0.0, 1.0]], "node_adjacency": [[0, 0, 1, 0, 0, 0, 1, 0, 0, 0, 1, 0], [0, 0, 0, 0, 0, 1, 0, 0, 0, 0, 1, 0], [1, 0, 0, 0, 0, 0, 0, 0, 0, 0, 0, 0], [0, 0, 0, 0, 0, 0, 1, 0, 0, 0, 1, 1], [0, 0, 0, 0, 0, 0, 0, 0, 1, 0, 1, 0], [0, 1, 0, 0, 0, 0, 0, 0, 0, 0, 0, 0], [1, 0, 0, 1, 0, 0, 0, 1, 1, 1, 0, 0], [0, 0, 0, 0, 0, 0, 1, 0, 0, 0, 0, 1], [0, 0, 0, 0, 1, 0, 1, 0, 0, 0, 0, 0], [0, 0, 0, 0, 0, 0, 1, 0, 0, 0, 0, 0], [1, 1, 0, 0, 1, 0, 0, 0, 0, 0, 0, 0], [0, 0, 0, 1, 0, 0, 0, 1, 0, 0, 0, 0]], "edge_indices": [[3, 6], [3, 11], [3, 10], [6, 3], [11, 3], [11, 3], [4, 10], [10, 4], [0, 6], [6, 0], [7, 6], [6, 7], [9, 6], [6, 9], [1, 10], [10, 1], [5, 1], [1, 5], [8, 6], [6, 8], [2, 0], [0, 2], [7, 11], [11, 7], [10, 0], [0, 10], [8, 4], [4, 8]], "edge_attributes": [[1.0], [1.0], [1.0], [1.0], [1.0], [1.0], [1.0], [1.0], [1.0], [1.0], [1.0], [1.0], [1.0], [1.0], [1.0], [1.0], [1.0], [1.0], [1.0], [1.0], [1.0], [1.0], [1.0], [1.0], [1.0], [1.0], [1.0], [1.0]], "seed_graph_indices": [-1, -1, -1, 0, -1, -1, 0, -1, -1, -1, 0, 0], "graph_labels": 0, "node_importances": [0, 0, 0, 1, 0, 0, 1, 0, 0, 0, 1, 1], "edge_importances": [1, 1, 1, 1, 1, 1, 0, 0, 0, 0, 0, 0, 0, 0, 0, 0, 0, 0, 0, 0, 0, 0, 0, 0, 0, 0, 0, 0], "multi_node_importances": [[0, 0], [0, 0], [0, 0], [1, 0], [0, 0], [0, 0], [1, 0], [0, 0], [0, 0], [0, 0], [1, 0], [1, 0]], "multi_edge_importances": [[1, 0], [1, 0], [1, 0], [1, 0], [1, 0], [1, 0], [0, 0], [0, 0], [0, 0], [0, 0], [0, 0], [0, 0], [0, 0], [0, 0], [0, 0], [0, 0], [0, 0], [0, 0], [0, 0], [0, 0], [0, 0], [0, 0], [0, 0], [0, 0], [0, 0], [0, 0], [0, 0], [0, 0]], "original_value": -1.89, "class": 0, "node_positions": [[0.020429121817061628, -0.1987988199156265], [0.6471849634415351, -0.06730036223389531], [0.06101306220064714, -0.5971132937703023], [-0.13526012628587394, -0.07896545562804037], [0.25917329148019697, 0.4051965083261184], [0.9999999999999999, -0.11021475044244418], [-0.3140833548207662, 0.1454772282932089], [-0.6595746227527175, -0.05894805387813653], [-0.09781710717128327, 0.48010451737163673], [-0.5926147420439587, 0.4138215238302656], [0.27569805941062614, 0.012858702339287644], [-0.46414854527546745, -0.3461177442920718]], "node_coordinates": [[404.0206372819038, 363.45021297729085], [643.4917499062365, 440.35576307367216], [419.52696480674535, 130.50000000000006], [344.5348295864819, 433.53355055332696], [495.24010129777935, 716.6908044867462], [778.2954545454546, 415.2577148500494], [276.2099817648261, 564.7965963439389], [144.20454545454544, 445.24052659104285], [358.84107270684126, 760.5], [169.78860238644165, 721.735058036409], [501.5538909736796, 487.23598558649053], [218.87301617512006, 277.2922220889176]]}, "label": "0", "name": "3326", "value": -1.89, "input_type": "classification", "classes": {"0": "low", "1": "high"}, "image_width": 900, "image_height": 900, "image_path": "./3326.png"}