{"graph":{"node_indices":[0,1,2,3,4,5,6,7,8,9,10,11,12,13,14,15,16,17,18,19,20,21,22],"node_attributes":[[0.0,0.0,1.0],[0.0,1.0,0.0],[0.800000011920929,0.800000011920929,0.800000011920929],[0.0,0.0,1.0],[1.0,0.0,1.0],[0.800000011920929,0.800000011920929,0.800000011920929],[0.0,0.0,1.0],[0.0,0.0,1.0],[0.0,1.0,0.0],[0.0,1.0,0.0],[0.800000011920929,0.800000011920929,0.800000011920929],[1.0,0.0,1.0],[0.0,1.0,1.0],[0.0,0.0,1.0],[0.0,1.0,0.0],[0.0,1.0,0.0],[0.0,1.0,0.0],[0.800000011920929,0.800000011920929,0.800000011920929],[0.0,0.0,1.0],[0.800000011920929,0.800000011920929,0.800000011920929],[0.0,0.0,1.0],[0.0,1.0,1.0],[0.0,1.0,0.0]],"node_adjacency":[[0,0,0,0,0,0,0,0,0,0,0,0,0,0,1,0,0,0,0,0,0,0,0],[0,0,0,0,0,1,0,0,0,0,0,1,0,0,0,0,0,0,0,0,0,0,0],[0,0,0,0,0,0,1,0,0,0,0,0,0,0,0,0,1,0,0,0,0,0,0],[0,0,0,0,1,0,0,0,1,0,0,0,0,0,0,0,0,0,1,0,0,0,0],[0,0,0,1,0,0,0,0,0,0,0,0,0,0,0,1,0,1,0,0,0,0,0],[0,1,0,0,0,0,0,0,0,0,0,0,0,0,0,1,1,0,0,0,0,0,0],[0,0,1,0,0,0,0,0,0,0,0,0,0,0,0,0,0,0,0,0,0,0,0],[0,0,0,0,0,0,0,0,0,0,1,0,0,0,0,0,0,0,0,0,1,0,0],[0,0,0,1,0,0,0,0,0,0,0,0,0,0,0,0,0,0,0,0,1,0,0],[0,0,0,0,0,0,0,0,0,0,0,0,0,1,0,0,0,0,1,0,1,0,1],[0,0,0,0,0,0,0,1,0,0,0,0,0,0,0,0,0,0,0,0,0,0,0],[0,1,0,0,0,0,0,0,0,0,0,0,0,1,0,0,0,0,0,0,0,0,0],[0,0,0,0,0,0,0,0,0,0,0,0,0,0,0,0,0,1,0,0,0,0,0],[0,0,0,0,0,0,0,0,0,1,0,1,0,0,0,1,0,0,0,0,1,0,0],[1,0,0,0,0,0,0,0,0,0,0,0,0,0,0,0,1,1,0,0,0,1,0],[0,0,0,0,1,1,0,0,0,0,0,0,0,1,0,0,0,0,0,0,0,0,0],[0,0,1,0,0,1,0,0,0,0,0,0,0,0,1,0,0,0,0,0,1,0,0],[0,0,0,0,1,0,0,0,0,0,0,0,1,0,1,0,0,0,0,0,0,0,0],[0,0,0,1,0,0,0,0,0,1,0,0,0,0,0,0,0,0,0,1,0,0,0],[0,0,0,0,0,0,0,0,0,0,0,0,0,0,0,0,0,0,1,0,0,0,0],[0,0,0,0,0,0,0,1,1,1,0,0,0,1,0,0,1,0,0,0,0,0,0],[0,0,0,0,0,0,0,0,0,0,0,0,0,0,1,0,0,0,0,0,0,0,0],[0,0,0,0,0,0,0,0,0,1,0,0,0,0,0,0,0,0,0,0,0,0,0]],"edge_indices":[[13,20],[13,9],[20,13],[20,9],[9,20],[9,13],[15,13],[13,15],[7,20],[20,7],[5,15],[15,5],[4,15],[15,4],[17,4],[4,17],[18,9],[9,18],[16,5],[5,16],[3,4],[4,3],[11,13],[13,11],[1,5],[5,1],[2,16],[16,2],[14,17],[17,14],[12,17],[17,12],[21,14],[14,21],[22,9],[9,22],[8,3],[3,8],[6,2],[2,6],[10,7],[7,10],[19,18],[18,19],[0,14],[14,0],[11,1],[1,11],[20,8],[8,20],[16,14],[14,16],[3,18],[18,3],[20,16],[16,20]],"edge_attributes":[[1.0],[1.0],[1.0],[1.0],[1.0],[1.0],[1.0],[1.0],[1.0],[1.0],[1.0],[1.0],[1.0],[1.0],[1.0],[1.0],[1.0],[1.0],[1.0],[1.0],[1.0],[1.0],[1.0],[1.0],[1.0],[1.0],[1.0],[1.0],[1.0],[1.0],[1.0],[1.0],[1.0],[1.0],[1.0],[1.0],[1.0],[1.0],[1.0],[1.0],[1.0],[1.0],[1.0],[1.0],[1.0],[1.0],[1.0],[1.0],[1.0],[1.0],[1.0],[1.0],[1.0],[1.0],[1.0],[1.0]],"seed_graph_indices":[-1,-1,-1,-1,-1,-1,-1,-1,-1,0,-1,-1,-1,0,-1,-1,-1,-1,-1,-1,0,-1,-1],"graph_labels":0,"node_importances":[0,0,0,0,0,0,0,0,0,1,0,0,0,1,0,0,0,0,0,0,1,0,0],"edge_importances":[1,1,1,1,1,1,0,0,0,0,0,0,0,0,0,0,0,0,0,0,0,0,0,0,0,0,0,0,0,0,0,0,0,0,0,0,0,0,0,0,0,0,0,0,0,0,0,0,0,0,0,0,0,0,0,0],"multi_node_importances":[[0,0],[0,0],[0,0],[0,0],[0,0],[0,0],[0,0],[0,0],[0,0],[1,0],[0,0],[0,0],[0,0],[1,0],[0,0],[0,0],[0,0],[0,0],[0,0],[0,0],[1,0],[0,0],[0,0]],"multi_edge_importances":[[1,0],[1,0],[1,0],[1,0],[1,0],[1,0],[0,0],[0,0],[0,0],[0,0],[0,0],[0,0],[0,0],[0,0],[0,0],[0,0],[0,0],[0,0],[0,0],[0,0],[0,0],[0,0],[0,0],[0,0],[0,0],[0,0],[0,0],[0,0],[0,0],[0,0],[0,0],[0,0],[0,0],[0,0],[0,0],[0,0],[0,0],[0,0],[0,0],[0,0],[0,0],[0,0],[0,0],[0,0],[0,0],[0,0],[0,0],[0,0],[0,0],[0,0],[0,0],[0,0],[0,0],[0,0],[0,0],[0,0]],"original_value":-1.4972010249641552,"class":0,"node_positions":[[-0.03230035888126988,-1.0],[0.7760538662764707,-0.06931549561560654],[0.4731058413828587,-0.598035159556213],[-0.627415423727034,0.2604762361613971],[-0.4697056856277271,-0.10394876177969649],[0.40196960687158423,-0.20166174054920888],[0.7828131462126768,-0.8410940783185109],[0.44065281076175317,0.5533814770168035],[-0.29106637701154314,0.28409180094945996],[-0.056429257956675985,0.580345490552031],[0.7409360692498762,0.8279813897952354],[0.6640565879531373,0.28724050515821387],[-0.9192706189654917,-0.6283129253793177],[0.23684889424555255,0.32705882074143394],[-0.16433464600986908,-0.6183202256951602],[-0.01117033729427919,-0.03710036220123591],[0.14007084207824438,-0.3084175753330587],[-0.5546319398933103,-0.47626465750680796],[-0.48827450341096157,0.6362335179378571],[-0.7630778699346737,0.9047464396534928],[0.08285894205116359,0.20524436586163544],[-0.35895701355169635,-0.9600034834179982],[-0.0027325748187857655,0.9756744215252541]],"node_coordinates":[[474.6346864732115,130.50000000000006],[775.7773658078534,427.2752334969799],[662.9177096369494,258.6779258366275],[252.93170087294322,532.4387102094594],[311.6845738218317,416.23143121576595],[636.4167579603223,385.07286786438743],[778.2954545454545,181.17167422355504],[650.8277219933989,625.8398798194022],[378.2345074486003,539.9692049379347],[465.64575428133105,634.4381226989547],[762.6946513742706,713.4038747598513],[734.0541219342969,540.9732588599284],[144.20454545454544,249.0229987592046],[574.9030152639872,553.6704616703298],[425.4468950910524,252.20945535976082],[482.50642279507395,437.5479453516918],[538.8495117089537,351.0307325909538],[280.0463155441538,297.50791495593774],[304.7669832838113,652.259610323362],[202.39228230543557,737.8825949800412],[517.5359039763798,514.8264569405292],[352.9426644011461,143.25402726893032],[485.64981008789545,760.5000000000001]]},"label":"0","name":"3336","value":-1.4972010249641552,"input_type":"classification","classes":{"0":"low","1":"high"},"image_width":900,"image_height":900,"image_path":"./3336.png"}