{"graph":{"node_indices":[0,1,2,3,4,5,6,7,8,9,10,11,12,13,14,15,16,17,18,19,20,21,22,23,24,25],"node_attributes":[[0.0,0.0,1.0],[0.0,1.0,1.0],[1.0,1.0,0.0],[0.800000011920929,0.800000011920929,0.800000011920929],[1.0,1.0,0.0],[0.0,0.0,1.0],[0.800000011920929,0.800000011920929,0.800000011920929],[1.0,0.0,1.0],[0.800000011920929,0.800000011920929,0.800000011920929],[0.800000011920929,0.800000011920929,0.800000011920929],[1.0,0.0,0.0],[0.0,0.0,1.0],[0.0,1.0,1.0],[1.0,0.0,1.0],[0.0,0.0,1.0],[1.0,0.0,1.0],[1.0,0.0,0.0],[0.0,1.0,0.0],[0.800000011920929,0.800000011920929,0.800000011920929],[1.0,0.0,0.0],[1.0,0.0,0.0],[1.0,0.0,0.0],[0.800000011920929,0.800000011920929,0.800000011920929],[0.0,1.0,1.0],[1.0,0.0,1.0],[1.0,0.0,1.0]],"node_adjacency":[[0,0,0,0,0,0,0,0,1,0,0,0,0,0,0,0,0,0,1,0,0,0,0,0,0,0],[0,0,0,1,0,0,0,0,0,0,0,1,0,0,0,0,0,0,0,0,0,1,0,0,0,0],[0,0,0,0,0,0,0,0,0,0,0,0,0,0,0,0,0,0,1,0,0,0,0,0,0,0],[0,1,0,0,0,0,0,0,0,0,0,0,0,0,0,0,1,0,0,0,0,0,0,0,0,0],[1,0,0,0,0,1,0,0,0,0,0,1,0,0,0,0,0,0,0,0,0,0,0,0,0,0],[0,0,0,0,1,0,0,0,0,0,0,0,0,0,0,0,0,0,0,0,0,0,0,1,0,0],[0,0,0,0,0,0,0,0,0,0,0,0,0,0,0,0,1,0,0,0,1,0,0,0,0,1],[0,0,0,0,0,0,0,0,0,0,0,0,0,0,0,0,0,0,0,0,0,1,0,0,0,0],[1,0,0,0,0,0,0,0,0,0,0,0,0,0,0,0,0,0,0,0,0,0,1,0,0,0],[0,0,0,0,0,0,0,0,0,0,0,0,0,0,0,0,0,0,0,0,0,0,0,0,0,1],[0,0,0,0,0,0,0,0,0,0,0,0,0,0,0,0,0,1,0,1,0,0,0,0,0,0],[0,1,0,0,1,0,0,0,0,0,0,0,0,0,0,0,0,0,0,0,0,0,0,0,0,0],[0,0,0,0,0,0,0,0,0,0,0,0,0,0,1,0,0,0,0,0,1,0,0,0,0,0],[0,0,0,0,0,0,0,0,0,0,0,0,0,0,1,0,0,0,0,0,0,0,0,0,0,0],[0,0,0,0,0,0,0,0,0,0,0,0,1,1,0,0,0,1,0,0,0,0,0,0,0,0],[0,0,0,0,0,0,0,0,0,0,0,0,0,0,0,0,0,0,0,1,0,0,0,0,1,0],[0,0,0,1,0,0,1,0,0,0,0,0,0,0,0,0,0,0,0,0,0,0,0,0,0,0],[0,0,0,0,0,0,0,0,0,0,1,0,0,0,1,0,0,0,0,1,0,0,0,0,0,0],[1,0,1,0,0,0,0,0,0,0,0,0,0,0,0,0,0,0,0,0,0,0,0,0,0,0],[0,0,0,0,0,0,0,0,0,0,1,0,0,0,0,1,0,1,0,0,0,0,0,0,0,0],[0,0,0,0,0,0,1,0,0,0,0,0,1,0,0,0,0,0,0,0,0,0,0,0,0,0],[0,1,0,0,0,0,0,1,0,0,0,0,0,0,0,0,0,0,0,0,0,0,0,0,0,0],[0,0,0,0,0,0,0,0,1,0,0,0,0,0,0,0,0,0,0,0,0,0,0,0,0,0],[0,0,0,0,0,1,0,0,0,0,0,0,0,0,0,0,0,0,0,0,0,0,0,0,0,1],[0,0,0,0,0,0,0,0,0,0,0,0,0,0,0,1,0,0,0,0,0,0,0,0,0,0],[0,0,0,0,0,0,1,0,0,1,0,0,0,0,0,0,0,0,0,0,0,0,0,1,0,0]],"edge_indices":[[4,5],[4,11],[4,0],[5,4],[11,4],[11,4],[19,10],[19,17],[10,19],[10,17],[17,10],[17,19],[1,11],[11,1],[15,19],[19,15],[23,5],[5,23],[25,23],[23,25],[14,17],[17,14],[12,14],[14,12],[3,1],[1,3],[20,12],[12,20],[8,0],[0,8],[21,1],[1,21],[13,14],[14,13],[6,25],[25,6],[7,21],[21,7],[24,15],[15,24],[18,0],[0,18],[2,18],[18,2],[22,8],[8,22],[9,25],[25,9],[16,6],[6,16],[6,20],[20,6],[3,16],[16,3]],"edge_attributes":[[1.0],[1.0],[1.0],[1.0],[1.0],[1.0],[1.0],[1.0],[1.0],[1.0],[1.0],[1.0],[1.0],[1.0],[1.0],[1.0],[1.0],[1.0],[1.0],[1.0],[1.0],[1.0],[1.0],[1.0],[1.0],[1.0],[1.0],[1.0],[1.0],[1.0],[1.0],[1.0],[1.0],[1.0],[1.0],[1.0],[1.0],[1.0],[1.0],[1.0],[1.0],[1.0],[1.0],[1.0],[1.0],[1.0],[1.0],[1.0],[1.0],[1.0],[1.0],[1.0],[1.0],[1.0]],"seed_graph_indices":[0,-1,-1,-1,0,0,-1,-1,-1,-1,1,0,-1,-1,-1,-1,-1,1,-1,1,-1,-1,-1,-1,-1,-1],"graph_labels":0,"node_importances":[1,0,0,0,1,1,0,0,0,0,1,1,0,0,0,0,0,1,0,1,0,0,0,0,0,0],"edge_importances":[1,1,1,1,1,1,1,1,1,1,1,1,0,0,0,0,0,0,0,0,0,0,0,0,0,0,0,0,0,0,0,0,0,0,0,0,0,0,0,0,0,0,0,0,0,0,0,0,0,0,0,0,0,0],"multi_node_importances":[[1,0],[0,0],[0,0],[0,0],[1,0],[1,0],[0,0],[0,0],[0,0],[0,0],[0,1],[1,0],[0,0],[0,0],[0,0],[0,0],[0,0],[0,1],[0,0],[0,1],[0,0],[0,0],[0,0],[0,0],[0,0],[0,0]],"multi_edge_importances":[[1,0],[1,0],[1,0],[1,0],[1,0],[1,0],[0,1],[0,1],[0,1],[0,1],[0,1],[0,1],[0,0],[0,0],[0,0],[0,0],[0,0],[0,0],[0,0],[0,0],[0,0],[0,0],[0,0],[0,0],[0,0],[0,0],[0,0],[0,0],[0,0],[0,0],[0,0],[0,0],[0,0],[0,0],[0,0],[0,0],[0,0],[0,0],[0,0],[0,0],[0,0],[0,0],[0,0],[0,0],[0,0],[0,0],[0,0],[0,0],[0,0],[0,0],[0,0],[0,0],[0,0],[0,0]],"original_value":-1.4487861624391025,"class":0,"node_positions":[[0.49632734152686075,-0.5435359752277819],[0.43406802695909125,0.003393724672148346],[0.8525870933641035,-0.6339025016528886],[0.26323416647748354,0.10187061544693947],[0.38892246195332175,-0.37703550874015385],[0.1910885778301198,-0.3865523487233759],[-0.10463223616538747,0.024649355241414945],[0.727235547257877,0.22885709189526024],[0.455605987788147,-0.7315616072695309],[-0.26231306605776544,-0.30510646565099414],[-0.7990782880439972,0.5605130657244705],[0.4611864159169566,-0.1926843041870154],[-0.3967375600879303,0.25561855554741414],[-0.7248355694385852,0.22095617261556724],[-0.5658338157747392,0.3350317629992439],[-0.7320538025223693,0.8499085088006695],[0.07330532244417035,0.11347827413867155],[-0.6302897503875687,0.5118332406403187],[0.6846541512270924,-0.5722161638987391],[-0.6841465618121874,0.6802649058827297],[-0.25019526452609975,0.1475797667493281],[0.5855218164212082,0.11991514698585498],[0.45402317712037715,-0.9114939315592666],[0.014422143336857705,-0.3201754425457999],[-0.814914803795181,1.0],[-0.11715151101185603,-0.17960593788448542]],"node_coordinates":[[642.8227031801827,251.77347550600783],[619.1477283925032,432.03337863626933],[778.2954545454546,221.99001100848943],[554.1857645825485,464.4898987244655],[601.980496136457,306.6495554952544],[526.7513958599468,303.51294643234246],[414.2994219803615,439.03891866836057],[730.6287766473031,506.34275467215997],[627.337839111613,189.80302075825279],[354.3390819393713,330.35629941842524],[150.2266019731063,615.6516360987208],[629.4598749253902,367.4089735352254],[303.2222887477827,515.1629354859718],[178.45843368141493,503.7387290647408],[238.92107345382777,541.3363487878082],[175.713599635994,711.032074470964],[481.96266631751246,468.3156105695593],[214.41080318392287,599.6074890069231],[714.436605492645,242.32091143327548],[193.93099768855797,655.1200634131416],[358.94704538606186,479.5549558743014],[676.7401492520539,470.43710822475595],[626.7359532265326,130.49999999999994],[459.57151423910966,325.38978851980914],[144.20454545454544,760.5],[409.5387926928747,371.7194087579377]]},"label":"0","name":"334","value":-1.4487861624391025,"input_type":"classification","classes":{"0":"low","1":"high"},"image_width":900,"image_height":900,"image_path":"./334.png"}