{"graph":{"node_indices":[0,1,2,3,4,5,6,7,8,9,10],"node_attributes":[[1.0,0.0,0.0],[0.0,1.0,0.0],[0.800000011920929,0.800000011920929,0.800000011920929],[0.0,1.0,1.0],[0.0,1.0,1.0],[1.0,1.0,0.0],[1.0,0.0,0.0],[0.0,0.0,1.0],[0.0,0.0,1.0],[0.0,0.0,1.0],[0.800000011920929,0.800000011920929,0.800000011920929]],"node_adjacency":[[0,1,0,0,0,0,1,0,0,0,1],[1,0,0,1,0,0,1,0,0,0,0],[0,0,0,0,1,0,0,0,0,0,0],[0,1,0,0,1,0,0,0,0,0,0],[0,0,1,1,0,1,0,0,0,0,0],[0,0,0,0,1,0,0,1,1,1,0],[1,1,0,0,0,0,0,0,0,0,1],[0,0,0,0,0,1,0,0,0,0,0],[0,0,0,0,0,1,0,0,0,0,0],[0,0,0,0,0,0,0,0,0,0,0],[1,0,0,0,0,0,1,0,0,0,0]],"edge_indices":[[5,7],[5,8],[5,9],[7,5],[8,5],[8,5],[6,0],[6,1],[0,6],[0,1],[1,0],[1,6],[4,5],[5,4],[10,0],[0,10],[3,1],[1,3],[2,4],[4,2],[4,3],[3,4],[6,10],[10,6]],"edge_attributes":[[1.0],[1.0],[1.0],[1.0],[1.0],[1.0],[1.0],[1.0],[1.0],[1.0],[1.0],[1.0],[1.0],[1.0],[1.0],[1.0],[1.0],[1.0],[1.0],[1.0],[1.0],[1.0],[1.0],[1.0]],"seed_graph_indices":[1,1,-1,-1,-1,0,1,0,0,0,-1],"graph_labels":0,"node_importances":[1,1,0,0,0,1,1,1,1,1,0],"edge_importances":[1,1,1,1,1,1,1,1,1,1,1,1,0,0,0,0,0,0,0,0,0,0,0,0],"multi_node_importances":[[0,1],[0,1],[0,0],[0,0],[0,0],[1,0],[0,1],[1,0],[1,0],[1,0],[0,0]],"multi_edge_importances":[[1,0],[1,0],[1,0],[1,0],[1,0],[1,0],[0,1],[0,1],[0,1],[0,1],[0,1],[0,1],[0,0],[0,0],[0,0],[0,0],[0,0],[0,0],[0,0],[0,0],[0,0],[0,0],[0,0],[0,0]],"original_value":-1.3436327104826957,"class":0,"node_positions":[[-0.5685682205612362,-0.8127230818049117],[-0.44500288194962906,-0.3992125679502341],[-0.17826953808384027,0.6693449555938454],[-0.15427369813217515,-0.07751686758258707],[0.1062051444021979,0.2931428658607231],[0.5722618126079944,0.39375208961632296],[-0.8507756737672851,-0.5484029364289346],[1.0,0.5310562261606538],[0.6037760238604108,0.8643546014497444],[0.8853320149527719,0.04498688033054608],[-0.9706849833292087,-0.9587821652451686]],"node_coordinates":[[273.5903102120791,180.97192522707775],[313.3489010346444,323.8639059536347],[399.17346961231135,693.112802761947],[406.8944113650854,435.0285179201995],[490.7065210928108,563.1130567958078],[640.6656971815473,597.8794068162365],[182.786766231473,272.30993926359224],[778.2954545454545,645.3259876779364],[650.805762707682,760.5],[741.3996911447582,477.36070198622843],[144.20454545454544,130.50000000000006]]},"label":"0","name":"3432","value":-1.3436327104826957,"input_type":"classification","classes":{"0":"low","1":"high"},"image_width":900,"image_height":900,"image_path":"./3432.png"}