{"graph":{"node_indices":[0,1,2,3,4,5,6,7,8,9,10,11,12],"node_attributes":[[0.0,1.0,1.0],[1.0,1.0,0.0],[0.0,1.0,1.0],[0.0,1.0,1.0],[0.0,1.0,1.0],[0.800000011920929,0.800000011920929,0.800000011920929],[1.0,0.0,1.0],[1.0,0.0,0.0],[1.0,0.0,0.0],[1.0,1.0,0.0],[0.800000011920929,0.800000011920929,0.800000011920929],[1.0,0.0,1.0],[1.0,0.0,1.0]],"node_adjacency":[[0,0,0,1,0,0,0,1,0,0,0,0,0],[0,0,1,1,1,0,1,0,0,0,0,0,0],[0,1,0,0,0,0,0,0,0,0,0,0,0],[1,1,0,0,0,1,0,0,0,0,0,0,0],[0,1,0,0,0,0,0,0,0,0,0,1,1],[0,0,0,1,0,0,0,0,0,1,0,0,0],[0,1,0,0,0,0,0,0,0,0,0,0,0],[1,0,0,0,0,0,0,0,0,0,0,1,0],[0,0,0,0,0,0,0,0,0,0,0,1,1],[0,0,0,0,0,1,0,0,0,0,0,0,0],[0,0,0,0,0,0,0,0,0,0,0,0,1],[0,0,0,0,1,0,0,1,1,0,0,0,0],[0,0,0,0,1,0,0,0,1,0,1,0,0]],"edge_indices":[[4,1],[1,4],[3,1],[1,3],[11,4],[4,11],[7,11],[11,7],[12,4],[4,12],[6,1],[1,6],[2,1],[1,2],[8,12],[12,8],[0,7],[7,0],[5,3],[3,5],[10,12],[12,10],[9,5],[5,9],[3,0],[0,3],[11,8],[8,11]],"edge_attributes":[[1.0],[1.0],[1.0],[1.0],[1.0],[1.0],[1.0],[1.0],[1.0],[1.0],[1.0],[1.0],[1.0],[1.0],[1.0],[1.0],[1.0],[1.0],[1.0],[1.0],[1.0],[1.0],[1.0],[1.0],[1.0],[1.0],[1.0],[1.0]],"seed_graph_indices":[-1,-1,-1,-1,-1,-1,-1,-1,-1,-1,-1,-1,-1],"graph_labels":0,"node_importances":[0,0,0,0,0,0,0,0,0,0,0,0,0],"edge_importances":[0,0,0,0,0,0,0,0,0,0,0,0,0,0,0,0,0,0,0,0,0,0,0,0,0,0,0,0],"multi_node_importances":[[0,0],[0,0],[0,0],[0,0],[0,0],[0,0],[0,0],[0,0],[0,0],[0,0],[0,0],[0,0],[0,0]],"multi_edge_importances":[[0,0],[0,0],[0,0],[0,0],[0,0],[0,0],[0,0],[0,0],[0,0],[0,0],[0,0],[0,0],[0,0],[0,0],[0,0],[0,0],[0,0],[0,0],[0,0],[0,0],[0,0],[0,0],[0,0],[0,0],[0,0],[0,0],[0,0],[0,0]],"original_value":-0.3027146418718103,"class":0,"node_positions":[[0.55945633085399,-0.13587658616040768],[-0.09409624253444233,0.26372163704197726],[-0.13559826180215845,0.6788657286594827],[0.35890313018693226,0.25306589681253494],[-0.26806602142975916,-0.1455711987335621],[0.6719825758316977,0.5279346198076512],[-0.4570589333101664,0.48812309346323607],[0.3850874776736602,-0.5178347115000627],[-0.36496635720828907,-0.7683979048772878],[0.9808605661468053,0.7642223382065302],[-1.0,-0.4752473211767963],[-0.034026043673176555,-0.5226514984934381],[-0.6024782207350937,-0.4103540930498575]],"node_coordinates":[[643.4002482809581,390.5046766900503],[434.1923148802275,554.7638150862372],[420.9071530791802,725.4132495428621],[579.201402837012,550.3836587005685],[378.5030568176787,386.51960214294786],[679.4208901140657,663.3713973581825],[318.0047616049585,647.0064421710351],[587.583243025849,233.49668984537797],[347.4844061084351,130.5],[778.2954545454545,760.4999999999999],[144.20454545454538,251.0026937134154],[453.4213144656475,231.51669785485032],[271.45476725478045,277.677751611457]]},"label":"0","name":"3438","value":-0.3027146418718103,"input_type":"classification","classes":{"0":"low","1":"high"},"image_width":900,"image_height":900,"image_path":"./3438.png"}