{"graph":{"node_indices":[0,1,2,3,4,5,6,7,8,9,10,11,12,13,14,15,16],"node_attributes":[[0.0,0.0,1.0],[0.800000011920929,0.800000011920929,0.800000011920929],[0.0,1.0,1.0],[0.0,1.0,1.0],[0.0,1.0,0.0],[0.800000011920929,0.800000011920929,0.800000011920929],[0.0,1.0,0.0],[1.0,1.0,0.0],[0.0,0.0,1.0],[1.0,0.0,0.0],[0.0,0.0,1.0],[1.0,0.0,0.0],[1.0,1.0,0.0],[0.800000011920929,0.800000011920929,0.800000011920929],[0.0,1.0,0.0],[0.0,1.0,1.0],[0.800000011920929,0.800000011920929,0.800000011920929]],"node_adjacency":[[0,1,0,0,0,0,0,0,0,0,0,0,0,0,0,1,1],[1,0,0,0,1,1,0,0,0,0,0,0,0,0,0,0,0],[0,0,0,1,0,0,0,0,0,1,0,0,0,0,0,0,0],[0,0,1,0,0,0,0,0,0,0,1,0,0,0,0,0,0],[0,1,0,0,0,0,0,0,0,1,0,0,0,0,0,0,0],[0,1,0,0,0,0,0,0,0,0,0,0,0,0,0,0,0],[0,0,0,0,0,0,0,0,0,1,0,1,0,1,0,0,0],[0,0,0,0,0,0,0,0,0,0,0,0,0,0,1,0,0],[0,0,0,0,0,0,0,0,0,0,0,0,1,0,0,0,0],[0,0,1,0,1,0,1,0,0,0,0,1,0,0,0,0,0],[0,0,0,1,0,0,0,0,0,0,0,0,1,0,0,0,0],[0,0,0,0,0,0,1,0,0,1,0,0,0,0,1,0,0],[1,0,0,0,0,0,0,0,1,0,1,0,0,0,0,0,0],[0,0,0,0,0,0,1,0,0,0,0,0,0,0,0,0,0],[0,0,0,0,0,0,0,1,0,0,0,1,0,0,0,0,0],[1,0,0,0,0,0,0,0,0,0,0,0,0,0,0,0,0],[1,0,0,0,0,0,0,0,0,0,0,0,0,0,0,0,0]],"edge_indices":[[12,10],[12,8],[12,0],[10,12],[8,12],[8,12],[11,9],[11,6],[9,11],[9,6],[6,9],[6,11],[1,0],[0,1],[16,0],[0,16],[4,1],[1,4],[5,1],[1,5],[13,6],[6,13],[14,11],[11,14],[7,14],[14,7],[3,10],[10,3],[2,3],[3,2],[15,0],[0,15],[2,9],[9,2],[9,4],[4,9]],"edge_attributes":[[1.0],[1.0],[1.0],[1.0],[1.0],[1.0],[1.0],[1.0],[1.0],[1.0],[1.0],[1.0],[1.0],[1.0],[1.0],[1.0],[1.0],[1.0],[1.0],[1.0],[1.0],[1.0],[1.0],[1.0],[1.0],[1.0],[1.0],[1.0],[1.0],[1.0],[1.0],[1.0],[1.0],[1.0],[1.0],[1.0]],"seed_graph_indices":[0,-1,-1,-1,-1,-1,1,-1,0,1,0,1,0,-1,-1,-1,-1],"graph_labels":0,"node_importances":[1,0,0,0,0,0,1,0,1,1,1,1,1,0,0,0,0],"edge_importances":[1,1,1,1,1,1,1,1,1,1,1,1,0,0,0,0,0,0,0,0,0,0,0,0,0,0,0,0,0,0,0,0,0,0,0,0],"multi_node_importances":[[1,0],[0,0],[0,0],[0,0],[0,0],[0,0],[0,1],[0,0],[1,0],[0,1],[1,0],[0,1],[1,0],[0,0],[0,0],[0,0],[0,0]],"multi_edge_importances":[[1,0],[1,0],[1,0],[1,0],[1,0],[1,0],[0,1],[0,1],[0,1],[0,1],[0,1],[0,1],[0,0],[0,0],[0,0],[0,0],[0,0],[0,0],[0,0],[0,0],[0,0],[0,0],[0,0],[0,0],[0,0],[0,0],[0,0],[0,0],[0,0],[0,0],[0,0],[0,0],[0,0],[0,0],[0,0],[0,0]],"original_value":-1.1959859482789361,"class":0,"node_positions":[[0.15060761297838043,-0.46879270051172417],[-0.10044770199835763,-0.3142440823622771],[0.13973107567314313,0.2863535814030085],[0.38882172716301067,0.17187895308460238],[-0.17498555017512335,-0.04355376553142667],[-0.339000557247803,-0.46179592286068577],[-0.3968617658078414,0.33124905501913005],[-0.2735396547732942,1.0],[0.6736676452930538,-0.4703874289900555],[-0.14421833851473048,0.237696252616304],[0.48884139026919143,-0.08321506764744653],[-0.22698260074332,0.49023417138803355],[0.4234115088282306,-0.3563257530597472],[-0.6614466094448759,0.35891469391097236],[-0.24105877542564724,0.7518804448967121],[0.025715799768584156,-0.7181065761325663],[0.2677447941573988,-0.7117858552228337]],"node_coordinates":[[529.8765568949049,221.91909112220955],[410.64189788292975,278.5893994643849],[524.710921517135,498.81818703113186],[643.0124954002333,456.84231845437876],[375.24135313976626,377.84686228564215],[297.345079790725,224.48468861271942],[269.8648351549315,515.2805816061086],[328.4346760651054,760.5],[778.2954545454545,221.33433173923214],[389.85374241109525,480.9763851537269],[690.515215771093,363.30374797585523],[350.54619544234083,573.5776772018133],[659.4403524345818,263.1587778093051],[144.20454545454544,525.4250934448875],[343.86094407215654,669.5188455788727],[470.56121133913706,130.5],[585.508965461114,132.81769916281627]]},"label":"0","name":"3452","value":-1.1959859482789361,"input_type":"classification","classes":{"0":"low","1":"high"},"image_width":900,"image_height":900,"image_path":"./3452.png"}