{"graph":{"node_indices":[0,1,2,3,4,5,6,7,8,9,10,11,12,13,14,15,16,17,18,19,20],"node_attributes":[[0.0,1.0,1.0],[1.0,0.0,1.0],[0.0,0.0,1.0],[0.0,0.0,1.0],[0.0,1.0,1.0],[1.0,1.0,0.0],[1.0,0.0,1.0],[0.800000011920929,0.800000011920929,0.800000011920929],[1.0,0.0,0.0],[0.0,1.0,0.0],[1.0,1.0,0.0],[1.0,0.0,0.0],[0.0,0.0,1.0],[0.800000011920929,0.800000011920929,0.800000011920929],[1.0,0.0,1.0],[1.0,0.0,0.0],[0.800000011920929,0.800000011920929,0.800000011920929],[0.0,1.0,1.0],[0.0,1.0,1.0],[1.0,1.0,0.0],[0.0,1.0,0.0]],"node_adjacency":[[0,1,0,0,0,0,0,0,1,0,0,0,0,0,0,0,0,0,1,0,0],[1,0,0,0,0,0,0,0,0,0,0,1,0,0,0,0,0,0,0,0,0],[0,0,0,0,1,0,1,0,0,0,0,0,0,0,0,0,0,0,0,0,0],[0,0,0,0,0,0,0,0,1,0,0,0,0,0,0,0,0,0,0,0,0],[0,0,1,0,0,0,0,0,0,0,0,0,0,0,0,0,0,0,0,1,0],[0,0,0,0,0,0,0,0,0,0,0,0,0,1,0,0,0,1,0,0,0],[0,0,1,0,0,0,0,0,1,0,0,0,0,0,0,0,0,0,0,0,0],[0,0,0,0,0,0,0,0,0,0,0,0,0,0,0,0,0,0,0,0,1],[1,0,0,1,0,0,1,0,0,0,0,1,1,0,0,0,0,0,1,0,1],[0,0,0,0,0,0,0,0,0,0,0,1,0,0,0,1,0,0,0,0,0],[0,0,0,0,0,0,0,0,0,0,0,0,0,0,0,0,0,0,0,0,1],[0,1,0,0,0,0,0,0,1,1,0,0,0,0,0,0,0,0,0,0,1],[0,0,0,0,0,0,0,0,1,0,0,0,0,0,0,0,0,0,0,0,0],[0,0,0,0,0,1,0,0,0,0,0,0,0,0,0,0,0,0,0,0,0],[0,0,0,0,0,0,0,0,0,0,0,0,0,0,0,1,0,0,0,0,0],[0,0,0,0,0,0,0,0,0,1,0,0,0,0,1,0,1,1,0,0,0],[0,0,0,0,0,0,0,0,0,0,0,0,0,0,0,1,0,1,0,0,0],[0,0,0,0,0,1,0,0,0,0,0,0,0,0,0,1,1,0,1,1,0],[1,0,0,0,0,0,0,0,1,0,0,0,0,0,0,0,0,1,0,0,0],[0,0,0,0,1,0,0,0,0,0,0,0,0,0,0,0,0,1,0,0,0],[0,0,0,0,0,0,0,1,1,0,1,1,0,0,0,0,0,0,0,0,0]],"edge_indices":[[8,11],[8,20],[11,8],[11,20],[20,11],[20,8],[18,8],[8,18],[9,11],[11,9],[6,8],[8,6],[2,6],[6,2],[3,8],[8,3],[15,9],[9,15],[0,18],[18,0],[1,11],[11,1],[4,2],[2,4],[17,15],[15,17],[14,15],[15,14],[12,8],[8,12],[5,17],[17,5],[10,20],[20,10],[16,17],[17,16],[19,4],[4,19],[7,20],[20,7],[13,5],[5,13],[17,18],[18,17],[17,19],[19,17],[0,8],[8,0],[0,1],[1,0],[15,16],[16,15]],"edge_attributes":[[1.0],[1.0],[1.0],[1.0],[1.0],[1.0],[1.0],[1.0],[1.0],[1.0],[1.0],[1.0],[1.0],[1.0],[1.0],[1.0],[1.0],[1.0],[1.0],[1.0],[1.0],[1.0],[1.0],[1.0],[1.0],[1.0],[1.0],[1.0],[1.0],[1.0],[1.0],[1.0],[1.0],[1.0],[1.0],[1.0],[1.0],[1.0],[1.0],[1.0],[1.0],[1.0],[1.0],[1.0],[1.0],[1.0],[1.0],[1.0],[1.0],[1.0],[1.0],[1.0]],"seed_graph_indices":[-1,-1,-1,-1,-1,-1,-1,-1,0,-1,-1,0,-1,-1,-1,-1,-1,-1,-1,-1,0],"graph_labels":1,"node_importances":[0,0,0,0,0,0,0,0,1,0,0,1,0,0,0,0,0,0,0,0,1],"edge_importances":[1,1,1,1,1,1,0,0,0,0,0,0,0,0,0,0,0,0,0,0,0,0,0,0,0,0,0,0,0,0,0,0,0,0,0,0,0,0,0,0,0,0,0,0,0,0,0,0,0,0,0,0],"multi_node_importances":[[0,0],[0,0],[0,0],[0,0],[0,0],[0,0],[0,0],[0,0],[0,1],[0,0],[0,0],[0,1],[0,0],[0,0],[0,0],[0,0],[0,0],[0,0],[0,0],[0,0],[0,1]],"multi_edge_importances":[[0,1],[0,1],[0,1],[0,1],[0,1],[0,1],[0,0],[0,0],[0,0],[0,0],[0,0],[0,0],[0,0],[0,0],[0,0],[0,0],[0,0],[0,0],[0,0],[0,0],[0,0],[0,0],[0,0],[0,0],[0,0],[0,0],[0,0],[0,0],[0,0],[0,0],[0,0],[0,0],[0,0],[0,0],[0,0],[0,0],[0,0],[0,0],[0,0],[0,0],[0,0],[0,0],[0,0],[0,0],[0,0],[0,0],[0,0],[0,0],[0,0],[0,0],[0,0],[0,0]],"original_value":0.897690591817648,"class":1,"node_positions":[[0.32733618541176934,-0.1507243597090053],[0.5145605188964083,-0.1098649201893743],[-0.37991446087603487,0.48338710313068173],[0.5740157666610523,0.309143681036273],[-0.6224298147466225,0.2450002641938197],[-0.08906709761525655,-0.6875067604134517],[-0.0428398086151646,0.4177481860976716],[0.5481873869576449,0.6701330322353887],[0.28478502079244894,0.17323172416626584],[-0.16943583876034923,-0.010399290744831566],[0.22346699849822996,0.7821230501842105],[0.1421396238549446,0.1484584547002445],[0.6270783548733077,0.09211912051378307],[-0.06652867626327763,-1.0],[-0.7389034151966622,-0.40144286337222956],[-0.411413828453936,-0.2904030750751098],[-0.3887068731323603,-0.5487280913938599],[-0.18707031865898985,-0.34570529847622267],[0.08968501289774276,-0.1541928693439814],[-0.5207164602440586,-0.07973955862803495],[0.28577172371916354,0.45736247108776235]],"node_coordinates":[[639.1546629981322,430.7282324601668],[726.0644962216993,445.17249145491286],[310.8477887147402,654.8935736512306],[753.663716746712,593.2966171963266],[198.27177593498874,570.6212174215644],[445.85959708409644,240.96977980514626],[467.3183781228617,631.6894981938586],[741.6741418304671,720.9103031491204],[619.4023447406493,545.2502531592003],[408.5522996868747,480.3346799152353],[590.9384213178598,760.5],[553.1861247268913,536.4926313092499],[778.2954545454545,516.576060153402],[456.3219681037464,130.49999999999994],[144.20454545454544,342.096497804412],[296.22573221230465,381.35027807505855],[306.7663369685505,290.02955795756145],[400.36634608538435,361.8003369309273],[528.836610936412,429.50207634832645],[245.4872767830806,455.8221364284639],[619.8603738077363,645.693581436695]]},"label":"1","name":"3453","value":0.897690591817648,"input_type":"classification","classes":{"0":"low","1":"high"},"image_width":900,"image_height":900,"image_path":"./3453.png"}