{"graph":{"node_indices":[0,1,2,3,4,5,6,7,8,9,10,11],"node_attributes":[[1.0,0.0,0.0],[1.0,0.0,0.0],[0.0,1.0,0.0],[0.0,0.0,1.0],[0.0,0.0,1.0],[0.0,1.0,1.0],[0.0,1.0,1.0],[1.0,0.0,0.0],[1.0,0.0,0.0],[0.0,1.0,0.0],[0.800000011920929,0.800000011920929,0.800000011920929],[0.0,1.0,0.0]],"node_adjacency":[[0,1,1,0,0,1,0,0,0,0,0,0],[1,0,1,0,0,0,1,0,0,0,1,0],[1,1,0,0,0,0,0,0,0,0,0,0],[0,0,0,0,0,0,0,1,0,0,0,0],[0,0,0,0,0,0,0,1,0,0,1,0],[1,0,0,0,0,0,1,0,0,0,0,0],[0,1,0,0,0,1,0,0,0,0,0,0],[0,0,0,1,1,0,0,0,1,1,0,0],[0,0,0,0,0,0,0,1,0,1,0,0],[0,0,0,0,0,0,0,1,1,0,0,0],[0,1,0,0,1,0,0,0,0,0,0,1],[0,0,0,0,0,0,0,0,0,0,1,0]],"edge_indices":[[0,1],[0,2],[1,0],[1,2],[2,1],[2,0],[8,7],[8,9],[7,8],[7,9],[9,7],[9,8],[10,1],[1,10],[3,7],[7,3],[5,0],[0,5],[11,10],[10,11],[4,7],[7,4],[6,1],[1,6],[10,4],[4,10],[5,6],[6,5]],"edge_attributes":[[1.0],[1.0],[1.0],[1.0],[1.0],[1.0],[1.0],[1.0],[1.0],[1.0],[1.0],[1.0],[1.0],[1.0],[1.0],[1.0],[1.0],[1.0],[1.0],[1.0],[1.0],[1.0],[1.0],[1.0],[1.0],[1.0],[1.0],[1.0]],"seed_graph_indices":[0,0,0,-1,-1,-1,-1,1,1,1,-1,-1],"graph_labels":1,"node_importances":[1,1,1,0,0,0,0,1,1,1,0,0],"edge_importances":[1,1,1,1,1,1,1,1,1,1,1,1,0,0,0,0,0,0,0,0,0,0,0,0,0,0,0,0],"multi_node_importances":[[0,1],[0,1],[0,1],[0,0],[0,0],[0,0],[0,0],[0,1],[0,1],[0,1],[0,0],[0,0]],"multi_edge_importances":[[0,1],[0,1],[0,1],[0,1],[0,1],[0,1],[0,1],[0,1],[0,1],[0,1],[0,1],[0,1],[0,0],[0,0],[0,0],[0,0],[0,0],[0,0],[0,0],[0,0],[0,0],[0,0],[0,0],[0,0],[0,0],[0,0],[0,0],[0,0]],"original_value":1.9213079191420979,"class":1,"node_positions":[[0.13232205559832297,-0.8093267294187191],[0.17265586645758527,-0.424596880088342],[-0.1468839979168733,-0.6626456802658423],[-0.5681956046656003,0.9421353851682064],[-0.09345258122852101,0.27490232107109525],[0.4605284977983868,-1.0],[0.5396184626642471,-0.6205803364289856],[-0.3190795428397205,0.58686538427376],[-0.2657777970193782,0.9124688636534213],[-0.6410716523338029,0.6523332185297175],[0.17811057278891568,-0.013567821648593995],[0.5512257206964382,0.16201227515428232]],"node_coordinates":[[555.5129408605566,192.3515894327332],[576.9633804684628,317.1522634378285],[407.0247999807516,239.93275276049414],[182.96168806187978,760.5],[435.440844793318,544.0594605858164],[730.0606049011221,130.5],[772.122450256282,253.57812826809527],[315.4472857704916,645.2556651957524],[343.794368660941,750.8766191085099],[144.2045454545455,666.4924625355429],[579.8643175791995,450.4840119835737],[778.2954545454545,507.4395990299586]]},"label":"1","name":"3477","value":1.9213079191420979,"input_type":"classification","classes":{"0":"low","1":"high"},"image_width":900,"image_height":900,"image_path":"./3477.png"}