{"graph":{"node_indices":[0,1,2,3,4,5,6,7,8,9,10,11,12,13,14,15,16,17,18,19,20,21,22,23,24,25],"node_attributes":[[0.0,1.0,1.0],[1.0,1.0,0.0],[0.0,1.0,1.0],[0.0,1.0,1.0],[0.0,0.0,1.0],[0.0,1.0,0.0],[1.0,0.0,1.0],[0.800000011920929,0.800000011920929,0.800000011920929],[1.0,0.0,1.0],[0.800000011920929,0.800000011920929,0.800000011920929],[0.0,1.0,1.0],[0.0,1.0,0.0],[0.800000011920929,0.800000011920929,0.800000011920929],[1.0,0.0,0.0],[1.0,0.0,1.0],[0.0,0.0,1.0],[0.0,1.0,1.0],[0.0,0.0,1.0],[0.0,0.0,1.0],[0.800000011920929,0.800000011920929,0.800000011920929],[0.0,0.0,1.0],[0.0,1.0,1.0],[0.800000011920929,0.800000011920929,0.800000011920929],[1.0,1.0,0.0],[0.0,1.0,0.0],[0.0,1.0,0.0]],"node_adjacency":[[0,0,0,0,0,0,0,0,0,0,0,0,0,0,0,0,0,0,0,0,0,0,1,0,0,0],[0,0,0,0,0,0,0,0,0,0,0,1,0,0,0,0,0,0,0,0,0,0,0,0,1,0],[0,0,0,0,0,0,0,0,0,0,0,0,1,0,0,0,0,0,0,0,0,0,0,0,0,0],[0,0,0,0,0,0,0,0,0,0,0,0,0,0,0,0,0,0,0,0,0,0,0,0,1,0],[0,0,0,0,0,0,0,0,0,0,0,0,1,0,0,0,0,1,0,0,1,0,0,0,0,1],[0,0,0,0,0,0,0,0,0,0,0,0,0,0,0,0,0,1,1,0,0,0,0,0,0,0],[0,0,0,0,0,0,0,0,0,0,1,0,0,0,0,0,1,1,0,0,0,0,0,0,0,0],[0,0,0,0,0,0,0,0,0,0,0,0,0,0,0,1,0,0,0,0,0,0,0,0,0,0],[0,0,0,0,0,0,0,0,0,0,1,0,0,0,0,0,0,0,0,0,0,0,0,0,0,0],[0,0,0,0,0,0,0,0,0,0,0,0,0,0,0,0,0,0,0,0,0,0,0,0,1,0],[0,0,0,0,0,0,1,0,1,0,0,0,0,0,0,0,0,0,0,0,1,0,0,0,0,0],[0,1,0,0,0,0,0,0,0,0,0,0,0,0,0,0,0,0,0,0,0,0,0,0,0,0],[0,0,1,0,1,0,0,0,0,0,0,0,0,0,0,0,0,0,0,1,0,0,0,0,0,0],[0,0,0,0,0,0,0,0,0,0,0,0,0,0,0,0,0,0,0,0,0,0,0,0,0,1],[0,0,0,0,0,0,0,0,0,0,0,0,0,0,0,0,0,0,0,1,0,0,0,1,0,0],[0,0,0,0,0,0,0,1,0,0,0,0,0,0,0,0,1,0,0,0,0,0,0,0,0,0],[0,0,0,0,0,0,1,0,0,0,0,0,0,0,0,1,0,0,1,0,0,0,0,0,0,0],[0,0,0,0,1,1,1,0,0,0,0,0,0,0,0,0,0,0,0,0,0,0,0,0,0,1],[0,0,0,0,0,1,0,0,0,0,0,0,0,0,0,0,1,0,0,0,0,0,0,0,0,0],[0,0,0,0,0,0,0,0,0,0,0,0,1,0,1,0,0,0,0,0,0,0,1,0,0,1],[0,0,0,0,1,0,0,0,0,0,1,0,0,0,0,0,0,0,0,0,0,0,0,0,0,0],[0,0,0,0,0,0,0,0,0,0,0,0,0,0,0,0,0,0,0,0,0,0,0,0,1,0],[1,0,0,0,0,0,0,0,0,0,0,0,0,0,0,0,0,0,0,1,0,0,0,0,1,0],[0,0,0,0,0,0,0,0,0,0,0,0,0,0,1,0,0,0,0,0,0,0,0,0,0,0],[0,1,0,1,0,0,0,0,0,1,0,0,0,0,0,0,0,0,0,0,0,1,1,0,0,0],[0,0,0,0,1,0,0,0,0,0,0,0,0,1,0,0,0,1,0,1,0,0,0,0,0,0]],"edge_indices":[[4,17],[4,25],[17,4],[17,25],[25,17],[25,4],[19,25],[25,19],[20,4],[4,20],[6,17],[17,6],[22,19],[19,22],[24,22],[22,24],[12,4],[4,12],[16,6],[6,16],[18,16],[16,18],[10,6],[6,10],[9,24],[24,9],[13,25],[25,13],[8,10],[10,8],[0,22],[22,0],[21,24],[24,21],[1,24],[24,1],[11,1],[1,11],[14,19],[19,14],[5,18],[18,5],[15,16],[16,15],[23,14],[14,23],[3,24],[24,3],[2,12],[12,2],[7,15],[15,7],[17,5],[5,17],[20,10],[10,20],[19,12],[12,19]],"edge_attributes":[[1.0],[1.0],[1.0],[1.0],[1.0],[1.0],[1.0],[1.0],[1.0],[1.0],[1.0],[1.0],[1.0],[1.0],[1.0],[1.0],[1.0],[1.0],[1.0],[1.0],[1.0],[1.0],[1.0],[1.0],[1.0],[1.0],[1.0],[1.0],[1.0],[1.0],[1.0],[1.0],[1.0],[1.0],[1.0],[1.0],[1.0],[1.0],[1.0],[1.0],[1.0],[1.0],[1.0],[1.0],[1.0],[1.0],[1.0],[1.0],[1.0],[1.0],[1.0],[1.0],[1.0],[1.0],[1.0],[1.0],[1.0],[1.0]],"seed_graph_indices":[-1,-1,-1,-1,0,-1,-1,-1,-1,-1,-1,-1,-1,-1,-1,-1,-1,0,-1,-1,-1,-1,-1,-1,-1,0],"graph_labels":0,"node_importances":[0,0,0,0,1,0,0,0,0,0,0,0,0,0,0,0,0,1,0,0,0,0,0,0,0,1],"edge_importances":[1,1,1,1,1,1,0,0,0,0,0,0,0,0,0,0,0,0,0,0,0,0,0,0,0,0,0,0,0,0,0,0,0,0,0,0,0,0,0,0,0,0,0,0,0,0,0,0,0,0,0,0,0,0,0,0,0,0],"multi_node_importances":[[0,0],[0,0],[0,0],[0,0],[1,0],[0,0],[0,0],[0,0],[0,0],[0,0],[0,0],[0,0],[0,0],[0,0],[0,0],[0,0],[0,0],[1,0],[0,0],[0,0],[0,0],[0,0],[0,0],[0,0],[0,0],[1,0]],"multi_edge_importances":[[1,0],[1,0],[1,0],[1,0],[1,0],[1,0],[0,0],[0,0],[0,0],[0,0],[0,0],[0,0],[0,0],[0,0],[0,0],[0,0],[0,0],[0,0],[0,0],[0,0],[0,0],[0,0],[0,0],[0,0],[0,0],[0,0],[0,0],[0,0],[0,0],[0,0],[0,0],[0,0],[0,0],[0,0],[0,0],[0,0],[0,0],[0,0],[0,0],[0,0],[0,0],[0,0],[0,0],[0,0],[0,0],[0,0],[0,0],[0,0],[0,0],[0,0],[0,0],[0,0],[0,0],[0,0],[0,0],[0,0],[0,0],[0,0]],"original_value":-0.5086713581837224,"class":0,"node_positions":[[-0.38664167047401143,0.3410237795580323],[-0.6888550387272528,0.27948782661189486],[0.1727656349548361,0.2981284240088962],[-0.7576300280295865,0.10277050191410651],[0.1105749629552166,-0.12200696341107778],[0.3693729631185111,-0.21417986298735875],[0.42554811702202133,-0.15369761924773326],[1.0,-0.026616823293140524],[0.41667790920941544,-0.6044750016047976],[-0.7281608330650786,-0.052564571419871274],[0.3660356466859937,-0.40202297415074717],[-0.8412818659773469,0.4115306790145882],[0.05357648079307537,0.1144735894350317],[-0.12024466877765345,-0.2493422833613235],[-0.09408059277294237,0.35277737202382725],[0.813151037374154,-0.04400799162701414],[0.6231163476692045,-0.0889371617812607],[0.23830270997903943,-0.07693072365698882],[0.5938170269579827,-0.25358798318449305],[-0.1319540198257114,0.12740878808133016],[0.1614596885019187,-0.34294552377880516],[-0.6090771285898816,-0.12066694483438353],[-0.3512778021204754,0.13594231272749974],[-0.05750640556328237,0.562027841830728],[-0.5676277499895291,0.08845333717985944],[-0.010060721308616476,-0.06204202404679896]],"node_coordinates":[[300.7711310505855,641.1410459988786],[196.69648992365165,607.9069646811768],[493.41685977131675,617.9743009300316],[173.0121229099753,512.4662075616163],[471.9999651209795,391.0693297470676],[561.1234514413903,341.2889738226574],[580.4687537903555,373.9539722582743],[778.2954545454545,442.5872395511358],[577.4140785450013,130.5],[183.1605683872806,428.5734877529012],[559.974164061918,239.8394482609346],[144.2045454545455,679.2201187654811],[452.3711293415048,518.7867623546663],[392.5115213221608,322.29860019411495],[401.52176741533276,647.488877292322],[713.9493971800182,433.1946897498237],[648.506255974769,408.92953055500186],[515.9861709936364,415.41391767918066],[638.4163108942187,320.0056003067601],[388.47911694772966,525.7727505955243],[489.5233777374521,271.74575174212333],[224.16998461183587,391.7930414020097],[312.9495529682762,530.381501064793],[414.11699253841545,760.5],[238.44410235751843,504.73385282854855],[430.4560863063934,423.4549445889775]]},"label":"0","name":"3486","value":-0.5086713581837224,"input_type":"classification","classes":{"0":"low","1":"high"},"image_width":900,"image_height":900,"image_path":"./3486.png"}