{"graph":{"node_indices":[0,1,2,3,4,5,6,7,8,9,10],"node_attributes":[[0.800000011920929,0.800000011920929,0.800000011920929],[0.0,0.0,1.0],[0.0,0.0,1.0],[1.0,0.0,0.0],[1.0,0.0,0.0],[1.0,0.0,0.0],[0.0,0.0,1.0],[1.0,1.0,0.0],[0.0,0.0,1.0],[0.0,1.0,1.0],[1.0,1.0,0.0]],"node_adjacency":[[0,0,0,0,0,1,0,1,0,0,0],[0,0,0,0,0,0,0,1,0,0,1],[0,0,0,0,0,0,0,1,0,0,0],[0,0,0,0,0,0,0,0,0,0,1],[0,0,0,0,0,0,0,0,0,0,0],[1,0,0,0,0,0,0,0,0,0,1],[0,0,0,0,0,0,0,0,0,0,0],[1,1,1,0,0,0,1,0,1,0,0],[0,0,0,0,0,0,0,1,0,1,0],[0,0,0,0,0,0,0,0,1,0,0],[0,1,0,1,1,1,0,0,0,0,0]],"edge_indices":[[7,8],[7,2],[7,6],[8,7],[2,7],[2,7],[10,3],[10,5],[10,4],[3,10],[5,10],[5,10],[0,7],[7,0],[9,8],[8,9],[1,10],[10,1],[0,5],[5,0],[1,7],[7,1]],"edge_attributes":[[1.0],[1.0],[1.0],[1.0],[1.0],[1.0],[1.0],[1.0],[1.0],[1.0],[1.0],[1.0],[1.0],[1.0],[1.0],[1.0],[1.0],[1.0],[1.0],[1.0],[1.0],[1.0]],"seed_graph_indices":[-1,-1,0,1,1,1,0,0,0,-1,1],"graph_labels":0,"node_importances":[0,0,1,1,1,1,1,1,1,0,1],"edge_importances":[1,1,1,1,1,1,1,1,1,1,1,1,0,0,0,0,0,0,0,0,0,0],"multi_node_importances":[[0,0],[0,0],[1,0],[0,1],[0,1],[0,1],[1,0],[1,0],[1,0],[0,0],[0,1]],"multi_edge_importances":[[1,0],[1,0],[1,0],[1,0],[1,0],[1,0],[0,1],[0,1],[0,1],[0,1],[0,1],[0,1],[0,0],[0,0],[0,0],[0,0],[0,0],[0,0],[0,0],[0,0],[0,0],[0,0]],"original_value":-0.4803308558722307,"class":0,"node_positions":[[-0.014982782858905867,0.31039782518130266],[-0.11320623130454945,-0.2369863955475384],[0.7230411588797077,-0.16925198321310878],[-0.7683375042649885,-0.5662319788807124],[-1.0,-0.016712973012273685],[-0.45423632866958163,0.2743424183676165],[0.44467335280850584,-0.47349219092445827],[0.301701648729804,-0.01911873096185264],[0.5840741507391538,0.3644690721265001],[0.8657816936517654,0.6906938054386411],[-0.5685091577109114,-0.15810886857411618]],"node_coordinates":[[478.9652866561198,569.8869418934203],[445.5837844520539,295.52542957396935],[729.7847012425926,329.4754688706798],[222.93566551145557,130.5],[144.20454545454538,405.93151554058375],[329.68379186379195,551.815145948107],[635.1806562924793,176.98330644603558],[586.5913394811948,404.725694538944],[682.5563910789202,596.9886896659995],[778.2954545454545,760.5],[290.8478646501493,335.0606532229658]]},"label":"0","name":"3490","value":-0.4803308558722307,"input_type":"classification","classes":{"0":"low","1":"high"},"image_width":900,"image_height":900,"image_path":"./3490.png"}