{"graph":{"node_indices":[0,1,2,3,4,5,6,7,8,9,10,11,12,13,14,15,16,17,18,19,20,21,22,23,24,25,26,27,28],"node_attributes":[[1.0,0.0,0.0],[0.0,1.0,1.0],[0.0,1.0,0.0],[1.0,0.0,0.0],[1.0,0.0,0.0],[1.0,1.0,0.0],[0.800000011920929,0.800000011920929,0.800000011920929],[0.0,1.0,0.0],[0.0,0.0,1.0],[0.800000011920929,0.800000011920929,0.800000011920929],[0.0,1.0,0.0],[1.0,0.0,1.0],[0.800000011920929,0.800000011920929,0.800000011920929],[1.0,0.0,0.0],[0.0,0.0,1.0],[1.0,1.0,0.0],[1.0,0.0,0.0],[1.0,0.0,0.0],[0.800000011920929,0.800000011920929,0.800000011920929],[1.0,1.0,0.0],[1.0,0.0,1.0],[1.0,0.0,1.0],[1.0,0.0,0.0],[1.0,0.0,1.0],[0.800000011920929,0.800000011920929,0.800000011920929],[1.0,0.0,1.0],[1.0,0.0,1.0],[0.0,1.0,0.0],[1.0,0.0,1.0]],"node_adjacency":[[0,0,0,0,0,1,0,0,0,0,0,0,0,0,0,0,0,0,0,0,0,0,0,0,0,0,0,0,0],[0,0,0,0,0,0,0,0,0,0,0,0,0,0,0,0,0,0,0,0,0,0,0,1,0,0,0,0,0],[0,0,0,0,0,0,0,0,0,0,1,0,0,0,0,0,0,0,0,0,0,0,0,0,0,0,0,0,0],[0,0,0,0,0,0,0,0,0,1,0,0,0,0,1,0,0,0,1,0,0,0,0,0,0,0,0,0,0],[0,0,0,0,0,1,0,0,0,0,0,0,0,0,0,0,0,0,0,0,0,0,0,1,0,0,0,0,0],[1,0,0,1,1,0,1,0,0,0,0,1,0,0,0,0,0,0,0,0,0,0,0,0,1,0,0,0,1],[0,0,0,0,0,1,0,0,0,0,0,0,1,1,0,0,0,1,0,0,0,0,0,0,0,0,0,0,0],[0,0,0,0,0,0,0,0,0,0,0,0,0,0,0,0,0,0,0,0,0,0,0,0,1,0,0,0,0],[0,0,0,0,0,0,0,0,0,1,0,0,0,0,0,0,0,1,0,0,0,0,0,0,0,0,0,0,0],[0,0,0,1,0,0,0,0,1,0,0,0,0,0,0,0,0,0,0,1,1,1,0,0,0,0,0,0,0],[0,0,1,0,0,0,0,0,0,0,0,0,0,0,0,0,0,0,0,0,1,0,0,0,0,0,0,0,1],[0,0,0,0,0,1,0,0,0,0,0,0,0,0,0,0,0,0,0,0,0,0,0,0,0,0,0,0,0],[0,0,0,0,0,0,1,0,0,0,0,0,0,0,0,0,0,0,0,0,0,0,0,0,0,0,0,0,0],[0,0,0,0,0,0,1,0,0,0,0,0,0,0,0,0,0,0,0,0,0,0,0,0,0,0,0,0,0],[0,0,0,1,0,0,0,0,0,0,0,0,0,0,0,0,0,0,0,0,0,0,0,0,0,0,0,0,0],[0,0,0,0,0,0,0,0,0,0,0,0,0,0,0,0,0,0,0,0,1,0,0,0,0,0,0,0,0],[0,0,0,0,0,0,0,0,0,0,0,0,0,0,0,0,0,0,0,0,0,0,0,0,1,1,0,0,0],[0,0,0,0,0,0,1,0,1,0,0,0,0,0,0,0,0,0,0,0,0,0,0,0,0,0,1,0,0],[0,0,0,1,0,0,0,0,0,0,0,0,0,0,0,0,0,0,0,0,0,0,0,0,0,0,0,1,0],[0,0,0,0,0,0,0,0,0,1,0,0,0,0,0,0,0,0,0,0,0,0,1,0,0,0,0,0,0],[0,0,0,0,0,0,0,0,0,1,1,0,0,0,0,1,0,0,0,0,0,0,0,0,0,0,0,0,0],[0,0,0,0,0,0,0,0,0,1,0,0,0,0,0,0,0,0,0,0,0,0,1,0,0,0,0,0,1],[0,0,0,0,0,0,0,0,0,0,0,0,0,0,0,0,0,0,0,1,0,1,0,0,0,0,0,0,0],[0,1,0,0,1,0,0,0,0,0,0,0,0,0,0,0,0,0,0,0,0,0,0,0,0,0,0,0,0],[0,0,0,0,0,1,0,1,0,0,0,0,0,0,0,0,1,0,0,0,0,0,0,0,0,0,0,0,0],[0,0,0,0,0,0,0,0,0,0,0,0,0,0,0,0,1,0,0,0,0,0,0,0,0,0,0,0,0],[0,0,0,0,0,0,0,0,0,0,0,0,0,0,0,0,0,1,0,0,0,0,0,0,0,0,0,0,0],[0,0,0,0,0,0,0,0,0,0,0,0,0,0,0,0,0,0,1,0,0,0,0,0,0,0,0,0,0],[0,0,0,0,0,1,0,0,0,0,1,0,0,0,0,0,0,0,0,0,0,1,0,0,0,0,0,0,0]],"edge_indices":[[5,0],[5,4],[5,3],[0,5],[4,5],[4,5],[18,3],[3,18],[24,5],[5,24],[6,5],[5,6],[16,24],[24,16],[14,3],[3,14],[9,3],[3,9],[17,6],[6,17],[11,5],[5,11],[27,18],[18,27],[19,9],[9,19],[20,9],[9,20],[10,20],[20,10],[2,10],[10,2],[23,4],[4,23],[15,20],[20,15],[22,19],[19,22],[1,23],[23,1],[12,6],[6,12],[26,17],[17,26],[7,24],[24,7],[8,17],[17,8],[13,6],[6,13],[21,22],[22,21],[28,10],[10,28],[25,16],[16,25],[9,21],[21,9],[21,28],[28,21],[5,28],[28,5],[8,9],[9,8]],"edge_attributes":[[1.0],[1.0],[1.0],[1.0],[1.0],[1.0],[1.0],[1.0],[1.0],[1.0],[1.0],[1.0],[1.0],[1.0],[1.0],[1.0],[1.0],[1.0],[1.0],[1.0],[1.0],[1.0],[1.0],[1.0],[1.0],[1.0],[1.0],[1.0],[1.0],[1.0],[1.0],[1.0],[1.0],[1.0],[1.0],[1.0],[1.0],[1.0],[1.0],[1.0],[1.0],[1.0],[1.0],[1.0],[1.0],[1.0],[1.0],[1.0],[1.0],[1.0],[1.0],[1.0],[1.0],[1.0],[1.0],[1.0],[1.0],[1.0],[1.0],[1.0],[1.0],[1.0],[1.0],[1.0]],"seed_graph_indices":[0,-1,-1,0,0,0,-1,-1,-1,-1,-1,-1,-1,-1,-1,-1,-1,-1,-1,-1,-1,-1,-1,-1,-1,-1,-1,-1,-1],"graph_labels":1,"node_importances":[1,0,0,1,1,1,0,0,0,0,0,0,0,0,0,0,0,0,0,0,0,0,0,0,0,0,0,0,0],"edge_importances":[1,1,1,1,1,1,0,0,0,0,0,0,0,0,0,0,0,0,0,0,0,0,0,0,0,0,0,0,0,0,0,0,0,0,0,0,0,0,0,0,0,0,0,0,0,0,0,0,0,0,0,0,0,0,0,0,0,0,0,0,0,0,0,0],"multi_node_importances":[[0,1],[0,0],[0,0],[0,1],[0,1],[0,1],[0,0],[0,0],[0,0],[0,0],[0,0],[0,0],[0,0],[0,0],[0,0],[0,0],[0,0],[0,0],[0,0],[0,0],[0,0],[0,0],[0,0],[0,0],[0,0],[0,0],[0,0],[0,0],[0,0]],"multi_edge_importances":[[0,1],[0,1],[0,1],[0,1],[0,1],[0,1],[0,0],[0,0],[0,0],[0,0],[0,0],[0,0],[0,0],[0,0],[0,0],[0,0],[0,0],[0,0],[0,0],[0,0],[0,0],[0,0],[0,0],[0,0],[0,0],[0,0],[0,0],[0,0],[0,0],[0,0],[0,0],[0,0],[0,0],[0,0],[0,0],[0,0],[0,0],[0,0],[0,0],[0,0],[0,0],[0,0],[0,0],[0,0],[0,0],[0,0],[0,0],[0,0],[0,0],[0,0],[0,0],[0,0],[0,0],[0,0],[0,0],[0,0],[0,0],[0,0],[0,0],[0,0],[0,0],[0,0],[0,0],[0,0]],"original_value":1.649129558102235,"class":1,"node_positions":[[0.30101911249525765,-0.13135203732687098],[1.0,0.03904502668370167],[0.4635712497690689,0.6878557863399178],[-0.16275572723630752,0.057907746938293835],[0.41931135502201144,-0.022023610182967765],[0.0925110884139717,-0.11004091508769626],[-0.15741730950247293,-0.3493144824816584],[0.28018848951091857,-0.6966107761793945],[-0.48596029248372125,0.16990019463843364],[-0.24542545901730128,0.34836123946033837],[0.24710386350545774,0.49236321855636944],[0.10851248661173563,-0.3225286036305259],[-0.1388090708434713,-0.6573956549169705],[-0.3282687999458653,-0.6029194435390113],[-0.335069279678011,-0.10789961889222754],[-0.04633681515971677,0.9281805381523004],[0.5570020287173811,-0.545511327948726],[-0.4548762029673216,-0.20903855157060863],[-0.5309108564681612,0.03522346088835316],[-0.33767424901024873,0.6406790069579785],[-0.024991329795309623,0.62810883227211],[-0.09179813841093934,0.40313122098935245],[-0.4561809437392173,0.5663852090031912],[0.7197989052515524,0.008710020937432205],[0.2982940164514251,-0.39467899255743605],[0.74284656973619,-0.7581269421963263],[-0.72476266958924,-0.3619365024591822],[-0.8459405709459863,0.05698938395452121],[0.13701854930832105,0.20653657319730834]],"node_coordinates":[[538.1916108079946,364.6614412966501],[778.2954545454545,428.3213322582126],[594.0291789946018,670.7153104305155],[378.88235981289114,435.3683944926375],[578.8256576363561,405.5062515719502],[466.56793850596773,372.62322001562035],[380.7161361582582,283.2312501555141],[531.0361753227121,153.4822763892708],[267.8597842079578,477.2084757787037],[350.4848446358731,543.8810485734091],[519.6714212721608,597.6798058509039],[472.0645082708037,293.23838341731084],[387.1081701996468,168.1329416346266],[322.02769374579805,188.48510965146954],[319.6916909277871,373.4232025922655],[418.8729071554795,760.5],[626.123174052117,209.93262930215775],[278.53734278700574,335.6379657182601],[252.41901410427246,426.8936054176889],[318.7968693945098,653.0901908381638],[426.2052007475572,648.39400693079],[403.2566883873581,564.3429683391598],[278.08915703541606,625.3342250626698],[682.0448115433023,416.9882546060878],[537.2555250775054,266.28318956704334],[689.9618131821994,130.5],[185.8298322283503,278.51569698475066],[144.20454545454544,435.0252965187987],[481.8565002202613,490.8957295927705]]},"label":"1","name":"3507","value":1.649129558102235,"input_type":"classification","classes":{"0":"low","1":"high"},"image_width":900,"image_height":900,"image_path":"./3507.png"}