{"graph":{"node_indices":[0,1,2,3,4,5,6,7,8,9,10,11,12,13,14,15,16,17,18,19,20,21,22,23,24,25,26,27,28,29],"node_attributes":[[1.0,0.0,1.0],[0.0,1.0,0.0],[0.0,0.0,1.0],[0.0,1.0,0.0],[0.800000011920929,0.800000011920929,0.800000011920929],[0.0,0.0,1.0],[0.0,0.0,1.0],[1.0,0.0,1.0],[1.0,0.0,0.0],[0.0,1.0,0.0],[0.0,1.0,1.0],[0.0,0.0,1.0],[0.0,1.0,1.0],[0.0,0.0,1.0],[1.0,1.0,0.0],[0.0,0.0,1.0],[1.0,0.0,1.0],[0.0,0.0,1.0],[0.800000011920929,0.800000011920929,0.800000011920929],[0.800000011920929,0.800000011920929,0.800000011920929],[0.800000011920929,0.800000011920929,0.800000011920929],[0.0,1.0,1.0],[1.0,1.0,0.0],[0.0,1.0,1.0],[0.0,1.0,0.0],[0.0,1.0,1.0],[0.800000011920929,0.800000011920929,0.800000011920929],[0.0,0.0,1.0],[1.0,0.0,1.0],[0.0,0.0,1.0]],"node_adjacency":[[0,0,0,0,0,0,0,0,0,0,0,0,0,0,1,0,1,0,0,0,0,0,0,1,0,0,0,0,0,0],[0,0,0,0,0,0,0,1,0,0,1,0,0,0,0,0,0,0,0,0,0,0,0,0,0,0,0,0,0,0],[0,0,0,0,0,0,0,0,0,0,0,0,0,0,0,0,0,0,0,0,0,0,0,0,0,1,0,1,0,0],[0,0,0,0,0,1,1,0,1,1,0,0,0,0,1,0,0,0,0,0,0,0,1,0,0,0,0,1,0,0],[0,0,0,0,0,1,0,0,0,0,0,0,0,0,0,0,0,0,0,0,0,0,0,0,1,0,0,0,0,0],[0,0,0,1,1,0,1,0,0,0,0,0,0,1,0,1,0,0,0,1,1,0,0,0,0,0,0,0,0,0],[0,0,0,1,0,1,0,1,0,0,0,0,0,0,0,0,0,0,0,0,0,1,0,0,0,0,0,0,0,0],[0,1,0,0,0,0,1,0,0,0,0,0,0,0,0,0,0,0,0,0,0,0,0,0,0,0,0,0,0,0],[0,0,0,1,0,0,0,0,0,0,0,0,0,0,0,0,0,0,0,0,0,0,0,1,0,0,0,0,0,0],[0,0,0,1,0,0,0,0,0,0,0,0,0,0,0,0,0,1,0,0,0,0,0,0,0,0,0,0,0,0],[0,1,0,0,0,0,0,0,0,0,0,0,0,0,0,0,0,0,0,0,0,0,0,0,0,0,0,0,0,0],[0,0,0,0,0,0,0,0,0,0,0,0,0,0,0,0,0,0,0,0,0,1,0,0,0,0,0,0,0,0],[0,0,0,0,0,0,0,0,0,0,0,0,0,0,0,0,0,0,0,0,0,0,0,0,0,1,1,0,0,0],[0,0,0,0,0,1,0,0,0,0,0,0,0,0,0,0,0,0,0,0,0,0,0,0,0,0,0,0,0,0],[1,0,0,1,0,0,0,0,0,0,0,0,0,0,0,0,0,0,0,0,0,0,0,0,0,0,0,0,1,0],[0,0,0,0,0,1,0,0,0,0,0,0,0,0,0,0,0,0,0,0,0,0,0,0,0,0,0,0,0,0],[1,0,0,0,0,0,0,0,0,0,0,0,0,0,0,0,0,0,0,0,0,0,0,0,1,0,0,0,0,0],[0,0,0,0,0,0,0,0,0,1,0,0,0,0,0,0,0,0,0,0,0,0,0,0,0,0,0,0,0,0],[0,0,0,0,0,0,0,0,0,0,0,0,0,0,0,0,0,0,0,0,1,0,0,0,0,0,0,0,0,0],[0,0,0,0,0,1,0,0,0,0,0,0,0,0,0,0,0,0,0,0,0,0,0,0,0,0,0,0,0,0],[0,0,0,0,0,1,0,0,0,0,0,0,0,0,0,0,0,0,1,0,0,0,0,0,0,0,0,1,0,0],[0,0,0,0,0,0,1,0,0,0,0,1,0,0,0,0,0,0,0,0,0,0,0,0,0,1,0,0,0,1],[0,0,0,1,0,0,0,0,0,0,0,0,0,0,0,0,0,0,0,0,0,0,0,0,0,0,0,0,0,0],[1,0,0,0,0,0,0,0,1,0,0,0,0,0,0,0,0,0,0,0,0,0,0,0,0,0,0,0,1,0],[0,0,0,0,1,0,0,0,0,0,0,0,0,0,0,0,1,0,0,0,0,0,0,0,0,0,0,0,0,0],[0,0,1,0,0,0,0,0,0,0,0,0,1,0,0,0,0,0,0,0,0,1,0,0,0,0,0,0,0,0],[0,0,0,0,0,0,0,0,0,0,0,0,1,0,0,0,0,0,0,0,0,0,0,0,0,0,0,0,0,0],[0,0,1,1,0,0,0,0,0,0,0,0,0,0,0,0,0,0,0,0,1,0,0,0,0,0,0,0,0,0],[0,0,0,0,0,0,0,0,0,0,0,0,0,0,1,0,0,0,0,0,0,0,0,1,0,0,0,0,0,0],[0,0,0,0,0,0,0,0,0,0,0,0,0,0,0,0,0,0,0,0,0,1,0,0,0,0,0,0,0,0]],"edge_indices":[[5,6],[5,3],[6,5],[6,3],[3,6],[3,5],[9,3],[3,9],[21,6],[6,21],[8,3],[3,8],[17,9],[9,17],[25,21],[21,25],[23,8],[8,23],[0,23],[23,0],[19,5],[5,19],[20,5],[5,20],[7,6],[6,7],[14,0],[0,14],[4,5],[5,4],[29,21],[21,29],[22,3],[3,22],[12,25],[25,12],[26,12],[12,26],[16,0],[0,16],[28,23],[23,28],[1,7],[7,1],[11,21],[21,11],[27,3],[3,27],[13,5],[5,13],[2,27],[27,2],[24,4],[4,24],[15,5],[5,15],[18,20],[20,18],[10,1],[1,10],[25,2],[2,25],[14,28],[28,14],[24,16],[16,24],[20,27],[27,20],[3,14],[14,3]],"edge_attributes":[[1.0],[1.0],[1.0],[1.0],[1.0],[1.0],[1.0],[1.0],[1.0],[1.0],[1.0],[1.0],[1.0],[1.0],[1.0],[1.0],[1.0],[1.0],[1.0],[1.0],[1.0],[1.0],[1.0],[1.0],[1.0],[1.0],[1.0],[1.0],[1.0],[1.0],[1.0],[1.0],[1.0],[1.0],[1.0],[1.0],[1.0],[1.0],[1.0],[1.0],[1.0],[1.0],[1.0],[1.0],[1.0],[1.0],[1.0],[1.0],[1.0],[1.0],[1.0],[1.0],[1.0],[1.0],[1.0],[1.0],[1.0],[1.0],[1.0],[1.0],[1.0],[1.0],[1.0],[1.0],[1.0],[1.0],[1.0],[1.0],[1.0],[1.0]],"seed_graph_indices":[-1,-1,-1,0,-1,0,0,-1,-1,-1,-1,-1,-1,-1,-1,-1,-1,-1,-1,-1,-1,-1,-1,-1,-1,-1,-1,-1,-1,-1],"graph_labels":0,"node_importances":[0,0,0,1,0,1,1,0,0,0,0,0,0,0,0,0,0,0,0,0,0,0,0,0,0,0,0,0,0,0],"edge_importances":[1,1,1,1,1,1,0,0,0,0,0,0,0,0,0,0,0,0,0,0,0,0,0,0,0,0,0,0,0,0,0,0,0,0,0,0,0,0,0,0,0,0,0,0,0,0,0,0,0,0,0,0,0,0,0,0,0,0,0,0,0,0,0,0,0,0,0,0,0,0],"multi_node_importances":[[0,0],[0,0],[0,0],[1,0],[0,0],[1,0],[1,0],[0,0],[0,0],[0,0],[0,0],[0,0],[0,0],[0,0],[0,0],[0,0],[0,0],[0,0],[0,0],[0,0],[0,0],[0,0],[0,0],[0,0],[0,0],[0,0],[0,0],[0,0],[0,0],[0,0]],"multi_edge_importances":[[1,0],[1,0],[1,0],[1,0],[1,0],[1,0],[0,0],[0,0],[0,0],[0,0],[0,0],[0,0],[0,0],[0,0],[0,0],[0,0],[0,0],[0,0],[0,0],[0,0],[0,0],[0,0],[0,0],[0,0],[0,0],[0,0],[0,0],[0,0],[0,0],[0,0],[0,0],[0,0],[0,0],[0,0],[0,0],[0,0],[0,0],[0,0],[0,0],[0,0],[0,0],[0,0],[0,0],[0,0],[0,0],[0,0],[0,0],[0,0],[0,0],[0,0],[0,0],[0,0],[0,0],[0,0],[0,0],[0,0],[0,0],[0,0],[0,0],[0,0],[0,0],[0,0],[0,0],[0,0],[0,0],[0,0],[0,0],[0,0],[0,0],[0,0]],"original_value":-1.3358421152940938,"class":0,"node_positions":[[0.21960635138019677,-0.5974763669364885],[0.19430499044234917,0.6360196331221778],[-0.4402181356727351,-0.05752693309775274],[0.023427802314657898,-0.139809365510298],[0.42020100814125355,-0.11414194036180994],[0.20083218205190062,0.0378825087672957],[-0.027638377097699115,0.11252639959726198],[0.09118901305742082,0.3863692998449705],[-0.06976474066425407,-0.3671294305128763],[0.2180138881882487,-0.2551118390106373],[0.2881327401248273,0.8525853293171464],[-0.3261226525778811,0.49190775941981835],[-0.7769080089710951,0.1627163551859981],[0.4293051975600056,0.1761258673235688],[0.04949372422668899,-0.40255600999343444],[0.43753504006793636,0.057295625995302614],[0.4749815426138582,-0.588251664867944],[0.4337273660777167,-0.4068715775931461],[0.01267750625943374,0.45872240650603124],[0.32610350264008275,0.2415997292562356],[0.03745235786219709,0.1847474935049762],[-0.2898603736755271,0.23558762432717345],[-0.19124214262506994,-0.2409625570837327],[0.016627698151968892,-0.6341387816165347],[0.573926446734385,-0.3271792552351182],[-0.5354068505406747,0.14259764818362422],[-1.0,0.1967917143023456],[-0.17488997528015407,-0.03046391686171498],[-0.15358765149519216,-0.6083218579221278],[-0.4618994492948452,0.3964661019496894]],"node_coordinates":[[635.5498060188241,146.03571444665928],[625.3565959157701,668.7301903901009],[369.72498955175354,374.83952600573446],[556.514959899299,339.97230885449807],[716.3637783161349,350.84889162101564],[627.9862187104682,415.26931922219876],[535.9418256244637,446.8997009971645],[583.8140549809832,562.9407511740604],[518.970292916545,243.64533070272407],[634.9082471739548,291.11283467835483],[663.1571698991089,760.5],[415.69086600607534,607.6627201279359],[234.08206399801014,468.1677168908774],[720.0316013945577,473.8500035939323],[567.0161902177713,228.63330196880167],[723.3471745767456,423.49563623939144],[738.4333222749968,149.94468603085812],[721.8131693079545,226.80457828844723],[552.1839665337596,593.600412143601],[678.4545272642696,501.59458156521134],[562.1650607634062,477.50342150404845],[430.29992314633074,499.046949440694],[470.03044798087194,297.108599157046],[553.7753882761277,130.5],[778.2954545454545,260.5742351577553],[331.37612079042117,459.642405894518],[144.20454545454538,482.60716539744465],[476.61827848518664,386.3074911132596],[485.20038845772143,141.43993284151554],[360.99019518226226,567.2192755345608]]},"label":"0","name":"3526","value":-1.3358421152940938,"input_type":"classification","classes":{"0":"low","1":"high"},"image_width":900,"image_height":900,"image_path":"./3526.png"}