{"graph":{"node_indices":[0,1,2,3,4,5,6,7,8,9,10],"node_attributes":[[0.800000011920929,0.800000011920929,0.800000011920929],[0.0,0.0,1.0],[0.0,0.0,1.0],[0.0,1.0,1.0],[1.0,0.0,1.0],[1.0,1.0,0.0],[0.0,0.0,1.0],[1.0,1.0,0.0],[0.0,1.0,0.0],[0.0,0.0,1.0],[0.0,0.0,1.0]],"node_adjacency":[[0,0,0,1,0,0,1,0,0,0,0],[0,0,0,0,0,1,0,0,0,0,0],[0,0,0,0,1,0,0,0,0,0,0],[1,0,0,0,0,1,0,0,0,0,1],[0,0,1,0,0,0,0,0,0,1,0],[0,1,1,1,0,0,1,0,0,0,0],[1,0,0,0,0,1,0,0,0,0,0],[0,0,0,0,0,0,0,0,0,0,1],[0,0,0,0,0,0,0,0,0,1,1],[0,0,0,0,1,0,0,0,1,0,1],[0,0,0,1,0,0,0,1,1,1,0]],"edge_indices":[[5,6],[5,1],[5,2],[6,5],[1,5],[1,5],[9,10],[9,8],[10,9],[10,8],[8,10],[8,9],[3,5],[5,3],[0,3],[3,0],[7,10],[10,7],[4,2],[2,4],[4,9],[9,4],[0,6],[6,0],[10,3],[3,10]],"edge_attributes":[[1.0],[1.0],[1.0],[1.0],[1.0],[1.0],[1.0],[1.0],[1.0],[1.0],[1.0],[1.0],[1.0],[1.0],[1.0],[1.0],[1.0],[1.0],[1.0],[1.0],[1.0],[1.0],[1.0],[1.0],[1.0],[1.0]],"seed_graph_indices":[-1,0,0,-1,-1,0,0,-1,1,1,1],"graph_labels":0,"node_importances":[0,1,1,0,0,1,1,0,1,1,1],"edge_importances":[1,1,1,1,1,1,1,1,1,1,1,1,0,0,0,0,0,0,0,0,0,0,0,0,0,0],"multi_node_importances":[[0,0],[1,0],[1,0],[0,0],[0,0],[1,0],[1,0],[0,0],[1,0],[1,0],[1,0]],"multi_edge_importances":[[1,0],[1,0],[1,0],[1,0],[1,0],[1,0],[1,0],[1,0],[1,0],[1,0],[1,0],[1,0],[0,0],[0,0],[0,0],[0,0],[0,0],[0,0],[0,0],[0,0],[0,0],[0,0],[0,0],[0,0],[0,0],[0,0]],"original_value":-2.6953123038695015,"class":0,"node_positions":[[0.0763070747241618,0.7946881214299232],[-0.9985205595265205,0.28642128514440934],[-0.5710439869004351,-0.3371663379220162],[0.09265136700282262,0.26116693133831703],[-0.21150460255604114,-0.7343317045248973],[-0.47027729198487006,0.20511945393841072],[-0.4441835160253769,0.7523217860601352],[1.0,0.08269367744263881],[0.7268001904419101,-0.5684174301561999],[0.3005006196611681,-0.626758677016897],[0.49927070516318106,-0.11573710573382377]],"node_coordinates":[[485.22602180078485,760.5],[144.2045454545455,551.0794931992365],[279.8343778620532,294.14351639689494],[490.41174135719456,540.6739754762059],[393.9090887706738,130.5],[311.8056502517827,517.5808081002425],[320.0846874830481,743.0438553314383],[778.2954545454546,467.1378786606766],[691.6145771432256,198.8614372279355],[556.358184061402,174.82317107969448],[619.4239872202695,385.378707668171]]},"label":"0","name":"3542","value":-2.6953123038695015,"input_type":"classification","classes":{"0":"low","1":"high"},"image_width":900,"image_height":900,"image_path":"./3542.png"}