{"graph":{"node_indices":[0,1,2,3,4,5,6,7,8,9,10,11,12,13,14,15,16,17,18,19,20,21],"node_attributes":[[0.0,1.0,0.0],[0.800000011920929,0.800000011920929,0.800000011920929],[0.0,0.0,1.0],[0.800000011920929,0.800000011920929,0.800000011920929],[0.800000011920929,0.800000011920929,0.800000011920929],[0.0,0.0,1.0],[0.800000011920929,0.800000011920929,0.800000011920929],[1.0,0.0,1.0],[0.0,1.0,1.0],[0.0,1.0,1.0],[0.800000011920929,0.800000011920929,0.800000011920929],[0.0,0.0,1.0],[0.0,0.0,1.0],[0.800000011920929,0.800000011920929,0.800000011920929],[0.0,0.0,1.0],[0.800000011920929,0.800000011920929,0.800000011920929],[0.0,1.0,0.0],[0.0,1.0,0.0],[1.0,1.0,0.0],[1.0,1.0,0.0],[0.800000011920929,0.800000011920929,0.800000011920929],[0.0,1.0,0.0]],"node_adjacency":[[0,0,0,0,0,0,0,0,0,0,0,0,0,0,0,0,0,0,1,0,0,0],[0,0,0,0,1,0,1,0,1,0,0,0,0,0,0,0,0,0,0,0,0,0],[0,0,0,0,0,0,0,0,1,0,0,0,0,0,0,0,0,0,0,0,0,0],[0,0,0,0,0,1,0,0,0,0,0,0,0,0,1,0,0,0,0,0,0,0],[0,1,0,0,0,0,0,0,0,0,0,0,0,0,0,0,0,0,1,0,0,0],[0,0,0,1,0,0,0,0,0,0,0,0,0,1,0,0,0,0,0,0,0,1],[0,1,0,0,0,0,0,0,0,1,0,0,0,0,0,0,0,0,0,0,0,0],[0,0,0,0,0,0,0,0,0,0,0,0,1,0,0,1,1,0,0,0,0,0],[0,1,1,0,0,0,0,0,0,0,0,1,0,0,0,0,0,0,0,0,0,0],[0,0,0,0,0,0,1,0,0,0,0,0,1,0,1,0,0,0,0,0,0,0],[0,0,0,0,0,0,0,0,0,0,0,1,0,0,0,0,0,0,0,1,0,0],[0,0,0,0,0,0,0,0,1,0,1,0,0,0,0,0,0,0,0,0,0,0],[0,0,0,0,0,0,0,1,0,1,0,0,0,0,0,0,0,0,1,0,1,0],[0,0,0,0,0,1,0,0,0,0,0,0,0,0,0,0,0,0,0,0,0,0],[0,0,0,1,0,0,0,0,0,1,0,0,0,0,0,0,0,0,1,0,0,0],[0,0,0,0,0,0,0,1,0,0,0,0,0,0,0,0,0,0,0,0,0,0],[0,0,0,0,0,0,0,1,0,0,0,0,0,0,0,0,0,0,0,0,0,0],[0,0,0,0,0,0,0,0,0,0,0,0,0,0,0,0,0,0,0,1,0,0],[1,0,0,0,1,0,0,0,0,0,0,1,1,0,1,0,0,0,0,0,0,1],[0,0,0,0,0,0,0,0,0,0,1,0,0,0,0,0,0,1,0,0,0,0],[0,0,0,0,0,0,0,0,0,0,0,0,1,0,0,0,0,0,0,0,0,0],[0,0,0,0,0,1,0,0,0,0,0,0,0,0,0,0,0,0,1,0,0,0]],"edge_indices":[[18,12],[18,14],[18,11],[12,18],[14,18],[14,18],[8,11],[11,8],[7,12],[12,7],[10,11],[11,10],[15,7],[7,15],[3,14],[14,3],[20,12],[12,20],[2,8],[8,2],[19,10],[10,19],[9,12],[12,9],[4,18],[18,4],[5,3],[3,5],[16,7],[7,16],[1,4],[4,1],[13,5],[5,13],[6,9],[9,6],[21,18],[18,21],[0,18],[18,0],[17,19],[19,17],[8,1],[1,8],[9,14],[14,9],[5,21],[21,5],[1,6],[6,1]],"edge_attributes":[[1.0],[1.0],[1.0],[1.0],[1.0],[1.0],[1.0],[1.0],[1.0],[1.0],[1.0],[1.0],[1.0],[1.0],[1.0],[1.0],[1.0],[1.0],[1.0],[1.0],[1.0],[1.0],[1.0],[1.0],[1.0],[1.0],[1.0],[1.0],[1.0],[1.0],[1.0],[1.0],[1.0],[1.0],[1.0],[1.0],[1.0],[1.0],[1.0],[1.0],[1.0],[1.0],[1.0],[1.0],[1.0],[1.0],[1.0],[1.0],[1.0],[1.0]],"seed_graph_indices":[-1,-1,-1,-1,-1,-1,-1,-1,-1,-1,-1,0,0,-1,0,-1,-1,-1,0,-1,-1,-1],"graph_labels":0,"node_importances":[0,0,0,0,0,0,0,0,0,0,0,1,1,0,1,0,0,0,1,0,0,0],"edge_importances":[1,1,1,1,1,1,0,0,0,0,0,0,0,0,0,0,0,0,0,0,0,0,0,0,0,0,0,0,0,0,0,0,0,0,0,0,0,0,0,0,0,0,0,0,0,0,0,0,0,0],"multi_node_importances":[[0,0],[0,0],[0,0],[0,0],[0,0],[0,0],[0,0],[0,0],[0,0],[0,0],[0,0],[1,0],[1,0],[0,0],[1,0],[0,0],[0,0],[0,0],[1,0],[0,0],[0,0],[0,0]],"multi_edge_importances":[[1,0],[1,0],[1,0],[1,0],[1,0],[1,0],[0,0],[0,0],[0,0],[0,0],[0,0],[0,0],[0,0],[0,0],[0,0],[0,0],[0,0],[0,0],[0,0],[0,0],[0,0],[0,0],[0,0],[0,0],[0,0],[0,0],[0,0],[0,0],[0,0],[0,0],[0,0],[0,0],[0,0],[0,0],[0,0],[0,0],[0,0],[0,0],[0,0],[0,0],[0,0],[0,0],[0,0],[0,0],[0,0],[0,0],[0,0],[0,0],[0,0],[0,0]],"original_value":-2.1886379269852965,"class":0,"node_positions":[[-0.2595600471012672,0.09754360536884991],[0.4640060485467813,0.0805421722433267],[0.7499178483552882,-0.20555271668211728],[-0.15775135827247827,0.6067209158555982],[0.22544313634845825,0.021179960711306556],[0.08662987459502866,0.6483755892290121],[0.2334977500606685,0.2238837219278892],[-0.5837234839119381,-0.0538935393155736],[0.479565554739309,-0.17279103540468568],[-0.12370474495572946,0.15034753792921413],[0.20899959012337843,-0.5002265513162235],[0.18033954722257386,-0.21950146796835374],[-0.2797250792287513,-0.07652506287048405],[0.15951941338409295,0.900166377132697],[-0.12669184305426737,0.3352311075113194],[-0.8200474918435978,0.0922079450702654],[-0.786737033581218,-0.24194531705057468],[0.35107869268624875,-1.0],[-0.011580200224292504,0.04065336745405457],[0.2742468258074412,-0.757383849659672],[-0.36063277098630203,-0.32829990380666807],[0.09690977129057313,0.3592671436408198]],"node_coordinates":[[370.5789654947244,494.3904885927725],[662.8189733656677,488.7536648925015],[778.2954545454545,393.89892891143074],[411.6983216995067,663.2081823837251],[566.4661622570823,469.0721287305968],[510.401085477772,677.0187857819653],[569.719327916462,536.2785434442116],[239.65308893029504,444.18151621049554],[669.1032786136905,404.7610615400098],[425.44935647505724,511.8976279219231],[559.8248034273272,296.1998442135846],[548.249342369535,389.27422161417326],[362.4345413942892,436.678036509361],[539.8403302372262,760.5],[424.24290197549124,573.1957596215727],[144.2045454545455,492.6214508766223],[157.6582556868691,381.83296536842516],[617.2089156749887,130.50000000000006],[470.73516800205215,475.5285350724686],[586.177410030308,210.93936391772743],[329.7568570496824,353.20210950703887],[514.5530172906188,581.1649053468199]]},"label":"0","name":"3552","value":-2.1886379269852965,"input_type":"classification","classes":{"0":"low","1":"high"},"image_width":900,"image_height":900,"image_path":"./3552.png"}