{"graph":{"node_indices":[0,1,2,3,4,5,6,7,8,9,10,11,12,13,14,15,16,17,18,19,20,21,22,23,24,25,26,27,28,29,30,31],"node_attributes":[[1.0,1.0,0.0],[1.0,0.0,0.0],[1.0,1.0,0.0],[1.0,0.0,1.0],[1.0,0.0,1.0],[0.800000011920929,0.800000011920929,0.800000011920929],[1.0,0.0,1.0],[1.0,0.0,0.0],[0.0,1.0,0.0],[0.0,0.0,1.0],[0.800000011920929,0.800000011920929,0.800000011920929],[0.800000011920929,0.800000011920929,0.800000011920929],[1.0,0.0,0.0],[0.800000011920929,0.800000011920929,0.800000011920929],[1.0,0.0,0.0],[0.800000011920929,0.800000011920929,0.800000011920929],[1.0,1.0,0.0],[1.0,0.0,0.0],[0.0,1.0,0.0],[0.0,1.0,1.0],[1.0,0.0,0.0],[0.0,1.0,1.0],[0.0,1.0,0.0],[1.0,0.0,0.0],[1.0,0.0,0.0],[1.0,1.0,0.0],[0.800000011920929,0.800000011920929,0.800000011920929],[1.0,0.0,1.0],[0.800000011920929,0.800000011920929,0.800000011920929],[1.0,1.0,0.0],[0.0,1.0,0.0],[1.0,0.0,0.0]],"node_adjacency":[[0,0,0,0,0,0,0,0,0,0,0,0,1,0,0,0,0,1,0,0,0,0,0,1,0,1,0,0,0,0,0,0],[0,0,0,0,0,0,0,0,0,0,0,0,0,0,0,0,1,0,0,0,0,0,0,0,0,0,0,0,0,0,0,0],[0,0,0,0,0,0,0,0,0,0,0,0,0,0,0,1,0,0,0,0,0,0,0,0,0,0,0,0,0,0,0,0],[0,0,0,0,1,0,0,0,0,0,0,0,0,0,0,0,0,0,0,0,0,0,0,0,0,0,0,0,1,0,0,0],[0,0,0,1,0,0,0,0,0,0,0,0,0,0,0,0,0,1,0,0,0,0,0,0,0,0,0,0,0,0,0,0],[0,0,0,0,0,0,0,0,0,0,0,0,0,0,0,0,0,0,0,0,0,0,0,0,0,0,1,0,0,0,0,0],[0,0,0,0,0,0,0,0,0,0,0,0,0,0,0,0,1,0,1,0,0,0,0,1,0,0,0,0,0,0,0,0],[0,0,0,0,0,0,0,0,1,0,1,0,0,0,0,0,0,0,0,0,0,0,0,0,0,0,0,0,0,0,0,0],[0,0,0,0,0,0,0,1,0,0,0,0,0,0,0,0,0,1,0,0,0,0,0,0,0,0,0,0,0,0,0,0],[0,0,0,0,0,0,0,0,0,0,0,0,0,0,0,0,0,0,0,0,0,0,0,0,0,0,0,0,0,0,1,0],[0,0,0,0,0,0,0,1,0,0,0,0,0,0,0,0,0,0,0,0,0,0,0,0,0,0,0,0,0,0,0,0],[0,0,0,0,0,0,0,0,0,0,0,0,0,0,0,0,0,0,0,0,0,0,0,0,0,0,1,0,0,1,0,0],[1,0,0,0,0,0,0,0,0,0,0,0,0,1,0,0,0,0,0,0,0,0,0,0,0,0,0,0,0,0,0,0],[0,0,0,0,0,0,0,0,0,0,0,0,1,0,0,1,0,0,0,0,0,0,0,0,0,0,0,1,0,0,0,0],[0,0,0,0,0,0,0,0,0,0,0,0,0,0,0,0,0,0,0,0,0,0,0,0,0,0,0,0,0,0,1,0],[0,0,1,0,0,0,0,0,0,0,0,0,0,1,0,0,0,0,0,0,0,0,0,0,0,0,0,0,0,0,0,0],[0,1,0,0,0,0,1,0,0,0,0,0,0,0,0,0,0,0,0,0,0,0,0,0,0,0,0,0,0,0,0,0],[0,0,0,0,1,0,0,0,1,0,0,0,0,0,0,0,0,0,0,0,0,0,0,0,0,0,1,0,0,0,0,0],[0,0,0,0,0,0,1,0,0,0,0,0,0,0,0,0,0,0,0,0,0,0,0,0,0,0,0,0,0,0,0,0],[0,0,0,0,0,0,0,0,0,0,0,0,0,0,0,0,0,0,0,0,0,0,0,0,1,0,0,0,0,0,0,0],[0,0,0,0,0,0,0,0,0,0,0,0,0,0,0,0,0,0,0,0,0,0,0,0,0,1,0,0,0,0,0,0],[0,0,0,0,0,0,0,0,0,0,0,0,0,0,0,0,0,0,0,0,0,0,0,1,0,0,0,0,0,0,0,1],[0,0,0,0,0,0,0,0,0,0,0,0,0,0,0,0,0,0,0,0,0,0,0,0,1,0,0,0,0,0,1,1],[1,0,0,0,0,0,1,0,0,0,0,0,0,0,0,0,0,0,0,0,0,1,0,0,0,0,0,0,0,0,0,0],[0,0,0,0,0,0,0,0,0,0,0,0,0,0,0,0,0,0,0,1,0,0,1,0,0,1,0,0,0,0,0,1],[1,0,0,0,0,0,0,0,0,0,0,0,0,0,0,0,0,0,0,0,1,0,0,0,1,0,0,0,0,0,0,0],[0,0,0,0,0,1,0,0,0,0,0,1,0,0,0,0,0,1,0,0,0,0,0,0,0,0,0,0,0,0,0,0],[0,0,0,0,0,0,0,0,0,0,0,0,0,1,0,0,0,0,0,0,0,0,0,0,0,0,0,0,0,0,0,0],[0,0,0,1,0,0,0,0,0,0,0,0,0,0,0,0,0,0,0,0,0,0,0,0,0,0,0,0,0,0,0,0],[0,0,0,0,0,0,0,0,0,0,0,1,0,0,0,0,0,0,0,0,0,0,0,0,0,0,0,0,0,0,0,0],[0,0,0,0,0,0,0,0,0,1,0,0,0,0,1,0,0,0,0,0,0,0,1,0,0,0,0,0,0,0,0,0],[0,0,0,0,0,0,0,0,0,0,0,0,0,0,0,0,0,0,0,0,0,1,1,0,1,0,0,0,0,0,0,0]],"edge_indices":[[31,24],[31,22],[24,31],[24,22],[22,24],[22,31],[0,12],[0,23],[0,17],[12,0],[23,0],[23,0],[25,24],[24,25],[4,17],[17,4],[13,12],[12,13],[6,23],[23,6],[26,17],[17,26],[30,22],[22,30],[27,13],[13,27],[18,6],[6,18],[8,17],[17,8],[3,4],[4,3],[16,6],[6,16],[20,25],[25,20],[19,24],[24,19],[9,30],[30,9],[5,26],[26,5],[7,8],[8,7],[11,26],[26,11],[21,23],[23,21],[15,13],[13,15],[29,11],[11,29],[28,3],[3,28],[14,30],[30,14],[10,7],[7,10],[1,16],[16,1],[2,15],[15,2],[25,0],[0,25],[21,31],[31,21]],"edge_attributes":[[1.0],[1.0],[1.0],[1.0],[1.0],[1.0],[1.0],[1.0],[1.0],[1.0],[1.0],[1.0],[1.0],[1.0],[1.0],[1.0],[1.0],[1.0],[1.0],[1.0],[1.0],[1.0],[1.0],[1.0],[1.0],[1.0],[1.0],[1.0],[1.0],[1.0],[1.0],[1.0],[1.0],[1.0],[1.0],[1.0],[1.0],[1.0],[1.0],[1.0],[1.0],[1.0],[1.0],[1.0],[1.0],[1.0],[1.0],[1.0],[1.0],[1.0],[1.0],[1.0],[1.0],[1.0],[1.0],[1.0],[1.0],[1.0],[1.0],[1.0],[1.0],[1.0],[1.0],[1.0],[1.0],[1.0]],"seed_graph_indices":[1,-1,-1,-1,-1,-1,-1,-1,-1,-1,-1,-1,1,-1,-1,-1,-1,1,-1,-1,-1,-1,0,1,0,-1,-1,-1,-1,-1,-1,0],"graph_labels":1,"node_importances":[1,0,0,0,0,0,0,0,0,0,0,0,1,0,0,0,0,1,0,0,0,0,1,1,1,0,0,0,0,0,0,1],"edge_importances":[1,1,1,1,1,1,1,1,1,1,1,1,0,0,0,0,0,0,0,0,0,0,0,0,0,0,0,0,0,0,0,0,0,0,0,0,0,0,0,0,0,0,0,0,0,0,0,0,0,0,0,0,0,0,0,0,0,0,0,0,0,0,0,0,0,0],"multi_node_importances":[[0,1],[0,0],[0,0],[0,0],[0,0],[0,0],[0,0],[0,0],[0,0],[0,0],[0,0],[0,0],[0,1],[0,0],[0,0],[0,0],[0,0],[0,1],[0,0],[0,0],[0,0],[0,0],[0,1],[0,1],[0,1],[0,0],[0,0],[0,0],[0,0],[0,0],[0,0],[0,1]],"multi_edge_importances":[[0,1],[0,1],[0,1],[0,1],[0,1],[0,1],[0,1],[0,1],[0,1],[0,1],[0,1],[0,1],[0,0],[0,0],[0,0],[0,0],[0,0],[0,0],[0,0],[0,0],[0,0],[0,0],[0,0],[0,0],[0,0],[0,0],[0,0],[0,0],[0,0],[0,0],[0,0],[0,0],[0,0],[0,0],[0,0],[0,0],[0,0],[0,0],[0,0],[0,0],[0,0],[0,0],[0,0],[0,0],[0,0],[0,0],[0,0],[0,0],[0,0],[0,0],[0,0],[0,0],[0,0],[0,0],[0,0],[0,0],[0,0],[0,0],[0,0],[0,0],[0,0],[0,0],[0,0],[0,0],[0,0],[0,0]],"original_value":2.6436320078124504,"class":1,"node_positions":[[0.005515292381139288,-0.05057940955837073],[0.8741531152817817,0.13539832885622896],[0.5878579425717384,-0.7237673598666305],[-0.6206949854455475,0.08252884412427189],[-0.4089731472626645,-0.01290532958360751],[-0.4339859086968408,-0.49476496590629293],[0.45678145386607866,0.023215958788198057],[-0.6457347206135775,-0.27150863397933334],[-0.42477995150566034,-0.20744907088885037],[0.3386174183196415,0.9449432256906259],[-0.8461188036104361,-0.3427933615920655],[-0.26099051814742597,-0.6096964719102754],[0.13060113123687492,-0.24403801389055102],[0.262822735763707,-0.43894310400606656],[0.0649903407761859,1.0],[0.4525091411747935,-0.5610922738821305],[0.664763238516375,0.11293480481060414],[-0.22165001080709426,-0.15178703601881596],[0.6126682626821889,-0.11386267730599901],[-0.1587376248597867,0.5658230042381552],[-0.20944797809835675,0.2735616046576131],[0.26008040085536144,0.2532453096907579],[0.1246076665486674,0.6052617409527434],[0.22251726028383895,0.037306356258136365],[0.010692298745208169,0.42240696999528815],[-0.030967999016855055,0.18411141435809772],[-0.25477472584991967,-0.3823147280758431],[0.22640412901491835,-0.6495264561348305],[-0.8220269607222708,0.15647661031717727],[-0.34174300088038995,-0.8106856027801466],[0.1716255741074145,0.8144098816957497],[0.21341893339091222,0.4540904409461614]],"node_coordinates":[[458.11621965536506,394.96717254197046],[778.2954545454545,459.67524500982455],[672.7672736001117,160.74185587571816],[227.2955918299143,441.28012697829445],[305.33609889942136,408.0752849319173],[296.1164142306835,240.41969059948062],[624.4525804571008,420.6431275431895],[218.06596466357877,318.0982720705139],[299.5097229862938,340.3868044833407],[580.8974076389916,741.3438484507478],[144.20454545454544,293.2958556117609],[359.8823824228831,200.43105388014362],[504.2227638611836,327.6562486896245],[552.9595458170661,259.8420425213966],[480.03867684999636,760.5],[622.8778092778548,217.3421314911414],[701.1145066647789,451.85940987698064],[374.38326323688386,359.7535470665254],[681.9123385522867,372.9487400654591],[397.5727204153137,609.4348416367927],[378.8809231289449,507.747016067829],[551.9487232744391,500.6782760229164],[502.0135773767602,623.156938997064],[538.1029784873914,425.5456630205973],[460.02446022809715,559.5354546674157],[444.6685064449559,476.6242083301584],[362.17351869346993,279.545008503599],[539.5356753187123,186.57282801092492],[153.08478025397733,467.00910644883317],[330.1170792605397,130.5],[519.3443420192924,695.9267939436008],[534.7493421771171,570.5592274683936]]},"label":"1","name":"3567","value":2.6436320078124504,"input_type":"classification","classes":{"0":"low","1":"high"},"image_width":900,"image_height":900,"image_path":"./3567.png"}