{"graph":{"node_indices":[0,1,2,3,4,5,6,7,8,9,10,11,12,13,14,15,16,17,18,19],"node_attributes":[[0.800000011920929,0.800000011920929,0.800000011920929],[1.0,0.0,0.0],[0.0,1.0,1.0],[0.0,0.0,1.0],[0.0,0.0,1.0],[0.0,0.0,1.0],[0.0,1.0,1.0],[0.0,1.0,1.0],[0.800000011920929,0.800000011920929,0.800000011920929],[1.0,0.0,1.0],[1.0,0.0,1.0],[1.0,1.0,0.0],[0.0,1.0,1.0],[0.0,1.0,0.0],[0.0,1.0,0.0],[0.0,0.0,1.0],[0.0,1.0,0.0],[0.800000011920929,0.800000011920929,0.800000011920929],[0.800000011920929,0.800000011920929,0.800000011920929],[0.0,0.0,1.0]],"node_adjacency":[[0,0,0,0,0,0,0,1,0,0,0,0,0,1,0,0,0,0,0,0],[0,0,0,0,0,0,1,0,0,0,0,0,0,0,0,0,0,0,0,0],[0,0,0,0,0,0,0,0,0,0,0,0,1,0,0,0,0,1,0,0],[0,0,0,0,0,0,0,1,0,0,1,1,0,0,0,0,0,0,0,0],[0,0,0,0,0,0,0,0,0,0,0,1,0,0,1,0,0,0,1,0],[0,0,0,0,0,0,0,0,0,1,0,0,0,0,1,1,0,0,0,0],[0,1,0,0,0,0,0,0,0,0,0,0,0,0,1,0,0,0,0,0],[1,0,0,1,0,0,0,0,0,0,0,0,0,0,0,0,0,0,0,0],[0,0,0,0,0,0,0,0,0,0,0,0,0,0,0,0,0,1,0,0],[0,0,0,0,0,1,0,0,0,0,0,1,0,0,0,0,0,0,0,0],[0,0,0,1,0,0,0,0,0,0,0,0,0,0,0,0,0,0,0,0],[0,0,0,1,1,0,0,0,0,1,0,0,0,0,0,0,0,0,0,1],[0,0,1,0,0,0,0,0,0,0,0,0,0,0,0,0,0,0,0,0],[1,0,0,0,0,0,0,0,0,0,0,0,0,0,1,0,0,0,0,0],[0,0,0,0,1,1,1,0,0,0,0,0,0,1,0,0,0,0,0,0],[0,0,0,0,0,1,0,0,0,0,0,0,0,0,0,0,0,0,0,0],[0,0,0,0,0,0,0,0,0,0,0,0,0,0,0,0,0,0,0,1],[0,0,1,0,0,0,0,0,1,0,0,0,0,0,0,0,0,0,0,1],[0,0,0,0,1,0,0,0,0,0,0,0,0,0,0,0,0,0,0,0],[0,0,0,0,0,0,0,0,0,0,0,0,0,0,0,0,1,1,0,0]],"edge_indices":[[11,4],[11,3],[11,19],[4,11],[3,11],[3,11],[17,19],[19,17],[16,19],[19,16],[14,4],[4,14],[5,14],[14,5],[8,17],[17,8],[18,4],[4,18],[2,17],[17,2],[6,14],[14,6],[10,3],[3,10],[15,5],[5,15],[7,3],[3,7],[9,5],[5,9],[12,2],[2,12],[1,6],[6,1],[0,7],[7,0],[13,0],[0,13],[9,11],[11,9],[13,14],[14,13]],"edge_attributes":[[1.0],[1.0],[1.0],[1.0],[1.0],[1.0],[1.0],[1.0],[1.0],[1.0],[1.0],[1.0],[1.0],[1.0],[1.0],[1.0],[1.0],[1.0],[1.0],[1.0],[1.0],[1.0],[1.0],[1.0],[1.0],[1.0],[1.0],[1.0],[1.0],[1.0],[1.0],[1.0],[1.0],[1.0],[1.0],[1.0],[1.0],[1.0],[1.0],[1.0],[1.0],[1.0]],"seed_graph_indices":[-1,-1,-1,0,0,-1,-1,-1,-1,-1,-1,0,-1,-1,-1,-1,-1,-1,-1,0],"graph_labels":0,"node_importances":[0,0,0,1,1,0,0,0,0,0,0,1,0,0,0,0,0,0,0,1],"edge_importances":[1,1,1,1,1,1,0,0,0,0,0,0,0,0,0,0,0,0,0,0,0,0,0,0,0,0,0,0,0,0,0,0,0,0,0,0,0,0,0,0,0,0],"multi_node_importances":[[0,0],[0,0],[0,0],[1,0],[1,0],[0,0],[0,0],[0,0],[0,0],[0,0],[0,0],[1,0],[0,0],[0,0],[0,0],[0,0],[0,0],[0,0],[0,0],[1,0]],"multi_edge_importances":[[1,0],[1,0],[1,0],[1,0],[1,0],[1,0],[0,0],[0,0],[0,0],[0,0],[0,0],[0,0],[0,0],[0,0],[0,0],[0,0],[0,0],[0,0],[0,0],[0,0],[0,0],[0,0],[0,0],[0,0],[0,0],[0,0],[0,0],[0,0],[0,0],[0,0],[0,0],[0,0],[0,0],[0,0],[0,0],[0,0],[0,0],[0,0],[0,0],[0,0],[0,0],[0,0]],"original_value":-1.7948917562486977,"class":0,"node_positions":[[-0.13540615829394234,0.5865506780370472],[0.804087096153433,0.30276015903696957],[-0.09008124519349527,-0.7652796529437967],[-0.3261871392636276,0.15431290684690058],[0.1761020817895303,-0.009064538838086151],[0.20865062871417014,0.3572525860354959],[0.5675006092779763,0.26010922791366864],[-0.33211968197148795,0.4195953282045458],[-0.4305899042080324,-0.6730323395810004],[0.01130797024956331,0.1641727050519179],[-0.5809932989554053,0.18789347030486958],[-0.10304395309274926,-0.02909589215910633],[-0.04977107531898267,-1.0],[0.118265813674983,0.5068584822465245],[0.3092173133653067,0.23445507091998288],[0.3522475969158986,0.5970325995741564],[-0.45679464781548157,-0.2960045993016867],[-0.20495093185260477,-0.541358492900747],[0.36246761788205967,-0.17921608580903578],[-0.19990869205711198,-0.2779416126386198]],"node_coordinates":[[348.19469367915,756.3650746577497],[778.2954545454545,644.4149322387897],[368.9444750303405,223.0928617141804],[260.85500849732546,585.8552203677353],[490.80341432912866,521.4058216460141],[505.7041650594942,665.9111928775678],[669.985972243025,627.5899240236508],[258.13908571614115,690.5042585275578],[213.05933947408428,259.4827309216456],[415.3605386894115,589.7447294928572],[144.20454545454544,599.1021352924286],[363.01013701996675,513.5038210258592],[387.3985029348581,130.49999999999994],[464.3259246782141,724.9279685138823],[551.7436734662874,617.4698307266627],[571.4429715802358,760.4999999999999],[201.06278695971852,408.21324302221484],[316.3570409016962,311.42564268855585],[576.1217053261221,454.284164504963],[318.66538229983377,415.33875918310383]]},"label":"0","name":"3598","value":-1.7948917562486977,"input_type":"classification","classes":{"0":"low","1":"high"},"image_width":900,"image_height":900,"image_path":"./3598.png"}