{"graph":{"node_indices":[0,1,2,3,4,5,6,7,8,9,10,11,12,13,14,15,16,17,18,19,20,21],"node_attributes":[[1.0,0.0,1.0],[1.0,0.0,1.0],[0.800000011920929,0.800000011920929,0.800000011920929],[1.0,1.0,0.0],[0.0,0.0,1.0],[0.800000011920929,0.800000011920929,0.800000011920929],[1.0,0.0,0.0],[0.0,1.0,1.0],[0.0,0.0,1.0],[1.0,0.0,1.0],[0.0,1.0,1.0],[1.0,1.0,0.0],[1.0,0.0,1.0],[1.0,0.0,0.0],[0.0,0.0,1.0],[0.0,0.0,1.0],[0.0,1.0,0.0],[0.800000011920929,0.800000011920929,0.800000011920929],[1.0,1.0,0.0],[0.0,1.0,1.0],[0.800000011920929,0.800000011920929,0.800000011920929],[1.0,0.0,0.0]],"node_adjacency":[[0,0,0,0,0,0,0,0,0,0,0,0,0,0,0,0,0,0,0,0,0,1],[0,0,0,0,0,0,0,0,1,1,0,0,0,0,0,0,0,0,1,0,0,0],[0,0,0,0,0,0,0,0,1,0,0,0,0,0,0,0,0,0,0,0,0,0],[0,0,0,0,1,0,0,0,1,0,0,0,0,0,1,0,0,0,1,0,0,0],[0,0,0,0,0,0,0,0,0,0,0,0,0,0,0,0,0,0,0,0,0,0],[0,0,0,0,0,0,0,0,0,1,0,0,0,0,0,0,1,0,0,0,0,0],[0,0,0,0,0,0,0,0,0,0,0,1,0,0,0,0,0,0,0,0,0,0],[0,0,0,0,0,0,0,0,1,0,0,0,0,0,0,1,0,1,0,0,0,0],[0,1,1,1,0,0,0,1,0,0,0,0,0,0,0,0,0,0,0,0,0,0],[0,1,0,0,0,1,0,0,0,0,0,1,0,0,0,0,0,0,0,0,0,0],[0,0,0,0,0,0,0,0,0,0,0,0,0,0,0,0,0,0,0,1,1,0],[0,0,0,0,0,0,1,0,0,1,0,0,0,1,0,0,0,1,0,0,0,1],[0,0,0,0,0,0,0,0,0,0,0,0,0,0,0,0,0,0,0,0,0,1],[0,0,0,0,0,0,0,0,0,0,0,1,0,0,0,0,0,0,0,0,0,0],[0,0,0,1,0,0,0,0,0,0,0,0,0,0,0,0,1,0,0,0,0,0],[0,0,0,0,0,0,0,1,0,0,0,0,0,0,0,0,0,0,0,0,0,0],[0,0,0,0,0,1,0,0,0,0,0,0,0,0,1,0,0,0,0,0,0,0],[0,0,0,0,0,0,0,1,0,0,0,1,0,0,0,0,0,0,0,0,0,0],[0,1,0,1,0,0,0,0,0,0,0,0,0,0,0,0,0,0,0,0,0,0],[0,0,0,0,0,0,0,0,0,0,1,0,0,0,0,0,0,0,0,0,0,1],[0,0,0,0,0,0,0,0,0,0,1,0,0,0,0,0,0,0,0,0,0,0],[1,0,0,0,0,0,0,0,0,0,0,0,1,0,0,0,0,0,0,1,0,0]],"edge_indices":[[3,14],[3,8],[3,4],[14,3],[8,3],[8,3],[11,6],[11,13],[11,21],[6,11],[13,11],[13,11],[12,21],[21,12],[1,8],[8,1],[19,21],[21,19],[0,21],[21,0],[9,1],[1,9],[17,11],[11,17],[10,19],[19,10],[18,1],[1,18],[5,9],[9,5],[7,8],[8,7],[15,7],[7,15],[16,14],[14,16],[20,10],[10,20],[2,8],[8,2],[9,11],[11,9],[18,3],[3,18],[16,5],[5,16],[7,17],[17,7]],"edge_attributes":[[1.0],[1.0],[1.0],[1.0],[1.0],[1.0],[1.0],[1.0],[1.0],[1.0],[1.0],[1.0],[1.0],[1.0],[1.0],[1.0],[1.0],[1.0],[1.0],[1.0],[1.0],[1.0],[1.0],[1.0],[1.0],[1.0],[1.0],[1.0],[1.0],[1.0],[1.0],[1.0],[1.0],[1.0],[1.0],[1.0],[1.0],[1.0],[1.0],[1.0],[1.0],[1.0],[1.0],[1.0],[1.0],[1.0],[1.0],[1.0]],"seed_graph_indices":[-1,-1,-1,0,0,-1,1,-1,0,-1,-1,1,-1,1,0,-1,-1,-1,-1,-1,-1,1],"graph_labels":1,"node_importances":[0,0,0,1,1,0,1,0,1,0,0,1,0,1,1,0,0,0,0,0,0,1],"edge_importances":[1,1,1,1,1,1,1,1,1,1,1,1,0,0,0,0,0,0,0,0,0,0,0,0,0,0,0,0,0,0,0,0,0,0,0,0,0,0,0,0,0,0,0,0,0,0,0,0],"multi_node_importances":[[0,0],[0,0],[0,0],[1,0],[1,0],[0,0],[0,1],[0,0],[1,0],[0,0],[0,0],[0,1],[0,0],[0,1],[1,0],[0,0],[0,0],[0,0],[0,0],[0,0],[0,0],[0,1]],"multi_edge_importances":[[1,0],[1,0],[1,0],[1,0],[1,0],[1,0],[0,1],[0,1],[0,1],[0,1],[0,1],[0,1],[0,0],[0,0],[0,0],[0,0],[0,0],[0,0],[0,0],[0,0],[0,0],[0,0],[0,0],[0,0],[0,0],[0,0],[0,0],[0,0],[0,0],[0,0],[0,0],[0,0],[0,0],[0,0],[0,0],[0,0],[0,0],[0,0],[0,0],[0,0],[0,0],[0,0],[0,0],[0,0],[0,0],[0,0],[0,0],[0,0]],"original_value":0.4496053036582158,"class":1,"node_positions":[[-0.4453939050679519,-0.3004598422074247],[0.2308987451900148,0.0569868941040237],[0.5956874249914038,-0.1878065512888254],[0.5483649168347524,0.15110121061557374],[0.757918164116674,0.18353237087942645],[0.05603449695605818,0.3601125708194468],[-0.18226574655094166,-0.2543072782413604],[0.25554890017272214,-0.23613335321236217],[0.4180939335079784,-0.060498226718851716],[0.015814221848636602,0.12716304201949907],[-0.8048029526524902,-0.1349153144552643],[-0.15154927816985642,-0.042282463915044435],[-0.5106080462528271,0.12144917164510972],[-0.24500851230355136,0.14718352012518623],[0.4757372208387486,0.3879908562100973],[0.31486253731970093,-0.44963425939680896],[0.2535469515752201,0.472514885266181],[0.028110906543136752,-0.1946976176899178],[0.37984935806181674,0.1955619567472908],[-0.6020163239261026,-0.10710073511295122],[-1.0,-0.16001601719086683],[-0.3888230130331416,-0.075744819002157]],"node_coordinates":[[344.254064312285,232.4139727811146],[588.1966039407182,476.61681695174093],[719.7779200240892,309.37719905472886],[702.708426784857,540.9144631030535],[778.2954545454545,563.0709993688808],[525.1220920587141,683.7082375055261],[439.1658620553306,263.94478909960367],[597.0880526447997,276.3609723542693],[655.7189548447068,396.3525489135578],[510.61441398396914,524.5602255018913],[214.61321164330258,345.51178682504144],[450.2454639147331,408.7973151781219],[320.7309590201345,520.6565854489791],[416.5341956973341,538.2379491972188],[676.5112108283196,702.7543103645196],[618.4828131448795,130.5],[596.3659385941829,760.5],[515.0498968954605,304.6693143727181],[641.9239226825367,571.2894520352597],[287.75948226347555,364.5143365612463],[144.20454545454544,328.3633214006021],[364.6595013176311,385.9362803586564]]},"label":"1","name":"3615","value":0.4496053036582158,"input_type":"classification","classes":{"0":"low","1":"high"},"image_width":900,"image_height":900,"image_path":"./3615.png"}