{"graph":{"node_indices":[0,1,2,3,4,5,6,7,8,9,10,11,12,13,14,15,16,17,18,19,20,21,22,23,24,25,26,27,28,29],"node_attributes":[[0.0,0.0,1.0],[0.0,1.0,1.0],[0.800000011920929,0.800000011920929,0.800000011920929],[1.0,1.0,0.0],[1.0,0.0,0.0],[0.800000011920929,0.800000011920929,0.800000011920929],[0.0,1.0,1.0],[0.0,1.0,0.0],[1.0,0.0,0.0],[1.0,0.0,1.0],[1.0,1.0,0.0],[0.0,0.0,1.0],[1.0,0.0,0.0],[0.0,1.0,0.0],[0.0,1.0,1.0],[1.0,1.0,0.0],[0.0,0.0,1.0],[1.0,0.0,1.0],[1.0,0.0,0.0],[0.0,0.0,1.0],[0.0,1.0,1.0],[0.800000011920929,0.800000011920929,0.800000011920929],[1.0,0.0,1.0],[0.800000011920929,0.800000011920929,0.800000011920929],[0.0,1.0,1.0],[0.0,1.0,0.0],[0.0,0.0,1.0],[0.0,1.0,0.0],[1.0,1.0,0.0],[1.0,1.0,0.0]],"node_adjacency":[[0,0,0,0,0,0,0,0,0,0,0,0,0,0,0,0,0,0,0,0,0,0,0,0,0,0,0,0,1,0],[0,0,0,0,0,0,0,0,0,0,0,0,0,0,0,0,0,0,1,0,0,0,0,0,0,0,0,0,0,0],[0,0,0,0,0,0,0,0,0,0,0,1,0,0,0,0,0,0,0,0,0,0,0,0,0,0,0,0,0,0],[0,0,0,0,0,0,0,1,0,0,0,0,0,0,0,1,0,0,0,0,0,0,0,0,0,0,0,0,0,0],[0,0,0,0,0,0,1,0,0,1,0,0,0,0,0,0,0,0,0,1,0,0,0,0,0,0,0,0,0,0],[0,0,0,0,0,0,0,0,0,0,0,0,0,1,0,1,0,1,0,1,0,1,0,0,0,0,0,0,0,0],[0,0,0,0,1,0,0,1,0,0,0,0,0,0,0,0,0,0,0,0,0,0,0,0,0,0,0,0,0,0],[0,0,0,1,0,0,1,0,0,0,0,0,0,0,0,0,0,0,0,0,0,0,0,0,0,0,0,1,0,0],[0,0,0,0,0,0,0,0,0,0,0,0,0,0,0,0,0,0,0,0,0,0,0,1,0,0,0,0,0,0],[0,0,0,0,1,0,0,0,0,0,0,0,0,0,0,0,0,0,0,0,0,0,0,0,0,0,0,0,0,0],[0,0,0,0,0,0,0,0,0,0,0,0,0,0,0,0,0,0,0,1,0,0,0,0,0,0,0,0,0,0],[0,0,1,0,0,0,0,0,0,0,0,0,0,0,0,0,0,0,0,0,0,0,0,0,0,0,0,1,1,0],[0,0,0,0,0,0,0,0,0,0,0,0,0,0,0,0,0,0,0,0,0,0,0,0,1,0,0,0,0,1],[0,0,0,0,0,1,0,0,0,0,0,0,0,0,0,0,0,0,0,0,0,0,0,0,0,0,0,0,0,0],[0,0,0,0,0,0,0,0,0,0,0,0,0,0,0,0,0,0,0,0,0,0,0,0,0,0,0,0,0,1],[0,0,0,1,0,1,0,0,0,0,0,0,0,0,0,0,0,0,0,0,0,0,1,0,0,0,0,0,0,0],[0,0,0,0,0,0,0,0,0,0,0,0,0,0,0,0,0,0,0,0,1,0,0,1,0,0,0,0,0,0],[0,0,0,0,0,1,0,0,0,0,0,0,0,0,0,0,0,0,0,0,0,0,0,0,0,0,0,0,0,0],[0,1,0,0,0,0,0,0,0,0,0,0,0,0,0,0,0,0,0,0,0,0,0,0,0,0,0,0,0,1],[0,0,0,0,1,1,0,0,0,0,1,0,0,0,0,0,0,0,0,0,0,0,0,0,0,0,0,0,0,0],[0,0,0,0,0,0,0,0,0,0,0,0,0,0,0,0,1,0,0,0,0,0,0,0,0,0,1,0,0,0],[0,0,0,0,0,1,0,0,0,0,0,0,0,0,0,0,0,0,0,0,0,0,0,0,0,0,0,0,0,0],[0,0,0,0,0,0,0,0,0,0,0,0,0,0,0,1,0,0,0,0,0,0,0,0,0,0,0,0,0,0],[0,0,0,0,0,0,0,0,1,0,0,0,0,0,0,0,1,0,0,0,0,0,0,0,0,0,0,0,1,0],[0,0,0,0,0,0,0,0,0,0,0,0,1,0,0,0,0,0,0,0,0,0,0,0,0,0,0,0,0,0],[0,0,0,0,0,0,0,0,0,0,0,0,0,0,0,0,0,0,0,0,0,0,0,0,0,0,0,0,0,1],[0,0,0,0,0,0,0,0,0,0,0,0,0,0,0,0,0,0,0,0,1,0,0,0,0,0,0,0,0,1],[0,0,0,0,0,0,0,1,0,0,0,1,0,0,0,0,0,0,0,0,0,0,0,0,0,0,0,0,0,1],[1,0,0,0,0,0,0,0,0,0,0,1,0,0,0,0,1,0,0,0,0,0,0,1,0,0,0,0,0,0],[0,0,0,0,1,0,0,0,0,0,0,0,1,0,1,0,0,0,1,0,0,0,0,0,0,1,1,1,0,0]],"edge_indices":[[28,11],[28,0],[28,16],[11,28],[0,28],[0,28],[29,18],[29,12],[29,4],[18,29],[12,29],[12,29],[19,4],[4,19],[5,19],[19,5],[17,5],[5,17],[25,29],[29,25],[13,5],[5,13],[21,5],[5,21],[10,19],[19,10],[15,5],[5,15],[20,16],[16,20],[23,28],[28,23],[26,29],[29,26],[6,4],[4,6],[27,29],[29,27],[22,15],[15,22],[24,12],[12,24],[7,27],[27,7],[9,4],[4,9],[1,18],[18,1],[8,23],[23,8],[14,29],[29,14],[3,7],[7,3],[2,11],[11,2],[20,26],[26,20],[16,23],[23,16],[3,15],[15,3],[7,6],[6,7],[27,11],[11,27]],"edge_attributes":[[1.0],[1.0],[1.0],[1.0],[1.0],[1.0],[1.0],[1.0],[1.0],[1.0],[1.0],[1.0],[1.0],[1.0],[1.0],[1.0],[1.0],[1.0],[1.0],[1.0],[1.0],[1.0],[1.0],[1.0],[1.0],[1.0],[1.0],[1.0],[1.0],[1.0],[1.0],[1.0],[1.0],[1.0],[1.0],[1.0],[1.0],[1.0],[1.0],[1.0],[1.0],[1.0],[1.0],[1.0],[1.0],[1.0],[1.0],[1.0],[1.0],[1.0],[1.0],[1.0],[1.0],[1.0],[1.0],[1.0],[1.0],[1.0],[1.0],[1.0],[1.0],[1.0],[1.0],[1.0],[1.0],[1.0]],"seed_graph_indices":[0,-1,-1,-1,1,-1,-1,-1,-1,-1,-1,0,1,-1,-1,-1,0,-1,1,-1,-1,-1,-1,-1,-1,-1,-1,-1,0,1],"graph_labels":0,"node_importances":[1,0,0,0,1,0,0,0,0,0,0,1,1,0,0,0,1,0,1,0,0,0,0,0,0,0,0,0,1,1],"edge_importances":[1,1,1,1,1,1,1,1,1,1,1,1,0,0,0,0,0,0,0,0,0,0,0,0,0,0,0,0,0,0,0,0,0,0,0,0,0,0,0,0,0,0,0,0,0,0,0,0,0,0,0,0,0,0,0,0,0,0,0,0,0,0,0,0,0,0],"multi_node_importances":[[1,0],[0,0],[0,0],[0,0],[0,1],[0,0],[0,0],[0,0],[0,0],[0,0],[0,0],[1,0],[0,1],[0,0],[0,0],[0,0],[1,0],[0,0],[0,1],[0,0],[0,0],[0,0],[0,0],[0,0],[0,0],[0,0],[0,0],[0,0],[1,0],[0,1]],"multi_edge_importances":[[1,0],[1,0],[1,0],[1,0],[1,0],[1,0],[0,1],[0,1],[0,1],[0,1],[0,1],[0,1],[0,0],[0,0],[0,0],[0,0],[0,0],[0,0],[0,0],[0,0],[0,0],[0,0],[0,0],[0,0],[0,0],[0,0],[0,0],[0,0],[0,0],[0,0],[0,0],[0,0],[0,0],[0,0],[0,0],[0,0],[0,0],[0,0],[0,0],[0,0],[0,0],[0,0],[0,0],[0,0],[0,0],[0,0],[0,0],[0,0],[0,0],[0,0],[0,0],[0,0],[0,0],[0,0],[0,0],[0,0],[0,0],[0,0],[0,0],[0,0],[0,0],[0,0],[0,0],[0,0],[0,0],[0,0]],"original_value":-0.30197130890991575,"class":0,"node_positions":[[-0.9343738850536039,0.4052616736282552],[0.47733033082818843,0.7315148329042023],[-0.707581149044648,0.04592893667508553],[-0.2304928226182881,-0.506771284717359],[0.27402518606088955,-0.1189326473138359],[0.2613989910915624,-0.7254229870486737],[0.043058111157023356,-0.22188558996460755],[-0.20275128813817458,-0.20625345002505874],[-0.9017180188341373,0.9352124336883988],[0.5677219901051984,-0.11592449316884501],[0.6661024568831655,-0.46822815780621874],[-0.4607903212460689,0.20687244172672464],[0.47350581813861203,0.3063852725445502],[0.4019066283314358,-0.9765424196828758],[0.36907043533703526,0.1630281647487034],[-0.059639967593043505,-0.7521969625997991],[-0.4920763049823015,0.6841339375433171],[0.5459602907827399,-0.8396126117509803],[0.32130336779710866,0.48103145128493774],[0.36255012221338434,-0.426553711797311],[-0.21408173027949556,0.6615618795491951],[0.1906383990315353,-1.0],[-0.24575269663384908,-0.9836725843307136],[-0.7324831529313576,0.7219888509169172],[0.7458511424567223,0.4284956591764258],[0.16618780894015747,0.40330262853274734],[-0.036041743067746004,0.42632989717326447],[-0.1601925420105975,0.09681825311641286],[-0.6437811851636378,0.4534892330152343],[0.15514572844219054,0.19064135398190638]],"node_coordinates":[[144.20454545454538,587.976832503832],[676.9598579630976,694.187131055966],[229.79261240782705,470.99762115749377],[409.83835965431706,291.06846536264925],[600.2356442669276,417.3276487529323],[595.4707137871555,219.88735363002985],[513.072246449393,383.8117655656968],[420.3075852223572,388.90074080711025],[156.52836372841966,760.5],[711.0722705666188,418.3069402655092],[748.1995354237933,303.61601287284066],[322.92764955578275,523.3920799866369],[675.5165460920939,555.7880497126791],[648.4961204873897,138.13651335766883],[636.1042496808016,509.11876610372235],[474.315581687048,211.1712022124512],[311.1208037200756,678.7624864238181],[702.8597421964236,182.71341742017358],[618.0776980076133,612.6433544281099],[633.6435844672501,317.1829477108789],[416.03165179667917,671.4142510111334],[568.7667619875341,130.5],[404.0795194818924,135.81531923451183],[220.39498171897458,691.0859890068984],[778.2954545454545,595.5405555559051],[559.5394878754327,587.3390738843209],[483.22118623238043,594.8355011452164],[436.3685970392037,487.5644170295786],[253.86973090975837,603.6771049312306],[555.3723776690184,518.1081198894261]]},"label":"0","name":"3642","value":-0.30197130890991575,"input_type":"classification","classes":{"0":"low","1":"high"},"image_width":900,"image_height":900,"image_path":"./3642.png"}