{"graph":{"node_indices":[0,1,2,3,4,5,6,7,8,9,10,11,12,13,14,15,16,17,18,19,20,21,22,23],"node_attributes":[[0.0,1.0,1.0],[1.0,0.0,0.0],[1.0,0.0,1.0],[0.800000011920929,0.800000011920929,0.800000011920929],[0.0,1.0,0.0],[0.0,0.0,1.0],[0.800000011920929,0.800000011920929,0.800000011920929],[0.0,1.0,0.0],[1.0,0.0,0.0],[0.0,1.0,0.0],[0.0,1.0,0.0],[0.0,1.0,0.0],[1.0,0.0,0.0],[0.0,0.0,1.0],[0.0,1.0,1.0],[0.800000011920929,0.800000011920929,0.800000011920929],[0.0,0.0,1.0],[1.0,0.0,0.0],[0.0,0.0,1.0],[1.0,1.0,0.0],[1.0,0.0,0.0],[1.0,0.0,0.0],[0.0,1.0,0.0],[0.800000011920929,0.800000011920929,0.800000011920929]],"node_adjacency":[[0,0,0,0,0,0,0,0,0,0,0,0,0,0,0,0,1,0,0,0,0,0,0,0],[0,0,0,0,0,0,0,0,0,0,0,0,0,0,0,0,0,0,0,0,0,0,0,1],[0,0,0,1,0,0,1,0,0,0,0,0,0,0,0,0,1,0,0,0,0,0,0,0],[0,0,1,0,0,0,0,0,0,0,0,0,0,0,0,0,0,0,0,0,0,0,0,0],[0,0,0,0,0,1,0,0,0,1,0,0,0,1,0,0,1,0,0,0,0,0,1,0],[0,0,0,0,1,0,0,0,0,0,0,0,0,0,0,0,0,0,0,0,0,1,0,0],[0,0,1,0,0,0,0,0,0,0,0,0,0,0,0,0,0,0,0,1,0,0,0,0],[0,0,0,0,0,0,0,0,0,0,0,0,0,0,0,0,0,1,0,0,0,0,0,0],[0,0,0,0,0,0,0,0,0,0,0,0,0,0,0,0,0,0,0,1,0,0,0,0],[0,0,0,0,1,0,0,0,0,0,0,0,0,0,0,0,1,0,0,0,0,0,0,0],[0,0,0,0,0,0,0,0,0,0,0,0,1,0,0,0,0,0,0,0,0,0,0,0],[0,0,0,0,0,0,0,0,0,0,0,0,0,0,0,0,0,0,0,0,0,0,1,0],[0,0,0,0,0,0,0,0,0,0,1,0,0,0,0,0,0,0,0,0,0,1,0,1],[0,0,0,0,1,0,0,0,0,0,0,0,0,0,0,0,1,0,1,0,0,0,0,0],[0,0,0,0,0,0,0,0,0,0,0,0,0,0,0,1,0,0,0,0,0,0,0,1],[0,0,0,0,0,0,0,0,0,0,0,0,0,0,1,0,0,0,0,0,0,0,0,0],[1,0,1,0,1,0,0,0,0,1,0,0,0,1,0,0,0,0,0,0,0,0,0,0],[0,0,0,0,0,0,0,1,0,0,0,0,0,0,0,0,0,0,0,1,0,0,0,0],[0,0,0,0,0,0,0,0,0,0,0,0,0,1,0,0,0,0,0,0,1,0,0,0],[0,0,0,0,0,0,1,0,1,0,0,0,1,0,0,0,0,1,0,0,0,0,0,0],[0,0,0,0,0,0,0,0,0,0,0,0,0,0,0,0,0,0,1,0,0,0,0,0],[0,0,0,0,0,1,0,0,0,0,0,0,1,0,0,0,0,0,0,0,0,0,0,0],[0,0,0,0,1,0,0,0,0,0,0,1,0,0,0,0,0,0,0,0,0,0,0,0],[0,1,0,0,0,0,0,0,0,0,0,0,1,0,1,0,0,0,0,0,0,0,0,0]],"edge_indices":[[13,16],[13,4],[16,13],[16,4],[4,16],[4,13],[19,8],[19,17],[19,12],[8,19],[17,19],[17,19],[18,13],[13,18],[23,12],[12,23],[14,23],[23,14],[10,12],[12,10],[22,4],[4,22],[15,14],[14,15],[7,17],[17,7],[0,16],[16,0],[2,16],[16,2],[6,19],[19,6],[11,22],[22,11],[3,2],[2,3],[9,16],[16,9],[20,18],[18,20],[1,23],[23,1],[5,4],[4,5],[21,5],[5,21],[2,6],[6,2],[12,21],[21,12],[9,4],[4,9]],"edge_attributes":[[1.0],[1.0],[1.0],[1.0],[1.0],[1.0],[1.0],[1.0],[1.0],[1.0],[1.0],[1.0],[1.0],[1.0],[1.0],[1.0],[1.0],[1.0],[1.0],[1.0],[1.0],[1.0],[1.0],[1.0],[1.0],[1.0],[1.0],[1.0],[1.0],[1.0],[1.0],[1.0],[1.0],[1.0],[1.0],[1.0],[1.0],[1.0],[1.0],[1.0],[1.0],[1.0],[1.0],[1.0],[1.0],[1.0],[1.0],[1.0],[1.0],[1.0],[1.0],[1.0]],"seed_graph_indices":[-1,-1,-1,-1,0,-1,-1,-1,1,-1,-1,-1,1,0,-1,-1,0,1,-1,1,-1,-1,-1,-1],"graph_labels":1,"node_importances":[0,0,0,0,1,0,0,0,1,0,0,0,1,1,0,0,1,1,0,1,0,0,0,0],"edge_importances":[1,1,1,1,1,1,1,1,1,1,1,1,0,0,0,0,0,0,0,0,0,0,0,0,0,0,0,0,0,0,0,0,0,0,0,0,0,0,0,0,0,0,0,0,0,0,0,0,0,0,0,0],"multi_node_importances":[[0,0],[0,0],[0,0],[0,0],[1,0],[0,0],[0,0],[0,0],[0,1],[0,0],[0,0],[0,0],[0,1],[1,0],[0,0],[0,0],[1,0],[0,1],[0,0],[0,1],[0,0],[0,0],[0,0],[0,0]],"multi_edge_importances":[[1,0],[1,0],[1,0],[1,0],[1,0],[1,0],[0,1],[0,1],[0,1],[0,1],[0,1],[0,1],[0,0],[0,0],[0,0],[0,0],[0,0],[0,0],[0,0],[0,0],[0,0],[0,0],[0,0],[0,0],[0,0],[0,0],[0,0],[0,0],[0,0],[0,0],[0,0],[0,0],[0,0],[0,0],[0,0],[0,0],[0,0],[0,0],[0,0],[0,0],[0,0],[0,0],[0,0],[0,0],[0,0],[0,0],[0,0],[0,0],[0,0],[0,0],[0,0],[0,0]],"original_value":0.6264685458768015,"class":1,"node_positions":[[0.629797920270238,0.13103321901362944],[-0.838369085023065,0.19104277001054107],[0.2674851342962389,0.19581418860501001],[0.3745139763861119,0.4231950501566852],[0.3018145067429821,-0.2544158679348591],[0.05039091077195626,-0.2324534669144428],[0.01953272602632749,0.22293087796908567],[-0.5424618683821273,-0.3319068748616889],[-0.24323887570271274,0.42264259686853245],[0.4123512407089894,-0.16025745143537734],[-0.58896442419898,-0.061199931124930114],[0.3609403481770285,-0.7367098527585066],[-0.393368724493645,0.08737972223814533],[0.5496416758645829,-0.1990395350223636],[-0.6884722385299399,0.48743911716842586],[-0.8179480063279928,0.6756336350403391],[0.4211825460355883,-0.0033791312361399132],[-0.37868334017277444,-0.10984981197695595],[0.7786841771489359,-0.25696462376206913],[-0.22722214767434484,0.16701707334395188],[1.0,-0.29501123692255804],[-0.1785263395572283,-0.11635708149399131],[0.32808084716341,-0.5055792873069762],[-0.5971609595295796,0.2589959023365128]],"node_coordinates":[[650.6052234620456,517.5716578078681],[144.20454545454544,544.3399457312084],[525.6361703457991,546.4683187088049],[562.5525960693438,647.8954460436802],[537.477069521387,345.63549151732514],[450.75595468379004,355.4321966123628],[440.11233878660175,558.5641823899499],[246.26896632357818,311.0693007955565],[349.47706582586716,647.6490147933908],[575.6034385402427,387.6364657188093],[230.2292884736926,431.82276907539756],[557.8707754703797,130.5],[297.69422576558156,498.099267977674],[622.957703549657,370.3370531673484],[195.90701828061216,676.5526123541756],[151.24819107493124,760.5],[578.6495354685601,457.614727083226],[302.75951367225525,410.12165656165365],[701.9591233641274,344.4985753315573],[355.00156127072074,533.6228722779643],[778.2954545454545,327.5272319592275],[371.7977364726724,407.21897755251155],[546.5368648646444,233.59974697543487],[227.40213663486017,574.6516041451845]]},"label":"1","name":"3673","value":0.6264685458768015,"input_type":"classification","classes":{"0":"low","1":"high"},"image_width":900,"image_height":900,"image_path":"./3673.png"}