{"graph":{"node_indices":[0,1,2,3,4,5,6,7,8,9,10,11,12,13,14,15,16,17,18,19,20,21,22,23,24,25,26],"node_attributes":[[0.0,0.0,1.0],[0.0,1.0,0.0],[1.0,0.0,0.0],[0.0,1.0,0.0],[0.0,1.0,0.0],[0.800000011920929,0.800000011920929,0.800000011920929],[0.800000011920929,0.800000011920929,0.800000011920929],[1.0,0.0,0.0],[1.0,0.0,1.0],[0.0,1.0,0.0],[0.0,1.0,0.0],[0.0,1.0,1.0],[1.0,0.0,1.0],[0.800000011920929,0.800000011920929,0.800000011920929],[0.0,1.0,1.0],[0.0,0.0,1.0],[1.0,0.0,0.0],[1.0,0.0,0.0],[0.0,1.0,1.0],[0.800000011920929,0.800000011920929,0.800000011920929],[1.0,0.0,1.0],[0.800000011920929,0.800000011920929,0.800000011920929],[0.0,0.0,1.0],[0.0,1.0,0.0],[0.0,1.0,0.0],[1.0,0.0,1.0],[0.800000011920929,0.800000011920929,0.800000011920929]],"node_adjacency":[[0,0,0,0,0,0,0,0,1,1,0,0,0,0,0,0,0,0,0,0,0,0,1,0,0,0,0],[0,0,0,0,0,0,0,0,0,0,0,1,0,0,0,0,0,0,0,0,0,0,0,0,0,0,0],[0,0,0,0,0,1,0,0,0,0,0,1,0,0,0,0,1,1,1,0,0,0,0,0,1,0,0],[0,0,0,0,0,0,0,0,0,0,0,0,1,0,0,0,0,0,0,0,0,0,0,0,0,0,0],[0,0,0,0,0,0,0,0,0,1,0,0,0,0,0,0,0,0,0,0,0,0,0,0,0,0,1],[0,0,1,0,0,0,0,0,0,0,0,0,0,0,0,0,0,0,0,0,0,0,0,1,0,0,0],[0,0,0,0,0,0,0,0,0,0,0,0,0,0,0,0,1,0,0,1,0,0,0,0,0,1,0],[0,0,0,0,0,0,0,0,0,0,0,0,0,0,1,0,0,0,0,0,0,0,0,0,0,0,0],[1,0,0,0,0,0,0,0,0,0,0,0,0,0,0,0,0,0,0,0,0,0,0,0,0,0,0],[1,0,0,0,1,0,0,0,0,0,0,0,0,0,0,0,0,0,0,0,0,0,1,0,0,0,0],[0,0,0,0,0,0,0,0,0,0,0,0,0,0,0,0,0,0,0,0,0,0,1,0,0,0,0],[0,1,1,0,0,0,0,0,0,0,0,0,0,0,0,0,0,0,0,1,0,0,0,0,0,0,0],[0,0,0,1,0,0,0,0,0,0,0,0,0,0,0,0,0,0,0,0,0,0,1,0,0,0,0],[0,0,0,0,0,0,0,0,0,0,0,0,0,0,0,0,0,0,0,0,0,0,1,0,0,0,0],[0,0,0,0,0,0,0,1,0,0,0,0,0,0,0,0,0,0,1,0,0,0,0,0,0,0,0],[0,0,0,0,0,0,0,0,0,0,0,0,0,0,0,0,0,0,0,0,1,0,0,0,0,0,0],[0,0,1,0,0,0,1,0,0,0,0,0,0,0,0,0,0,0,0,0,0,1,0,0,1,0,0],[0,0,1,0,0,0,0,0,0,0,0,0,0,0,0,0,0,0,0,0,0,0,0,0,0,0,0],[0,0,1,0,0,0,0,0,0,0,0,0,0,0,1,0,0,0,0,0,0,0,0,0,0,0,0],[0,0,0,0,0,0,1,0,0,0,0,1,0,0,0,0,0,0,0,0,0,0,0,0,0,0,0],[0,0,0,0,0,0,0,0,0,0,0,0,0,0,0,1,0,0,0,0,0,0,0,0,1,0,0],[0,0,0,0,0,0,0,0,0,0,0,0,0,0,0,0,1,0,0,0,0,0,0,0,0,0,0],[1,0,0,0,0,0,0,0,0,1,1,0,1,1,0,0,0,0,0,0,0,0,0,0,0,0,0],[0,0,0,0,0,1,0,0,0,0,0,0,0,0,0,0,0,0,0,0,0,0,0,0,0,0,0],[0,0,1,0,0,0,0,0,0,0,0,0,0,0,0,0,1,0,0,0,1,0,0,0,0,0,0],[0,0,0,0,0,0,1,0,0,0,0,0,0,0,0,0,0,0,0,0,0,0,0,0,0,0,1],[0,0,0,0,1,0,0,0,0,0,0,0,0,0,0,0,0,0,0,0,0,0,0,0,0,1,0]],"edge_indices":[[22,0],[22,9],[0,22],[0,9],[9,0],[9,22],[16,2],[16,24],[2,16],[2,24],[24,2],[24,16],[4,9],[9,4],[5,2],[2,5],[11,2],[2,11],[18,2],[2,18],[8,0],[0,8],[12,22],[22,12],[20,24],[24,20],[13,22],[22,13],[19,11],[11,19],[6,16],[16,6],[1,11],[11,1],[21,16],[16,21],[25,6],[6,25],[10,22],[22,10],[23,5],[5,23],[3,12],[12,3],[26,25],[25,26],[15,20],[20,15],[14,18],[18,14],[7,14],[14,7],[17,2],[2,17],[4,26],[26,4],[19,6],[6,19]],"edge_attributes":[[1.0],[1.0],[1.0],[1.0],[1.0],[1.0],[1.0],[1.0],[1.0],[1.0],[1.0],[1.0],[1.0],[1.0],[1.0],[1.0],[1.0],[1.0],[1.0],[1.0],[1.0],[1.0],[1.0],[1.0],[1.0],[1.0],[1.0],[1.0],[1.0],[1.0],[1.0],[1.0],[1.0],[1.0],[1.0],[1.0],[1.0],[1.0],[1.0],[1.0],[1.0],[1.0],[1.0],[1.0],[1.0],[1.0],[1.0],[1.0],[1.0],[1.0],[1.0],[1.0],[1.0],[1.0],[1.0],[1.0],[1.0],[1.0]],"seed_graph_indices":[0,-1,1,-1,-1,-1,-1,-1,-1,0,-1,-1,-1,-1,-1,-1,1,-1,-1,-1,-1,-1,0,-1,1,-1,-1],"graph_labels":0,"node_importances":[1,0,1,0,0,0,0,0,0,1,0,0,0,0,0,0,1,0,0,0,0,0,1,0,1,0,0],"edge_importances":[1,1,1,1,1,1,1,1,1,1,1,1,0,0,0,0,0,0,0,0,0,0,0,0,0,0,0,0,0,0,0,0,0,0,0,0,0,0,0,0,0,0,0,0,0,0,0,0,0,0,0,0,0,0,0,0,0,0],"multi_node_importances":[[1,0],[0,0],[0,1],[0,0],[0,0],[0,0],[0,0],[0,0],[0,0],[1,0],[0,0],[0,0],[0,0],[0,0],[0,0],[0,0],[0,1],[0,0],[0,0],[0,0],[0,0],[0,0],[1,0],[0,0],[0,1],[0,0],[0,0]],"multi_edge_importances":[[1,0],[1,0],[1,0],[1,0],[1,0],[1,0],[0,1],[0,1],[0,1],[0,1],[0,1],[0,1],[0,0],[0,0],[0,0],[0,0],[0,0],[0,0],[0,0],[0,0],[0,0],[0,0],[0,0],[0,0],[0,0],[0,0],[0,0],[0,0],[0,0],[0,0],[0,0],[0,0],[0,0],[0,0],[0,0],[0,0],[0,0],[0,0],[0,0],[0,0],[0,0],[0,0],[0,0],[0,0],[0,0],[0,0],[0,0],[0,0],[0,0],[0,0],[0,0],[0,0],[0,0],[0,0],[0,0],[0,0],[0,0],[0,0]],"original_value":-0.2340850626844443,"class":0,"node_positions":[[-0.10708340919492877,-0.7851284969844504],[-0.24987056899787857,0.47389437870699685],[0.14500036821211668,0.45691430424672547],[-0.6909564477573034,-0.8491845830205732],[-0.141015637168542,-0.4438715293126305],[0.31535641560944644,0.5935719241859537],[0.03685817887989,0.10048515839768117],[-0.12621593167217035,1.0],[0.04843240259945061,-0.9136154520079497],[-0.19450456474090724,-0.6283470663936208],[-0.22646085128531684,-0.9907268262659362],[-0.05637250030126155,0.40212588411634853],[-0.5079131612938552,-0.781841656848381],[-0.3923940766116582,-0.9560271607264814],[-0.05458106284131767,0.8277676245160782],[0.7197654759063118,0.34555723092520124],[0.18034293864517867,0.25086014615946683],[0.17250274530990176,0.6158368174157848],[0.02143845950314751,0.6420306278138354],[-0.12004201600411282,0.21769496897200497],[0.5263349289046363,0.3438557956505326],[0.3347327118545385,0.12548596402975237],[-0.2983642923208966,-0.7945531381924716],[0.4410502652937572,0.7484182567361806],[0.31633949513143067,0.3566170705994618],[-0.014332428041978892,-0.09025788377241034],[-0.07804743761767824,-0.26756235894709973]],"node_coordinates":[[406.64364107319983,195.56515396202977],[342.46370706407157,594.0047596478639],[519.9501892325934,588.6311208497992],[144.2045454545455,175.29349555551045],[391.3917924116355,303.561834770573],[596.5217793889142,631.8787927180703],[471.3424671900574,475.8329413496548],[398.04396003947033,760.5],[476.54484614033146,154.9032305897312],[367.3496036983719,245.18135442158388],[352.98590065653417,130.5],[429.4371667013442,571.2923759116595],[226.4787923983899,196.60533147830296],[278.4022793696963,141.48131044471904],[430.24238152681835,705.9940802910667],[778.2954545454545,553.3902453731012],[535.835958241776,523.4217119634634],[532.3119502597467,638.9249039924655],[464.4116158907925,647.2143891860344],[400.81900998584285,512.9260169477427],[691.3523445413807,552.8517966975228],[605.2310317899529,483.74487951233505],[320.66676140716993,192.5825629391366],[653.0186169842909,680.8825978707974],[596.9636537068413,556.8903232857767],[448.3333270218047,415.46900041027413],[419.6947217326274,359.3579268635451]]},"label":"0","name":"3698","value":-0.2340850626844443,"input_type":"classification","classes":{"0":"low","1":"high"},"image_width":900,"image_height":900,"image_path":"./3698.png"}