{"graph":{"node_indices":[0,1,2,3,4,5,6,7,8,9,10,11,12,13,14,15,16,17,18],"node_attributes":[[1.0,0.0,1.0],[0.800000011920929,0.800000011920929,0.800000011920929],[0.0,0.0,1.0],[1.0,0.0,1.0],[0.0,0.0,1.0],[0.800000011920929,0.800000011920929,0.800000011920929],[0.0,1.0,0.0],[0.800000011920929,0.800000011920929,0.800000011920929],[0.800000011920929,0.800000011920929,0.800000011920929],[0.0,1.0,1.0],[1.0,0.0,0.0],[0.800000011920929,0.800000011920929,0.800000011920929],[0.0,0.0,1.0],[1.0,1.0,0.0],[1.0,0.0,1.0],[0.0,0.0,1.0],[0.0,1.0,0.0],[0.0,1.0,1.0],[0.0,1.0,1.0]],"node_adjacency":[[0,0,0,0,1,0,0,1,0,0,0,0,0,0,0,0,0,0,0],[0,0,0,0,0,0,0,1,0,0,0,0,0,0,0,0,0,0,0],[0,0,0,0,1,0,1,0,1,0,0,0,0,0,0,0,0,1,0],[0,0,0,0,1,0,0,0,0,0,0,1,0,0,0,0,0,0,0],[1,0,1,1,0,0,1,0,0,0,0,0,0,0,0,0,0,0,0],[0,0,0,0,0,0,0,0,0,1,0,0,0,0,0,0,0,0,0],[0,0,1,0,1,0,0,0,1,0,1,0,0,0,0,0,0,0,1],[1,1,0,0,0,0,0,0,0,0,0,0,0,0,0,0,0,0,0],[0,0,1,0,0,0,1,0,0,1,0,0,0,0,0,0,0,0,0],[0,0,0,0,0,1,0,0,1,0,0,0,0,0,0,0,0,0,0],[0,0,0,0,0,0,1,0,0,0,0,0,0,0,0,0,0,0,0],[0,0,0,1,0,0,0,0,0,0,0,0,1,0,0,0,0,0,0],[0,0,0,0,0,0,0,0,0,0,0,1,0,0,0,0,0,0,1],[0,0,0,0,0,0,0,0,0,0,0,0,0,0,1,0,0,1,0],[0,0,0,0,0,0,0,0,0,0,0,0,0,1,0,1,0,0,0],[0,0,0,0,0,0,0,0,0,0,0,0,0,0,1,0,0,0,0],[0,0,0,0,0,0,0,0,0,0,0,0,0,0,0,0,0,0,1],[0,0,1,0,0,0,0,0,0,0,0,0,0,1,0,0,0,0,0],[0,0,0,0,0,0,1,0,0,0,0,0,1,0,0,0,1,0,0]],"edge_indices":[[2,4],[2,6],[4,2],[4,6],[6,4],[6,2],[18,6],[6,18],[17,2],[2,17],[8,2],[2,8],[10,6],[6,10],[9,8],[8,9],[0,4],[4,0],[13,17],[17,13],[7,0],[0,7],[3,4],[4,3],[14,13],[13,14],[5,9],[9,5],[12,18],[18,12],[15,14],[14,15],[11,3],[3,11],[1,7],[7,1],[16,18],[18,16],[6,8],[8,6],[11,12],[12,11]],"edge_attributes":[[1.0],[1.0],[1.0],[1.0],[1.0],[1.0],[1.0],[1.0],[1.0],[1.0],[1.0],[1.0],[1.0],[1.0],[1.0],[1.0],[1.0],[1.0],[1.0],[1.0],[1.0],[1.0],[1.0],[1.0],[1.0],[1.0],[1.0],[1.0],[1.0],[1.0],[1.0],[1.0],[1.0],[1.0],[1.0],[1.0],[1.0],[1.0],[1.0],[1.0],[1.0],[1.0]],"seed_graph_indices":[-1,-1,0,-1,0,-1,0,-1,-1,-1,-1,-1,-1,-1,-1,-1,-1,-1,-1],"graph_labels":0,"node_importances":[0,0,1,0,1,0,1,0,0,0,0,0,0,0,0,0,0,0,0],"edge_importances":[1,1,1,1,1,1,0,0,0,0,0,0,0,0,0,0,0,0,0,0,0,0,0,0,0,0,0,0,0,0,0,0,0,0,0,0,0,0,0,0,0,0],"multi_node_importances":[[0,0],[0,0],[1,0],[0,0],[1,0],[0,0],[1,0],[0,0],[0,0],[0,0],[0,0],[0,0],[0,0],[0,0],[0,0],[0,0],[0,0],[0,0],[0,0]],"multi_edge_importances":[[1,0],[1,0],[1,0],[1,0],[1,0],[1,0],[0,0],[0,0],[0,0],[0,0],[0,0],[0,0],[0,0],[0,0],[0,0],[0,0],[0,0],[0,0],[0,0],[0,0],[0,0],[0,0],[0,0],[0,0],[0,0],[0,0],[0,0],[0,0],[0,0],[0,0],[0,0],[0,0],[0,0],[0,0],[0,0],[0,0],[0,0],[0,0],[0,0],[0,0],[0,0],[0,0]],"original_value":-1.390168324739483,"class":0,"node_positions":[[-0.456508197120393,-0.20441988018249582],[-0.9999999999999999,-0.44290287493795777],[0.061877411946185866,0.126454736176149],[0.258379399075763,-0.24263855099195286],[-0.1256727002813832,-0.11546659917484142],[-0.5631651979998163,0.6489022667837352],[0.011114620409198462,-0.13514005437088458],[-0.7375995153212459,-0.3256654039413919],[-0.16981433669838406,0.18876221529999926],[-0.36912955966386585,0.4287736657306566],[-0.21841476717280572,-0.36283078912072303],[0.5351897889730837,-0.40821821767485167],[0.40149814615094026,-0.6215513722342075],[0.4596267542586023,0.5747703084261283],[0.644178696221419,0.7884539996784363],[0.8243389331428851,0.9990823520587812],[0.05126290090811974,-0.7809381218545219],[0.26828167502979366,0.35525767736997627],[0.12455594814190304,-0.47068535704003334]],"node_coordinates":[[333.1076078792927,334.5462441731817],[144.20454545454555,250.1403123887933],[513.2844358475455,451.65220523422227],[581.5832159664944,321.01956683276666],[448.09708551368794,366.0293466745925],[296.03651685563443,636.5612830265546],[495.6406614101781,359.0663499253141],[235.40786236737637,291.6339962032604],[432.75464565455667,473.7045986888481],[363.47806078876573,558.6514945180243],[415.86244948317676,278.4801066800104],[677.7950264952641,262.41620156871807],[631.3274245629259,186.9115153350134],[651.5313577737784,610.3238692160171],[715.6766251513122,685.9526203803202],[778.2954545454545,760.5],[509.5951186754959,130.5],[585.0249794719979,532.6320900527448],[535.0698010967325,240.30729980224248]]},"label":"0","name":"3700","value":-1.390168324739483,"input_type":"classification","classes":{"0":"low","1":"high"},"image_width":900,"image_height":900,"image_path":"./3700.png"}