{"graph":{"node_indices":[0,1,2,3,4,5,6,7,8,9,10,11,12,13,14],"node_attributes":[[0.0,0.0,1.0],[0.0,0.0,1.0],[0.0,1.0,0.0],[0.0,1.0,0.0],[1.0,0.0,0.0],[0.800000011920929,0.800000011920929,0.800000011920929],[0.0,0.0,1.0],[1.0,0.0,0.0],[0.0,0.0,1.0],[1.0,0.0,0.0],[0.800000011920929,0.800000011920929,0.800000011920929],[1.0,0.0,0.0],[0.0,0.0,1.0],[1.0,1.0,0.0],[0.800000011920929,0.800000011920929,0.800000011920929]],"node_adjacency":[[0,0,0,0,0,0,0,0,0,0,0,0,0,1,0],[0,0,1,0,0,0,0,0,0,1,0,0,1,0,0],[0,1,0,0,0,0,0,0,0,0,0,1,1,0,0],[0,0,0,0,0,1,1,0,0,0,0,1,0,0,0],[0,0,0,0,0,0,0,0,1,0,0,0,0,0,0],[0,0,0,1,0,0,0,0,0,0,0,0,0,0,0],[0,0,0,1,0,0,0,0,0,0,1,0,0,0,1],[0,0,0,0,0,0,0,0,0,0,0,0,0,0,1],[0,0,0,0,1,0,0,0,0,0,0,0,0,1,0],[0,1,0,0,0,0,0,0,0,0,0,0,0,0,0],[0,0,0,0,0,0,1,0,0,0,0,1,0,0,0],[0,0,1,1,0,0,0,0,0,0,1,0,0,0,0],[0,1,1,0,0,0,0,0,0,0,0,0,0,0,0],[1,0,0,0,0,0,1,0,1,0,0,0,0,0,0],[0,0,0,0,0,0,1,1,0,0,0,0,0,0,0]],"edge_indices":[[13,8],[13,0],[13,6],[8,13],[0,13],[0,13],[12,1],[12,2],[1,12],[1,2],[2,1],[2,12],[10,6],[6,10],[11,2],[2,11],[14,6],[6,14],[7,14],[14,7],[3,6],[6,3],[4,8],[8,4],[9,1],[1,9],[5,3],[3,5],[3,11],[11,3],[10,11],[11,10]],"edge_attributes":[[1.0],[1.0],[1.0],[1.0],[1.0],[1.0],[1.0],[1.0],[1.0],[1.0],[1.0],[1.0],[1.0],[1.0],[1.0],[1.0],[1.0],[1.0],[1.0],[1.0],[1.0],[1.0],[1.0],[1.0],[1.0],[1.0],[1.0],[1.0],[1.0],[1.0],[1.0],[1.0]],"seed_graph_indices":[0,1,1,-1,-1,-1,0,-1,0,-1,-1,-1,1,0,-1],"graph_labels":0,"node_importances":[1,1,1,0,0,0,1,0,1,0,0,0,1,1,0],"edge_importances":[1,1,1,1,1,1,1,1,1,1,1,1,0,0,0,0,0,0,0,0,0,0,0,0,0,0,0,0,0,0,0,0],"multi_node_importances":[[1,0],[1,0],[1,0],[0,0],[0,0],[0,0],[1,0],[0,0],[1,0],[0,0],[0,0],[0,0],[1,0],[1,0],[0,0]],"multi_edge_importances":[[1,0],[1,0],[1,0],[1,0],[1,0],[1,0],[1,0],[1,0],[1,0],[1,0],[1,0],[1,0],[0,0],[0,0],[0,0],[0,0],[0,0],[0,0],[0,0],[0,0],[0,0],[0,0],[0,0],[0,0],[0,0],[0,0],[0,0],[0,0],[0,0],[0,0],[0,0],[0,0]],"original_value":-2.9464836078126027,"class":0,"node_positions":[[-0.0659144965486874,-0.8102948513057294],[0.6801154046126263,0.7302933345778884],[0.412536661227076,0.5503945220474602],[0.15638630380722374,-0.07343705568941539],[-0.7258184890457379,-1.0],[0.44894239848364514,-0.2632559940641598],[-0.20781818928836182,-0.16015809015901997],[-0.8529669447509041,0.12058085326970451],[-0.5319474689015731,-0.7409133780208101],[0.9699209311802056,0.8685461510782826],[-0.1045827510497089,0.17448455546647323],[0.22367536595969711,0.2713182561359687],[0.4113116856735634,0.8736640616125398],[-0.2672080684722061,-0.5216247210573394],[-0.546632342886858,-0.019597643891843687]],"node_coordinates":[[417.98046385975937,194.28637778563808],[677.4867036468606,712.2930882689319],[584.4095314921655,651.8039887466682],[495.3077193923116,442.0471267636346],[188.4330912318947,130.5],[597.0732544440509,378.22248838466646],[368.61931404866823,412.8880833496136],[144.2045454545455,507.2836252099191],[255.87105767665108,217.61517458813452],[778.2954545454545,758.7791559582954],[404.5297250769435,525.408182903969],[518.7141960909087,557.9675048612247],[583.9834241749811,760.5000000000001],[347.9605653786506,291.34869849854584],[250.76292940493357,460.1500674814485]]},"label":"0","name":"3702","value":-2.9464836078126027,"input_type":"classification","classes":{"0":"low","1":"high"},"image_width":900,"image_height":900,"image_path":"./3702.png"}