{"graph":{"node_indices":[0,1,2,3,4,5,6,7,8,9,10,11,12,13,14,15,16,17,18,19,20],"node_attributes":[[0.0,0.0,1.0],[1.0,0.0,1.0],[0.0,1.0,0.0],[0.0,1.0,1.0],[1.0,0.0,0.0],[0.0,0.0,1.0],[0.0,0.0,1.0],[1.0,0.0,1.0],[1.0,1.0,0.0],[0.0,1.0,1.0],[1.0,0.0,1.0],[0.0,1.0,0.0],[0.800000011920929,0.800000011920929,0.800000011920929],[0.0,1.0,1.0],[0.0,1.0,1.0],[1.0,0.0,1.0],[0.800000011920929,0.800000011920929,0.800000011920929],[0.0,1.0,0.0],[0.0,1.0,1.0],[0.800000011920929,0.800000011920929,0.800000011920929],[0.0,0.0,1.0]],"node_adjacency":[[0,0,0,0,0,0,0,0,1,0,0,0,0,0,1,0,0,1,0,0,0],[0,0,0,0,0,1,0,0,0,0,0,0,0,0,0,0,0,0,0,0,0],[0,0,0,0,0,0,0,0,0,0,0,0,0,0,0,0,0,1,0,0,0],[0,0,0,0,0,1,0,0,0,0,0,0,0,0,0,0,0,0,0,0,0],[0,0,0,0,0,0,0,0,0,0,0,0,0,1,0,0,0,0,0,0,0],[0,1,0,1,0,0,0,0,0,0,0,0,0,0,0,0,1,0,0,0,0],[0,0,0,0,0,0,0,0,0,0,0,0,0,0,0,0,1,0,0,0,0],[0,0,0,0,0,0,0,0,0,0,1,0,0,1,0,1,0,0,1,0,1],[1,0,0,0,0,1,0,0,0,0,0,1,0,0,0,0,0,0,0,0,1],[0,0,0,0,0,0,0,0,0,0,0,0,0,1,0,0,0,1,0,0,0],[0,0,0,0,0,0,0,1,0,0,0,0,0,0,0,0,0,0,0,0,0],[0,0,0,0,0,0,0,0,1,0,0,0,1,0,0,1,0,0,1,0,0],[0,0,0,0,0,0,0,0,0,0,0,1,0,0,0,0,0,0,0,0,0],[0,0,0,0,1,0,0,1,0,1,0,0,0,0,0,0,0,0,0,0,0],[1,0,0,0,0,0,0,0,0,0,0,0,0,0,0,0,0,0,0,0,0],[0,0,0,0,0,0,0,1,0,0,0,1,0,0,0,0,0,0,0,0,0],[0,0,0,0,0,1,1,0,0,0,0,0,0,0,0,0,0,0,0,0,0],[1,0,1,0,0,0,0,0,0,1,0,0,0,0,0,0,0,0,0,1,0],[0,0,0,0,0,0,0,1,0,0,0,1,0,0,0,0,0,0,0,0,1],[0,0,0,0,0,0,0,0,0,0,0,0,0,0,0,0,0,1,0,0,0],[0,0,0,0,0,0,0,1,1,0,0,0,0,0,0,0,0,0,1,0,0]],"edge_indices":[[8,0],[8,20],[8,5],[0,8],[20,8],[20,8],[7,20],[20,7],[1,5],[5,1],[18,20],[20,18],[14,0],[0,14],[13,7],[7,13],[16,5],[5,16],[10,7],[7,10],[4,13],[13,4],[17,0],[0,17],[3,5],[5,3],[15,7],[7,15],[19,17],[17,19],[6,16],[16,6],[11,8],[8,11],[9,13],[13,9],[2,17],[17,2],[12,11],[11,12],[11,15],[15,11],[7,18],[18,7],[11,18],[18,11],[17,9],[9,17]],"edge_attributes":[[1.0],[1.0],[1.0],[1.0],[1.0],[1.0],[1.0],[1.0],[1.0],[1.0],[1.0],[1.0],[1.0],[1.0],[1.0],[1.0],[1.0],[1.0],[1.0],[1.0],[1.0],[1.0],[1.0],[1.0],[1.0],[1.0],[1.0],[1.0],[1.0],[1.0],[1.0],[1.0],[1.0],[1.0],[1.0],[1.0],[1.0],[1.0],[1.0],[1.0],[1.0],[1.0],[1.0],[1.0],[1.0],[1.0],[1.0],[1.0]],"seed_graph_indices":[0,-1,-1,-1,-1,0,-1,-1,0,-1,-1,-1,-1,-1,-1,-1,-1,-1,-1,-1,0],"graph_labels":0,"node_importances":[1,0,0,0,0,1,0,0,1,0,0,0,0,0,0,0,0,0,0,0,1],"edge_importances":[1,1,1,1,1,1,0,0,0,0,0,0,0,0,0,0,0,0,0,0,0,0,0,0,0,0,0,0,0,0,0,0,0,0,0,0,0,0,0,0,0,0,0,0,0,0,0,0],"multi_node_importances":[[1,0],[0,0],[0,0],[0,0],[0,0],[1,0],[0,0],[0,0],[1,0],[0,0],[0,0],[0,0],[0,0],[0,0],[0,0],[0,0],[0,0],[0,0],[0,0],[0,0],[1,0]],"multi_edge_importances":[[1,0],[1,0],[1,0],[1,0],[1,0],[1,0],[0,0],[0,0],[0,0],[0,0],[0,0],[0,0],[0,0],[0,0],[0,0],[0,0],[0,0],[0,0],[0,0],[0,0],[0,0],[0,0],[0,0],[0,0],[0,0],[0,0],[0,0],[0,0],[0,0],[0,0],[0,0],[0,0],[0,0],[0,0],[0,0],[0,0],[0,0],[0,0],[0,0],[0,0],[0,0],[0,0],[0,0],[0,0],[0,0],[0,0],[0,0],[0,0]],"original_value":-2.303425780776564,"class":0,"node_positions":[[0.2644494690180589,-0.08044024070549749],[-0.377046395245413,-0.5550042220505848],[0.7068453761409511,0.31460945029107285],[0.11445047996291871,-0.6329596179419392],[0.11010608879024043,0.8347559982689989],[-0.10601842752914839,-0.44907470535771854],[-0.20213011984253754,-1.0],[-0.18564905639938936,0.40565414235119246],[-0.05231250031828383,-0.14617782863555304],[0.34319422755966306,0.4346794166605157],[-0.3675704431197769,0.6342582118611803],[-0.3495337496760023,-0.0314536964843203],[-0.6353787125257824,-0.09468377161424867],[0.07536089827917282,0.5532844503033035],[0.4710799698254515,-0.27822465003907654],[-0.452088948107976,0.2647002926867575],[-0.1538280694849731,-0.7331320544699664],[0.46476117357783037,0.15983168145421434],[-0.3099572084074623,0.21470612407098835],[0.7384845684250335,0.06064631188096471],[-0.0972186209225752,0.12402470746971646]],"node_coordinates":[[559.5099674510303,446.2491507874065],[263.43487658218464,283.29815974038263],[763.6927466366797,581.8973272003172],[490.27964690059986,256.53062255402756],[488.2745427637285,760.5],[388.52474019607376,319.67116823822505],[344.1654861143393,130.5],[351.77213274821554,613.1593348198535],[413.3120976288593,423.67684120781786],[595.8537115645157,623.12574061557],[267.8083940792737,691.6550933442396],[276.1330239761014,463.0696560145091],[144.20454545454544,441.358350876694],[472.23829684087934,663.8511402139101],[654.8779155718885,378.3359361704696],[228.79984322413927,564.7600242998861],[366.4587458926966,222.13442214798067],[651.9615473185341,528.7512988133183],[294.39912467156125,547.5935311761957],[778.2954545454545,494.69402749762264],[392.58619044978786,516.4562614178736]]},"label":"0","name":"3718","value":-2.303425780776564,"input_type":"classification","classes":{"0":"low","1":"high"},"image_width":900,"image_height":900,"image_path":"./3718.png"}