{"graph":{"node_indices":[0,1,2,3,4,5,6,7,8,9,10,11,12,13,14,15,16,17,18,19,20,21,22,23,24,25,26,27,28],"node_attributes":[[1.0,1.0,0.0],[1.0,0.0,1.0],[0.0,1.0,1.0],[1.0,1.0,0.0],[1.0,0.0,1.0],[0.800000011920929,0.800000011920929,0.800000011920929],[0.800000011920929,0.800000011920929,0.800000011920929],[1.0,0.0,0.0],[0.0,0.0,1.0],[1.0,0.0,1.0],[1.0,0.0,1.0],[0.0,1.0,1.0],[0.0,1.0,0.0],[0.800000011920929,0.800000011920929,0.800000011920929],[0.0,0.0,1.0],[0.800000011920929,0.800000011920929,0.800000011920929],[0.800000011920929,0.800000011920929,0.800000011920929],[0.800000011920929,0.800000011920929,0.800000011920929],[1.0,0.0,1.0],[1.0,0.0,0.0],[0.0,0.0,1.0],[1.0,0.0,0.0],[1.0,0.0,0.0],[0.0,1.0,0.0],[0.0,1.0,0.0],[0.0,1.0,0.0],[1.0,0.0,0.0],[0.0,0.0,1.0],[0.0,0.0,1.0]],"node_adjacency":[[0,0,0,0,0,0,0,0,0,1,0,0,0,0,1,0,1,0,0,0,1,0,0,0,0,0,0,1,0],[0,0,0,1,0,0,0,0,0,0,0,0,1,0,0,0,0,0,0,0,0,0,0,0,0,1,0,0,0],[0,0,0,0,0,0,0,0,0,0,0,0,0,0,0,0,0,0,0,0,0,0,0,1,0,0,0,0,0],[0,1,0,0,0,0,0,0,0,0,0,0,0,0,0,0,0,0,0,0,0,0,0,0,0,0,0,0,0],[0,0,0,0,0,0,0,0,0,0,0,0,0,0,1,0,0,0,0,0,0,0,1,0,0,0,0,0,0],[0,0,0,0,0,0,0,0,0,0,0,0,0,0,0,0,1,0,0,0,0,0,0,0,0,0,0,0,0],[0,0,0,0,0,0,0,0,0,0,0,0,0,0,0,1,0,0,0,0,0,0,0,0,0,0,0,0,1],[0,0,0,0,0,0,0,0,0,0,0,0,0,0,1,0,0,0,0,0,0,0,0,0,0,0,0,0,0],[0,0,0,0,0,0,0,0,0,0,0,0,0,1,0,1,0,0,0,1,0,0,0,0,0,0,0,0,0],[1,0,0,0,0,0,0,0,0,0,0,0,0,0,0,0,0,0,0,1,0,1,0,0,0,0,0,0,0],[0,0,0,0,0,0,0,0,0,0,0,0,0,1,0,0,0,0,1,0,0,0,0,0,0,0,0,0,0],[0,0,0,0,0,0,0,0,0,0,0,0,0,0,0,0,0,0,0,0,1,0,0,0,0,0,0,0,0],[0,1,0,0,0,0,0,0,0,0,0,0,0,0,0,0,0,0,0,1,0,0,0,0,0,0,1,0,0],[0,0,0,0,0,0,0,0,1,0,1,0,0,0,0,0,0,1,0,0,0,0,0,0,0,0,0,0,0],[1,0,0,0,1,0,0,1,0,0,0,0,0,0,0,0,0,0,0,0,0,0,0,0,0,0,0,0,0],[0,0,0,0,0,0,1,0,1,0,0,0,0,0,0,0,0,0,0,0,0,0,0,0,0,0,0,0,0],[1,0,0,0,0,1,0,0,0,0,0,0,0,0,0,0,0,0,0,0,0,0,0,0,0,0,0,0,0],[0,0,0,0,0,0,0,0,0,0,0,0,0,1,0,0,0,0,0,0,0,0,0,0,0,0,0,0,0],[0,0,0,0,0,0,0,0,0,0,1,0,0,0,0,0,0,0,0,0,1,0,0,0,0,0,0,0,1],[0,0,0,0,0,0,0,0,1,1,0,0,1,0,0,0,0,0,0,0,0,0,0,0,0,0,1,0,0],[0,0,0,0,0,0,0,0,0,0,0,1,0,0,0,0,0,0,1,0,0,0,0,0,0,0,0,0,0],[0,0,0,0,0,0,0,0,0,1,0,0,0,0,0,0,0,0,0,0,0,0,0,0,0,0,0,0,0],[0,0,0,0,1,0,0,0,0,0,0,0,0,0,0,0,0,0,0,0,0,0,0,0,0,0,0,0,0],[0,0,1,0,0,0,0,0,0,0,0,0,0,0,0,0,0,0,0,0,0,0,0,0,1,0,0,0,0],[0,0,0,0,0,0,0,0,0,0,0,0,0,0,0,0,0,0,0,0,0,0,0,1,0,0,0,1,0],[0,1,0,0,0,0,0,0,0,0,0,0,0,0,0,0,0,0,0,0,0,0,0,0,0,0,0,0,0],[0,0,0,0,0,0,0,0,0,0,0,0,1,0,0,0,0,0,0,1,0,0,0,0,0,0,0,0,0],[1,0,0,0,0,0,0,0,0,0,0,0,0,0,0,0,0,0,0,0,0,0,0,0,1,0,0,0,0],[0,0,0,0,0,0,1,0,0,0,0,0,0,0,0,0,0,0,1,0,0,0,0,0,0,0,0,0,0]],"edge_indices":[[0,14],[0,27],[0,20],[14,0],[27,0],[27,0],[26,19],[26,12],[19,26],[19,12],[12,19],[12,26],[1,12],[12,1],[8,19],[19,8],[18,20],[20,18],[13,8],[8,13],[17,13],[13,17],[11,20],[20,11],[16,0],[0,16],[28,18],[18,28],[25,1],[1,25],[6,28],[28,6],[9,0],[0,9],[4,14],[14,4],[24,27],[27,24],[15,6],[6,15],[23,24],[24,23],[22,4],[4,22],[2,23],[23,2],[10,13],[13,10],[3,1],[1,3],[21,9],[9,21],[7,14],[14,7],[5,16],[16,5],[18,10],[10,18],[9,19],[19,9],[15,8],[8,15]],"edge_attributes":[[1.0],[1.0],[1.0],[1.0],[1.0],[1.0],[1.0],[1.0],[1.0],[1.0],[1.0],[1.0],[1.0],[1.0],[1.0],[1.0],[1.0],[1.0],[1.0],[1.0],[1.0],[1.0],[1.0],[1.0],[1.0],[1.0],[1.0],[1.0],[1.0],[1.0],[1.0],[1.0],[1.0],[1.0],[1.0],[1.0],[1.0],[1.0],[1.0],[1.0],[1.0],[1.0],[1.0],[1.0],[1.0],[1.0],[1.0],[1.0],[1.0],[1.0],[1.0],[1.0],[1.0],[1.0],[1.0],[1.0],[1.0],[1.0],[1.0],[1.0],[1.0],[1.0]],"seed_graph_indices":[0,-1,-1,-1,-1,-1,-1,-1,-1,-1,-1,-1,1,-1,0,-1,-1,-1,-1,1,0,-1,-1,-1,-1,-1,1,0,-1],"graph_labels":0,"node_importances":[1,0,0,0,0,0,0,0,0,0,0,0,1,0,1,0,0,0,0,1,1,0,0,0,0,0,1,1,0],"edge_importances":[1,1,1,1,1,1,1,1,1,1,1,1,0,0,0,0,0,0,0,0,0,0,0,0,0,0,0,0,0,0,0,0,0,0,0,0,0,0,0,0,0,0,0,0,0,0,0,0,0,0,0,0,0,0,0,0,0,0,0,0,0,0],"multi_node_importances":[[1,0],[0,0],[0,0],[0,0],[0,0],[0,0],[0,0],[0,0],[0,0],[0,0],[0,0],[0,0],[0,1],[0,0],[1,0],[0,0],[0,0],[0,0],[0,0],[0,1],[1,0],[0,0],[0,0],[0,0],[0,0],[0,0],[0,1],[1,0],[0,0]],"multi_edge_importances":[[1,0],[1,0],[1,0],[1,0],[1,0],[1,0],[0,1],[0,1],[0,1],[0,1],[0,1],[0,1],[0,0],[0,0],[0,0],[0,0],[0,0],[0,0],[0,0],[0,0],[0,0],[0,0],[0,0],[0,0],[0,0],[0,0],[0,0],[0,0],[0,0],[0,0],[0,0],[0,0],[0,0],[0,0],[0,0],[0,0],[0,0],[0,0],[0,0],[0,0],[0,0],[0,0],[0,0],[0,0],[0,0],[0,0],[0,0],[0,0],[0,0],[0,0],[0,0],[0,0],[0,0],[0,0],[0,0],[0,0],[0,0],[0,0],[0,0],[0,0],[0,0],[0,0]],"original_value":-0.6096448499927645,"class":0,"node_positions":[[0.09746363813516218,-0.19998855895537967],[-0.73227802966799,0.3572307883877021],[0.6553683227304561,-1.0],[-0.9567310197131369,0.2646151031076535],[-0.27247021785625125,-0.5748804905094299],[0.5740075615951141,-0.31543761653524466],[0.3759991372650451,0.6440424473133591],[-0.043718216233691015,-0.650212173763179],[-0.10983192342179213,0.448462690773229],[-0.10998694487484029,-0.030300518482926635],[0.19904181904369286,0.45314076932381403],[0.5408684476998225,-0.002918523090688929],[-0.48661302648305,0.31591049247806774],[-0.029738289547838918,0.631894200668264],[-0.0670501835911779,-0.4133684581625146],[0.11775892064731203,0.6219060092758338],[0.32199870201484193,-0.25206416131319864],[-0.057506526123426646,0.8803185877499599],[0.3491143951423179,0.25300703780306993],[-0.2344244571149529,0.21804594867396593],[0.28087830848941964,0.004856865923965686],[-0.31255099594997343,-0.1515220961433593],[-0.4116872385986334,-0.7730500576767968],[0.5161895365380463,-0.8224828364596442],[0.37259491922955523,-0.6342148895648917],[-0.8647962149714737,0.5564614672495501],[-0.4424632808187479,0.16031415762215964],[0.22065589883364498,-0.42537090167480013],[0.5099069576025456,0.4356047159814595]],"node_coordinates":[[558.8534640134816,398.54351727502706],[232.4891795082808,585.2396394711147],[778.2954545454545,130.5],[144.2045454545455,554.2087907061449],[413.34649128961644,272.9361237100496],[746.2936308151391,359.8623561413975],[668.4105013543967,681.3357724883308],[503.32206589989494,247.6962729958935],[477.31740254538454,615.8068523239427],[477.2564275846585,455.3974281995417],[598.8074540563407,617.374240694227],[733.2589434958818,464.5717549383697],[329.1171856739804,571.3952906503014],[508.82082406440077,677.2655072490937],[494.1448471001137,327.05066634206],[566.8362562642862,673.9189676689257],[647.1703803658206,381.0956072776662],[497.8986768303621,760.5],[657.8358611170063,550.319513011646],[428.3111218060818,538.6058139104251],[630.9963971464066,467.17689595603844],[397.58142250669897,414.7821864933697],[358.58792590886435,206.53948851811856],[723.551928052141,189.97705551549643],[667.0715120923606,253.0561567467535],[180.36548317155604,651.9917997170862],[346.4827112513158,519.2628001256386],[607.3089720101908,323.0292523848708],[721.0807861790795,611.4987929495427]]},"label":"0","name":"3726","value":-0.6096448499927645,"input_type":"classification","classes":{"0":"low","1":"high"},"image_width":900,"image_height":900,"image_path":"./3726.png"}