{"graph": {"node_indices": [0, 1, 2, 3, 4, 5, 6, 7, 8, 9, 10, 11], "node_attributes": [[1.0, 0.0, 0.0], [1.0, 1.0, 0.0], [1.0, 1.0, 0.0], [0.0, 1.0, 0.0], [0.0, 1.0, 1.0], [0.0, 1.0, 1.0], [1.0, 0.0, 0.0], [1.0, 0.0, 1.0], [1.0, 0.0, 1.0], [0.0, 1.0, 1.0], [1.0, 0.0, 1.0], [1.0, 0.0, 0.0]], "node_adjacency": [[0, 0, 1, 0, 0, 0, 0, 0, 0, 0, 0, 0], [0, 0, 1, 0, 0, 0, 0, 0, 1, 0, 0, 0], [1, 1, 0, 0, 0, 0, 1, 0, 1, 0, 0, 1], [0, 0, 0, 0, 0, 0, 1, 0, 0, 0, 1, 0], [0, 0, 0, 0, 0, 1, 0, 0, 0, 0, 0, 0], [0, 0, 0, 0, 1, 0, 1, 0, 0, 0, 0, 1], [0, 0, 1, 1, 0, 1, 0, 0, 0, 0, 0, 0], [0, 0, 0, 0, 0, 0, 0, 0, 0, 1, 0, 1], [0, 1, 1, 0, 0, 0, 0, 0, 0, 1, 0, 0], [0, 0, 0, 0, 0, 0, 0, 1, 1, 0, 0, 0], [0, 0, 0, 1, 0, 0, 0, 0, 0, 0, 0, 0], [0, 0, 0, 0, 0, 1, 0, 1, 0, 0, 0, 0]], "edge_indices": [[2, 6], [2, 0], [2, 11], [6, 2], [0, 2], [0, 2], [5, 11], [11, 5], [3, 6], [6, 3], [1, 2], [2, 1], [8, 2], [2, 8], [7, 11], [11, 7], [9, 8], [8, 9], [4, 5], [5, 4], [10, 3], [3, 10], [7, 9], [9, 7], [6, 5], [5, 6], [1, 8], [8, 1]], "edge_attributes": [[1.0], [1.0], [1.0], [1.0], [1.0], [1.0], [1.0], [1.0], [1.0], [1.0], [1.0], [1.0], [1.0], [1.0], [1.0], [1.0], [1.0], [1.0], [1.0], [1.0], [1.0], [1.0], [1.0], [1.0], [1.0], [1.0], [1.0], [1.0]], "seed_graph_indices": [0, -1, 0, -1, -1, -1, 0, -1, -1, -1, -1, 0], "graph_labels": 1, "node_importances": [1, 0, 1, 0, 0, 0, 1, 0, 0, 0, 0, 1], "edge_importances": [1, 1, 1, 1, 1, 1, 0, 0, 0, 0, 0, 0, 0, 0, 0, 0, 0, 0, 0, 0, 0, 0, 0, 0, 0, 0, 0, 0], "multi_node_importances": [[0, 1], [0, 0], [0, 1], [0, 0], [0, 0], [0, 0], [0, 1], [0, 0], [0, 0], [0, 0], [0, 0], [0, 1]], "multi_edge_importances": [[0, 1], [0, 1], [0, 1], [0, 1], [0, 1], [0, 1], [0, 0], [0, 0], [0, 0], [0, 0], [0, 0], [0, 0], [0, 0], [0, 0], [0, 0], [0, 0], [0, 0], [0, 0], [0, 0], [0, 0], [0, 0], [0, 0], [0, 0], [0, 0], [0, 0], [0, 0], [0, 0], [0, 0]], "original_value": 2.29, "class": 1, "node_positions": [[-0.30301577508447414, -0.6361600367802106], [-0.6746626284394432, -0.2839506389751135], [-0.2510127687129667, -0.17651242681337456], [0.6381098387443483, 0.2867195927103113], [0.6486079495273916, -0.6044440202381834], [0.35059314102420636, -0.281915546581499], [0.25478128458182764, 0.015919639517335483], [-0.2711909728433176, 0.5256983274221457], [-0.6497480945951615, 0.0677772030696063], [-0.7013264674772622, 0.4802666698538081], [1.0, 0.5078362767906813], [-0.04113550672514849, 0.09876496002449293]], "node_coordinates": [[292.65647038960964, 130.50000000000006], [154.1422606776646, 321.48018093586245], [312.0381906037579, 379.7369149297376], [643.4176014536179, 630.9174213422164], [647.3302876648819, 147.69752685620563], [536.2590238841323, 322.583678786788], [500.5495769821975, 484.08027167922927], [304.51769642146945, 760.5], [163.42800313620776, 512.1992455959506], [144.20454545454544, 735.8653757205575], [778.2954545454546, 750.8145751284856], [390.2602522687953, 529.0018847842316]]}, "label": "1", "name": "3727", "value": 2.29, "input_type": "classification", "classes": {"0": "low", "1": "high"}, "image_width": 900, "image_height": 900, "image_path": "./3727.png"}