{"graph":{"node_indices":[0,1,2,3,4,5,6,7,8,9,10,11,12,13,14,15,16,17,18,19,20,21,22,23,24],"node_attributes":[[0.0,1.0,1.0],[0.0,1.0,1.0],[0.800000011920929,0.800000011920929,0.800000011920929],[0.0,1.0,0.0],[0.800000011920929,0.800000011920929,0.800000011920929],[0.0,0.0,1.0],[1.0,0.0,1.0],[0.800000011920929,0.800000011920929,0.800000011920929],[0.0,1.0,1.0],[0.800000011920929,0.800000011920929,0.800000011920929],[0.0,1.0,1.0],[0.800000011920929,0.800000011920929,0.800000011920929],[0.0,1.0,1.0],[1.0,0.0,0.0],[1.0,1.0,0.0],[0.0,1.0,1.0],[0.0,0.0,1.0],[0.0,0.0,1.0],[1.0,0.0,0.0],[0.800000011920929,0.800000011920929,0.800000011920929],[0.0,0.0,1.0],[0.0,0.0,1.0],[0.0,0.0,1.0],[0.800000011920929,0.800000011920929,0.800000011920929],[1.0,0.0,1.0]],"node_adjacency":[[0,0,0,0,0,0,0,0,0,0,1,0,0,0,0,0,0,1,0,0,0,0,0,0,0],[0,0,0,1,0,0,0,0,0,0,0,0,0,0,0,0,0,0,0,0,0,0,0,0,0],[0,0,0,0,0,0,0,0,0,0,0,0,0,1,0,0,1,0,1,0,0,0,0,0,0],[0,1,0,0,0,0,0,0,0,0,0,0,0,0,0,1,0,0,0,0,1,1,0,0,0],[0,0,0,0,0,0,0,0,0,0,0,0,0,0,0,0,0,1,0,1,0,0,0,0,0],[0,0,0,0,0,0,0,0,0,0,0,0,0,0,0,0,0,0,0,0,0,0,0,1,0],[0,0,0,0,0,0,0,0,1,0,0,0,0,0,0,0,0,1,0,0,0,0,0,0,0],[0,0,0,0,0,0,0,0,0,0,0,0,0,0,0,0,0,0,0,0,1,1,0,0,0],[0,0,0,0,0,0,1,0,0,0,0,0,0,0,0,0,1,0,0,0,0,0,0,0,0],[0,0,0,0,0,0,0,0,0,0,1,0,0,0,0,0,0,0,0,0,0,0,1,0,0],[1,0,0,0,0,0,0,0,0,1,0,0,0,0,0,0,0,0,0,0,0,0,0,0,0],[0,0,0,0,0,0,0,0,0,0,0,0,0,0,1,0,0,0,0,0,0,0,0,0,0],[0,0,0,0,0,0,0,0,0,0,0,0,0,0,0,1,0,1,0,0,0,0,0,0,0],[0,0,1,0,0,0,0,0,0,0,0,0,0,0,0,0,0,0,0,0,0,0,0,0,0],[0,0,0,0,0,1,0,0,0,0,0,1,0,0,0,0,1,1,0,0,0,0,0,0,1],[0,0,0,1,0,0,0,0,0,0,0,0,1,0,0,0,0,0,0,0,0,0,0,0,0],[0,0,1,0,0,0,0,0,1,0,0,0,0,0,1,0,0,0,0,0,0,0,0,0,0],[1,0,0,0,1,0,1,0,0,0,0,0,1,0,1,0,0,0,0,1,0,0,0,0,0],[0,0,1,0,0,0,0,0,0,0,0,0,0,0,0,0,0,0,0,0,0,0,0,0,0],[0,0,0,0,1,0,0,0,0,0,0,0,0,0,0,0,0,1,0,0,0,0,0,0,0],[0,0,0,1,0,0,0,1,0,0,0,0,0,0,0,0,0,0,0,0,0,1,0,0,0],[0,0,0,1,0,0,0,1,0,0,0,0,0,0,0,0,0,0,0,0,1,0,0,0,0],[0,0,0,0,0,0,0,0,0,1,0,0,0,0,0,0,0,0,0,0,0,0,0,0,0],[0,0,0,0,0,1,0,0,0,0,0,0,0,0,0,0,0,0,0,0,0,0,0,0,0],[0,0,0,0,0,0,0,0,0,0,0,0,0,0,1,0,0,0,0,0,0,0,0,0,0]],"edge_indices":[[14,17],[14,16],[14,5],[17,14],[16,14],[16,14],[21,20],[21,3],[20,21],[20,3],[3,20],[3,21],[2,16],[16,2],[12,17],[17,12],[1,3],[3,1],[19,17],[17,19],[18,2],[2,18],[7,21],[21,7],[6,17],[17,6],[13,2],[2,13],[0,17],[17,0],[10,0],[0,10],[8,16],[16,8],[23,5],[5,23],[9,10],[10,9],[4,19],[19,4],[22,9],[9,22],[11,14],[14,11],[24,14],[14,24],[15,12],[12,15],[15,3],[3,15],[7,20],[20,7],[6,8],[8,6],[17,4],[4,17]],"edge_attributes":[[1.0],[1.0],[1.0],[1.0],[1.0],[1.0],[1.0],[1.0],[1.0],[1.0],[1.0],[1.0],[1.0],[1.0],[1.0],[1.0],[1.0],[1.0],[1.0],[1.0],[1.0],[1.0],[1.0],[1.0],[1.0],[1.0],[1.0],[1.0],[1.0],[1.0],[1.0],[1.0],[1.0],[1.0],[1.0],[1.0],[1.0],[1.0],[1.0],[1.0],[1.0],[1.0],[1.0],[1.0],[1.0],[1.0],[1.0],[1.0],[1.0],[1.0],[1.0],[1.0],[1.0],[1.0],[1.0],[1.0]],"seed_graph_indices":[-1,-1,-1,1,-1,0,-1,-1,-1,-1,-1,-1,-1,-1,0,-1,0,0,-1,-1,1,1,-1,-1,-1],"graph_labels":0,"node_importances":[0,0,0,1,0,1,0,0,0,0,0,0,0,0,1,0,1,1,0,0,1,1,0,0,0],"edge_importances":[1,1,1,1,1,1,1,1,1,1,1,1,0,0,0,0,0,0,0,0,0,0,0,0,0,0,0,0,0,0,0,0,0,0,0,0,0,0,0,0,0,0,0,0,0,0,0,0,0,0,0,0,0,0,0,0],"multi_node_importances":[[0,0],[0,0],[0,0],[1,0],[0,0],[1,0],[0,0],[0,0],[0,0],[0,0],[0,0],[0,0],[0,0],[0,0],[1,0],[0,0],[1,0],[1,0],[0,0],[0,0],[1,0],[1,0],[0,0],[0,0],[0,0]],"multi_edge_importances":[[1,0],[1,0],[1,0],[1,0],[1,0],[1,0],[1,0],[1,0],[1,0],[1,0],[1,0],[1,0],[0,0],[0,0],[0,0],[0,0],[0,0],[0,0],[0,0],[0,0],[0,0],[0,0],[0,0],[0,0],[0,0],[0,0],[0,0],[0,0],[0,0],[0,0],[0,0],[0,0],[0,0],[0,0],[0,0],[0,0],[0,0],[0,0],[0,0],[0,0],[0,0],[0,0],[0,0],[0,0],[0,0],[0,0],[0,0],[0,0],[0,0],[0,0],[0,0],[0,0],[0,0],[0,0],[0,0],[0,0]],"original_value":-2.581790074788592,"class":0,"node_positions":[[0.317942964586577,0.17700043718363637],[-0.5026217185807969,0.7395625336660933],[0.38636216734638473,-0.664303282676686],[-0.5607803707724064,0.48319938580001853],[-0.007264214762074845,0.16452040899856693],[-0.1828036760046249,-0.461895423634057],[0.2860286662009712,-0.08669690878234718],[-1.0,0.5532904252646283],[0.4195523001553012,-0.2789307456519546],[0.6888335718602921,0.49293405592938827],[0.5053587458048258,0.3452046742119858],[-0.20029110387612287,-0.27753165345109354],[-0.18781223109844056,0.14059702768509114],[0.6209603073120639,-0.7447039595849879],[0.028075704989783592,-0.27370459598751345],[-0.3768821849104211,0.31202592519293826],[0.25501019859431356,-0.4393608715381801],[0.07437729318788598,0.0019141836151796718],[0.35194454722345797,-0.9102526230293756],[0.13416536108456542,0.2174473983835489],[-0.8092675822841371,0.41484141204662855],[-0.7704726251087834,0.5916027618129039],[0.8709371392616517,0.631488097537672],[-0.35120565401457976,-0.6425820208264161],[0.0098523938043135,-0.4856666421656686]],"node_coordinates":[[590.8767692335176,545.6794976269773],[312.774103463127,760.5],[614.0651455647303,224.4184512842947],[293.063193959116,662.6049221786006],[480.65878720262145,540.9138620800582],[421.1656197279816,301.71011070404995],[580.0604964407751,444.9837758763529],[144.2045454545455,689.3699538147205],[625.3138193143782,371.577178333373],[716.5776051430984,666.3222126620915],[654.3950139659734,609.9101290997249],[415.23884709409407,372.1114370246969],[419.468139258957,531.7784567188431],[693.574256116985,193.7165715939144],[492.63605857770307,373.5728408627394],[355.38926863387155,597.2404601388292],[569.5478352131112,310.31517640658484],[508.3284169882449,478.82089270964576],[602.4004564768303,130.5],[528.5915618742114,561.1246130706878],[208.84685203160507,636.5016806791743],[221.99509156741914,703.9999394391457],[778.2954545454545,719.2305920396068],[364.09146096111886,232.71295319266574],[486.4598831660581,292.6328103688345]]},"label":"0","name":"3736","value":-2.581790074788592,"input_type":"classification","classes":{"0":"low","1":"high"},"image_width":900,"image_height":900,"image_path":"./3736.png"}