{"graph":{"node_indices":[0,1,2,3,4,5,6,7,8,9,10,11,12,13,14],"node_attributes":[[0.0,0.0,1.0],[0.800000011920929,0.800000011920929,0.800000011920929],[0.0,1.0,0.0],[0.800000011920929,0.800000011920929,0.800000011920929],[0.0,0.0,1.0],[0.0,1.0,1.0],[0.800000011920929,0.800000011920929,0.800000011920929],[1.0,0.0,0.0],[1.0,0.0,0.0],[0.800000011920929,0.800000011920929,0.800000011920929],[0.800000011920929,0.800000011920929,0.800000011920929],[0.0,0.0,1.0],[0.0,1.0,0.0],[1.0,0.0,0.0],[1.0,1.0,0.0]],"node_adjacency":[[0,0,0,0,0,0,0,0,1,0,0,0,0,0,0],[0,0,0,0,0,0,0,0,0,0,0,0,0,0,1],[0,0,0,0,0,0,0,1,0,0,1,0,0,1,0],[0,0,0,0,1,0,0,1,1,0,0,0,0,0,0],[0,0,0,1,0,1,0,0,0,0,0,0,0,0,0],[0,0,0,0,1,0,0,1,0,0,0,0,0,0,1],[0,0,0,0,0,0,0,0,0,0,0,1,0,0,0],[0,0,1,1,0,1,0,0,1,1,0,0,1,1,0],[1,0,0,1,0,0,0,1,0,0,0,0,0,0,0],[0,0,0,0,0,0,0,1,0,0,0,1,0,0,0],[0,0,1,0,0,0,0,0,0,0,0,0,0,0,0],[0,0,0,0,0,0,1,0,0,1,0,0,0,0,0],[0,0,0,0,0,0,0,1,0,0,0,0,0,0,0],[0,0,1,0,0,0,0,1,0,0,0,0,0,0,0],[0,1,0,0,0,1,0,0,0,0,0,0,0,0,0]],"edge_indices":[[13,7],[13,2],[7,13],[7,2],[2,7],[2,13],[3,7],[7,3],[9,7],[7,9],[5,7],[7,5],[4,5],[5,4],[8,7],[7,8],[10,2],[2,10],[14,5],[5,14],[1,14],[14,1],[12,7],[7,12],[0,8],[8,0],[11,9],[9,11],[6,11],[11,6],[4,3],[3,4],[8,3],[3,8]],"edge_attributes":[[1.0],[1.0],[1.0],[1.0],[1.0],[1.0],[1.0],[1.0],[1.0],[1.0],[1.0],[1.0],[1.0],[1.0],[1.0],[1.0],[1.0],[1.0],[1.0],[1.0],[1.0],[1.0],[1.0],[1.0],[1.0],[1.0],[1.0],[1.0],[1.0],[1.0],[1.0],[1.0],[1.0],[1.0]],"seed_graph_indices":[-1,-1,0,-1,-1,-1,-1,0,-1,-1,-1,-1,-1,0,-1],"graph_labels":1,"node_importances":[0,0,1,0,0,0,0,1,0,0,0,0,0,1,0],"edge_importances":[1,1,1,1,1,1,0,0,0,0,0,0,0,0,0,0,0,0,0,0,0,0,0,0,0,0,0,0,0,0,0,0,0,0],"multi_node_importances":[[0,0],[0,0],[0,1],[0,0],[0,0],[0,0],[0,0],[0,1],[0,0],[0,0],[0,0],[0,0],[0,0],[0,1],[0,0]],"multi_edge_importances":[[0,1],[0,1],[0,1],[0,1],[0,1],[0,1],[0,0],[0,0],[0,0],[0,0],[0,0],[0,0],[0,0],[0,0],[0,0],[0,0],[0,0],[0,0],[0,0],[0,0],[0,0],[0,0],[0,0],[0,0],[0,0],[0,0],[0,0],[0,0],[0,0],[0,0],[0,0],[0,0],[0,0],[0,0]],"original_value":0.9935672586160195,"class":1,"node_positions":[[0.3438993052308706,0.5270335819211951],[0.9999999999999999,-0.2811657087258813],[-0.2112724564614321,-0.40943223742445106],[0.16511461476670009,-0.0665238862327374],[0.3326110637280504,-0.431341439502168],[0.31232725206881295,-0.16911153380319605],[-0.7108765756212002,0.8274797455791487],[-0.0901203027452009,-0.03215375453696244],[0.14531389078147547,0.23406520342808937],[-0.2720594432207652,0.31268836000268363],[-0.4151857849076046,-0.6980627357073917],[-0.49309547024071004,0.5825184911589216],[-0.4216908048241578,0.02211944906921994],[-0.36511000051308456,-0.22986638909458462],[0.6801447119582461,-0.1882471461318855]],"node_coordinates":[[535.1291783047038,636.4253934738783],[778.2954545454545,302.6650692918458],[329.3695273227178,249.69511658888928],[468.86738682111843,391.3052414466333],[530.9454917556247,240.64732049125368],[523.42783632793,348.93984109745116],[144.20454545454544,760.5],[374.27135155884275,405.49900086923384],[461.5287749940844,515.4388718170035],[306.8404470580426,547.9077078209815],[253.7944743629568,130.5],[224.9193211790293,659.3388772008531],[251.38356170489786,427.9120891255894],[272.35373229109376,323.8500390741763],[659.749597256895,341.03744839783417]]},"label":"1","name":"3741","value":0.9935672586160195,"input_type":"classification","classes":{"0":"low","1":"high"},"image_width":900,"image_height":900,"image_path":"./3741.png"}