{"graph":{"node_indices":[0,1,2,3,4,5,6,7,8,9,10,11,12,13,14,15,16,17,18,19,20,21,22,23,24,25],"node_attributes":[[0.0,0.0,1.0],[0.0,0.0,1.0],[1.0,0.0,1.0],[1.0,1.0,0.0],[0.0,0.0,1.0],[0.0,1.0,1.0],[0.0,1.0,1.0],[1.0,0.0,1.0],[1.0,0.0,1.0],[0.800000011920929,0.800000011920929,0.800000011920929],[0.0,0.0,1.0],[0.0,0.0,1.0],[1.0,0.0,1.0],[0.800000011920929,0.800000011920929,0.800000011920929],[1.0,0.0,1.0],[0.0,0.0,1.0],[0.800000011920929,0.800000011920929,0.800000011920929],[0.800000011920929,0.800000011920929,0.800000011920929],[0.0,1.0,0.0],[0.0,1.0,0.0],[0.0,1.0,1.0],[0.800000011920929,0.800000011920929,0.800000011920929],[1.0,0.0,1.0],[0.0,1.0,1.0],[0.800000011920929,0.800000011920929,0.800000011920929],[0.0,0.0,1.0]],"node_adjacency":[[0,0,0,0,0,0,0,0,0,0,1,0,1,0,0,1,0,0,0,1,0,0,0,0,0,0],[0,0,0,0,0,0,0,0,0,0,0,0,0,0,0,0,0,0,0,0,0,0,1,0,0,0],[0,0,0,0,0,0,0,1,0,0,0,0,0,0,0,0,0,0,0,0,0,0,1,1,0,0],[0,0,0,0,1,0,0,0,0,0,0,1,0,0,0,0,0,0,0,0,0,0,0,0,0,1],[0,0,0,0,0,0,0,0,1,1,0,0,0,1,0,0,0,0,0,0,0,0,0,0,1,0],[0,0,0,0,0,0,0,0,0,0,1,0,1,0,0,0,0,0,0,0,0,0,0,0,0,0],[0,0,0,0,0,0,0,0,0,0,0,0,0,0,0,0,0,0,0,0,1,0,0,0,0,0],[0,0,1,0,0,0,0,0,0,0,0,0,0,0,0,0,0,0,0,0,0,0,0,0,0,0],[0,0,0,0,1,0,0,0,0,0,0,0,0,0,0,0,0,0,0,0,0,0,0,0,0,1],[0,0,0,0,1,0,0,0,0,0,0,0,0,0,0,0,0,0,0,0,0,0,0,0,0,0],[1,0,0,0,0,1,0,0,0,0,0,0,0,0,0,0,0,0,0,1,1,0,0,0,0,0],[0,0,0,1,0,0,0,0,0,0,0,0,0,0,0,0,0,0,0,0,0,0,1,0,0,0],[1,0,0,0,0,1,0,0,0,0,0,0,0,0,0,0,0,0,0,0,0,1,0,0,1,0],[0,0,0,0,1,0,0,0,0,0,0,0,0,0,0,0,0,1,0,0,0,0,0,0,0,0],[0,0,0,0,0,0,0,0,0,0,0,0,0,0,0,0,0,1,0,0,0,1,0,0,0,0],[1,0,0,0,0,0,0,0,0,0,0,0,0,0,0,0,0,0,1,1,0,0,0,0,0,0],[0,0,0,0,0,0,0,0,0,0,0,0,0,0,0,0,0,0,0,0,0,0,0,0,0,1],[0,0,0,0,0,0,0,0,0,0,0,0,0,1,1,0,0,0,0,0,0,0,0,0,0,0],[0,0,0,0,0,0,0,0,0,0,0,0,0,0,0,1,0,0,0,0,0,0,0,0,0,0],[1,0,0,0,0,0,0,0,0,0,1,0,0,0,0,1,0,0,0,0,0,0,0,0,0,0],[0,0,0,0,0,0,1,0,0,0,1,0,0,0,0,0,0,0,0,0,0,0,0,0,0,0],[0,0,0,0,0,0,0,0,0,0,0,0,1,0,1,0,0,0,0,0,0,0,0,0,0,0],[0,1,1,0,0,0,0,0,0,0,0,1,0,0,0,0,0,0,0,0,0,0,0,1,0,0],[0,0,1,0,0,0,0,0,0,0,0,0,0,0,0,0,0,0,0,0,0,0,1,0,0,0],[0,0,0,0,1,0,0,0,0,0,0,0,1,0,0,0,0,0,0,0,0,0,0,0,0,0],[0,0,0,1,0,0,0,0,1,0,0,0,0,0,0,0,1,0,0,0,0,0,0,0,0,0]],"edge_indices":[[0,10],[0,19],[10,0],[10,19],[19,10],[19,0],[3,11],[3,25],[3,4],[11,3],[25,3],[25,3],[12,0],[0,12],[15,19],[19,15],[24,4],[4,24],[22,11],[11,22],[8,25],[25,8],[13,4],[4,13],[2,22],[22,2],[21,12],[12,21],[7,2],[2,7],[16,25],[25,16],[17,13],[13,17],[18,15],[15,18],[9,4],[4,9],[23,2],[2,23],[5,12],[12,5],[20,10],[10,20],[14,21],[21,14],[6,20],[20,6],[1,22],[22,1],[14,17],[17,14],[22,23],[23,22],[12,24],[24,12],[4,8],[8,4],[15,0],[0,15],[10,5],[5,10]],"edge_attributes":[[1.0],[1.0],[1.0],[1.0],[1.0],[1.0],[1.0],[1.0],[1.0],[1.0],[1.0],[1.0],[1.0],[1.0],[1.0],[1.0],[1.0],[1.0],[1.0],[1.0],[1.0],[1.0],[1.0],[1.0],[1.0],[1.0],[1.0],[1.0],[1.0],[1.0],[1.0],[1.0],[1.0],[1.0],[1.0],[1.0],[1.0],[1.0],[1.0],[1.0],[1.0],[1.0],[1.0],[1.0],[1.0],[1.0],[1.0],[1.0],[1.0],[1.0],[1.0],[1.0],[1.0],[1.0],[1.0],[1.0],[1.0],[1.0],[1.0],[1.0],[1.0],[1.0]],"seed_graph_indices":[0,-1,-1,1,1,-1,-1,-1,-1,-1,0,1,-1,-1,-1,-1,-1,-1,-1,0,-1,-1,-1,-1,-1,1],"graph_labels":0,"node_importances":[1,0,0,1,1,0,0,0,0,0,1,1,0,0,0,0,0,0,0,1,0,0,0,0,0,1],"edge_importances":[1,1,1,1,1,1,1,1,1,1,1,1,0,0,0,0,0,0,0,0,0,0,0,0,0,0,0,0,0,0,0,0,0,0,0,0,0,0,0,0,0,0,0,0,0,0,0,0,0,0,0,0,0,0,0,0,0,0,0,0,0,0],"multi_node_importances":[[1,0],[0,0],[0,0],[1,0],[1,0],[0,0],[0,0],[0,0],[0,0],[0,0],[1,0],[1,0],[0,0],[0,0],[0,0],[0,0],[0,0],[0,0],[0,0],[1,0],[0,0],[0,0],[0,0],[0,0],[0,0],[1,0]],"multi_edge_importances":[[1,0],[1,0],[1,0],[1,0],[1,0],[1,0],[1,0],[1,0],[1,0],[1,0],[1,0],[1,0],[0,0],[0,0],[0,0],[0,0],[0,0],[0,0],[0,0],[0,0],[0,0],[0,0],[0,0],[0,0],[0,0],[0,0],[0,0],[0,0],[0,0],[0,0],[0,0],[0,0],[0,0],[0,0],[0,0],[0,0],[0,0],[0,0],[0,0],[0,0],[0,0],[0,0],[0,0],[0,0],[0,0],[0,0],[0,0],[0,0],[0,0],[0,0],[0,0],[0,0],[0,0],[0,0],[0,0],[0,0],[0,0],[0,0],[0,0],[0,0],[0,0],[0,0]],"original_value":-2.620923085410021,"class":0,"node_positions":[[-0.5016068158710505,-0.2969921462024478],[0.46115816541046684,0.7553881246695673],[0.7932305940923492,0.5517445257207335],[0.3347380910823732,0.14497256957537175],[0.11730078358854894,0.03367468051487112],[-0.2850050849369876,-0.4024820436537343],[-0.5555184865398243,-0.9515902346087499],[0.9999999999999999,0.609110351775062],[0.3091735885960078,-0.09452883846992774],[0.172275992736855,-0.18195827855160618],[-0.46845309058370416,-0.5295213257503014],[0.44240060296847705,0.34844091506021646],[-0.308984755905856,-0.1659533509335606],[-0.010726227682056744,0.22919706283588148],[-0.41298451325868996,0.25947923718315685],[-0.7289826905552237,-0.2547993666225276],[0.6862412248135242,-0.1636279538819879],[-0.20694259762735787,0.3446028549537819],[-0.9424278274348117,-0.2209386669539051],[-0.6387024490875493,-0.4258782930359763],[-0.5018528874692274,-0.7497485817492354],[-0.42823480010132947,0.04160260592916349],[0.5631556514246497,0.5400167895235403],[0.6890692969095956,0.696403472526955],[-0.08625713008316059,-0.09088723481503926],[0.5079353655139819,-0.02572687503930161]],"node_coordinates":[[288.10723878548737,372.09462447451597],[602.3946030825155,760.5],[710.7971420149369,685.3406011473944],[561.1257236287529,535.2119653749273],[490.14495511231456,494.1348950494664],[358.8152396382263,333.16112831560264],[270.5081806469323,130.50000000000006],[778.2954545454545,706.5127913030485],[552.7803846704228,446.8184094470533],[508.09119736335754,414.55054444919557],[298.9300222682416,286.2743313706931],[596.2713383448609,610.306682867214],[350.98725697159057,420.45753462546924],[448.35150321764183,566.2969703286835],[317.0373208382206,577.4733099319866],[213.88209999398362,387.6668495064653],[675.8712696242676,421.3157764037131],[384.29814965678236,608.89015766412],[144.20454545454544,400.16392697395656],[243.3534036772633,324.5261992137222],[288.0269105688167,204.99434880665711],[312.0589797583789,497.0608800122259],[635.6909128440636,681.012207782551],[676.7944724228709,738.7303444868764],[423.695009992243,448.16242783493124],[617.664667132996,472.2113716516943]]},"label":"0","name":"3752","value":-2.620923085410021,"input_type":"classification","classes":{"0":"low","1":"high"},"image_width":900,"image_height":900,"image_path":"./3752.png"}