{"graph": {"node_indices": [0, 1, 2, 3, 4, 5, 6, 7, 8, 9, 10], "node_attributes": [[1.0, 0.0, 0.0], [1.0, 0.0, 0.0], [0.0, 0.0, 1.0], [1.0, 0.0, 0.0], [1.0, 0.0, 0.0], [1.0, 0.0, 0.0], [1.0, 0.0, 0.0], [0.0, 0.0, 1.0], [0.0, 1.0, 1.0], [1.0, 0.0, 0.0], [1.0, 0.0, 0.0]], "node_adjacency": [[0, 0, 0, 0, 0, 0, 0, 1, 0, 0, 1], [0, 0, 0, 0, 0, 0, 0, 0, 1, 1, 0], [0, 0, 0, 1, 0, 0, 0, 0, 0, 0, 1], [0, 0, 1, 0, 1, 1, 0, 0, 0, 0, 0], [0, 0, 0, 1, 0, 0, 1, 0, 0, 0, 0], [0, 0, 0, 1, 0, 0, 0, 0, 0, 0, 0], [0, 0, 0, 0, 1, 0, 0, 0, 0, 0, 0], [1, 0, 0, 0, 0, 0, 0, 0, 0, 0, 0], [0, 1, 0, 0, 0, 0, 0, 0, 0, 1, 0], [0, 1, 0, 0, 0, 0, 0, 0, 1, 0, 1], [1, 0, 1, 0, 0, 0, 0, 0, 0, 1, 0]], "edge_indices": [[6, 4], [4, 6], [4, 3], [3, 4], [3, 5], [5, 3], [1, 9], [9, 1], [9, 10], [10, 9], [10, 0], [0, 10], [8, 9], [9, 8], [2, 3], [3, 2], [7, 0], [0, 7], [2, 10], [10, 2], [8, 1], [1, 8]], "edge_attributes": [[1.0], [1.0], [1.0], [1.0], [1.0], [1.0], [1.0], [1.0], [1.0], [1.0], [1.0], [1.0], [1.0], [1.0], [1.0], [1.0], [1.0], [1.0], [1.0], [1.0], [1.0], [1.0]], "seed_graph_indices": [1, 1, -1, 0, 0, 0, 0, -1, -1, 1, 1], "graph_labels": 1, "node_importances": [1, 1, 0, 1, 1, 1, 1, 0, 0, 1, 1], "edge_importances": [1, 1, 1, 1, 1, 1, 1, 1, 1, 1, 1, 1, 0, 0, 0, 0, 0, 0, 0, 0, 0, 0], "multi_node_importances": [[0, 1], [0, 1], [0, 0], [0, 1], [0, 1], [0, 1], [0, 1], [0, 0], [0, 0], [0, 1], [0, 1]], "multi_edge_importances": [[0, 1], [0, 1], [0, 1], [0, 1], [0, 1], [0, 1], [0, 1], [0, 1], [0, 1], [0, 1], [0, 1], [0, 1], [0, 0], [0, 0], [0, 0], [0, 0], [0, 0], [0, 0], [0, 0], [0, 0], [0, 0], [0, 0]], "original_value": 3.59, "class": 1, "node_positions": [[-0.4502833075698379, -0.30789264401286814], [-0.7545165264392532, 0.47991880229339845], [0.12739788441971353, -0.017199457691440802], [0.4939099397810179, -0.02580977315678676], [0.7302290763226827, -0.3014019463869709], [0.715236287799761, 0.2705822582055607], [1.0, -0.5107763012872686], [-0.6633555015552877, -0.5838753268481249], [-0.5098553087385567, 0.6665294678946548], [-0.44385393405787293, 0.32366161592954146], [-0.2449086099623668, 0.006263305060304659]], "node_coordinates": [[254.1559283121752, 269.55024270318665], [144.20454545454544, 666.478672008391], [462.9327546762882, 416.01217899172445], [595.3920156035597, 411.67398485973234], [680.7989148075217, 272.8204952817978], [675.3804472348047, 561.0072092230398], [778.2954545454545, 167.32998201619415], [177.15058857882718, 130.5], [232.626313852459, 760.5], [256.47953554736074, 587.750545066523], [328.3793549643497, 427.8335832247755]]}, "label": "1", "name": "377", "value": 3.59, "input_type": "classification", "classes": {"0": "low", "1": "high"}, "image_width": 900, "image_height": 900, "image_path": "./377.png"}