{"graph": {"node_indices": [0, 1, 2, 3, 4, 5, 6, 7, 8, 9, 10, 11], "node_attributes": [[1.0, 0.0, 1.0], [1.0, 0.0, 0.0], [1.0, 1.0, 0.0], [1.0, 1.0, 0.0], [1.0, 0.0, 1.0], [1.0, 0.0, 0.0], [1.0, 0.0, 0.0], [1.0, 0.0, 0.0], [1.0, 0.0, 1.0], [0.0, 1.0, 1.0], [1.0, 1.0, 0.0], [1.0, 0.0, 1.0]], "node_adjacency": [[0, 1, 0, 0, 0, 0, 0, 0, 0, 0, 0, 0], [1, 0, 1, 1, 0, 0, 0, 0, 0, 0, 0, 1], [0, 1, 0, 0, 0, 0, 0, 0, 0, 0, 0, 0], [0, 1, 0, 0, 1, 1, 1, 0, 0, 1, 0, 0], [0, 0, 0, 1, 0, 0, 0, 0, 0, 0, 0, 0], [0, 0, 0, 1, 0, 0, 0, 0, 0, 0, 1, 0], [0, 0, 0, 0, 0, 0, 0, 0, 0, 0, 0, 0], [0, 0, 0, 0, 0, 0, 0, 0, 1, 0, 1, 0], [0, 0, 0, 0, 0, 0, 0, 1, 0, 0, 0, 1], [0, 0, 0, 1, 0, 0, 0, 0, 0, 0, 1, 0], [0, 0, 0, 0, 0, 1, 0, 1, 0, 1, 0, 0], [0, 1, 0, 0, 0, 0, 0, 0, 1, 0, 0, 0]], "edge_indices": [[3, 5], [3, 1], [3, 6], [5, 3], [1, 3], [1, 3], [10, 5], [5, 10], [7, 10], [10, 7], [11, 1], [1, 11], [2, 1], [1, 2], [4, 3], [3, 4], [9, 10], [10, 9], [0, 1], [1, 0], [8, 11], [11, 8], [8, 7], [7, 8], [3, 9], [9, 3]], "edge_attributes": [[1.0], [1.0], [1.0], [1.0], [1.0], [1.0], [1.0], [1.0], [1.0], [1.0], [1.0], [1.0], [1.0], [1.0], [1.0], [1.0], [1.0], [1.0], [1.0], [1.0], [1.0], [1.0], [1.0], [1.0], [1.0], [1.0]], "seed_graph_indices": [-1, 0, -1, 0, -1, 0, 0, -1, -1, -1, -1, -1], "graph_labels": 1, "node_importances": [0, 1, 0, 1, 0, 1, 1, 0, 0, 0, 0, 0], "edge_importances": [1, 1, 1, 1, 1, 1, 0, 0, 0, 0, 0, 0, 0, 0, 0, 0, 0, 0, 0, 0, 0, 0, 0, 0, 0, 0], "multi_node_importances": [[0, 0], [0, 1], [0, 0], [0, 1], [0, 0], [0, 1], [0, 1], [0, 0], [0, 0], [0, 0], [0, 0], [0, 0]], "multi_edge_importances": [[0, 1], [0, 1], [0, 1], [0, 1], [0, 1], [0, 1], [0, 0], [0, 0], [0, 0], [0, 0], [0, 0], [0, 0], [0, 0], [0, 0], [0, 0], [0, 0], [0, 0], [0, 0], [0, 0], [0, 0], [0, 0], [0, 0], [0, 0], [0, 0], [0, 0], [0, 0]], "original_value": 2.42, "class": 1, "node_positions": [[-0.8573524682783372, -0.4254315099593423], [-0.3150709656122771, -0.31008944164541385], [-0.5003259877098966, -0.826491387156672], [-0.2510821963755768, 0.2940557114903536], [-0.4396401812334672, 0.8248402113563874], [0.2546787838975296, 0.28801147289626655], [-0.7726425019360409, 0.44845007392426206], [1.0, -0.10471568621516428], [0.7246279009566299, -0.5909184165704732], [0.23830755822953584, 0.6377097941792695], [0.7449621284882055, 0.39465093239257937], [0.17353792957369477, -0.6300717546920527]], "node_coordinates": [[144.20454545454544, 283.5084707770578], [329.3367575044433, 327.5126569158119], [266.09161293346006, 130.49999999999994], [351.1822055547631, 558.0002505755316], [286.8094458998777, 760.5], [523.8464926199711, 555.6943113458193], [173.12410729561952, 616.9032888392866], [778.2954545454545, 405.8648582771631], [684.2847874249929, 220.37351274749528], [518.2574374761334, 689.1078199389267], [691.2267917248607, 596.378362655182], [496.1454078978529, 205.43611129595996]]}, "label": "1", "name": "3773", "value": 2.42, "input_type": "classification", "classes": {"0": "low", "1": "high"}, "image_width": 900, "image_height": 900, "image_path": "./3773.png"}