{"graph":{"node_indices":[0,1,2,3,4,5,6,7,8,9,10,11,12,13,14,15],"node_attributes":[[0.0,1.0,1.0],[0.0,1.0,1.0],[0.0,1.0,1.0],[0.0,0.0,1.0],[0.0,0.0,1.0],[0.0,0.0,1.0],[0.800000011920929,0.800000011920929,0.800000011920929],[1.0,0.0,0.0],[0.0,0.0,1.0],[1.0,0.0,0.0],[0.0,1.0,1.0],[0.0,1.0,0.0],[0.800000011920929,0.800000011920929,0.800000011920929],[0.0,1.0,0.0],[0.0,1.0,0.0],[1.0,0.0,0.0]],"node_adjacency":[[0,0,0,0,0,0,0,0,0,0,0,0,0,1,0,1],[0,0,0,0,0,0,0,0,0,0,0,0,0,1,0,0],[0,0,0,0,0,1,0,0,0,0,0,0,0,1,0,0],[0,0,0,0,0,1,1,1,0,0,0,0,0,1,0,0],[0,0,0,0,0,0,0,0,1,1,0,1,0,0,0,1],[0,0,1,1,0,0,0,0,0,0,1,0,0,1,0,0],[0,0,0,1,0,0,0,0,0,0,0,0,0,0,0,0],[0,0,0,1,0,0,0,0,0,0,0,1,0,0,0,0],[0,0,0,0,1,0,0,0,0,1,0,1,0,0,0,0],[0,0,0,0,1,0,0,0,1,0,0,0,0,0,0,0],[0,0,0,0,0,1,0,0,0,0,0,0,1,0,0,0],[0,0,0,0,1,0,0,1,1,0,0,0,0,0,0,0],[0,0,0,0,0,0,0,0,0,0,1,0,0,0,0,0],[1,1,1,1,0,1,0,0,0,0,0,0,0,0,0,0],[0,0,0,0,0,0,0,0,0,0,0,0,0,0,0,1],[1,0,0,0,1,0,0,0,0,0,0,0,0,0,1,0]],"edge_indices":[[4,8],[4,11],[8,4],[8,11],[11,8],[11,4],[5,3],[5,13],[3,5],[3,13],[13,3],[13,5],[2,5],[5,2],[1,13],[13,1],[15,4],[4,15],[6,3],[3,6],[7,11],[11,7],[14,15],[15,14],[10,5],[5,10],[0,13],[13,0],[12,10],[10,12],[9,8],[8,9],[15,0],[0,15],[3,7],[7,3],[2,13],[13,2],[9,4],[4,9]],"edge_attributes":[[1.0],[1.0],[1.0],[1.0],[1.0],[1.0],[1.0],[1.0],[1.0],[1.0],[1.0],[1.0],[1.0],[1.0],[1.0],[1.0],[1.0],[1.0],[1.0],[1.0],[1.0],[1.0],[1.0],[1.0],[1.0],[1.0],[1.0],[1.0],[1.0],[1.0],[1.0],[1.0],[1.0],[1.0],[1.0],[1.0],[1.0],[1.0],[1.0],[1.0]],"seed_graph_indices":[-1,-1,-1,1,0,1,-1,-1,0,-1,-1,0,-1,1,-1,-1],"graph_labels":0,"node_importances":[0,0,0,1,1,1,0,0,1,0,0,1,0,1,0,0],"edge_importances":[1,1,1,1,1,1,1,1,1,1,1,1,0,0,0,0,0,0,0,0,0,0,0,0,0,0,0,0,0,0,0,0,0,0,0,0,0,0,0,0],"multi_node_importances":[[0,0],[0,0],[0,0],[1,0],[1,0],[1,0],[0,0],[0,0],[1,0],[0,0],[0,0],[1,0],[0,0],[1,0],[0,0],[0,0]],"multi_edge_importances":[[1,0],[1,0],[1,0],[1,0],[1,0],[1,0],[1,0],[1,0],[1,0],[1,0],[1,0],[1,0],[0,0],[0,0],[0,0],[0,0],[0,0],[0,0],[0,0],[0,0],[0,0],[0,0],[0,0],[0,0],[0,0],[0,0],[0,0],[0,0],[0,0],[0,0],[0,0],[0,0],[0,0],[0,0],[0,0],[0,0],[0,0],[0,0],[0,0],[0,0]],"original_value":-2.353359204539117,"class":0,"node_positions":[[-0.267794978959477,0.1745328644943825],[-0.09386281791739186,0.617873381917636],[0.24531744933931837,0.5685474492711157],[0.29438483008770455,-0.019071293197018623],[-0.48917874100817876,-0.43287077411738073],[0.400320099669694,0.29361520254838186],[0.6065551082278955,-0.2070775671323804],[0.14874324156165647,-0.3488700662833657],[-0.3921869932346302,-0.730049273732737],[-0.7040761117970884,-0.6983953294772133],[0.7186735431520708,0.43832006531486595],[-0.14476794715106678,-0.5357660345328675],[1.0,0.6038739537302463],[0.07627132521618117,0.28393427052997294],[-0.8626565766850468,0.06139559676526908],[-0.535741430501641,-0.06999244609890695]],"node_coordinates":[[346.7090414558267,553.2889075787623],[405.919527970524,760.5],[521.3842500790219,737.4457561700275],[538.0879089579043,462.8010603463616],[271.34494444914435,269.3970309037054],[574.1506981133699,608.9463094775541],[644.3578128869235,374.9295848705461],[488.50818050668306,308.65777462189396],[304.3631541877851,130.50000000000006],[198.18896341087125,145.29460620190997],[682.5254929718076,676.5793173216862],[388.5902574666628,221.30524033247332],[778.2954545454545,753.9568651093709],[463.83708230518516,604.4215786660114],[144.2045454545455,500.4101475322887],[255.49393977109864,439.0012331131656]]},"label":"0","name":"3784","value":-2.353359204539117,"input_type":"classification","classes":{"0":"low","1":"high"},"image_width":900,"image_height":900,"image_path":"./3784.png"}