{"graph": {"node_indices": [0, 1, 2, 3, 4, 5, 6, 7, 8, 9, 10, 11, 12, 13], "node_attributes": [[0.0, 0.0, 1.0], [0.0, 1.0, 1.0], [1.0, 1.0, 0.0], [1.0, 0.0, 0.0], [0.0, 0.0, 1.0], [0.0, 0.0, 1.0], [0.0, 1.0, 0.0], [0.0, 1.0, 0.0], [0.0, 1.0, 0.0], [1.0, 0.0, 0.0], [1.0, 0.0, 0.0], [1.0, 1.0, 0.0], [0.0, 0.0, 1.0], [1.0, 0.0, 1.0]], "node_adjacency": [[0, 0, 0, 0, 0, 0, 0, 0, 0, 1, 0, 0, 0, 0], [0, 0, 0, 0, 0, 1, 0, 0, 0, 0, 0, 1, 1, 0], [0, 0, 0, 0, 0, 0, 0, 0, 1, 0, 0, 0, 0, 1], [0, 0, 0, 0, 0, 0, 1, 0, 1, 0, 0, 0, 0, 0], [0, 0, 0, 0, 0, 1, 0, 1, 1, 0, 0, 0, 1, 0], [0, 1, 0, 0, 1, 0, 0, 0, 0, 0, 0, 0, 0, 0], [0, 0, 0, 1, 0, 0, 0, 0, 0, 1, 1, 0, 0, 0], [0, 0, 0, 0, 1, 0, 0, 0, 0, 0, 0, 0, 1, 0], [0, 0, 1, 1, 1, 0, 0, 0, 0, 0, 0, 0, 0, 1], [1, 0, 0, 0, 0, 0, 1, 0, 0, 0, 0, 0, 1, 0], [0, 0, 0, 0, 0, 0, 1, 0, 0, 0, 0, 0, 0, 0], [0, 1, 0, 0, 0, 0, 0, 0, 0, 0, 0, 0, 0, 0], [0, 1, 0, 0, 1, 0, 0, 1, 0, 1, 0, 0, 0, 0], [0, 0, 1, 0, 0, 0, 0, 0, 1, 0, 0, 0, 0, 0]], "edge_indices": [[4, 12], [4, 7], [12, 4], [12, 7], [7, 12], [7, 4], [9, 12], [12, 9], [8, 4], [4, 8], [2, 8], [8, 2], [0, 9], [9, 0], [5, 4], [4, 5], [13, 8], [8, 13], [1, 12], [12, 1], [3, 8], [8, 3], [6, 9], [9, 6], [11, 1], [1, 11], [10, 6], [6, 10], [3, 6], [6, 3], [2, 13], [13, 2], [5, 1], [1, 5]], "edge_attributes": [[1.0], [1.0], [1.0], [1.0], [1.0], [1.0], [1.0], [1.0], [1.0], [1.0], [1.0], [1.0], [1.0], [1.0], [1.0], [1.0], [1.0], [1.0], [1.0], [1.0], [1.0], [1.0], [1.0], [1.0], [1.0], [1.0], [1.0], [1.0], [1.0], [1.0], [1.0], [1.0], [1.0], [1.0]], "seed_graph_indices": [-1, -1, -1, -1, 0, -1, -1, 0, -1, -1, -1, -1, 0, -1], "graph_labels": 0, "node_importances": [0, 0, 0, 0, 1, 0, 0, 1, 0, 0, 0, 0, 1, 0], "edge_importances": [1, 1, 1, 1, 1, 1, 0, 0, 0, 0, 0, 0, 0, 0, 0, 0, 0, 0, 0, 0, 0, 0, 0, 0, 0, 0, 0, 0, 0, 0, 0, 0, 0, 0], "multi_node_importances": [[0, 0], [0, 0], [0, 0], [0, 0], [1, 0], [0, 0], [0, 0], [1, 0], [0, 0], [0, 0], [0, 0], [0, 0], [1, 0], [0, 0]], "multi_edge_importances": [[1, 0], [1, 0], [1, 0], [1, 0], [1, 0], [1, 0], [0, 0], [0, 0], [0, 0], [0, 0], [0, 0], [0, 0], [0, 0], [0, 0], [0, 0], [0, 0], [0, 0], [0, 0], [0, 0], [0, 0], [0, 0], [0, 0], [0, 0], [0, 0], [0, 0], [0, 0], [0, 0], [0, 0], [0, 0], [0, 0], [0, 0], [0, 0], [0, 0], [0, 0]], "original_value": -1.09, "class": 0, "node_positions": [[-0.7609437652697011, -0.348992836383605], [0.1803290637758016, -0.6268310725737077], [0.38479243410246455, 0.7573704538912899], [-0.14611642913024825, 0.511487714343035], [0.29711043125790204, 0.0015576055166749592], [0.5306676523598651, -0.3656579505925832], [-0.4795420773609039, 0.2804212264913834], [0.22114733542517187, -0.24685086140676268], [0.2560233124070912, 0.4006452499251865], [-0.43665173652228584, -0.13555059922505577], [-0.8032411725693838, 0.48678691714844396], [0.20527818670508374, -0.9999999999999999], [-0.05944812204786632, -0.2783411604332561], [0.610594886867009, 0.5639553132989569]], "node_coordinates": [[163.1744969335988, 363.87965661718107], [585.3256649480587, 264.2773852735475], [677.0253804142972, 760.5], [438.918224011842, 672.353459484085], [637.700905328562, 489.54853759111705], [742.4489131791518, 357.90537730207785], [289.38025531334756, 589.5183992813797], [603.6322393241477, 400.4965486861946], [619.2737557519537, 632.6175276385139], [308.6161313769554, 440.39659652142063], [144.2045454545455, 663.4984669592391], [596.5150895872604, 130.50000000000006], [477.78806699006185, 389.2075866220139], [778.2954545454545, 691.1625769749584]]}, "label": "0", "name": "3790", "value": -1.09, "input_type": "classification", "classes": {"0": "low", "1": "high"}, "image_width": 900, "image_height": 900, "image_path": "./3790.png"}