{"graph":{"node_indices":[0,1,2,3,4,5,6,7,8,9,10,11,12,13,14,15,16,17,18,19,20,21,22,23,24,25,26,27,28],"node_attributes":[[1.0,0.0,0.0],[0.800000011920929,0.800000011920929,0.800000011920929],[0.800000011920929,0.800000011920929,0.800000011920929],[0.0,0.0,1.0],[0.800000011920929,0.800000011920929,0.800000011920929],[1.0,0.0,0.0],[1.0,0.0,1.0],[0.0,1.0,1.0],[0.0,0.0,1.0],[0.0,0.0,1.0],[0.800000011920929,0.800000011920929,0.800000011920929],[1.0,0.0,0.0],[0.800000011920929,0.800000011920929,0.800000011920929],[1.0,1.0,0.0],[1.0,0.0,1.0],[0.800000011920929,0.800000011920929,0.800000011920929],[1.0,1.0,0.0],[0.0,1.0,0.0],[0.800000011920929,0.800000011920929,0.800000011920929],[0.0,1.0,1.0],[0.0,0.0,1.0],[1.0,0.0,1.0],[0.0,1.0,0.0],[0.0,0.0,1.0],[0.800000011920929,0.800000011920929,0.800000011920929],[0.800000011920929,0.800000011920929,0.800000011920929],[0.800000011920929,0.800000011920929,0.800000011920929],[1.0,0.0,1.0],[0.800000011920929,0.800000011920929,0.800000011920929]],"node_adjacency":[[0,0,0,0,0,0,0,0,0,0,0,0,0,0,0,0,0,1,0,0,0,0,0,0,0,0,1,0,0],[0,0,0,0,0,0,0,0,1,0,0,0,0,0,0,0,0,0,0,0,0,0,0,0,0,0,0,0,0],[0,0,0,0,0,0,0,0,1,0,0,0,0,0,1,0,0,0,0,0,0,0,0,0,0,0,0,0,0],[0,0,0,0,0,1,0,0,0,0,0,0,0,0,0,0,0,0,0,0,1,0,1,0,0,0,0,0,0],[0,0,0,0,0,1,0,0,0,0,0,0,0,0,0,0,0,0,0,0,0,0,0,0,0,0,0,0,0],[0,0,0,1,1,0,0,0,0,0,0,0,1,0,0,0,0,0,0,0,0,0,0,0,0,0,1,0,1],[0,0,0,0,0,0,0,0,0,0,0,0,0,0,0,0,0,0,0,0,0,0,0,0,0,0,1,0,0],[0,0,0,0,0,0,0,0,0,0,0,0,0,1,0,0,0,0,1,0,0,0,0,0,0,0,0,0,0],[0,1,1,0,0,0,0,0,0,0,1,0,0,0,0,0,0,0,0,0,0,0,0,0,0,0,0,0,0],[0,0,0,0,0,0,0,0,0,0,0,0,0,0,1,0,1,0,0,0,0,0,0,0,0,1,0,0,0],[0,0,0,0,0,0,0,0,1,0,0,1,0,0,0,0,0,0,0,0,0,0,0,0,0,0,0,0,0],[0,0,0,0,0,0,0,0,0,0,1,0,0,0,0,0,0,0,0,0,0,0,0,0,1,0,0,0,0],[0,0,0,0,0,1,0,0,0,0,0,0,0,0,0,0,0,0,0,0,0,0,0,0,0,0,0,0,0],[0,0,0,0,0,0,0,1,0,0,0,0,0,0,0,0,0,0,1,0,0,0,0,0,0,0,0,0,0],[0,0,1,0,0,0,0,0,0,1,0,0,0,0,0,0,0,0,1,0,0,0,0,0,0,0,0,0,0],[0,0,0,0,0,0,0,0,0,0,0,0,0,0,0,0,0,0,0,0,0,0,0,0,1,0,0,0,0],[0,0,0,0,0,0,0,0,1,1,0,0,0,0,0,0,0,1,0,1,0,0,0,1,1,0,0,1,0],[1,0,0,0,0,0,0,0,0,0,0,0,0,0,0,0,1,0,0,0,0,0,0,0,0,0,0,0,0],[0,0,0,0,0,0,0,1,0,0,0,0,0,1,1,0,0,0,0,0,0,0,0,0,0,0,0,0,0],[0,0,0,0,0,0,0,0,0,0,0,0,0,0,0,0,1,0,0,0,0,0,0,0,0,0,0,0,0],[0,0,0,1,0,0,0,0,0,0,0,0,0,0,0,0,0,0,0,0,0,0,1,0,0,0,0,0,0],[0,0,0,0,0,0,0,0,0,0,0,0,0,0,0,0,0,0,0,0,0,0,0,0,0,0,0,0,1],[0,0,0,1,0,0,0,0,0,0,0,0,0,0,0,0,0,0,0,0,1,0,0,0,0,0,0,0,0],[0,0,0,0,0,0,0,0,0,0,0,0,0,0,0,0,1,0,0,0,0,0,0,0,0,0,0,0,0],[0,0,0,0,0,0,0,0,0,0,0,1,0,0,0,1,1,0,0,0,0,0,0,0,0,0,0,0,0],[0,0,0,0,0,0,0,0,0,1,0,0,0,0,0,0,0,0,0,0,0,0,0,0,0,0,0,0,0],[1,0,0,0,0,1,1,0,0,0,0,0,0,0,0,0,0,0,0,0,0,0,0,0,0,0,0,0,0],[0,0,0,0,0,0,0,0,0,0,0,0,0,0,0,0,1,0,0,0,0,0,0,0,0,0,0,0,0],[0,0,0,0,0,1,0,0,0,0,0,0,0,0,0,0,0,0,0,0,0,1,0,0,0,0,0,0,0]],"edge_indices":[[16,9],[16,23],[16,8],[9,16],[23,16],[23,16],[3,20],[3,22],[20,3],[20,22],[22,20],[22,3],[10,8],[8,10],[11,10],[10,11],[5,3],[3,5],[24,16],[16,24],[17,16],[16,17],[12,5],[5,12],[27,16],[16,27],[26,5],[5,26],[14,9],[9,14],[18,14],[14,18],[19,16],[16,19],[4,5],[5,4],[25,9],[9,25],[1,8],[8,1],[13,18],[18,13],[28,5],[5,28],[6,26],[26,6],[21,28],[28,21],[0,17],[17,0],[7,13],[13,7],[2,8],[8,2],[15,24],[24,15],[0,26],[26,0],[2,14],[14,2],[18,7],[7,18],[24,11],[11,24]],"edge_attributes":[[1.0],[1.0],[1.0],[1.0],[1.0],[1.0],[1.0],[1.0],[1.0],[1.0],[1.0],[1.0],[1.0],[1.0],[1.0],[1.0],[1.0],[1.0],[1.0],[1.0],[1.0],[1.0],[1.0],[1.0],[1.0],[1.0],[1.0],[1.0],[1.0],[1.0],[1.0],[1.0],[1.0],[1.0],[1.0],[1.0],[1.0],[1.0],[1.0],[1.0],[1.0],[1.0],[1.0],[1.0],[1.0],[1.0],[1.0],[1.0],[1.0],[1.0],[1.0],[1.0],[1.0],[1.0],[1.0],[1.0],[1.0],[1.0],[1.0],[1.0],[1.0],[1.0],[1.0],[1.0]],"seed_graph_indices":[-1,-1,-1,1,-1,-1,-1,-1,0,0,-1,-1,-1,-1,-1,-1,0,-1,-1,-1,1,-1,1,0,-1,-1,-1,-1,-1],"graph_labels":0,"node_importances":[0,0,0,1,0,0,0,0,1,1,0,0,0,0,0,0,1,0,0,0,1,0,1,1,0,0,0,0,0],"edge_importances":[1,1,1,1,1,1,1,1,1,1,1,1,0,0,0,0,0,0,0,0,0,0,0,0,0,0,0,0,0,0,0,0,0,0,0,0,0,0,0,0,0,0,0,0,0,0,0,0,0,0,0,0,0,0,0,0,0,0,0,0,0,0,0,0],"multi_node_importances":[[0,0],[0,0],[0,0],[1,0],[0,0],[0,0],[0,0],[0,0],[1,0],[1,0],[0,0],[0,0],[0,0],[0,0],[0,0],[0,0],[1,0],[0,0],[0,0],[0,0],[1,0],[0,0],[1,0],[1,0],[0,0],[0,0],[0,0],[0,0],[0,0]],"multi_edge_importances":[[1,0],[1,0],[1,0],[1,0],[1,0],[1,0],[1,0],[1,0],[1,0],[1,0],[1,0],[1,0],[0,0],[0,0],[0,0],[0,0],[0,0],[0,0],[0,0],[0,0],[0,0],[0,0],[0,0],[0,0],[0,0],[0,0],[0,0],[0,0],[0,0],[0,0],[0,0],[0,0],[0,0],[0,0],[0,0],[0,0],[0,0],[0,0],[0,0],[0,0],[0,0],[0,0],[0,0],[0,0],[0,0],[0,0],[0,0],[0,0],[0,0],[0,0],[0,0],[0,0],[0,0],[0,0],[0,0],[0,0],[0,0],[0,0],[0,0],[0,0],[0,0],[0,0],[0,0],[0,0]],"original_value":-2.574424790685283,"class":0,"node_positions":[[0.03978850470203048,0.2218550469320486],[-0.3686441920712492,-0.5891959002826811],[-0.13179804422958905,-0.6067040630429176],[-0.017246212267675306,0.7833502794701994],[0.3715296799964876,0.6098617208744084],[0.16785847437509882,0.6346294363058469],[0.36924197061766817,0.3471138070460436],[0.3272210852946429,-0.9210411460439524],[-0.23770694517032606,-0.4162780370963645],[0.055347685699823644,-0.3979698322750336],[-0.4595040730041751,-0.4337388938238374],[-0.5520665035595886,-0.28064343213744714],[0.18131418729046378,0.8132608230670032],[0.16939779196461457,-1.0],[0.06453428428762806,-0.6147767605066374],[-0.5504134343697484,-0.05514404998274393],[-0.12744149761844747,-0.22569667383011274],[-0.04771314382858674,0.02317281378668205],[0.16703384808196137,-0.7994126882179241],[-0.23733143173183135,-0.08854207941948737],[-0.05558894687577734,0.9951273875734117],[0.5563689198829779,0.8666702824414552],[-0.18830545699803028,0.9009717655273914],[0.06979221958584766,-0.22497458189397462],[-0.36434481567948207,-0.1765845870750199],[0.2811487461816112,-0.40313860172468],[0.15035074439471063,0.40774488831956623],[-0.0046124870465447405,-0.13675448687331826],[0.3717890420954852,0.7668375628820754]],"node_coordinates":[[482.78076947402553,516.3243259862356],[249.1330038738676,260.2193274143193],[384.62307034356286,254.69078692730585],[450.15352320581985,693.6272885450707],[672.5564289094067,638.8449259770932],[556.0444001553927,646.6658104073272],[671.2477232427779,555.8771983307907],[647.2092805768731,155.43278289002467],[324.036887460884,314.8214818862082],[491.6815453017766,320.60265110341135],[197.15575442642967,309.30787919255397],[144.20454545454544,357.6507276057243],[563.7418672829508,703.0721202803039],[556.9249812601397,130.5],[496.9368254261726,252.14167681342528],[145.15019923212003,428.85651207959194],[387.1152738068698,375.0012276034829],[432.7246284573385,453.5865741708893],[555.5726649285882,193.83931718335353],[324.25170345517205,418.31043934448735],[428.21920125030846,760.5],[778.2954545454547,719.9371884536347],[352.29747340311764,730.7685441248246],[499.94467676570713,375.2292420764436],[251.5925025754813,390.50931738683266],[620.8531656654657,318.97051233695504],[546.0289385555608,575.0226330735704],[457.38076454189263,403.08644067397853],[672.7047994375032,688.4130794096977]]},"label":"0","name":"3800","value":-2.574424790685283,"input_type":"classification","classes":{"0":"low","1":"high"},"image_width":900,"image_height":900,"image_path":"./3800.png"}