{"graph": {"node_indices": [0, 1, 2, 3, 4, 5, 6, 7, 8, 9, 10, 11, 12, 13], "node_attributes": [[1.0, 1.0, 0.0], [0.0, 1.0, 1.0], [0.0, 0.0, 1.0], [1.0, 0.0, 0.0], [0.0, 1.0, 0.0], [0.0, 1.0, 1.0], [0.0, 0.0, 1.0], [0.0, 1.0, 0.0], [0.0, 0.0, 1.0], [1.0, 0.0, 0.0], [0.0, 1.0, 1.0], [0.0, 1.0, 0.0], [1.0, 0.0, 0.0], [1.0, 0.0, 0.0]], "node_adjacency": [[0, 0, 0, 1, 1, 0, 0, 0, 0, 1, 0, 1, 0, 1], [0, 0, 0, 1, 0, 0, 0, 1, 0, 0, 1, 0, 0, 0], [0, 0, 0, 0, 0, 0, 0, 0, 0, 0, 0, 0, 0, 1], [0, 1, 0, 0, 0, 0, 0, 0, 0, 0, 0, 0, 0, 0], [1, 0, 0, 0, 0, 1, 0, 0, 0, 0, 0, 0, 1, 0], [0, 0, 0, 0, 1, 0, 0, 0, 0, 0, 0, 0, 0, 0], [0, 0, 0, 0, 0, 0, 0, 0, 0, 0, 0, 0, 0, 1], [0, 1, 0, 0, 0, 0, 0, 0, 0, 0, 0, 0, 1, 1], [0, 0, 0, 0, 0, 0, 0, 0, 0, 0, 0, 0, 0, 1], [1, 0, 0, 0, 0, 0, 0, 0, 0, 0, 0, 0, 0, 0], [0, 1, 0, 0, 0, 0, 0, 0, 0, 0, 0, 0, 0, 0], [1, 0, 0, 0, 0, 0, 0, 0, 0, 0, 0, 0, 0, 0], [0, 0, 0, 0, 1, 0, 0, 1, 0, 0, 0, 0, 0, 0], [1, 0, 1, 0, 0, 0, 1, 1, 1, 0, 0, 0, 0, 0]], "edge_indices": [[0, 9], [0, 13], [0, 3], [9, 0], [13, 0], [13, 0], [4, 0], [0, 4], [7, 13], [13, 7], [8, 13], [13, 8], [6, 13], [13, 6], [12, 7], [7, 12], [1, 3], [3, 1], [5, 4], [4, 5], [11, 0], [0, 11], [10, 1], [1, 10], [2, 13], [13, 2], [12, 4], [4, 12], [1, 7], [7, 1]], "edge_attributes": [[1.0], [1.0], [1.0], [1.0], [1.0], [1.0], [1.0], [1.0], [1.0], [1.0], [1.0], [1.0], [1.0], [1.0], [1.0], [1.0], [1.0], [1.0], [1.0], [1.0], [1.0], [1.0], [1.0], [1.0], [1.0], [1.0], [1.0], [1.0], [1.0], [1.0]], "seed_graph_indices": [0, -1, -1, 0, -1, -1, -1, -1, -1, 0, -1, -1, -1, 0], "graph_labels": 1, "node_importances": [1, 0, 0, 1, 0, 0, 0, 0, 0, 1, 0, 0, 0, 1], "edge_importances": [1, 1, 1, 1, 1, 1, 0, 0, 0, 0, 0, 0, 0, 0, 0, 0, 0, 0, 0, 0, 0, 0, 0, 0, 0, 0, 0, 0, 0, 0], "multi_node_importances": [[0, 1], [0, 0], [0, 0], [0, 1], [0, 0], [0, 0], [0, 0], [0, 0], [0, 0], [0, 1], [0, 0], [0, 0], [0, 0], [0, 1]], "multi_edge_importances": [[0, 1], [0, 1], [0, 1], [0, 1], [0, 1], [0, 1], [0, 0], [0, 0], [0, 0], [0, 0], [0, 0], [0, 0], [0, 0], [0, 0], [0, 0], [0, 0], [0, 0], [0, 0], [0, 0], [0, 0], [0, 0], [0, 0], [0, 0], [0, 0], [0, 0], [0, 0], [0, 0], [0, 0], [0, 0], [0, 0]], "original_value": 2.08, "class": 1, "node_positions": [[-0.19802074717997975, -0.1588341719453044], [0.5285360731104493, -0.4012443600006171], [0.3648611107558858, 0.7148523386754629], [0.12383274676268749, -0.5182007602737756], [-0.5792982624736097, 0.10862484312880606], [-0.9999999999999999, 0.2543293097362092], [0.6363458861397646, 0.399840969487895], [0.2947225431653929, -0.008428866593988393], [-0.04761648127970157, 0.7389791950709382], [-0.6176412841474754, -0.37556335165710164], [0.8785263148195833, -0.662071829304955], [-0.33606405111385157, -0.6189908909854768], [-0.2038787782990564, 0.22473762552036464], [0.15569492973991098, 0.30196994914154274]], "node_coordinates": [[414.91023079999377, 356.7870649395565], [660.157300830208, 247.78431213626274], [604.9093094360638, 749.651059265725], [523.5509099100929, 195.1934136677989], [286.2111519629319, 477.0533340226176], [144.20454545454555, 542.5711576889998], [696.5481790486187, 608.0022833572446], [581.2342468431498, 424.4186791511363], [465.67873850919653, 760.5], [273.2685802892373, 259.33209660301463], [778.2954545454546, 130.5], [368.31412863479835, 149.87187916004802], [412.93287001006263, 529.2648892293721], [534.3058939687479, 563.9933630927823]]}, "label": "1", "name": "383", "value": 2.08, "input_type": "classification", "classes": {"0": "low", "1": "high"}, "image_width": 900, "image_height": 900, "image_path": "./383.png"}