{"graph":{"node_indices":[0,1,2,3,4,5,6,7,8,9,10,11],"node_attributes":[[0.0,1.0,0.0],[0.0,0.0,1.0],[0.0,1.0,0.0],[0.0,1.0,0.0],[1.0,0.0,0.0],[0.800000011920929,0.800000011920929,0.800000011920929],[1.0,0.0,0.0],[1.0,0.0,0.0],[0.0,0.0,1.0],[0.0,1.0,1.0],[1.0,0.0,0.0],[1.0,0.0,0.0]],"node_adjacency":[[0,0,0,1,0,0,0,0,0,0,0,0],[0,0,0,0,0,0,1,0,0,0,1,1],[0,0,0,0,0,0,1,1,0,0,0,0],[1,0,0,0,1,0,0,0,0,0,1,0],[0,0,0,1,0,1,0,0,0,1,1,0],[0,0,0,0,1,0,0,0,0,0,0,0],[0,1,1,0,0,0,0,1,0,1,0,1],[0,0,1,0,0,0,1,0,1,0,0,0],[0,0,0,0,0,0,0,1,0,0,0,0],[0,0,0,0,1,0,1,0,0,0,0,0],[0,1,0,1,1,0,0,0,0,0,0,0],[0,1,0,0,0,0,1,0,0,0,0,0]],"edge_indices":[[6,7],[6,2],[7,6],[7,2],[2,7],[2,6],[4,10],[4,3],[10,4],[10,3],[3,10],[3,4],[11,6],[6,11],[0,3],[3,0],[1,11],[11,1],[8,7],[7,8],[5,4],[4,5],[9,6],[6,9],[9,4],[4,9],[1,6],[6,1],[1,10],[10,1]],"edge_attributes":[[1.0],[1.0],[1.0],[1.0],[1.0],[1.0],[1.0],[1.0],[1.0],[1.0],[1.0],[1.0],[1.0],[1.0],[1.0],[1.0],[1.0],[1.0],[1.0],[1.0],[1.0],[1.0],[1.0],[1.0],[1.0],[1.0],[1.0],[1.0],[1.0],[1.0]],"seed_graph_indices":[-1,-1,0,1,1,-1,0,0,-1,-1,1,-1],"graph_labels":1,"node_importances":[0,0,1,1,1,0,1,1,0,0,1,0],"edge_importances":[1,1,1,1,1,1,1,1,1,1,1,1,0,0,0,0,0,0,0,0,0,0,0,0,0,0,0,0,0,0],"multi_node_importances":[[0,0],[0,0],[0,1],[0,1],[0,1],[0,0],[0,1],[0,1],[0,0],[0,0],[0,1],[0,0]],"multi_edge_importances":[[0,1],[0,1],[0,1],[0,1],[0,1],[0,1],[0,1],[0,1],[0,1],[0,1],[0,1],[0,1],[0,0],[0,0],[0,0],[0,0],[0,0],[0,0],[0,0],[0,0],[0,0],[0,0],[0,0],[0,0],[0,0],[0,0],[0,0],[0,0],[0,0],[0,0]],"original_value":1.7202185879701053,"class":1,"node_positions":[[0.9822179702329239,0.25019134919263813],[0.11241156345581803,-0.27333827800911137],[-0.5300298832982203,-0.4412473766485117],[0.6199466912361588,0.2285072187580939],[0.2567143549898476,0.33155426518959263],[0.24321331372098415,0.7147664145658338],[-0.25680079668175665,-0.19425987115383378],[-0.6373345234352583,-0.14317068845101202],[-1.0,-0.10294329725251117],[-0.11131886580108397,0.18297980857635462],[0.383760060427213,-0.01598951946206546],[-0.062779884846626,-0.5370500253054677]],"node_coordinates":[[778.2954545454545,526.6939227965374],[500.0534329873597,263.21786142526224],[294.5430970266385,178.71447197169533],[662.4086408417162,515.7809792221844],[546.2143949210348,567.6413296570441],[541.8955522607387,760.5],[381.94623962974686,303.01554639890486],[260.2174588597259,328.7271316422547],[144.20454545454544,348.97231747609874],[428.4843959746753,492.86845986156277],[586.8549945254308,392.73342993889145],[444.0115110659293,130.5]]},"label":"1","name":"3833","value":1.7202185879701053,"input_type":"classification","classes":{"0":"low","1":"high"},"image_width":900,"image_height":900,"image_path":"./3833.png"}