{"graph":{"node_indices":[0,1,2,3,4,5,6,7,8,9,10,11,12,13,14,15,16,17,18,19,20,21,22,23,24],"node_attributes":[[0.800000011920929,0.800000011920929,0.800000011920929],[0.800000011920929,0.800000011920929,0.800000011920929],[0.0,0.0,1.0],[1.0,0.0,0.0],[0.800000011920929,0.800000011920929,0.800000011920929],[1.0,0.0,1.0],[1.0,0.0,0.0],[0.0,0.0,1.0],[0.0,1.0,1.0],[0.800000011920929,0.800000011920929,0.800000011920929],[1.0,1.0,0.0],[0.800000011920929,0.800000011920929,0.800000011920929],[1.0,0.0,0.0],[0.800000011920929,0.800000011920929,0.800000011920929],[0.800000011920929,0.800000011920929,0.800000011920929],[0.800000011920929,0.800000011920929,0.800000011920929],[0.800000011920929,0.800000011920929,0.800000011920929],[1.0,0.0,0.0],[0.800000011920929,0.800000011920929,0.800000011920929],[1.0,0.0,0.0],[1.0,1.0,0.0],[0.800000011920929,0.800000011920929,0.800000011920929],[1.0,0.0,0.0],[0.800000011920929,0.800000011920929,0.800000011920929],[0.0,1.0,1.0]],"node_adjacency":[[0,0,0,1,1,0,0,0,0,0,0,0,0,0,0,0,1,0,0,0,0,0,0,0,0],[0,0,0,0,0,0,0,0,0,0,0,0,0,0,0,0,1,0,0,0,0,0,0,0,0],[0,0,0,0,0,0,0,1,1,0,0,0,0,0,0,0,0,0,0,1,0,0,0,0,0],[1,0,0,0,0,0,0,0,0,0,1,0,0,0,0,0,0,0,0,0,0,1,0,0,0],[1,0,0,0,0,0,0,0,0,0,0,0,0,0,0,0,0,0,0,0,0,0,0,0,0],[0,0,0,0,0,0,0,0,0,0,1,0,0,0,0,0,0,0,0,0,0,0,0,0,0],[0,0,0,0,0,0,0,0,0,1,0,0,0,0,0,0,0,0,1,0,0,0,0,0,0],[0,0,1,0,0,0,0,0,0,0,0,0,0,0,0,0,0,0,0,0,0,1,0,0,0],[0,0,1,0,0,0,0,0,0,0,0,0,0,0,0,0,0,0,0,0,0,0,0,0,0],[0,0,0,0,0,0,1,0,0,0,0,0,1,0,0,1,0,0,0,0,0,0,1,0,1],[0,0,0,1,0,1,0,0,0,0,0,1,0,0,0,0,0,0,0,1,0,0,1,0,0],[0,0,0,0,0,0,0,0,0,0,1,0,0,0,0,0,0,0,0,0,0,0,0,1,0],[0,0,0,0,0,0,0,0,0,1,0,0,0,0,0,0,0,0,0,0,0,0,0,0,0],[0,0,0,0,0,0,0,0,0,0,0,0,0,0,0,0,0,1,0,0,0,0,1,0,0],[0,0,0,0,0,0,0,0,0,0,0,0,0,0,0,0,0,0,0,0,0,0,1,0,0],[0,0,0,0,0,0,0,0,0,1,0,0,0,0,0,0,0,0,0,0,0,0,0,0,0],[1,1,0,0,0,0,0,0,0,0,0,0,0,0,0,0,0,0,0,0,0,0,0,0,0],[0,0,0,0,0,0,0,0,0,0,0,0,0,1,0,0,0,0,0,0,0,0,0,0,0],[0,0,0,0,0,0,1,0,0,0,0,0,0,0,0,0,0,0,0,0,1,0,0,0,0],[0,0,1,0,0,0,0,0,0,0,0,0,0,0,0,0,0,0,0,0,0,0,0,0,0],[0,0,0,0,0,0,0,0,0,0,0,0,0,0,0,0,0,0,1,0,0,0,0,0,0],[0,0,0,1,0,0,0,1,0,0,0,0,0,0,0,0,0,0,0,0,0,0,0,0,1],[0,0,0,0,0,0,0,0,0,1,1,0,0,1,1,0,0,0,0,0,0,0,0,0,0],[0,0,0,0,0,0,0,0,0,0,0,1,0,0,0,0,0,0,0,0,0,0,0,0,0],[0,0,0,0,0,0,0,0,0,1,0,0,0,0,0,0,0,0,0,0,0,1,0,0,0]],"edge_indices":[[10,22],[10,3],[10,19],[22,10],[3,10],[3,10],[14,22],[22,14],[2,19],[19,2],[0,3],[3,0],[9,22],[22,9],[6,9],[9,6],[4,0],[0,4],[18,6],[6,18],[20,18],[18,20],[21,3],[3,21],[16,0],[0,16],[1,16],[16,1],[5,10],[10,5],[13,22],[22,13],[24,21],[21,24],[15,9],[9,15],[8,2],[2,8],[17,13],[13,17],[11,10],[10,11],[23,11],[11,23],[12,9],[9,12],[7,21],[21,7],[24,9],[9,24],[2,7],[7,2]],"edge_attributes":[[1.0],[1.0],[1.0],[1.0],[1.0],[1.0],[1.0],[1.0],[1.0],[1.0],[1.0],[1.0],[1.0],[1.0],[1.0],[1.0],[1.0],[1.0],[1.0],[1.0],[1.0],[1.0],[1.0],[1.0],[1.0],[1.0],[1.0],[1.0],[1.0],[1.0],[1.0],[1.0],[1.0],[1.0],[1.0],[1.0],[1.0],[1.0],[1.0],[1.0],[1.0],[1.0],[1.0],[1.0],[1.0],[1.0],[1.0],[1.0],[1.0],[1.0],[1.0],[1.0]],"seed_graph_indices":[-1,-1,-1,0,-1,-1,-1,-1,-1,-1,0,-1,-1,-1,-1,-1,-1,-1,-1,0,-1,-1,0,-1,-1],"graph_labels":1,"node_importances":[0,0,0,1,0,0,0,0,0,0,1,0,0,0,0,0,0,0,0,1,0,0,1,0,0],"edge_importances":[1,1,1,1,1,1,0,0,0,0,0,0,0,0,0,0,0,0,0,0,0,0,0,0,0,0,0,0,0,0,0,0,0,0,0,0,0,0,0,0,0,0,0,0,0,0,0,0,0,0,0,0],"multi_node_importances":[[0,0],[0,0],[0,0],[0,1],[0,0],[0,0],[0,0],[0,0],[0,0],[0,0],[0,1],[0,0],[0,0],[0,0],[0,0],[0,0],[0,0],[0,0],[0,0],[0,1],[0,0],[0,0],[0,1],[0,0],[0,0]],"multi_edge_importances":[[0,1],[0,1],[0,1],[0,1],[0,1],[0,1],[0,0],[0,0],[0,0],[0,0],[0,0],[0,0],[0,0],[0,0],[0,0],[0,0],[0,0],[0,0],[0,0],[0,0],[0,0],[0,0],[0,0],[0,0],[0,0],[0,0],[0,0],[0,0],[0,0],[0,0],[0,0],[0,0],[0,0],[0,0],[0,0],[0,0],[0,0],[0,0],[0,0],[0,0],[0,0],[0,0],[0,0],[0,0],[0,0],[0,0],[0,0],[0,0],[0,0],[0,0],[0,0],[0,0]],"original_value":2.366406695901887,"class":1,"node_positions":[[0.23731354762696422,-0.49502399451876494],[0.5598026603431647,-0.818350983011423],[0.5677057320033352,0.07087569661780294],[0.17721798651502646,-0.25540994999188316],[0.1151804838783978,-0.7049526005809202],[0.22949093094476064,0.1927394526208013],[-0.5452844880041021,0.09873402177784349],[0.41933290280227326,-0.10352809095928812],[0.7765617791518652,0.15882729014790203],[-0.3049934929014322,0.19238563777515374],[0.09551019764626295,0.020789407244215977],[-0.08436645301888128,-0.18308035193165098],[-0.3770302608289228,0.43319446474903295],[-0.07222805206807625,0.5077755373658521],[0.07423043487110886,0.4266016853153624],[-0.48515378237827267,0.3137949181880586],[0.42672696854912207,-0.6396289159651378],[-0.026215704547807573,0.7438787468016665],[-0.7802784746190357,0.09593683919049986],[0.3531341099957782,0.09134757867602881],[-0.9999999999999999,0.11778549867316301],[0.11960522712504794,-0.11783280533750214],[-0.06795765818354406,0.24528534932822832],[-0.24533007547637273,-0.38119651410782884],[-0.1629745194266601,-0.01094791806721285]],"node_coordinates":[[585.8268303940733,260.88799535247955],[700.9297314323693,130.49999999999994],[703.7504978996071,489.0982250084551],[564.3775065231135,357.51709232274175],[542.2350643597065,176.230137871441],[583.0347799392581,538.2421920043172],[306.5017285656596,500.3326449634033],[650.7932277069509,418.7664523653157],[778.2954545454545,524.5664425609349],[392.26645530865596,538.099509178287],[535.2143404955652,468.8999393765877],[471.0127178540263,386.68543159343153],[366.5550726823112,635.2104257729258],[475.34515919331955,665.2867166358692],[527.6191618298517,632.5517572276092],[327.9635962259909,587.0601999143937],[653.4323196464024,202.57320414560974],[491.7678986729805,760.5],[222.62761151992612,499.204625827423],[627.1655367344306,497.3539158652828],[144.2045454545455,508.01552937854456],[543.8143449119999,412.9977937062892],[476.8693493296806,559.4323628824758],[413.5615383384099,306.79117546125235],[442.9559056027895,456.10123598192604]]},"label":"1","name":"3835","value":2.366406695901887,"input_type":"classification","classes":{"0":"low","1":"high"},"image_width":900,"image_height":900,"image_path":"./3835.png"}