{"graph":{"node_indices":[0,1,2,3,4,5,6,7,8,9,10,11,12,13,14,15,16,17,18,19,20,21,22,23,24,25],"node_attributes":[[0.800000011920929,0.800000011920929,0.800000011920929],[1.0,0.0,1.0],[1.0,0.0,0.0],[1.0,0.0,0.0],[1.0,0.0,1.0],[0.0,0.0,1.0],[0.0,0.0,1.0],[0.800000011920929,0.800000011920929,0.800000011920929],[1.0,0.0,0.0],[0.0,1.0,1.0],[0.0,1.0,1.0],[1.0,1.0,0.0],[1.0,0.0,1.0],[1.0,0.0,1.0],[1.0,0.0,1.0],[0.800000011920929,0.800000011920929,0.800000011920929],[1.0,1.0,0.0],[0.800000011920929,0.800000011920929,0.800000011920929],[1.0,0.0,0.0],[0.800000011920929,0.800000011920929,0.800000011920929],[1.0,0.0,1.0],[1.0,0.0,0.0],[1.0,0.0,1.0],[1.0,1.0,0.0],[0.800000011920929,0.800000011920929,0.800000011920929],[0.0,1.0,1.0]],"node_adjacency":[[0,0,0,0,0,0,1,0,0,0,0,0,0,1,0,0,0,0,0,0,0,1,0,0,0,0],[0,0,0,0,0,0,0,0,0,0,0,0,0,0,0,0,0,0,0,0,1,0,0,0,0,1],[0,0,0,1,0,0,0,0,0,0,0,0,0,0,0,0,0,0,0,0,0,0,0,0,0,0],[0,0,1,0,0,0,0,0,0,0,0,0,0,0,0,0,0,0,0,0,0,0,0,0,0,1],[0,0,0,0,0,0,0,0,0,0,0,0,0,0,0,0,0,0,0,0,0,0,1,0,0,0],[0,0,0,0,0,0,0,0,0,0,0,0,0,0,0,0,0,0,1,0,0,0,0,0,0,0],[1,0,0,0,0,0,0,0,0,0,0,0,0,0,0,0,0,0,0,0,0,0,0,0,0,0],[0,0,0,0,0,0,0,0,0,0,0,0,0,1,0,0,0,0,0,0,0,0,0,0,0,0],[0,0,0,0,0,0,0,0,0,0,0,0,1,0,0,0,0,0,0,0,0,0,0,0,0,0],[0,0,0,0,0,0,0,0,0,0,0,0,0,0,0,0,0,0,0,0,1,0,0,0,0,0],[0,0,0,0,0,0,0,0,0,0,0,0,0,0,0,0,0,1,0,0,0,0,0,0,0,0],[0,0,0,0,0,0,0,0,0,0,0,0,1,0,0,0,0,0,0,0,0,0,0,0,1,0],[0,0,0,0,0,0,0,0,1,0,0,1,0,1,0,0,1,1,1,0,0,0,0,1,0,0],[1,0,0,0,0,0,0,1,0,0,0,0,1,0,0,0,0,0,0,0,0,0,0,0,0,0],[0,0,0,0,0,0,0,0,0,0,0,0,0,0,0,1,0,0,0,0,1,0,0,0,0,0],[0,0,0,0,0,0,0,0,0,0,0,0,0,0,1,0,0,0,0,0,0,0,0,0,0,0],[0,0,0,0,0,0,0,0,0,0,0,0,1,0,0,0,0,0,0,0,1,0,0,0,0,0],[0,0,0,0,0,0,0,0,0,0,1,0,1,0,0,0,0,0,0,0,0,0,0,0,0,0],[0,0,0,0,0,1,0,0,0,0,0,0,1,0,0,0,0,0,0,0,0,0,0,0,0,0],[0,0,0,0,0,0,0,0,0,0,0,0,0,0,0,0,0,0,0,0,0,0,1,1,0,0],[0,1,0,0,0,0,0,0,0,1,0,0,0,0,1,0,1,0,0,0,0,0,0,0,0,0],[1,0,0,0,0,0,0,0,0,0,0,0,0,0,0,0,0,0,0,0,0,0,0,0,0,0],[0,0,0,0,1,0,0,0,0,0,0,0,0,0,0,0,0,0,0,1,0,0,0,0,0,0],[0,0,0,0,0,0,0,0,0,0,0,0,1,0,0,0,0,0,0,1,0,0,0,0,0,0],[0,0,0,0,0,0,0,0,0,0,0,1,0,0,0,0,0,0,0,0,0,0,0,0,0,0],[0,1,0,1,0,0,0,0,0,0,0,0,0,0,0,0,0,0,0,0,0,0,0,0,0,0]],"edge_indices":[[16,20],[20,16],[12,16],[16,12],[11,12],[12,11],[13,12],[12,13],[8,12],[12,8],[17,12],[12,17],[24,11],[11,24],[0,13],[13,0],[23,12],[12,23],[6,0],[0,6],[19,23],[23,19],[14,20],[20,14],[22,19],[19,22],[10,17],[17,10],[21,0],[0,21],[18,12],[12,18],[1,20],[20,1],[15,14],[14,15],[7,13],[13,7],[4,22],[22,4],[25,1],[1,25],[5,18],[18,5],[9,20],[20,9],[3,25],[25,3],[2,3],[3,2]],"edge_attributes":[[1.0],[1.0],[1.0],[1.0],[1.0],[1.0],[1.0],[1.0],[1.0],[1.0],[1.0],[1.0],[1.0],[1.0],[1.0],[1.0],[1.0],[1.0],[1.0],[1.0],[1.0],[1.0],[1.0],[1.0],[1.0],[1.0],[1.0],[1.0],[1.0],[1.0],[1.0],[1.0],[1.0],[1.0],[1.0],[1.0],[1.0],[1.0],[1.0],[1.0],[1.0],[1.0],[1.0],[1.0],[1.0],[1.0],[1.0],[1.0],[1.0],[1.0]],"seed_graph_indices":[-1,-1,-1,-1,-1,-1,-1,-1,-1,-1,-1,-1,-1,-1,-1,-1,-1,-1,-1,-1,-1,-1,-1,-1,-1,-1],"graph_labels":0,"node_importances":[0,0,0,0,0,0,0,0,0,0,0,0,0,0,0,0,0,0,0,0,0,0,0,0,0,0],"edge_importances":[0,0,0,0,0,0,0,0,0,0,0,0,0,0,0,0,0,0,0,0,0,0,0,0,0,0,0,0,0,0,0,0,0,0,0,0,0,0,0,0,0,0,0,0,0,0,0,0,0,0],"multi_node_importances":[[0,0],[0,0],[0,0],[0,0],[0,0],[0,0],[0,0],[0,0],[0,0],[0,0],[0,0],[0,0],[0,0],[0,0],[0,0],[0,0],[0,0],[0,0],[0,0],[0,0],[0,0],[0,0],[0,0],[0,0],[0,0],[0,0]],"multi_edge_importances":[[0,0],[0,0],[0,0],[0,0],[0,0],[0,0],[0,0],[0,0],[0,0],[0,0],[0,0],[0,0],[0,0],[0,0],[0,0],[0,0],[0,0],[0,0],[0,0],[0,0],[0,0],[0,0],[0,0],[0,0],[0,0],[0,0],[0,0],[0,0],[0,0],[0,0],[0,0],[0,0],[0,0],[0,0],[0,0],[0,0],[0,0],[0,0],[0,0],[0,0],[0,0],[0,0],[0,0],[0,0],[0,0],[0,0],[0,0],[0,0],[0,0],[0,0]],"original_value":-0.13377819634931143,"class":0,"node_positions":[[-0.5107321568354923,-0.09639783444483607],[0.46158037010770486,-0.11084374808548808],[1.0,-0.051326116873924625],[0.8253411338603814,-0.061020979731459465],[-0.44320460039548376,0.732138510918448],[0.005952017299012519,0.40712428516676674],[-0.6864723972945842,-0.02892342047373172],[-0.35850522997244244,-0.256672885778803],[-0.22967306393031897,0.06441222379934725],[0.21945354335203096,-0.362933261052686],[0.17834740015920383,0.2946084567877104],[-0.1168505194639059,-0.14896678926581297],[-0.09936307112098361,0.029334561191070207],[-0.3061360317667374,-0.07207348131034862],[0.36274440665147845,-0.3652095217876206],[0.40406936754830314,-0.5541175300573714],[0.09098960741499586,-0.07716398925611834],[0.05161510370686832,0.13499912332235658],[-0.05461605332423243,0.21309867344390823],[-0.31424590422869086,0.392289546004726],[0.27238931485212725,-0.18428115641648832],[-0.6341466394746662,-0.2534026517235058],[-0.3827914336717692,0.5646925488365351],[-0.22274578655683364,0.2154349736133694],[-0.1596973841263615,-0.346421596408806],[0.6466980072103957,-0.07837794041723689]],"node_coordinates":[[210.28050911414851,354.6881857496507],[575.8569247844715,347.61266944209945],[778.2954545454546,376.76402536874565],[712.6260730667414,372.0155434136185],[235.66996091924284,760.5],[404.54680022890665,601.3101064635479],[144.2045454545455,387.73672309183206],[267.5157835233543,276.1864884796455],[315.9549429290161,433.4519259898725],[484.8204987278733,224.1408348228828],[469.36514247764705,546.2005717980946],[358.3747002291774,328.940247172748],[364.94974529675875,416.27111070954214],[287.20589677506683,366.6020986772054],[538.6959335821426,223.02593684197933],[554.2335623421802,130.5],[436.5197888826458,364.1088003729254],[421.7155057580944,468.0249388915331],[381.7740213651757,506.2776001107176],[284.15669394775654,594.0441458971],[504.72363590804355,311.6434955181964],[163.87832570622842,277.7882282493373],[258.38449800289334,678.4860364103135],[318.5595059294688,507.42190502348126],[342.26485614925326,232.2281427882181],[645.4586632935084,363.51421484163063]]},"label":"0","name":"3850","value":-0.13377819634931143,"input_type":"classification","classes":{"0":"low","1":"high"},"image_width":900,"image_height":900,"image_path":"./3850.png"}