{"graph":{"node_indices":[0,1,2,3,4,5,6,7,8,9,10,11,12,13,14,15,16,17,18],"node_attributes":[[0.800000011920929,0.800000011920929,0.800000011920929],[1.0,0.0,0.0],[0.800000011920929,0.800000011920929,0.800000011920929],[1.0,0.0,0.0],[0.0,1.0,1.0],[0.800000011920929,0.800000011920929,0.800000011920929],[1.0,0.0,0.0],[0.0,1.0,1.0],[1.0,0.0,1.0],[1.0,0.0,0.0],[0.800000011920929,0.800000011920929,0.800000011920929],[0.0,0.0,1.0],[1.0,0.0,1.0],[1.0,1.0,0.0],[1.0,0.0,0.0],[0.0,1.0,0.0],[0.0,1.0,0.0],[1.0,1.0,0.0],[0.0,0.0,1.0]],"node_adjacency":[[0,0,0,0,0,0,0,0,0,0,0,1,0,0,1,0,0,0,0],[0,0,0,0,0,0,0,0,1,0,0,0,0,0,0,0,0,0,0],[0,0,0,0,0,0,0,0,0,0,0,0,0,0,0,0,0,1,0],[0,0,0,0,0,0,0,0,0,0,0,0,1,0,0,0,0,0,0],[0,0,0,0,0,0,0,0,0,0,0,0,0,1,1,0,0,1,1],[0,0,0,0,0,0,0,0,0,0,0,0,0,1,0,0,0,0,1],[0,0,0,0,0,0,0,0,1,0,0,0,0,0,0,0,0,0,0],[0,0,0,0,0,0,0,0,0,0,0,0,0,0,0,0,0,1,0],[0,1,0,0,0,0,1,0,0,0,0,0,0,0,0,0,0,0,1],[0,0,0,0,0,0,0,0,0,0,0,0,0,0,0,0,0,0,1],[0,0,0,0,0,0,0,0,0,0,0,0,0,0,0,0,1,0,0],[1,0,0,0,0,0,0,0,0,0,0,0,0,0,0,0,0,0,0],[0,0,0,1,0,0,0,0,0,0,0,0,0,0,1,0,0,0,0],[0,0,0,0,1,1,0,0,0,0,0,0,0,0,0,0,1,0,0],[1,0,0,0,1,0,0,0,0,0,0,0,1,0,0,0,0,0,0],[0,0,0,0,0,0,0,0,0,0,0,0,0,0,0,0,0,0,1],[0,0,0,0,0,0,0,0,0,0,1,0,0,1,0,0,0,0,0],[0,0,1,0,1,0,0,1,0,0,0,0,0,0,0,0,0,0,0],[0,0,0,0,1,1,0,0,1,1,0,0,0,0,0,1,0,0,0]],"edge_indices":[[18,4],[4,18],[14,4],[4,14],[13,4],[4,13],[0,14],[14,0],[11,0],[0,11],[12,14],[14,12],[8,18],[18,8],[9,18],[18,9],[17,4],[4,17],[2,17],[17,2],[3,12],[12,3],[7,17],[17,7],[15,18],[18,15],[16,13],[13,16],[10,16],[16,10],[6,8],[8,6],[1,8],[8,1],[5,18],[18,5],[5,13],[13,5]],"edge_attributes":[[1.0],[1.0],[1.0],[1.0],[1.0],[1.0],[1.0],[1.0],[1.0],[1.0],[1.0],[1.0],[1.0],[1.0],[1.0],[1.0],[1.0],[1.0],[1.0],[1.0],[1.0],[1.0],[1.0],[1.0],[1.0],[1.0],[1.0],[1.0],[1.0],[1.0],[1.0],[1.0],[1.0],[1.0],[1.0],[1.0],[1.0],[1.0]],"seed_graph_indices":[-1,-1,-1,-1,-1,-1,-1,-1,-1,-1,-1,-1,-1,-1,-1,-1,-1,-1,-1],"graph_labels":0,"node_importances":[0,0,0,0,0,0,0,0,0,0,0,0,0,0,0,0,0,0,0],"edge_importances":[0,0,0,0,0,0,0,0,0,0,0,0,0,0,0,0,0,0,0,0,0,0,0,0,0,0,0,0,0,0,0,0,0,0,0,0,0,0],"multi_node_importances":[[0,0],[0,0],[0,0],[0,0],[0,0],[0,0],[0,0],[0,0],[0,0],[0,0],[0,0],[0,0],[0,0],[0,0],[0,0],[0,0],[0,0],[0,0],[0,0]],"multi_edge_importances":[[0,0],[0,0],[0,0],[0,0],[0,0],[0,0],[0,0],[0,0],[0,0],[0,0],[0,0],[0,0],[0,0],[0,0],[0,0],[0,0],[0,0],[0,0],[0,0],[0,0],[0,0],[0,0],[0,0],[0,0],[0,0],[0,0],[0,0],[0,0],[0,0],[0,0],[0,0],[0,0],[0,0],[0,0],[0,0],[0,0],[0,0],[0,0]],"original_value":-0.05218984542927285,"class":0,"node_positions":[[0.6778039772328206,-0.16439392972295877],[-0.6977775306936344,0.6769856979358164],[0.5607866226454005,0.41117503108348386],[0.5887413326303726,-0.8133941532836461],[0.042120888221063774,0.001006343020078765],[-0.3991817743814598,-0.13539121616706076],[-0.34815127564452825,0.8443145779244179],[0.3205958154571269,0.6112111913681367],[-0.3866211077739276,0.5205358995707546],[-0.6268437929549977,0.04016456327370734],[-0.4650320337569336,-0.8835450751530319],[0.9999999999999999,-0.17091834991588545],[0.438237054550975,-0.5300329082667646],[-0.1434811658703246,-0.30253338487802633],[0.3390368318093936,-0.20488170168119726],[-0.5723555565714515,0.2622762773086177],[-0.2940503981795533,-0.6146199921013932],[0.25327368455027627,0.2818157214436037],[-0.28710157127061864,0.17022540824134705]],"node_coordinates":[[657.9607432606093,392.7118184274992],[144.20454545454544,699.4897239598929],[614.2567600188027,602.5717133918995],[624.6973667221448,156.0779343530583],[420.5439672001429,453.01889929631955],[255.72496031910072,403.2865832862494],[274.78397997890465,760.5],[524.5495960754398,675.5074872870046],[260.41615475651554,642.4461019304995],[170.69708492733025,467.29649337975536],[231.13101318740135,130.5],[778.2954545454545,390.3329303539089],[568.4865895242357,259.3951129460545],[351.2247701438205,342.3443845953073],[531.4370007041202,377.9494525789421],[191.04751053879855,548.2812999829808],[294.98973365050995,228.55356703640686],[499.4059300668423,555.4056342905251],[297.58500181264753,514.7183613443638]]},"label":"0","name":"3858","value":-0.05218984542927285,"input_type":"classification","classes":{"0":"low","1":"high"},"image_width":900,"image_height":900,"image_path":"./3858.png"}