{"graph":{"node_indices":[0,1,2,3,4,5,6,7,8,9,10],"node_attributes":[[0.0,0.0,1.0],[0.0,0.0,1.0],[1.0,1.0,0.0],[0.0,1.0,1.0],[1.0,0.0,0.0],[0.0,0.0,1.0],[0.0,1.0,0.0],[0.800000011920929,0.800000011920929,0.800000011920929],[0.0,1.0,0.0],[1.0,0.0,1.0],[1.0,0.0,0.0]],"node_adjacency":[[0,0,1,0,1,0,0,0,0,1,0],[0,0,1,0,0,0,0,0,0,0,1],[1,1,0,0,0,1,0,0,1,0,0],[0,0,0,0,0,1,1,0,0,0,0],[1,0,0,0,0,0,1,0,0,1,0],[0,0,0,1,0,0,0,1,0,0,0],[0,0,0,1,1,0,0,0,0,0,0],[0,0,0,0,0,1,0,0,0,0,0],[0,0,1,0,0,0,0,0,0,0,0],[1,0,0,0,1,0,0,0,0,0,0],[0,1,0,0,0,0,0,0,0,0,0]],"edge_indices":[[2,1],[2,0],[2,5],[1,2],[0,2],[0,2],[9,0],[0,9],[10,1],[1,10],[4,9],[9,4],[6,4],[4,6],[3,6],[6,3],[7,5],[5,7],[8,2],[2,8],[5,3],[3,5],[4,0],[0,4]],"edge_attributes":[[1.0],[1.0],[1.0],[1.0],[1.0],[1.0],[1.0],[1.0],[1.0],[1.0],[1.0],[1.0],[1.0],[1.0],[1.0],[1.0],[1.0],[1.0],[1.0],[1.0],[1.0],[1.0],[1.0],[1.0]],"seed_graph_indices":[0,0,0,-1,-1,0,-1,-1,-1,-1,-1],"graph_labels":0,"node_importances":[1,1,1,0,0,1,0,0,0,0,0],"edge_importances":[1,1,1,1,1,1,0,0,0,0,0,0,0,0,0,0,0,0,0,0,0,0,0,0],"multi_node_importances":[[1,0],[1,0],[1,0],[0,0],[0,0],[1,0],[0,0],[0,0],[0,0],[0,0],[0,0]],"multi_edge_importances":[[1,0],[1,0],[1,0],[1,0],[1,0],[1,0],[0,0],[0,0],[0,0],[0,0],[0,0],[0,0],[0,0],[0,0],[0,0],[0,0],[0,0],[0,0],[0,0],[0,0],[0,0],[0,0],[0,0],[0,0]],"original_value":-2.2012170643168196,"class":0,"node_positions":[[0.40971797818820116,-0.015865890700843818],[-0.35418415545323145,-0.6006107963319083],[-0.04623968190954413,-0.22333229897897433],[-0.17739080944664093,0.6544590107433228],[0.5820656167487109,0.4289090999659057],[-0.3585080017669955,0.19041729388094353],[0.2834463697679717,0.8006936572875224],[-0.8241823038997611,0.3019812359179755],[0.22022894384244368,-0.6349713984884081],[0.839415100918317,0.09832008670446471],[-0.5743690569894714,-1.0]],"node_coordinates":[[614.5136174275477,474.81425153816167],[323.34737914518473,270.2323732954769],[440.7224066688609,402.2289804753935],[390.73330627266887,709.337589919863],[680.2050344122092,630.4255311059169],[321.699317161003,546.9855538363488],[566.3843772978961,760.5],[144.2045454545455,586.0178918461381],[542.2886465884046,258.2107952380503],[778.2954545454546,514.7639484087038],[239.42248002064298,130.49999999999994]]},"label":"0","name":"3868","value":-2.2012170643168196,"input_type":"classification","classes":{"0":"low","1":"high"},"image_width":900,"image_height":900,"image_path":"./3868.png"}