{"graph":{"node_indices":[0,1,2,3,4,5,6,7,8,9,10,11,12],"node_attributes":[[1.0,0.0,1.0],[1.0,0.0,0.0],[0.0,0.0,1.0],[0.0,0.0,1.0],[1.0,0.0,1.0],[1.0,1.0,0.0],[1.0,1.0,0.0],[0.0,0.0,1.0],[0.800000011920929,0.800000011920929,0.800000011920929],[0.0,1.0,0.0],[0.0,0.0,1.0],[0.0,0.0,1.0],[0.0,0.0,1.0]],"node_adjacency":[[0,0,0,0,0,0,1,0,0,0,0,1,0],[0,0,0,1,0,0,0,0,0,0,1,0,0],[0,0,0,1,0,0,0,0,0,1,0,0,0],[0,1,1,0,0,0,0,0,1,1,0,1,0],[0,0,0,0,0,0,0,0,0,0,1,0,0],[0,0,0,0,0,0,0,0,0,1,0,0,0],[1,0,0,0,0,0,0,1,1,0,1,0,1],[0,0,0,0,0,0,1,0,0,0,0,0,0],[0,0,0,1,0,0,1,0,0,0,0,0,0],[0,0,1,1,0,1,0,0,0,0,0,0,0],[0,1,0,0,1,0,0,0,0,0,0,0,0],[1,0,0,1,0,0,0,0,0,0,0,0,0],[0,0,0,0,0,0,1,0,0,0,0,0,0]],"edge_indices":[[6,12],[6,7],[6,10],[12,6],[7,6],[7,6],[2,3],[2,9],[3,2],[3,9],[9,3],[9,2],[8,6],[6,8],[4,10],[10,4],[0,6],[6,0],[5,9],[9,5],[1,10],[10,1],[11,0],[0,11],[11,3],[3,11],[3,8],[8,3],[1,3],[3,1]],"edge_attributes":[[1.0],[1.0],[1.0],[1.0],[1.0],[1.0],[1.0],[1.0],[1.0],[1.0],[1.0],[1.0],[1.0],[1.0],[1.0],[1.0],[1.0],[1.0],[1.0],[1.0],[1.0],[1.0],[1.0],[1.0],[1.0],[1.0],[1.0],[1.0],[1.0],[1.0]],"seed_graph_indices":[-1,-1,1,1,-1,-1,0,0,-1,1,0,-1,0],"graph_labels":0,"node_importances":[0,0,1,1,0,0,1,1,0,1,1,0,1],"edge_importances":[1,1,1,1,1,1,1,1,1,1,1,1,0,0,0,0,0,0,0,0,0,0,0,0,0,0,0,0,0,0],"multi_node_importances":[[0,0],[0,0],[1,0],[1,0],[0,0],[0,0],[1,0],[1,0],[0,0],[1,0],[1,0],[0,0],[1,0]],"multi_edge_importances":[[1,0],[1,0],[1,0],[1,0],[1,0],[1,0],[1,0],[1,0],[1,0],[1,0],[1,0],[1,0],[0,0],[0,0],[0,0],[0,0],[0,0],[0,0],[0,0],[0,0],[0,0],[0,0],[0,0],[0,0],[0,0],[0,0],[0,0],[0,0],[0,0],[0,0]],"original_value":-2.622171749113301,"class":0,"node_positions":[[-0.2924085937275621,0.4179159687718326],[0.2355519697007421,-0.2601179827694394],[-0.5048209873107794,-0.45241801673424165],[-0.1864703198550341,-0.24983813844707645],[0.819148805806703,0.06893749896165102],[-0.29330269903560935,-0.9999999999999999],[0.12744882497641088,0.4016998815204764],[0.40662424918783635,0.6732515394841111],[-0.0473741326817244,0.07863844225275776],[-0.23989356880022297,-0.632972337957017],[0.43070663722865665,0.103589803137348],[-0.47935335068860446,0.06149840611551596],[0.02414316519918768,0.7898149356640816]],"node_coordinates":[[245.93554298147063,629.5946508080262],[498.79251552623305,390.9323282632039],[144.20454545454547,323.24431260091694],[296.67272500522415,394.5507481311137],[778.2954545454545,506.75712632461347],[245.5073277377771,130.50000000000006],[447.0185085434659,623.8867227061949],[580.7244280095265,719.4706521439132],[363.2902779390597,510.17177783501086],[271.0866454236949,259.69069032200593],[592.2582435129204,518.9544497437462],[156.40180021224438,504.13862739509915],[397.54216847672313,760.5]]},"label":"0","name":"390","value":-2.622171749113301,"input_type":"classification","classes":{"0":"low","1":"high"},"image_width":900,"image_height":900,"image_path":"./390.png"}