{"graph":{"node_indices":[0,1,2,3,4,5,6,7,8,9,10,11,12,13,14,15,16],"node_attributes":[[0.0,1.0,0.0],[0.0,0.0,1.0],[1.0,0.0,0.0],[0.0,1.0,0.0],[0.0,1.0,1.0],[0.800000011920929,0.800000011920929,0.800000011920929],[1.0,0.0,1.0],[0.0,0.0,1.0],[1.0,1.0,0.0],[0.0,1.0,0.0],[0.0,0.0,1.0],[0.800000011920929,0.800000011920929,0.800000011920929],[0.0,0.0,1.0],[0.0,1.0,1.0],[0.0,0.0,1.0],[0.0,1.0,0.0],[1.0,1.0,0.0]],"node_adjacency":[[0,0,0,0,0,0,0,1,0,0,0,0,0,0,0,0,0],[0,0,0,0,0,0,0,0,0,0,0,0,0,1,0,0,0],[0,0,0,0,0,0,0,0,0,0,0,0,0,0,0,1,0],[0,0,0,0,0,0,0,0,0,0,0,0,0,0,1,0,0],[0,0,0,0,0,0,0,0,0,1,0,0,0,0,0,1,0],[0,0,0,0,0,0,0,0,0,0,0,0,0,0,1,1,0],[0,0,0,0,0,0,0,0,0,0,0,0,1,1,1,0,0],[1,0,0,0,0,0,0,0,0,0,0,0,1,1,0,1,0],[0,0,0,0,0,0,0,0,0,0,0,1,0,0,0,0,0],[0,0,0,0,1,0,0,0,0,0,0,0,0,0,0,0,0],[0,0,0,0,0,0,0,0,0,0,0,0,0,0,1,1,0],[0,0,0,0,0,0,0,0,1,0,0,0,0,0,0,1,1],[0,0,0,0,0,0,1,1,0,0,0,0,0,0,0,1,0],[0,1,0,0,0,0,1,1,0,0,0,0,0,0,0,0,0],[0,0,0,1,0,1,1,0,0,0,1,0,0,0,0,1,0],[0,0,1,0,1,1,0,1,0,0,1,1,1,0,1,0,0],[0,0,0,0,0,0,0,0,0,0,0,1,0,0,0,0,0]],"edge_indices":[[14,10],[14,15],[10,14],[10,15],[15,10],[15,14],[11,15],[15,11],[3,14],[14,3],[16,11],[11,16],[12,15],[15,12],[4,15],[15,4],[7,15],[15,7],[13,7],[7,13],[1,13],[13,1],[5,14],[14,5],[2,15],[15,2],[9,4],[4,9],[6,12],[12,6],[0,7],[7,0],[8,11],[11,8],[7,12],[12,7],[6,13],[13,6],[5,15],[15,5],[6,14],[14,6]],"edge_attributes":[[1.0],[1.0],[1.0],[1.0],[1.0],[1.0],[1.0],[1.0],[1.0],[1.0],[1.0],[1.0],[1.0],[1.0],[1.0],[1.0],[1.0],[1.0],[1.0],[1.0],[1.0],[1.0],[1.0],[1.0],[1.0],[1.0],[1.0],[1.0],[1.0],[1.0],[1.0],[1.0],[1.0],[1.0],[1.0],[1.0],[1.0],[1.0],[1.0],[1.0],[1.0],[1.0]],"seed_graph_indices":[-1,-1,-1,-1,-1,-1,-1,-1,-1,-1,0,-1,-1,-1,0,0,-1],"graph_labels":0,"node_importances":[0,0,0,0,0,0,0,0,0,0,1,0,0,0,1,1,0],"edge_importances":[1,1,1,1,1,1,0,0,0,0,0,0,0,0,0,0,0,0,0,0,0,0,0,0,0,0,0,0,0,0,0,0,0,0,0,0,0,0,0,0,0,0],"multi_node_importances":[[0,0],[0,0],[0,0],[0,0],[0,0],[0,0],[0,0],[0,0],[0,0],[0,0],[1,0],[0,0],[0,0],[0,0],[1,0],[1,0],[0,0]],"multi_edge_importances":[[1,0],[1,0],[1,0],[1,0],[1,0],[1,0],[0,0],[0,0],[0,0],[0,0],[0,0],[0,0],[0,0],[0,0],[0,0],[0,0],[0,0],[0,0],[0,0],[0,0],[0,0],[0,0],[0,0],[0,0],[0,0],[0,0],[0,0],[0,0],[0,0],[0,0],[0,0],[0,0],[0,0],[0,0],[0,0],[0,0],[0,0],[0,0],[0,0],[0,0],[0,0],[0,0]],"original_value":-0.7547888099905616,"class":0,"node_positions":[[0.3302815456768919,0.628725906712413],[-0.18453933182157786,1.0],[0.1483349160856046,-0.5052537671777428],[0.7835222129475311,0.054837220696983775],[-0.12500085621567997,-0.5256567782419352],[0.4313977289640851,-0.2447113897739581],[0.22573698851834742,0.3972069833910833],[0.0027360748817023043,0.31422300341261583],[-0.7181714647343572,-0.4535779133632248],[-0.10392043539874496,-0.9245673822482979],[0.2742601351433399,-0.23858347473199862],[-0.43033035978521,-0.18574715885792495],[-0.1404875745346236,0.1527895593853929],[-0.07105319993863222,0.6509532074111886],[0.3724906378385964,0.04705759253629961],[0.0019196290821690402,-0.13426992059125434],[-0.7971766467094419,-0.033425688559640274]],"node_coordinates":[[596.4798069976493,638.9648015296132],[389.9615089438217,760.5],[523.4926576372691,267.76075788827234],[778.2954545454547,451.10446703337203],[413.8451259225949,261.08190783137013],[637.0421520595629,353.0483395434454],[554.5421837216045,563.1779400054163],[465.08627553764495,536.0134417037976],[175.89715240204816,284.6766571201893],[422.3014508690999,130.5],[574.007046347032,355.05428982195656],[291.3634392256779,372.3500620083169],[407.63269194903916,483.168802084924],[435.4860084999762,646.2408260374534],[613.4118123933674,448.55783458680867],[464.75876163068745,389.20094517672885],[144.20454545454544,422.2119307966235]]},"label":"0","name":"3918","value":-0.7547888099905616,"input_type":"classification","classes":{"0":"low","1":"high"},"image_width":900,"image_height":900,"image_path":"./3918.png"}