{"graph":{"node_indices":[0,1,2,3,4,5,6,7,8,9,10,11,12,13,14,15,16,17,18,19],"node_attributes":[[0.0,1.0,0.0],[1.0,0.0,0.0],[1.0,0.0,1.0],[1.0,0.0,0.0],[0.0,0.0,1.0],[0.0,0.0,1.0],[0.800000011920929,0.800000011920929,0.800000011920929],[1.0,1.0,0.0],[0.800000011920929,0.800000011920929,0.800000011920929],[0.800000011920929,0.800000011920929,0.800000011920929],[1.0,0.0,0.0],[0.0,1.0,1.0],[1.0,1.0,0.0],[0.0,1.0,0.0],[0.0,1.0,0.0],[1.0,0.0,0.0],[1.0,0.0,1.0],[0.800000011920929,0.800000011920929,0.800000011920929],[0.800000011920929,0.800000011920929,0.800000011920929],[0.800000011920929,0.800000011920929,0.800000011920929]],"node_adjacency":[[0,0,0,0,0,0,0,0,0,0,0,0,0,0,0,0,0,0,1,0],[0,0,1,0,0,0,0,0,0,0,0,0,0,0,0,0,0,0,0,0],[0,1,0,0,0,0,0,0,0,1,0,0,0,0,0,0,0,0,0,0],[0,0,0,0,1,0,0,1,0,0,0,0,0,0,1,0,0,0,0,1],[0,0,0,1,0,0,0,0,0,0,0,0,0,0,0,0,0,0,0,0],[0,0,0,0,0,0,0,0,0,0,0,0,0,1,0,0,0,0,0,0],[0,0,0,0,0,0,0,0,0,0,0,0,0,0,0,1,0,0,0,0],[0,1,0,1,0,0,0,0,0,0,0,0,0,1,0,1,0,0,0,0],[0,0,0,0,0,0,0,0,0,0,0,0,0,0,0,0,0,0,1,0],[0,0,1,0,0,0,0,0,0,0,0,0,0,0,0,0,0,0,0,0],[0,0,0,0,0,0,0,0,0,0,0,0,1,0,0,0,0,0,0,0],[0,0,0,0,0,0,0,0,0,0,0,0,0,0,1,0,0,0,0,0],[0,0,0,0,0,0,0,0,0,0,1,0,0,0,1,0,0,0,0,0],[0,0,0,0,0,1,0,1,0,0,0,0,0,0,0,0,0,0,0,0],[0,0,0,1,0,0,0,0,0,0,0,1,1,0,0,1,0,0,0,0],[0,0,0,0,0,0,1,1,0,0,0,0,0,0,1,0,0,1,1,0],[0,0,0,0,0,0,0,0,0,0,0,0,0,0,0,0,0,0,0,1],[0,0,0,0,0,0,0,0,0,0,0,0,0,0,0,1,0,0,0,0],[1,0,0,0,0,0,0,0,1,0,0,0,0,0,0,1,0,0,0,0],[0,0,0,1,0,0,0,0,0,0,0,0,0,0,0,0,1,0,0,0]],"edge_indices":[[7,15],[7,3],[7,1],[15,7],[3,7],[3,7],[19,3],[3,19],[16,19],[19,16],[14,15],[15,14],[13,7],[7,13],[18,15],[15,18],[2,1],[1,2],[17,15],[15,17],[11,14],[14,11],[5,13],[13,5],[6,15],[15,6],[4,3],[3,4],[12,14],[14,12],[10,12],[12,10],[0,18],[18,0],[9,2],[2,9],[8,18],[18,8],[3,14],[14,3]],"edge_attributes":[[1.0],[1.0],[1.0],[1.0],[1.0],[1.0],[1.0],[1.0],[1.0],[1.0],[1.0],[1.0],[1.0],[1.0],[1.0],[1.0],[1.0],[1.0],[1.0],[1.0],[1.0],[1.0],[1.0],[1.0],[1.0],[1.0],[1.0],[1.0],[1.0],[1.0],[1.0],[1.0],[1.0],[1.0],[1.0],[1.0],[1.0],[1.0],[1.0],[1.0]],"seed_graph_indices":[-1,0,-1,0,-1,-1,-1,0,-1,-1,-1,-1,-1,-1,-1,0,-1,-1,-1,-1],"graph_labels":1,"node_importances":[0,1,0,1,0,0,0,1,0,0,0,0,0,0,0,1,0,0,0,0],"edge_importances":[1,1,1,1,1,1,0,0,0,0,0,0,0,0,0,0,0,0,0,0,0,0,0,0,0,0,0,0,0,0,0,0,0,0,0,0,0,0,0,0],"multi_node_importances":[[0,0],[0,1],[0,0],[0,1],[0,0],[0,0],[0,0],[0,1],[0,0],[0,0],[0,0],[0,0],[0,0],[0,0],[0,0],[0,1],[0,0],[0,0],[0,0],[0,0]],"multi_edge_importances":[[0,1],[0,1],[0,1],[0,1],[0,1],[0,1],[0,0],[0,0],[0,0],[0,0],[0,0],[0,0],[0,0],[0,0],[0,0],[0,0],[0,0],[0,0],[0,0],[0,0],[0,0],[0,0],[0,0],[0,0],[0,0],[0,0],[0,0],[0,0],[0,0],[0,0],[0,0],[0,0],[0,0],[0,0],[0,0],[0,0],[0,0],[0,0],[0,0],[0,0]],"original_value":1.698770036681449,"class":1,"node_positions":[[-0.10642447353287589,1.0],[0.2914977204418748,-0.37569960092172966],[0.49323307380683884,-0.6809318621468995],[-0.2921669334534806,-0.23588064129560765],[-0.3599829817946785,-0.6049026152954983],[0.7535910942012558,0.34574704691945013],[0.1350174737694051,0.5638030749908379],[0.07395311133095332,-0.02089200202738048],[-0.5216152513795012,0.8551452688009844],[0.68471866423441,-0.95680506248396],[0.7000372425621587,-0.13429525918933802],[-0.10537920214846806,-0.38561685356326225],[0.314944249502022,-0.08410369406605442],[0.4254831876126849,0.17893729100425873],[-0.11716898527674209,-0.01817793732410088],[-0.10096683453118001,0.30833263323731575],[-0.948110650331977,-0.4621799283061473],[-0.4498898983614949,0.3530697962626153],[-0.22392881360977393,0.6620007977604206],[-0.6468417930414312,-0.3075504523559052]],"node_coordinates":[[457.8350360680379,760.5],[606.1094599119814,317.58886633780673],[681.2804198183857,219.31830875464263],[388.62337447915957,362.604052701154],[363.35364675997084,243.79618160702614],[778.2954545454545,549.8610516739324],[547.8015324587295,620.0649265098809],[525.0476290699336,431.8203713502138],[303.1259640366512,713.8635299678056],[752.6320961636037,130.5],[758.3401300708538,395.3098096280653],[458.2245268142953,314.3959733491538],[614.8461442190503,411.4691535677879],[656.0353455474885,496.1560872697778],[453.83139839105183,432.69417364960873],[459.8686705090865,537.8153548022043],[144.20454545454555,289.746232803824],[329.852383308513,552.218635561383],[414.05037517734524,651.6800150697534],[256.46384366225845,339.5297149279924]]},"label":"1","name":"3927","value":1.698770036681449,"input_type":"classification","classes":{"0":"low","1":"high"},"image_width":900,"image_height":900,"image_path":"./3927.png"}