{"graph":{"node_indices":[0,1,2,3,4,5,6,7,8,9,10,11,12,13,14,15,16,17,18,19,20,21,22,23,24,25,26],"node_attributes":[[0.800000011920929,0.800000011920929,0.800000011920929],[0.0,1.0,1.0],[0.800000011920929,0.800000011920929,0.800000011920929],[0.0,1.0,1.0],[0.800000011920929,0.800000011920929,0.800000011920929],[1.0,0.0,1.0],[0.800000011920929,0.800000011920929,0.800000011920929],[0.0,0.0,1.0],[1.0,1.0,0.0],[0.0,0.0,1.0],[0.0,1.0,1.0],[0.0,0.0,1.0],[1.0,1.0,0.0],[1.0,1.0,0.0],[0.0,1.0,0.0],[0.0,0.0,1.0],[1.0,1.0,0.0],[0.800000011920929,0.800000011920929,0.800000011920929],[0.0,1.0,1.0],[1.0,1.0,0.0],[0.0,0.0,1.0],[0.800000011920929,0.800000011920929,0.800000011920929],[0.0,1.0,0.0],[1.0,0.0,0.0],[1.0,1.0,0.0],[0.0,1.0,1.0],[0.800000011920929,0.800000011920929,0.800000011920929]],"node_adjacency":[[0,0,0,1,0,0,0,0,0,0,0,0,0,0,0,0,0,0,0,0,0,0,0,0,0,0,0],[0,0,0,0,0,0,0,0,1,0,0,0,0,0,0,0,0,0,0,0,0,0,0,0,0,0,0],[0,0,0,0,0,0,1,0,0,0,1,0,0,0,0,0,0,0,0,0,0,0,0,1,0,0,0],[1,0,0,0,1,1,0,1,0,0,0,0,0,0,0,1,0,0,0,0,0,1,0,0,0,0,0],[0,0,0,1,0,0,0,0,0,0,0,0,0,0,0,1,0,0,0,0,0,0,0,0,0,0,0],[0,0,0,1,0,0,0,0,0,0,0,0,0,0,0,0,1,0,0,0,0,0,0,0,0,0,0],[0,0,1,0,0,0,0,0,0,0,0,0,0,0,0,0,0,0,0,0,0,0,0,0,0,0,0],[0,0,0,1,0,0,0,0,0,0,0,0,1,0,0,0,0,0,0,0,0,0,0,0,0,0,0],[0,1,0,0,0,0,0,0,0,0,0,0,0,0,0,0,0,0,0,0,0,0,0,0,0,1,0],[0,0,0,0,0,0,0,0,0,0,0,0,0,0,0,0,0,0,0,0,0,0,0,0,1,0,0],[0,0,1,0,0,0,0,0,0,0,0,0,0,0,0,0,0,1,0,0,1,0,1,0,0,0,0],[0,0,0,0,0,0,0,0,0,0,0,0,0,0,0,0,0,0,0,0,0,0,0,0,1,0,0],[0,0,0,0,0,0,0,1,0,0,0,0,0,0,0,0,0,0,0,0,0,0,0,0,0,0,0],[0,0,0,0,0,0,0,0,0,0,0,0,0,0,0,0,0,0,0,0,0,0,0,0,0,1,0],[0,0,0,0,0,0,0,0,0,0,0,0,0,0,0,0,0,0,0,0,0,1,0,0,1,0,0],[0,0,0,1,1,0,0,0,0,0,0,0,0,0,0,0,0,1,0,0,0,0,0,0,0,0,1],[0,0,0,0,0,1,0,0,0,0,0,0,0,0,0,0,0,0,0,0,0,0,0,0,0,0,0],[0,0,0,0,0,0,0,0,0,0,1,0,0,0,0,1,0,0,1,1,0,0,0,0,0,0,0],[0,0,0,0,0,0,0,0,0,0,0,0,0,0,0,0,0,1,0,0,0,0,0,0,0,0,0],[0,0,0,0,0,0,0,0,0,0,0,0,0,0,0,0,0,1,0,0,0,0,0,0,0,0,0],[0,0,0,0,0,0,0,0,0,0,1,0,0,0,0,0,0,0,0,0,0,0,0,0,0,0,0],[0,0,0,1,0,0,0,0,0,0,0,0,0,0,1,0,0,0,0,0,0,0,0,0,0,0,0],[0,0,0,0,0,0,0,0,0,0,1,0,0,0,0,0,0,0,0,0,0,0,0,0,0,0,0],[0,0,1,0,0,0,0,0,0,0,0,0,0,0,0,0,0,0,0,0,0,0,0,0,0,0,0],[0,0,0,0,0,0,0,0,0,1,0,1,0,0,1,1,0,0,0,0,0,0,0,0,0,0,0],[0,0,0,0,0,0,0,0,1,0,0,0,0,1,0,0,0,0,0,0,0,0,0,0,0,0,1],[0,0,0,0,0,0,0,0,0,0,0,0,0,0,0,1,0,0,0,0,0,0,0,0,0,1,0]],"edge_indices":[[24,9],[24,11],[24,15],[9,24],[11,24],[11,24],[3,15],[15,3],[17,15],[15,17],[26,15],[15,26],[10,17],[17,10],[21,3],[3,21],[4,15],[15,4],[7,3],[3,7],[25,26],[26,25],[12,7],[7,12],[22,10],[10,22],[8,25],[25,8],[2,10],[10,2],[5,3],[3,5],[20,10],[10,20],[16,5],[5,16],[0,3],[3,0],[18,17],[17,18],[1,8],[8,1],[14,24],[24,14],[19,17],[17,19],[13,25],[25,13],[23,2],[2,23],[6,2],[2,6],[14,21],[21,14],[4,3],[3,4]],"edge_attributes":[[1.0],[1.0],[1.0],[1.0],[1.0],[1.0],[1.0],[1.0],[1.0],[1.0],[1.0],[1.0],[1.0],[1.0],[1.0],[1.0],[1.0],[1.0],[1.0],[1.0],[1.0],[1.0],[1.0],[1.0],[1.0],[1.0],[1.0],[1.0],[1.0],[1.0],[1.0],[1.0],[1.0],[1.0],[1.0],[1.0],[1.0],[1.0],[1.0],[1.0],[1.0],[1.0],[1.0],[1.0],[1.0],[1.0],[1.0],[1.0],[1.0],[1.0],[1.0],[1.0],[1.0],[1.0],[1.0],[1.0]],"seed_graph_indices":[-1,-1,-1,-1,-1,-1,-1,-1,-1,0,-1,0,-1,-1,-1,0,-1,-1,-1,-1,-1,-1,-1,-1,0,-1,-1],"graph_labels":0,"node_importances":[0,0,0,0,0,0,0,0,0,1,0,1,0,0,0,1,0,0,0,0,0,0,0,0,1,0,0],"edge_importances":[1,1,1,1,1,1,0,0,0,0,0,0,0,0,0,0,0,0,0,0,0,0,0,0,0,0,0,0,0,0,0,0,0,0,0,0,0,0,0,0,0,0,0,0,0,0,0,0,0,0,0,0,0,0,0,0],"multi_node_importances":[[0,0],[0,0],[0,0],[0,0],[0,0],[0,0],[0,0],[0,0],[0,0],[1,0],[0,0],[1,0],[0,0],[0,0],[0,0],[1,0],[0,0],[0,0],[0,0],[0,0],[0,0],[0,0],[0,0],[0,0],[1,0],[0,0],[0,0]],"multi_edge_importances":[[1,0],[1,0],[1,0],[1,0],[1,0],[1,0],[0,0],[0,0],[0,0],[0,0],[0,0],[0,0],[0,0],[0,0],[0,0],[0,0],[0,0],[0,0],[0,0],[0,0],[0,0],[0,0],[0,0],[0,0],[0,0],[0,0],[0,0],[0,0],[0,0],[0,0],[0,0],[0,0],[0,0],[0,0],[0,0],[0,0],[0,0],[0,0],[0,0],[0,0],[0,0],[0,0],[0,0],[0,0],[0,0],[0,0],[0,0],[0,0],[0,0],[0,0],[0,0],[0,0],[0,0],[0,0],[0,0],[0,0]],"original_value":-1.6389370416702125,"class":0,"node_positions":[[0.5308699502507878,-0.3177335594688733],[-0.6860096562336929,-0.8530141417952559],[-0.3956359811804197,0.7277720321870482],[0.28536950676590156,-0.26351075707988136],[0.10251417409806401,-0.20827360613823298],[0.207049440417562,-0.5400485574887508],[-0.6516282817723977,0.8203607506544542],[0.46653101062642094,-0.4845088430008554],[-0.5169742702581548,-0.6544243535075424],[0.4366839748464698,0.40829674841961494],[-0.2529543228845519,0.4821589079453441],[0.5991996973978326,0.296393630444918],[0.7074134585938784,-0.6237949136102324],[-0.6791321655555562,-0.3648806298284329],[0.5980666420234912,0.06106677777017141],[0.08265880859194116,-0.020314991208303594],[0.23690522492503854,-0.8122035253865814],[-0.09409632949267664,0.218977417610779],[-0.3344369603926369,0.1515780234798239],[0.04959440698102768,0.4171391140293992],[-0.09463734007976486,0.7166003804670101],[0.5256424006822135,-0.1416083590798928],[-0.5281024731599877,0.4440482297702076],[-0.35079670377495015,1.0],[0.33970346419036457,0.15081994621688802],[-0.4074180891869841,-0.3982905894016939],[-0.17637958641921975,-0.21260513200112907]],"node_coordinates":[[697.9575926941952,312.48823163805196],[144.20454545454544,130.5],[276.341945524432,667.9461355400117],[586.2401985049822,330.92325851376125],[503.03007884379264,349.7031503172441],[550.5998811150813,236.90410867133247],[159.85012844794613,699.4250602383161],[668.6795246886934,255.7868680298092],[221.1257622918484,198.01786929162222],[655.0973371607363,559.3288162040205],[341.27063908254115,584.4409615739024],[729.0517169593745,521.2832542550127],[778.2954545454545,208.4314687888231],[147.33421530856077,296.4588589222314],[728.5361089543678,441.2752749087485],[493.9946992594173,413.6065629976959],[564.1860498376453,144.3750632051603],[413.560533210411,494.9627783420466],[304.1911625453515,472.0478866826858],[478.94841772948485,562.3351021294842],[413.3143410155607,664.147923521616],[695.5787447886435,372.36844180069943],[216.06176398474085,571.4838412212889],[296.7465002289318,760.5],[610.9654008438625,471.79015056244936],[270.98038126057656,285.09991996089013],[376.116726923353,348.23048951446106]]},"label":"0","name":"3928","value":-1.6389370416702125,"input_type":"classification","classes":{"0":"low","1":"high"},"image_width":900,"image_height":900,"image_path":"./3928.png"}