{"graph": {"node_indices": [0, 1, 2, 3, 4, 5, 6, 7, 8, 9, 10], "node_attributes": [[1.0, 0.0, 0.0], [0.0, 1.0, 0.0], [1.0, 0.0, 1.0], [0.0, 1.0, 1.0], [0.0, 1.0, 1.0], [0.0, 0.0, 1.0], [0.0, 0.0, 1.0], [0.0, 1.0, 1.0], [0.0, 0.0, 1.0], [0.0, 1.0, 0.0], [1.0, 0.0, 0.0]], "node_adjacency": [[0, 1, 0, 1, 0, 1, 0, 1, 0, 0, 1], [1, 0, 0, 0, 1, 0, 0, 0, 0, 0, 1], [0, 0, 0, 1, 0, 0, 1, 0, 1, 0, 1], [1, 0, 1, 0, 0, 0, 0, 0, 0, 0, 0], [0, 1, 0, 0, 0, 0, 0, 0, 0, 0, 1], [1, 0, 0, 0, 0, 0, 0, 0, 0, 0, 0], [0, 0, 1, 0, 0, 0, 0, 0, 0, 0, 1], [1, 0, 0, 0, 0, 0, 0, 0, 0, 0, 0], [0, 0, 1, 0, 0, 0, 0, 0, 0, 1, 0], [0, 0, 0, 0, 0, 0, 0, 0, 1, 0, 0], [1, 1, 1, 0, 1, 0, 1, 0, 0, 0, 0]], "edge_indices": [[0, 10], [0, 1], [10, 0], [10, 1], [1, 10], [1, 0], [2, 10], [10, 2], [8, 2], [2, 8], [7, 0], [0, 7], [4, 10], [10, 4], [9, 8], [8, 9], [6, 10], [10, 6], [5, 0], [0, 5], [3, 0], [0, 3], [6, 2], [2, 6], [2, 3], [3, 2], [1, 4], [4, 1]], "edge_attributes": [[1.0], [1.0], [1.0], [1.0], [1.0], [1.0], [1.0], [1.0], [1.0], [1.0], [1.0], [1.0], [1.0], [1.0], [1.0], [1.0], [1.0], [1.0], [1.0], [1.0], [1.0], [1.0], [1.0], [1.0], [1.0], [1.0], [1.0], [1.0]], "seed_graph_indices": [0, 0, -1, -1, -1, -1, -1, -1, -1, -1, 0], "graph_labels": 1, "node_importances": [1, 1, 0, 0, 0, 0, 0, 0, 0, 0, 1], "edge_importances": [1, 1, 1, 1, 1, 1, 0, 0, 0, 0, 0, 0, 0, 0, 0, 0, 0, 0, 0, 0, 0, 0, 0, 0, 0, 0, 0, 0], "multi_node_importances": [[0, 1], [0, 1], [0, 0], [0, 0], [0, 0], [0, 0], [0, 0], [0, 0], [0, 0], [0, 0], [0, 1]], "multi_edge_importances": [[0, 1], [0, 1], [0, 1], [0, 1], [0, 1], [0, 1], [0, 0], [0, 0], [0, 0], [0, 0], [0, 0], [0, 0], [0, 0], [0, 0], [0, 0], [0, 0], [0, 0], [0, 0], [0, 0], [0, 0], [0, 0], [0, 0], [0, 0], [0, 0], [0, 0], [0, 0], [0, 0], [0, 0]], "original_value": 0.87, "class": 1, "node_positions": [[-0.08649952007797918, 0.40407693381072574], [-0.4157843083119875, 0.18600316520925733], [0.11216656408118943, -0.2966166806250063], [0.2657803698641568, 0.17680783240463993], [-0.5357252706569514, -0.1557333029758476], [-0.3484154937100668, 0.7288861503729447], [0.2970787084304231, -0.10996838829008646], [0.14507129072282576, 0.7528766668350302], [0.264714336137139, -0.666160337372732], [0.44002487457815626, -1.0], [-0.13841155105690567, -0.020172039368925403]], "node_coordinates": [[436.133750858898, 635.1381670981574], [222.14814015647767, 556.7604484495384], [565.2368399285543, 383.3024358989033], [665.0627207992832, 553.4555612452556], [144.2045454545455, 433.93721791082174], [265.927742039105, 751.8775876779719], [685.4019357626967, 450.38554927237044], [586.6199656513343, 760.5], [664.3699591344376, 250.48504597298788], [778.2954545454546, 130.5], [402.3987347003797, 482.6591831741078]]}, "label": "1", "name": "393", "value": 0.87, "input_type": "classification", "classes": {"0": "low", "1": "high"}, "image_width": 900, "image_height": 900, "image_path": "./393.png"}