{"graph": {"node_indices": [0, 1, 2, 3, 4, 5, 6, 7, 8, 9, 10, 11, 12], "node_attributes": [[1.0, 0.0, 0.0], [1.0, 0.0, 0.0], [1.0, 0.0, 1.0], [0.0, 1.0, 1.0], [0.0, 1.0, 0.0], [0.0, 1.0, 1.0], [1.0, 0.0, 0.0], [0.0, 1.0, 1.0], [1.0, 0.0, 1.0], [1.0, 0.0, 0.0], [1.0, 0.0, 0.0], [1.0, 0.0, 0.0], [1.0, 0.0, 0.0]], "node_adjacency": [[0, 0, 0, 0, 0, 0, 0, 0, 0, 0, 0, 1, 0], [0, 0, 0, 0, 0, 0, 0, 0, 0, 0, 0, 0, 1], [0, 0, 0, 1, 0, 0, 0, 0, 0, 1, 1, 0, 1], [0, 0, 1, 0, 0, 0, 0, 0, 0, 1, 0, 0, 0], [0, 0, 0, 0, 0, 0, 0, 0, 1, 1, 0, 1, 0], [0, 0, 0, 0, 0, 0, 0, 0, 0, 0, 0, 0, 1], [0, 0, 0, 0, 0, 0, 0, 0, 0, 0, 1, 0, 0], [0, 0, 0, 0, 0, 0, 0, 0, 0, 0, 0, 0, 1], [0, 0, 0, 0, 1, 0, 0, 0, 0, 0, 0, 0, 0], [0, 0, 1, 1, 1, 0, 0, 0, 0, 0, 0, 0, 0], [0, 0, 1, 0, 0, 0, 1, 0, 0, 0, 0, 1, 0], [1, 0, 0, 0, 1, 0, 0, 0, 0, 0, 1, 0, 0], [0, 1, 1, 0, 0, 1, 0, 1, 0, 0, 0, 0, 0]], "edge_indices": [[0, 11], [11, 0], [11, 10], [10, 11], [10, 6], [6, 10], [2, 10], [10, 2], [12, 2], [2, 12], [5, 12], [12, 5], [9, 2], [2, 9], [4, 9], [9, 4], [8, 4], [4, 8], [3, 9], [9, 3], [1, 12], [12, 1], [7, 12], [12, 7], [2, 3], [3, 2], [4, 11], [11, 4]], "edge_attributes": [[1.0], [1.0], [1.0], [1.0], [1.0], [1.0], [1.0], [1.0], [1.0], [1.0], [1.0], [1.0], [1.0], [1.0], [1.0], [1.0], [1.0], [1.0], [1.0], [1.0], [1.0], [1.0], [1.0], [1.0], [1.0], [1.0], [1.0], [1.0]], "seed_graph_indices": [0, -1, -1, -1, -1, -1, 0, -1, -1, -1, 0, 0, -1], "graph_labels": 1, "node_importances": [1, 0, 0, 0, 0, 0, 1, 0, 0, 0, 1, 1, 0], "edge_importances": [1, 1, 1, 1, 1, 1, 0, 0, 0, 0, 0, 0, 0, 0, 0, 0, 0, 0, 0, 0, 0, 0, 0, 0, 0, 0, 0, 0], "multi_node_importances": [[0, 1], [0, 0], [0, 0], [0, 0], [0, 0], [0, 0], [0, 1], [0, 0], [0, 0], [0, 0], [0, 1], [0, 1], [0, 0]], "multi_edge_importances": [[0, 1], [0, 1], [0, 1], [0, 1], [0, 1], [0, 1], [0, 0], [0, 0], [0, 0], [0, 0], [0, 0], [0, 0], [0, 0], [0, 0], [0, 0], [0, 0], [0, 0], [0, 0], [0, 0], [0, 0], [0, 0], [0, 0], [0, 0], [0, 0], [0, 0], [0, 0], [0, 0], [0, 0]], "original_value": 3.67, "class": 1, "node_positions": [[0.9999999999999999, -0.26696382816513303], [-0.788984917295811, 0.6411613893471018], [-0.14165786939497754, 0.057834552356225276], [-0.388970195359919, -0.29951799035028537], [0.30946026995993275, -0.5604646521098093], [-0.3730350071627658, 0.7964874592259739], [0.5667133054134834, 0.48278696980042946], [-0.8986152191990707, 0.2075230323281425], [0.35781598154257266, -0.9753166992936049], [-0.060199553557927214, -0.36235198388803297], [0.31069959299850947, 0.1369125566187084], [0.5824007023035678, -0.22312557631563942], [-0.47562709024759464, 0.3650347704459237]], "node_coordinates": [[778.2954545454545, 382.3688686134529], [180.81837699597486, 705.2707448065524], [397.00973169064963, 497.8573545979464], [314.4134815317308, 370.79359260000103], [547.6721240481829, 278.00884767319116], [319.7354434902629, 760.5], [633.5883273249851, 648.9575886179075], [144.2045454545455, 551.0820532356914], [563.8217455234119, 130.5], [424.2148109609606, 348.4517238678177], [548.0860275417617, 525.9751025137152], [638.8275330654194, 397.9564258117931], [285.47220438264026, 607.0884659856847]]}, "label": "1", "name": "3935", "value": 3.67, "input_type": "classification", "classes": {"0": "low", "1": "high"}, "image_width": 900, "image_height": 900, "image_path": "./3935.png"}