{"graph":{"node_indices":[0,1,2,3,4,5,6,7,8,9,10,11,12,13,14,15,16,17,18],"node_attributes":[[0.0,1.0,0.0],[0.0,1.0,0.0],[1.0,0.0,0.0],[0.0,1.0,0.0],[0.800000011920929,0.800000011920929,0.800000011920929],[0.0,1.0,0.0],[0.0,0.0,1.0],[0.0,1.0,0.0],[0.0,0.0,1.0],[0.800000011920929,0.800000011920929,0.800000011920929],[0.0,1.0,0.0],[0.0,1.0,0.0],[1.0,0.0,0.0],[1.0,0.0,0.0],[0.0,0.0,1.0],[0.800000011920929,0.800000011920929,0.800000011920929],[1.0,0.0,1.0],[0.0,1.0,0.0],[1.0,1.0,0.0]],"node_adjacency":[[0,0,0,0,0,1,0,0,0,0,1,0,0,0,0,0,0,0,1],[0,0,0,0,0,0,1,0,0,0,0,1,0,0,0,1,0,0,0],[0,0,0,0,0,0,0,0,0,0,0,0,0,0,0,0,1,0,0],[0,0,0,0,0,0,0,0,0,0,0,1,0,0,0,0,0,0,0],[0,0,0,0,0,0,1,1,0,0,0,0,0,0,1,0,0,0,0],[1,0,0,0,0,0,0,0,0,0,0,0,0,1,1,0,0,0,0],[0,1,0,0,1,0,0,0,0,1,1,0,0,0,1,0,1,0,0],[0,0,0,0,1,0,0,0,0,0,0,0,0,0,0,0,0,1,0],[0,0,0,0,0,0,0,0,0,0,0,1,1,0,0,0,0,0,0],[0,0,0,0,0,0,1,0,0,0,0,0,0,0,0,0,0,0,0],[1,0,0,0,0,0,1,0,0,0,0,0,0,0,1,0,0,0,0],[0,1,0,1,0,0,0,0,1,0,0,0,0,0,0,0,0,0,0],[0,0,0,0,0,0,0,0,1,0,0,0,0,0,0,0,0,0,0],[0,0,0,0,0,1,0,0,0,0,0,0,0,0,0,0,0,0,0],[0,0,0,0,1,1,1,0,0,0,1,0,0,0,0,0,0,0,0],[0,1,0,0,0,0,0,0,0,0,0,0,0,0,0,0,0,0,0],[0,0,1,0,0,0,1,0,0,0,0,0,0,0,0,0,0,0,1],[0,0,0,0,0,0,0,1,0,0,0,0,0,0,0,0,0,0,0],[1,0,0,0,0,0,0,0,0,0,0,0,0,0,0,0,1,0,0]],"edge_indices":[[14,6],[14,10],[6,14],[6,10],[10,6],[10,14],[16,6],[6,16],[4,6],[6,4],[9,6],[6,9],[18,16],[16,18],[1,6],[6,1],[11,1],[1,11],[7,4],[4,7],[8,11],[11,8],[0,10],[10,0],[5,14],[14,5],[17,7],[7,17],[13,5],[5,13],[15,1],[1,15],[2,16],[16,2],[3,11],[11,3],[12,8],[8,12],[0,5],[5,0],[0,18],[18,0],[14,4],[4,14]],"edge_attributes":[[1.0],[1.0],[1.0],[1.0],[1.0],[1.0],[1.0],[1.0],[1.0],[1.0],[1.0],[1.0],[1.0],[1.0],[1.0],[1.0],[1.0],[1.0],[1.0],[1.0],[1.0],[1.0],[1.0],[1.0],[1.0],[1.0],[1.0],[1.0],[1.0],[1.0],[1.0],[1.0],[1.0],[1.0],[1.0],[1.0],[1.0],[1.0],[1.0],[1.0],[1.0],[1.0],[1.0],[1.0]],"seed_graph_indices":[-1,-1,-1,-1,-1,-1,0,-1,-1,-1,0,-1,-1,-1,0,-1,-1,-1,-1],"graph_labels":0,"node_importances":[0,0,0,0,0,0,1,0,0,0,1,0,0,0,1,0,0,0,0],"edge_importances":[1,1,1,1,1,1,0,0,0,0,0,0,0,0,0,0,0,0,0,0,0,0,0,0,0,0,0,0,0,0,0,0,0,0,0,0,0,0,0,0,0,0,0,0],"multi_node_importances":[[0,0],[0,0],[0,0],[0,0],[0,0],[0,0],[1,0],[0,0],[0,0],[0,0],[1,0],[0,0],[0,0],[0,0],[1,0],[0,0],[0,0],[0,0],[0,0]],"multi_edge_importances":[[1,0],[1,0],[1,0],[1,0],[1,0],[1,0],[0,0],[0,0],[0,0],[0,0],[0,0],[0,0],[0,0],[0,0],[0,0],[0,0],[0,0],[0,0],[0,0],[0,0],[0,0],[0,0],[0,0],[0,0],[0,0],[0,0],[0,0],[0,0],[0,0],[0,0],[0,0],[0,0],[0,0],[0,0],[0,0],[0,0],[0,0],[0,0],[0,0],[0,0],[0,0],[0,0],[0,0],[0,0]],"original_value":-0.5250379163345306,"class":0,"node_positions":[[-0.16182514073691529,-0.5446989108547615],[0.1668312606056791,0.1689942240116318],[-0.6925917377938899,-0.19609763604699165],[0.5678305557915829,0.5045014044697672],[-0.16918358591720434,0.17539083278277287],[0.08319615776291511,-0.44964905062447114],[-0.12776215125595,-0.012924863623444473],[-0.37087714540048394,0.4160258574294489],[0.7334180237912141,0.15129248945630036],[-0.3750413724087764,0.10930455551776384],[-0.11374454583038905,-0.2764861971139532],[0.46176049029604577,0.23071691883875334],[0.9999999999999999,0.15432116690853628],[0.2125455334959842,-0.6988550538606753],[0.018072506009515356,-0.13395643080519737],[0.14785181307597325,0.46088716813910807],[-0.403994159708737,-0.18850650164807287],[-0.5635044576973455,0.6153962051987284],[-0.41298204407921846,-0.48565617817524354]],"node_coordinates":[[343.04415132524844,204.39634928958134],[466.167779813177,546.5125708769367],[144.20454545454544,371.50199337020706],[616.3930243016424,707.3414247445755],[340.2874775865791,549.5788517711266],[434.8357951358787,249.9594876410252],[355.8050738111938,459.3077655400009],[264.72758346986336,664.9297517473644],[678.4265943430516,538.0270604442967],[263.16755075176053,517.8997079316503],[361.0564501290037,332.96690114710225],[576.6562923091649,576.0999861242436],[778.2954545454545,539.4788884579706],[483.2935900178427,130.50000000000006],[410.4387036095691,401.2900259343523],[459.0575624645798,686.4344872781581],[252.32104901728064,375.14088253873757],[192.56415218119608,760.4999999999999],[248.95394303181084,232.69909682867652]]},"label":"0","name":"396","value":-0.5250379163345306,"input_type":"classification","classes":{"0":"low","1":"high"},"image_width":900,"image_height":900,"image_path":"./396.png"}