{"graph":{"node_indices":[0,1,2,3,4,5,6,7,8,9],"node_attributes":[[0.800000011920929,0.800000011920929,0.800000011920929],[0.0,0.0,1.0],[0.0,0.0,1.0],[0.0,0.0,1.0],[0.800000011920929,0.800000011920929,0.800000011920929],[0.0,0.0,1.0],[1.0,1.0,0.0],[0.0,0.0,1.0],[1.0,1.0,0.0],[0.0,1.0,0.0]],"node_adjacency":[[0,0,1,0,0,0,0,0,0,1],[0,0,0,0,0,0,0,0,1,0],[1,0,0,0,0,0,1,0,1,0],[0,0,0,0,1,0,0,0,0,0],[0,0,0,1,0,0,0,0,0,0],[0,0,0,0,0,0,1,1,0,1],[0,0,1,0,0,1,0,0,0,0],[0,0,0,0,0,1,0,0,0,1],[0,1,1,1,0,0,0,0,0,0],[1,0,0,0,0,1,0,1,0,0]],"edge_indices":[[5,7],[5,9],[7,5],[7,9],[9,7],[9,5],[8,2],[8,1],[8,3],[2,8],[1,8],[1,8],[4,3],[3,4],[6,5],[5,6],[0,2],[2,0],[6,2],[2,6],[9,0],[0,9]],"edge_attributes":[[1.0],[1.0],[1.0],[1.0],[1.0],[1.0],[1.0],[1.0],[1.0],[1.0],[1.0],[1.0],[1.0],[1.0],[1.0],[1.0],[1.0],[1.0],[1.0],[1.0],[1.0],[1.0]],"seed_graph_indices":[-1,1,1,1,-1,0,-1,0,1,0],"graph_labels":0,"node_importances":[0,1,1,1,0,1,0,1,1,1],"edge_importances":[1,1,1,1,1,1,1,1,1,1,1,1,0,0,0,0,0,0,0,0,0,0],"multi_node_importances":[[0,0],[1,0],[1,0],[1,0],[0,0],[1,0],[0,0],[1,0],[1,0],[1,0]],"multi_edge_importances":[[1,0],[1,0],[1,0],[1,0],[1,0],[1,0],[1,0],[1,0],[1,0],[1,0],[1,0],[1,0],[0,0],[0,0],[0,0],[0,0],[0,0],[0,0],[0,0],[0,0],[0,0],[0,0]],"original_value":-2.9548532323149677,"class":0,"node_positions":[[-0.45655391460552086,-0.05942602353663533],[-0.008002077934742788,0.8261271516216822],[-0.01920915739085432,0.040000168207999426],[0.6189623215082561,0.5293591611119105],[1.0,0.6778765663397528],[-0.23097989208653488,-0.6981408503530953],[0.08230646407538918,-0.3971416549043904],[-0.5919933175800731,-0.875023554610951],[0.19440155624535158,0.42942653870830766],[-0.5889319822312711,-0.4730575025845805]],"node_coordinates":[[198.1500571664966,432.5463987665964],[376.8082454567027,760.5],[372.344465915604,469.36765191578917],[626.5281542153343,650.5956668117865],[778.2954545454545,705.5972401296212],[287.99618618403423,196.00630892029284],[412.7781360771757,307.47761621712687],[144.20454545454544,130.5],[457.42560922531953,613.5868633685598],[145.42387526762826,279.36312649949485]]},"label":"0","name":"398","value":-2.9548532323149677,"input_type":"classification","classes":{"0":"low","1":"high"},"image_width":900,"image_height":900,"image_path":"./398.png"}