{"graph": {"node_indices": [0, 1, 2, 3, 4, 5, 6, 7, 8, 9, 10, 11], "node_attributes": [[1.0, 0.0, 0.0], [1.0, 0.0, 0.0], [0.0, 1.0, 0.0], [1.0, 0.0, 0.0], [1.0, 0.0, 1.0], [1.0, 0.0, 0.0], [1.0, 1.0, 0.0], [0.0, 1.0, 1.0], [1.0, 1.0, 0.0], [1.0, 1.0, 0.0], [0.0, 1.0, 0.0], [0.0, 1.0, 0.0]], "node_adjacency": [[0, 0, 0, 0, 1, 0, 0, 0, 0, 1, 0, 0], [0, 0, 1, 0, 0, 0, 0, 0, 0, 0, 0, 0], [0, 1, 0, 0, 0, 0, 1, 0, 0, 0, 0, 0], [0, 0, 0, 0, 0, 0, 0, 1, 0, 0, 0, 0], [1, 0, 0, 0, 0, 0, 0, 0, 0, 0, 1, 0], [0, 0, 0, 0, 0, 0, 0, 1, 0, 1, 0, 0], [0, 0, 1, 0, 0, 0, 0, 0, 0, 0, 0, 0], [0, 0, 0, 1, 0, 1, 0, 0, 1, 0, 1, 1], [0, 0, 0, 0, 0, 0, 0, 1, 0, 0, 0, 0], [1, 1, 0, 0, 0, 1, 0, 0, 0, 0, 0, 0], [0, 0, 0, 0, 1, 0, 0, 1, 0, 0, 0, 0], [0, 0, 0, 0, 0, 0, 0, 1, 0, 0, 0, 0]], "edge_indices": [[9, 0], [9, 5], [9, 1], [0, 9], [5, 9], [5, 9], [7, 5], [5, 7], [10, 7], [7, 10], [2, 1], [1, 2], [11, 7], [7, 11], [3, 7], [7, 3], [6, 2], [2, 6], [4, 0], [0, 4], [8, 7], [7, 8], [4, 10], [10, 4]], "edge_attributes": [[1.0], [1.0], [1.0], [1.0], [1.0], [1.0], [1.0], [1.0], [1.0], [1.0], [1.0], [1.0], [1.0], [1.0], [1.0], [1.0], [1.0], [1.0], [1.0], [1.0], [1.0], [1.0], [1.0], [1.0]], "seed_graph_indices": [0, 0, -1, -1, -1, 0, -1, -1, -1, 0, -1, -1], "graph_labels": 1, "node_importances": [1, 1, 0, 0, 0, 1, 0, 0, 0, 1, 0, 0], "edge_importances": [1, 1, 1, 1, 1, 1, 0, 0, 0, 0, 0, 0, 0, 0, 0, 0, 0, 0, 0, 0, 0, 0, 0, 0], "multi_node_importances": [[0, 1], [0, 1], [0, 0], [0, 0], [0, 0], [0, 1], [0, 0], [0, 0], [0, 0], [0, 1], [0, 0], [0, 0]], "multi_edge_importances": [[0, 1], [0, 1], [0, 1], [0, 1], [0, 1], [0, 1], [0, 0], [0, 0], [0, 0], [0, 0], [0, 0], [0, 0], [0, 0], [0, 0], [0, 0], [0, 0], [0, 0], [0, 0], [0, 0], [0, 0], [0, 0], [0, 0], [0, 0], [0, 0]], "original_value": 2.42, "class": 1, "node_positions": [[-0.36052025947632604, 0.16903320781488154], [0.061554628762111645, 0.47448445193662075], [0.14648634572023989, 0.738322163586997], [0.372113980156616, -0.3827208331543478], [-0.44631840116560817, -0.11938254033211716], [0.09955945620312501, -0.06698577372181667], [0.22108122765367633, 1.0], [0.05948954465504676, -0.37750413978259845], [0.22519105200541292, -0.627708092123356], [-0.048885759288214065, 0.2034775266573604], [-0.2567231562465227, -0.3534292842494748], [-0.07302865897955763, -0.6575866866321489]], "node_coordinates": [[210.6777482549711, 444.67393594040027], [537.6856424870848, 560.7669797302729], [603.4875716942679, 661.0439424256326], [778.2954545454545, 234.96843539920604], [144.20454545454538, 335.05558367082006], [567.130366488575, 354.9700552521274], [661.2809063400526, 760.5], [536.0856922790023, 236.95114728432594], [664.4650450897761, 141.85597594523682], [452.1205455317962, 457.76520956473854], [291.09587570205247, 246.1012925576837], [433.4155265678075, 130.49999999999994]]}, "label": "1", "name": "3989", "value": 2.42, "input_type": "classification", "classes": {"0": "low", "1": "high"}, "image_width": 900, "image_height": 900, "image_path": "./3989.png"}