{"graph":{"node_indices":[0,1,2,3,4,5,6,7,8,9,10,11,12,13,14,15],"node_attributes":[[1.0,1.0,0.0],[1.0,0.0,1.0],[0.800000011920929,0.800000011920929,0.800000011920929],[1.0,0.0,0.0],[1.0,0.0,0.0],[1.0,0.0,0.0],[0.0,1.0,1.0],[0.800000011920929,0.800000011920929,0.800000011920929],[1.0,0.0,0.0],[0.0,1.0,1.0],[0.0,0.0,1.0],[1.0,0.0,0.0],[0.0,0.0,1.0],[0.0,0.0,1.0],[0.0,0.0,1.0],[1.0,1.0,0.0]],"node_adjacency":[[0,0,0,0,0,1,0,0,1,0,0,1,0,0,0,0],[0,0,0,0,0,0,0,0,0,0,1,0,0,0,0,0],[0,0,0,0,0,0,0,0,0,0,0,1,0,0,0,0],[0,0,0,0,0,0,1,1,0,0,0,0,0,1,0,1],[0,0,0,0,0,0,0,0,0,0,1,0,0,0,0,0],[0,0,0,0,0,0,0,0,0,0,0,0,0,0,0,0],[0,0,0,1,0,0,0,0,1,0,0,0,0,0,1,0],[0,0,0,1,0,0,0,0,0,0,0,0,0,0,0,0],[1,0,0,0,0,0,1,0,0,1,0,0,0,0,0,0],[0,0,0,0,0,0,0,0,1,0,0,0,0,1,0,0],[0,1,0,0,1,0,0,0,0,0,0,0,0,0,0,0],[1,0,1,0,0,0,0,0,0,0,0,0,0,0,0,0],[0,0,0,0,0,0,0,0,0,0,0,0,0,0,0,1],[0,0,0,1,0,0,0,0,0,1,0,0,0,0,0,1],[0,0,0,0,0,0,1,0,0,0,0,0,0,0,0,0],[0,0,0,1,0,0,0,0,0,0,1,0,1,1,0,0]],"edge_indices":[[15,13],[15,12],[15,10],[13,15],[12,15],[12,15],[0,8],[0,11],[0,5],[8,0],[11,0],[11,0],[9,8],[8,9],[3,15],[15,3],[2,11],[11,2],[6,8],[8,6],[4,10],[10,4],[14,6],[6,14],[1,10],[10,1],[7,3],[3,7],[3,6],[6,3],[13,9],[9,13],[3,13],[13,3]],"edge_attributes":[[1.0],[1.0],[1.0],[1.0],[1.0],[1.0],[1.0],[1.0],[1.0],[1.0],[1.0],[1.0],[1.0],[1.0],[1.0],[1.0],[1.0],[1.0],[1.0],[1.0],[1.0],[1.0],[1.0],[1.0],[1.0],[1.0],[1.0],[1.0],[1.0],[1.0],[1.0],[1.0],[1.0],[1.0]],"seed_graph_indices":[1,-1,-1,-1,-1,1,-1,-1,1,-1,0,1,0,0,-1,0],"graph_labels":1,"node_importances":[1,0,0,0,0,1,0,0,1,0,1,1,1,1,0,1],"edge_importances":[1,1,1,1,1,1,1,1,1,1,1,1,0,0,0,0,0,0,0,0,0,0,0,0,0,0,0,0,0,0,0,0,0,0],"multi_node_importances":[[0,1],[0,0],[0,0],[0,0],[0,0],[0,1],[0,0],[0,0],[0,1],[0,0],[1,0],[0,1],[1,0],[1,0],[0,0],[1,0]],"multi_edge_importances":[[1,0],[1,0],[1,0],[1,0],[1,0],[1,0],[0,1],[0,1],[0,1],[0,1],[0,1],[0,1],[0,0],[0,0],[0,0],[0,0],[0,0],[0,0],[0,0],[0,0],[0,0],[0,0],[0,0],[0,0],[0,0],[0,0],[0,0],[0,0],[0,0],[0,0],[0,0],[0,0],[0,0],[0,0]],"original_value":0.2819217187634129,"class":1,"node_positions":[[0.5486549418512219,-0.08699388140688336],[-0.8297725409602102,-0.19001718709649457],[1.0,0.110916283396323],[-0.16887107540229762,0.11094895782213476],[-0.8139067036691437,0.1564967652454815],[0.6551560815982076,-0.32706161764819214],[0.10170341101016822,0.16941072098905408],[-0.2576004566077098,0.3549662746874233],[0.2948228646528246,-0.01885063181759567],[0.10030732727324235,-0.19560875362270086],[-0.6316467501888576,-0.02374965511090959],[0.771341186252944,0.038642732239960544],[-0.4242352960678514,-0.3341979492964788],[-0.14200265102051862,-0.11840012854484562],[0.16714842743140165,0.42232204588056727],[-0.3710987661534211,-0.06882397571684383]],"node_coordinates":[[621.8859600161172,336.3617931625166],[144.20454545454544,250.56804944360061],[778.2954545454547,501.17356895284547],[373.233892946674,501.2007789253414],[149.70270599973617,539.1311956488188],[658.7929541969052,136.4428553998344],[466.9990021203269,549.8854284124178],[342.4855388577615,704.4087715827657],[533.9227793561306,393.1088025144696],[466.5152020926744,245.91161348160657],[212.86322295258873,389.0290892293429],[699.0558376887973,440.9870074359188],[284.73976200614766,130.5],[382.54489923882335,310.20790982426354],[489.67837293230355,760.5],[303.1537395936002,351.4929736438018]]},"label":"1","name":"3995","value":0.2819217187634129,"input_type":"classification","classes":{"0":"low","1":"high"},"image_width":900,"image_height":900,"image_path":"./3995.png"}