{"graph": {"node_indices": [0, 1, 2, 3, 4, 5, 6, 7, 8, 9, 10], "node_attributes": [[0.0, 1.0, 0.0], [0.0, 1.0, 1.0], [0.0, 1.0, 0.0], [0.0, 1.0, 1.0], [0.0, 1.0, 1.0], [0.0, 1.0, 0.0], [1.0, 0.0, 0.0], [1.0, 1.0, 0.0], [1.0, 1.0, 0.0], [0.0, 1.0, 0.0], [1.0, 1.0, 0.0]], "node_adjacency": [[0, 0, 0, 0, 1, 0, 1, 0, 0, 1, 1], [0, 0, 0, 0, 0, 1, 0, 1, 0, 0, 0], [0, 0, 0, 0, 0, 0, 0, 1, 1, 0, 0], [0, 0, 0, 0, 1, 0, 0, 1, 0, 0, 0], [1, 0, 0, 1, 0, 0, 0, 0, 1, 0, 0], [0, 1, 0, 0, 0, 0, 0, 0, 0, 0, 0], [1, 0, 0, 0, 0, 0, 0, 0, 0, 0, 0], [0, 1, 1, 1, 0, 0, 0, 0, 0, 0, 1], [0, 0, 1, 0, 1, 0, 0, 0, 0, 0, 0], [1, 0, 0, 0, 0, 0, 0, 0, 0, 0, 0], [1, 0, 0, 0, 0, 0, 0, 1, 0, 0, 0]], "edge_indices": [[7, 2], [2, 7], [10, 7], [7, 10], [0, 10], [10, 0], [6, 0], [0, 6], [9, 0], [0, 9], [8, 2], [2, 8], [1, 7], [7, 1], [4, 0], [0, 4], [5, 1], [1, 5], [3, 7], [7, 3], [4, 3], [3, 4], [4, 8], [8, 4]], "edge_attributes": [[1.0], [1.0], [1.0], [1.0], [1.0], [1.0], [1.0], [1.0], [1.0], [1.0], [1.0], [1.0], [1.0], [1.0], [1.0], [1.0], [1.0], [1.0], [1.0], [1.0], [1.0], [1.0], [1.0], [1.0]], "seed_graph_indices": [-1, -1, -1, -1, -1, -1, -1, -1, -1, -1, -1], "graph_labels": 1, "node_importances": [0, 0, 0, 0, 0, 0, 0, 0, 0, 0, 0], "edge_importances": [0, 0, 0, 0, 0, 0, 0, 0, 0, 0, 0, 0, 0, 0, 0, 0, 0, 0, 0, 0, 0, 0, 0, 0], "multi_node_importances": [[0, 0], [0, 0], [0, 0], [0, 0], [0, 0], [0, 0], [0, 0], [0, 0], [0, 0], [0, 0], [0, 0]], "multi_edge_importances": [[0, 0], [0, 0], [0, 0], [0, 0], [0, 0], [0, 0], [0, 0], [0, 0], [0, 0], [0, 0], [0, 0], [0, 0], [0, 0], [0, 0], [0, 0], [0, 0], [0, 0], [0, 0], [0, 0], [0, 0], [0, 0], [0, 0], [0, 0], [0, 0]], "original_value": 0.1, "class": 1, "node_positions": [[-0.2834817539752113, 0.3433999397816573], [0.0852380619786511, -0.6448876424627428], [0.5123144737144074, -0.1385648936563085], [0.1629498341716201, 0.03490696571709425], [0.1187347976978005, 0.380276521060004], [0.08438483931287563, -1.0], [-0.6711636948643419, 0.36304694198474013], [0.10297028835775891, -0.2742017432137217], [0.5019456493648737, 0.27624760573636503], [-0.3479147957162764, 0.7276876762991623], [-0.26597770004215765, -0.06791137124625009]], "node_coordinates": [[351.9190609083719, 620.369768519373], [549.4739372934533, 259.9914516770177], [778.2954545454545, 444.6216577749972], [591.1108086656407, 507.87803964567496], [567.421015801239, 633.816785896451], [549.0167926243224, 130.49999999999994], [144.20454545454538, 627.5340329623862], [558.9746140642272, 395.16178352028624], [772.7399847171471, 595.882720872453], [317.396746008259, 760.5], [361.2974861010524, 470.3854111020362]]}, "label": "1", "name": "4039", "value": 0.1, "input_type": "classification", "classes": {"0": "low", "1": "high"}, "image_width": 900, "image_height": 900, "image_path": "./4039.png"}