{"graph":{"node_indices":[0,1,2,3,4,5,6,7,8,9,10,11,12,13,14,15,16,17],"node_attributes":[[0.800000011920929,0.800000011920929,0.800000011920929],[1.0,0.0,0.0],[1.0,0.0,0.0],[1.0,1.0,0.0],[1.0,0.0,1.0],[0.800000011920929,0.800000011920929,0.800000011920929],[0.0,1.0,0.0],[1.0,0.0,0.0],[0.0,1.0,1.0],[0.800000011920929,0.800000011920929,0.800000011920929],[0.800000011920929,0.800000011920929,0.800000011920929],[1.0,0.0,0.0],[1.0,0.0,1.0],[0.0,1.0,1.0],[1.0,0.0,1.0],[1.0,0.0,1.0],[0.0,1.0,0.0],[0.0,1.0,1.0]],"node_adjacency":[[0,0,0,0,0,0,0,0,0,0,0,0,0,0,1,0,0,0],[0,0,0,1,0,0,0,0,1,1,0,0,0,0,0,0,0,0],[0,0,0,1,0,0,0,0,0,0,0,0,0,0,1,0,0,0],[0,1,1,0,0,0,0,0,0,0,0,1,0,0,0,0,0,0],[0,0,0,0,0,0,0,0,0,0,0,1,0,0,0,0,0,0],[0,0,0,0,0,0,0,0,0,0,0,1,0,0,0,0,0,0],[0,0,0,0,0,0,0,0,0,0,0,0,0,0,1,1,0,0],[0,0,0,0,0,0,0,0,0,1,0,0,0,0,0,0,0,0],[0,1,0,0,0,0,0,0,0,0,0,0,0,1,0,0,0,0],[0,1,0,0,0,0,0,1,0,0,1,0,0,0,0,0,0,0],[0,0,0,0,0,0,0,0,0,1,0,1,0,0,0,0,0,0],[0,0,0,0,1,1,0,0,0,0,1,0,0,0,0,0,0,1],[0,0,0,0,0,0,0,0,0,0,0,0,0,1,1,0,0,0],[0,0,0,0,0,0,0,0,1,0,0,0,1,0,0,0,0,0],[1,0,1,0,0,0,1,0,0,0,0,0,1,0,0,0,1,0],[0,0,0,0,0,0,1,0,0,0,0,0,0,0,0,0,0,1],[0,0,0,0,0,0,0,0,0,0,0,0,0,0,1,0,0,0],[0,0,0,0,0,0,0,0,0,0,0,1,0,0,0,1,0,0]],"edge_indices":[[3,2],[3,1],[3,11],[2,3],[1,3],[1,3],[17,11],[11,17],[4,11],[11,4],[10,11],[11,10],[14,2],[2,14],[16,14],[14,16],[5,11],[11,5],[8,1],[1,8],[9,1],[1,9],[13,8],[8,13],[6,14],[14,6],[7,9],[9,7],[0,14],[14,0],[15,17],[17,15],[12,13],[13,12],[10,9],[9,10],[14,12],[12,14],[15,6],[6,15]],"edge_attributes":[[1.0],[1.0],[1.0],[1.0],[1.0],[1.0],[1.0],[1.0],[1.0],[1.0],[1.0],[1.0],[1.0],[1.0],[1.0],[1.0],[1.0],[1.0],[1.0],[1.0],[1.0],[1.0],[1.0],[1.0],[1.0],[1.0],[1.0],[1.0],[1.0],[1.0],[1.0],[1.0],[1.0],[1.0],[1.0],[1.0],[1.0],[1.0],[1.0],[1.0]],"seed_graph_indices":[-1,0,0,0,-1,-1,-1,-1,-1,-1,-1,0,-1,-1,-1,-1,-1,-1],"graph_labels":1,"node_importances":[0,1,1,1,0,0,0,0,0,0,0,1,0,0,0,0,0,0],"edge_importances":[1,1,1,1,1,1,0,0,0,0,0,0,0,0,0,0,0,0,0,0,0,0,0,0,0,0,0,0,0,0,0,0,0,0,0,0,0,0,0,0],"multi_node_importances":[[0,0],[0,1],[0,1],[0,1],[0,0],[0,0],[0,0],[0,0],[0,0],[0,0],[0,0],[0,1],[0,0],[0,0],[0,0],[0,0],[0,0],[0,0]],"multi_edge_importances":[[0,1],[0,1],[0,1],[0,1],[0,1],[0,1],[0,0],[0,0],[0,0],[0,0],[0,0],[0,0],[0,0],[0,0],[0,0],[0,0],[0,0],[0,0],[0,0],[0,0],[0,0],[0,0],[0,0],[0,0],[0,0],[0,0],[0,0],[0,0],[0,0],[0,0],[0,0],[0,0],[0,0],[0,0],[0,0],[0,0],[0,0],[0,0],[0,0],[0,0]],"original_value":1.5033219780894214,"class":1,"node_positions":[[0.12904548809715025,1.0],[-0.47137406664449916,-0.1699982181388195],[0.0647979739114724,0.23866337301895296],[-0.05237250152214356,-0.14585042838588877],[0.5119861751897851,-0.7224815408417999],[0.2373535721207834,-0.8777188489617056],[0.5636719176653189,0.445471379855629],[-0.8427280390801959,-0.7759591980575951],[-0.702031716431586,0.1567886257774926],[-0.539085951865261,-0.5498058725429406],[-0.167843220647488,-0.6817381405716182],[0.19119772219431208,-0.48238009992949527],[-0.23473183228353703,0.7162336613213094],[-0.5979116742212285,0.5460698646154648],[0.17718816763066883,0.6110642565157038],[0.7244977119375519,0.07902205708095378],[0.45691739891992655,0.8929694752749973],[0.5514228750289696,-0.2803503460306409]],"node_coordinates":[[537.3787635773721,760.5],[294.4523178787524,367.94981718906485],[511.3845731103178,505.0612929415497],[463.97804393730763,376.05172635015066],[692.314456950698,182.5842106738287],[581.1996179857696,130.5],[713.2262237539596,574.4481686067484],[144.2045454545455,164.64173538548584],[201.1295028680321,477.59121093718466],[267.0564619671136,240.51922639166898],[417.2592268070871,196.25417100064118],[562.5252152580617,263.14148252440106],[390.19646285454996,665.292566008256],[243.25589861980902,608.2003170893294],[556.8570266238139,630.0068121989632],[778.2954545454545,451.4994782446623],[670.0339333025876,724.589815355458],[708.2703285514133,330.92518988115347]]},"label":"1","name":"4067","value":1.5033219780894214,"input_type":"classification","classes":{"0":"low","1":"high"},"image_width":900,"image_height":900,"image_path":"./4067.png"}