{"graph":{"node_indices":[0,1,2,3,4,5,6,7,8,9,10,11,12,13,14,15,16,17,18,19,20,21,22,23,24,25,26,27,28,29,30,31],"node_attributes":[[0.0,1.0,0.0],[0.0,1.0,0.0],[0.800000011920929,0.800000011920929,0.800000011920929],[0.0,0.0,1.0],[0.800000011920929,0.800000011920929,0.800000011920929],[0.0,0.0,1.0],[0.0,1.0,1.0],[0.0,1.0,0.0],[1.0,0.0,0.0],[0.0,0.0,1.0],[1.0,0.0,0.0],[0.0,0.0,1.0],[1.0,1.0,0.0],[0.800000011920929,0.800000011920929,0.800000011920929],[1.0,0.0,0.0],[0.800000011920929,0.800000011920929,0.800000011920929],[0.800000011920929,0.800000011920929,0.800000011920929],[0.800000011920929,0.800000011920929,0.800000011920929],[0.0,1.0,0.0],[0.800000011920929,0.800000011920929,0.800000011920929],[0.800000011920929,0.800000011920929,0.800000011920929],[0.0,1.0,0.0],[0.0,0.0,1.0],[0.0,1.0,0.0],[0.0,1.0,0.0],[0.0,1.0,1.0],[1.0,1.0,0.0],[0.0,1.0,0.0],[0.0,0.0,1.0],[0.0,0.0,1.0],[1.0,0.0,0.0],[0.0,1.0,0.0]],"node_adjacency":[[0,0,0,0,0,1,0,0,0,1,0,0,0,0,0,0,0,0,0,1,0,0,0,0,0,0,0,0,0,1,0,0],[0,0,0,0,0,0,0,0,1,0,0,0,0,0,1,0,0,0,0,0,1,0,0,0,0,0,0,0,0,0,1,0],[0,0,0,0,0,0,0,0,0,0,0,1,0,0,0,0,0,0,0,0,0,0,0,0,0,0,0,0,0,0,0,0],[0,0,0,0,0,0,0,0,0,0,0,0,0,1,1,0,0,0,0,0,0,0,0,1,0,0,0,0,0,0,0,0],[0,0,0,0,0,0,0,0,0,0,0,1,1,0,0,0,0,0,0,0,0,0,0,0,0,0,0,0,0,0,0,0],[1,0,0,0,0,0,0,0,0,0,0,0,0,0,0,0,0,0,0,0,0,0,0,0,0,0,0,0,0,0,0,0],[0,0,0,0,0,0,0,0,0,0,0,0,0,0,0,0,0,0,0,0,0,0,0,1,0,0,0,0,0,0,0,0],[0,0,0,0,0,0,0,0,0,1,0,0,0,0,0,0,0,0,0,0,0,1,1,0,1,0,0,0,0,0,0,0],[0,1,0,0,0,0,0,0,0,0,0,0,0,0,1,1,0,0,0,0,0,0,0,0,0,0,0,0,0,0,0,0],[1,0,0,0,0,0,0,1,0,0,0,0,0,1,0,0,1,0,0,0,0,0,0,0,0,0,0,0,0,1,0,0],[0,0,0,0,0,0,0,0,0,0,0,0,0,0,1,0,0,0,0,0,0,0,0,0,0,0,0,0,0,0,0,0],[0,0,1,0,1,0,0,0,0,0,0,0,0,0,0,0,0,0,0,0,0,0,0,0,1,0,0,0,0,0,0,0],[0,0,0,0,1,0,0,0,0,0,0,0,0,0,0,0,0,0,0,0,0,0,0,0,0,0,0,0,0,0,0,1],[0,0,0,1,0,0,0,0,0,1,0,0,0,0,0,0,0,0,0,0,0,0,0,0,0,0,0,0,0,0,0,0],[0,1,0,1,0,0,0,0,1,0,1,0,0,0,0,0,0,0,0,0,0,0,0,0,0,0,0,1,0,0,0,0],[0,0,0,0,0,0,0,0,1,0,0,0,0,0,0,0,0,0,0,0,0,0,1,0,0,0,0,0,0,0,0,0],[0,0,0,0,0,0,0,0,0,1,0,0,0,0,0,0,0,0,0,0,0,0,0,0,0,0,0,0,0,0,0,0],[0,0,0,0,0,0,0,0,0,0,0,0,0,0,0,0,0,0,0,0,0,0,0,0,0,0,0,0,0,0,0,1],[0,0,0,0,0,0,0,0,0,0,0,0,0,0,0,0,0,0,0,0,0,0,0,0,1,0,0,0,0,0,0,0],[1,0,0,0,0,0,0,0,0,0,0,0,0,0,0,0,0,0,0,0,0,0,0,0,0,0,0,0,0,0,0,0],[0,1,0,0,0,0,0,0,0,0,0,0,0,0,0,0,0,0,0,0,0,0,0,0,0,0,0,0,0,0,0,0],[0,0,0,0,0,0,0,1,0,0,0,0,0,0,0,0,0,0,0,0,0,0,0,0,0,0,0,0,1,0,0,0],[0,0,0,0,0,0,0,1,0,0,0,0,0,0,0,1,0,0,0,0,0,0,0,0,0,0,0,0,0,0,0,0],[0,0,0,1,0,0,1,0,0,0,0,0,0,0,0,0,0,0,0,0,0,0,0,0,1,0,0,0,0,0,0,0],[0,0,0,0,0,0,0,1,0,0,0,1,0,0,0,0,0,0,1,0,0,0,0,1,0,0,0,0,0,0,0,0],[0,0,0,0,0,0,0,0,0,0,0,0,0,0,0,0,0,0,0,0,0,0,0,0,0,0,0,0,0,1,0,1],[0,0,0,0,0,0,0,0,0,0,0,0,0,0,0,0,0,0,0,0,0,0,0,0,0,0,0,0,0,0,0,1],[0,0,0,0,0,0,0,0,0,0,0,0,0,0,1,0,0,0,0,0,0,0,0,0,0,0,0,0,0,0,0,0],[0,0,0,0,0,0,0,0,0,0,0,0,0,0,0,0,0,0,0,0,0,1,0,0,0,0,0,0,0,0,0,0],[1,0,0,0,0,0,0,0,0,1,0,0,0,0,0,0,0,0,0,0,0,0,0,0,0,1,0,0,0,0,0,0],[0,1,0,0,0,0,0,0,0,0,0,0,0,0,0,0,0,0,0,0,0,0,0,0,0,0,0,0,0,0,0,0],[0,0,0,0,0,0,0,0,0,0,0,0,1,0,0,0,0,1,0,0,0,0,0,0,0,1,1,0,0,0,0,0]],"edge_indices":[[29,9],[29,0],[9,29],[9,0],[0,9],[0,29],[14,8],[14,1],[8,14],[8,1],[1,8],[1,14],[16,9],[9,16],[3,14],[14,3],[7,9],[9,7],[25,29],[29,25],[21,7],[7,21],[20,1],[1,20],[31,25],[25,31],[23,3],[3,23],[17,31],[31,17],[24,7],[7,24],[11,24],[24,11],[28,21],[21,28],[22,7],[7,22],[19,0],[0,19],[12,31],[31,12],[27,14],[14,27],[13,3],[3,13],[18,24],[24,18],[6,23],[23,6],[15,22],[22,15],[2,11],[11,2],[5,0],[0,5],[4,11],[11,4],[10,14],[14,10],[26,31],[31,26],[30,1],[1,30],[15,8],[8,15],[13,9],[9,13],[4,12],[12,4],[23,24],[24,23]],"edge_attributes":[[1.0],[1.0],[1.0],[1.0],[1.0],[1.0],[1.0],[1.0],[1.0],[1.0],[1.0],[1.0],[1.0],[1.0],[1.0],[1.0],[1.0],[1.0],[1.0],[1.0],[1.0],[1.0],[1.0],[1.0],[1.0],[1.0],[1.0],[1.0],[1.0],[1.0],[1.0],[1.0],[1.0],[1.0],[1.0],[1.0],[1.0],[1.0],[1.0],[1.0],[1.0],[1.0],[1.0],[1.0],[1.0],[1.0],[1.0],[1.0],[1.0],[1.0],[1.0],[1.0],[1.0],[1.0],[1.0],[1.0],[1.0],[1.0],[1.0],[1.0],[1.0],[1.0],[1.0],[1.0],[1.0],[1.0],[1.0],[1.0],[1.0],[1.0],[1.0],[1.0]],"seed_graph_indices":[0,1,-1,-1,-1,-1,-1,-1,1,0,-1,-1,-1,-1,1,-1,-1,-1,-1,-1,-1,-1,-1,-1,-1,-1,-1,-1,-1,0,-1,-1],"graph_labels":0,"node_importances":[1,1,0,0,0,0,0,0,1,1,0,0,0,0,1,0,0,0,0,0,0,0,0,0,0,0,0,0,0,1,0,0],"edge_importances":[1,1,1,1,1,1,1,1,1,1,1,1,0,0,0,0,0,0,0,0,0,0,0,0,0,0,0,0,0,0,0,0,0,0,0,0,0,0,0,0,0,0,0,0,0,0,0,0,0,0,0,0,0,0,0,0,0,0,0,0,0,0,0,0,0,0,0,0,0,0,0,0],"multi_node_importances":[[1,0],[0,1],[0,0],[0,0],[0,0],[0,0],[0,0],[0,0],[0,1],[1,0],[0,0],[0,0],[0,0],[0,0],[0,1],[0,0],[0,0],[0,0],[0,0],[0,0],[0,0],[0,0],[0,0],[0,0],[0,0],[0,0],[0,0],[0,0],[0,0],[1,0],[0,0],[0,0]],"multi_edge_importances":[[1,0],[1,0],[1,0],[1,0],[1,0],[1,0],[0,1],[0,1],[0,1],[0,1],[0,1],[0,1],[0,0],[0,0],[0,0],[0,0],[0,0],[0,0],[0,0],[0,0],[0,0],[0,0],[0,0],[0,0],[0,0],[0,0],[0,0],[0,0],[0,0],[0,0],[0,0],[0,0],[0,0],[0,0],[0,0],[0,0],[0,0],[0,0],[0,0],[0,0],[0,0],[0,0],[0,0],[0,0],[0,0],[0,0],[0,0],[0,0],[0,0],[0,0],[0,0],[0,0],[0,0],[0,0],[0,0],[0,0],[0,0],[0,0],[0,0],[0,0],[0,0],[0,0],[0,0],[0,0],[0,0],[0,0],[0,0],[0,0],[0,0],[0,0],[0,0],[0,0]],"original_value":-0.03571017698070167,"class":0,"node_positions":[[0.14609023492965836,-0.5754516858942744],[0.633157193206568,0.7242766648743022],[-0.797786544267333,0.21353297573188285],[0.13626764228489502,0.3874372495466058],[-0.7527835220715944,-0.1683064977729337],[0.38375516414030075,-0.74620255842981],[-0.31611728885806717,0.6658882680181255],[0.09121106911875629,-0.07818081710681707],[0.5940196572890293,0.5135679716869012],[0.06129407625606057,-0.2873831180715079],[0.16809185030451543,0.8786665224969792],[-0.5401334876077177,0.04084116891758126],[-0.8149679947578251,-0.44906966252724867],[0.13207214589368438,0.06154063828372563],[0.341833133623774,0.6293105087374463],[0.6087437523795666,0.24043307922937607],[-0.16290273645710468,-0.314256893562331],[-0.7028237550172469,-0.9999999999999999],[-0.41620484450047496,0.29751912082920595],[0.1739465381916873,-0.8623868973396134],[0.9281755983401713,0.731893654796791],[0.3928784707713141,-0.24457597903372028],[0.3739778951278362,0.06510737207151873],[-0.14038434745149497,0.41724091819614795],[-0.21596273985500708,0.11562398340931708],[-0.36438137281145894,-0.6936123103162036],[-0.927750524377061,-0.8213184783032794],[0.3430568925338617,0.9101374345708015],[0.6724873577824212,-0.38132880905419075],[-0.09920230470861305,-0.5455359205485818],[0.7351865101859555,0.985693933569808],[-0.6648437196190575,-0.711101837006005]],"node_coordinates":[[511.09019621027505,265.19620537429324],[677.5002308455842,677.5602898594296],[188.6077020716831,515.5169262171485],[507.73423466444115,570.6914375811999],[203.98331800091802,394.3709307335613],[592.2901799690917,211.02217186450835],[353.17357153443896,659.0354359544468],[492.34032264944716,422.9650548630428],[664.1286017566006,610.7088610143932],[482.11896040373495,356.5915582331696],[518.607211097746,726.5434733490554],[276.63677765156206,460.7270935779256],[182.73753222620132,305.29335900666956],[506.3008122408721,467.2944026078861],[577.9672076719819,647.4304307936565],[669.1591979248524,524.0515069583778],[405.5204584221802,348.0653305638422],[221.05244253216847,130.50000000000006],[318.97791667019055,542.1631633420168],[520.6075085877048,174.16043185728233],[778.2954545454545,679.9769279777428],[595.4072252678047,370.1729552137825],[588.9497035780039,468.42601823520994],[413.2140328490138,580.1472308088381],[387.39211517666143,484.45339516615434],[336.68378969676564,227.70745037165912],[144.2045454545455,187.19018611874435],[578.3853139695912,736.5282319623147],[690.9376729427324,326.7854615742107],[427.2841828412036,274.68756345781424],[712.3593028557696,760.4999999999999],[234.02860299360083,222.15855805331154]]},"label":"0","name":"4068","value":-0.03571017698070167,"input_type":"classification","classes":{"0":"low","1":"high"},"image_width":900,"image_height":900,"image_path":"./4068.png"}