{"graph":{"node_indices":[0,1,2,3,4,5,6,7,8,9,10,11,12,13,14,15,16,17,18,19,20,21,22,23],"node_attributes":[[1.0,0.0,1.0],[0.0,1.0,1.0],[1.0,0.0,0.0],[0.800000011920929,0.800000011920929,0.800000011920929],[1.0,1.0,0.0],[0.800000011920929,0.800000011920929,0.800000011920929],[0.0,1.0,1.0],[0.0,0.0,1.0],[0.0,1.0,1.0],[1.0,0.0,1.0],[0.0,0.0,1.0],[0.0,1.0,0.0],[0.0,0.0,1.0],[1.0,1.0,0.0],[0.0,0.0,1.0],[1.0,0.0,1.0],[1.0,0.0,1.0],[0.0,1.0,1.0],[1.0,0.0,1.0],[1.0,1.0,0.0],[0.800000011920929,0.800000011920929,0.800000011920929],[0.0,0.0,1.0],[0.800000011920929,0.800000011920929,0.800000011920929],[0.0,0.0,1.0]],"node_adjacency":[[0,1,0,0,0,0,0,0,0,0,0,1,0,0,0,0,0,0,0,0,0,0,0,0],[1,0,0,0,1,0,0,0,0,0,0,0,0,0,1,0,0,0,0,0,0,0,0,0],[0,0,0,0,0,1,0,0,0,0,0,0,0,0,0,0,0,1,0,0,0,0,0,1],[0,0,0,0,0,1,0,0,0,0,0,0,0,0,0,0,0,0,0,1,0,0,1,0],[0,1,0,0,0,0,0,0,0,0,0,0,0,0,0,0,0,0,0,0,0,0,0,0],[0,0,1,1,0,0,0,1,1,0,0,0,0,0,0,0,0,0,0,0,0,1,0,0],[0,0,0,0,0,0,0,0,0,0,1,0,0,0,0,0,0,0,0,0,0,0,0,0],[0,0,0,0,0,1,0,0,0,0,0,0,0,0,0,0,0,0,0,0,1,0,0,0],[0,0,0,0,0,1,0,0,0,0,0,0,0,0,0,0,0,0,0,0,0,0,0,0],[0,0,0,0,0,0,0,0,0,0,0,0,0,1,0,0,0,0,0,0,0,1,0,0],[0,0,0,0,0,0,1,0,0,0,0,1,0,0,0,0,0,0,0,0,0,1,0,0],[1,0,0,0,0,0,0,0,0,0,1,0,0,0,0,0,0,0,0,0,0,1,0,0],[0,0,0,0,0,0,0,0,0,0,0,0,0,0,0,0,0,0,0,0,1,0,0,0],[0,0,0,0,0,0,0,0,0,1,0,0,0,0,0,0,0,0,0,0,0,0,0,0],[0,1,0,0,0,0,0,0,0,0,0,0,0,0,0,0,0,0,0,0,0,0,0,0],[0,0,0,0,0,0,0,0,0,0,0,0,0,0,0,0,1,0,0,0,0,0,0,0],[0,0,0,0,0,0,0,0,0,0,0,0,0,0,0,1,0,0,0,0,0,1,0,0],[0,0,1,0,0,0,0,0,0,0,0,0,0,0,0,0,0,0,0,0,0,0,0,0],[0,0,0,0,0,0,0,0,0,0,0,0,0,0,0,0,0,0,0,0,0,0,1,0],[0,0,0,1,0,0,0,0,0,0,0,0,0,0,0,0,0,0,0,0,0,0,1,0],[0,0,0,0,0,0,0,1,0,0,0,0,1,0,0,0,0,0,0,0,0,0,0,0],[0,0,0,0,0,1,0,0,0,1,1,1,0,0,0,0,1,0,0,0,0,0,0,0],[0,0,0,1,0,0,0,0,0,0,0,0,0,0,0,0,0,0,1,1,0,0,0,0],[0,0,1,0,0,0,0,0,0,0,0,0,0,0,0,0,0,0,0,0,0,0,0,0]],"edge_indices":[[10,21],[10,11],[21,10],[21,11],[11,21],[11,10],[0,11],[11,0],[9,21],[21,9],[5,21],[21,5],[6,10],[10,6],[16,21],[21,16],[2,5],[5,2],[1,0],[0,1],[8,5],[5,8],[13,9],[9,13],[3,5],[5,3],[22,3],[3,22],[14,1],[1,14],[17,2],[2,17],[4,1],[1,4],[7,5],[5,7],[18,22],[22,18],[15,16],[16,15],[20,7],[7,20],[19,22],[22,19],[12,20],[20,12],[23,2],[2,23],[3,19],[19,3]],"edge_attributes":[[1.0],[1.0],[1.0],[1.0],[1.0],[1.0],[1.0],[1.0],[1.0],[1.0],[1.0],[1.0],[1.0],[1.0],[1.0],[1.0],[1.0],[1.0],[1.0],[1.0],[1.0],[1.0],[1.0],[1.0],[1.0],[1.0],[1.0],[1.0],[1.0],[1.0],[1.0],[1.0],[1.0],[1.0],[1.0],[1.0],[1.0],[1.0],[1.0],[1.0],[1.0],[1.0],[1.0],[1.0],[1.0],[1.0],[1.0],[1.0],[1.0],[1.0]],"seed_graph_indices":[-1,-1,-1,-1,-1,-1,-1,-1,-1,-1,0,0,-1,-1,-1,-1,-1,-1,-1,-1,-1,0,-1,-1],"graph_labels":0,"node_importances":[0,0,0,0,0,0,0,0,0,0,1,1,0,0,0,0,0,0,0,0,0,1,0,0],"edge_importances":[1,1,1,1,1,1,0,0,0,0,0,0,0,0,0,0,0,0,0,0,0,0,0,0,0,0,0,0,0,0,0,0,0,0,0,0,0,0,0,0,0,0,0,0,0,0,0,0,0,0],"multi_node_importances":[[0,0],[0,0],[0,0],[0,0],[0,0],[0,0],[0,0],[0,0],[0,0],[0,0],[1,0],[1,0],[0,0],[0,0],[0,0],[0,0],[0,0],[0,0],[0,0],[0,0],[0,0],[1,0],[0,0],[0,0]],"multi_edge_importances":[[1,0],[1,0],[1,0],[1,0],[1,0],[1,0],[0,0],[0,0],[0,0],[0,0],[0,0],[0,0],[0,0],[0,0],[0,0],[0,0],[0,0],[0,0],[0,0],[0,0],[0,0],[0,0],[0,0],[0,0],[0,0],[0,0],[0,0],[0,0],[0,0],[0,0],[0,0],[0,0],[0,0],[0,0],[0,0],[0,0],[0,0],[0,0],[0,0],[0,0],[0,0],[0,0],[0,0],[0,0],[0,0],[0,0],[0,0],[0,0],[0,0],[0,0]],"original_value":-0.6404410478171527,"class":0,"node_positions":[[-0.08925088442399659,-0.5636518139331886],[-0.13854677127898007,-0.796297571471125],[0.07344025941410758,0.4440559584794541],[-0.2281171394576434,0.3355598797128953],[-0.33797421004239214,-0.9258983130315805],[0.024056678969770658,0.20276204818836355],[0.33389573461602967,-0.43467255098644897],[0.26643457735553233,0.27227043506913273],[-0.14790988548438253,0.16923246577486326],[-0.2123603158663869,-0.13924866001495997],[0.14635437135986154,-0.27581002127557364],[-0.02657435578837573,-0.32612600370594186],[0.705556768709362,0.4833756878367723],[-0.45007417435193997,-0.21076185893616745],[-0.013634605244104593,-1.0],[0.5310114049444665,-0.16764134578856074],[0.28723220650177395,-0.0999582826488406],[0.23183285658709912,0.6287467459629456],[-0.6791297146112878,0.5004689626540689],[-0.34315871178608576,0.533035665216184],[0.49868087030365205,0.37374592614438945],[0.03310698566346556,-0.07828848543434522],[-0.4703041469960765,0.39490240528419696],[0.005432200906531056,0.6801987269034668]],"node_coordinates":[[414.32836640060884,294.1112162331647],[391.75425010291934,206.8793757954469],[488.82968965318406,671.9569355844563],[350.73719904468066,631.2757182210182],[300.43023743551146,158.2848459486343],[466.2154157396989,581.4824214396061],[608.1003339743704,342.47271916454656],[577.2077766692321,607.5449835840188],[387.4665895603048,568.9103151867731],[357.9527375190685,453.24357521384474],[522.2193241200159,402.039121706882],[443.0298937860106,383.1728599822633],[778.2954545454545,686.700090128302],[249.09618519024272,426.42929747457276],[448.95540709523993,130.50000000000006],[698.3657161386295,442.59757736195127],[586.7316564291114,467.97572406285246],[561.3625749990683,741.2077892195125],[144.20454545454544,693.1093100392962],[298.05609320615605,705.3203790548909],[683.5605610737614,645.5937919504142],[470.3598320159338,476.1009368882973],[239.83225295769685,653.5265332652722],[457.6866892960477,760.5]]},"label":"0","name":"4094","value":-0.6404410478171527,"input_type":"classification","classes":{"0":"low","1":"high"},"image_width":900,"image_height":900,"image_path":"./4094.png"}