{"graph":{"node_indices":[0,1,2,3,4,5,6,7,8,9,10,11,12,13,14,15,16,17,18,19,20,21,22,23],"node_attributes":[[0.0,1.0,0.0],[0.0,1.0,1.0],[1.0,0.0,1.0],[0.800000011920929,0.800000011920929,0.800000011920929],[0.0,0.0,1.0],[0.800000011920929,0.800000011920929,0.800000011920929],[1.0,0.0,1.0],[0.0,1.0,1.0],[0.0,0.0,1.0],[1.0,0.0,1.0],[1.0,1.0,0.0],[1.0,0.0,1.0],[0.0,1.0,1.0],[0.0,0.0,1.0],[0.800000011920929,0.800000011920929,0.800000011920929],[0.0,0.0,1.0],[0.800000011920929,0.800000011920929,0.800000011920929],[0.0,1.0,0.0],[0.0,1.0,1.0],[1.0,0.0,0.0],[0.800000011920929,0.800000011920929,0.800000011920929],[1.0,1.0,0.0],[1.0,0.0,0.0],[0.0,0.0,1.0]],"node_adjacency":[[0,0,0,0,0,0,0,0,0,0,0,0,0,0,1,0,0,0,0,1,0,0,0,0],[0,0,0,0,0,0,0,0,0,0,0,0,0,1,0,0,0,0,0,0,0,0,0,0],[0,0,0,0,0,0,1,0,0,0,0,0,1,0,0,0,0,0,0,0,0,0,0,1],[0,0,0,0,0,0,0,0,0,0,0,0,0,1,0,0,0,0,0,0,0,0,0,0],[0,0,0,0,0,0,0,0,1,0,0,0,0,0,0,0,0,1,0,0,0,0,0,0],[0,0,0,0,0,0,0,0,0,0,0,1,0,0,0,0,0,0,0,0,0,0,0,0],[0,0,1,0,0,0,0,0,0,0,0,0,0,0,0,0,0,0,0,0,0,0,0,0],[0,0,0,0,0,0,0,0,0,0,0,0,0,1,0,0,0,0,0,0,1,0,0,0],[0,0,0,0,1,0,0,0,0,0,0,0,0,0,1,0,0,1,0,0,0,0,0,0],[0,0,0,0,0,0,0,0,0,0,0,0,0,0,0,0,0,0,0,1,0,0,0,0],[0,0,0,0,0,0,0,0,0,0,0,0,0,1,0,1,1,0,0,0,0,0,0,1],[0,0,0,0,0,1,0,0,0,0,0,0,1,0,0,0,0,1,0,0,1,0,0,0],[0,0,1,0,0,0,0,0,0,0,0,1,0,0,0,0,0,0,0,0,0,0,0,0],[0,1,0,1,0,0,0,1,0,0,1,0,0,0,0,0,0,0,0,1,0,0,0,0],[1,0,0,0,0,0,0,0,1,0,0,0,0,0,0,0,0,0,1,1,0,0,0,0],[0,0,0,0,0,0,0,0,0,0,1,0,0,0,0,0,0,0,0,0,0,0,0,0],[0,0,0,0,0,0,0,0,0,0,1,0,0,0,0,0,0,0,1,0,0,1,0,0],[0,0,0,0,1,0,0,0,1,0,0,1,0,0,0,0,0,0,0,0,0,0,0,0],[0,0,0,0,0,0,0,0,0,0,0,0,0,0,1,0,1,0,0,0,0,0,1,0],[1,0,0,0,0,0,0,0,0,1,0,0,0,1,1,0,0,0,0,0,0,0,0,0],[0,0,0,0,0,0,0,1,0,0,0,1,0,0,0,0,0,0,0,0,0,0,0,0],[0,0,0,0,0,0,0,0,0,0,0,0,0,0,0,0,1,0,0,0,0,0,0,0],[0,0,0,0,0,0,0,0,0,0,0,0,0,0,0,0,0,0,1,0,0,0,0,0],[0,0,1,0,0,0,0,0,0,0,0,0,0,0,0,0,0,0,0,0,0,0,0,0]],"edge_indices":[[4,8],[4,17],[8,4],[8,17],[17,8],[17,4],[10,13],[10,15],[10,23],[13,10],[15,10],[15,10],[1,13],[13,1],[16,10],[10,16],[3,13],[13,3],[11,17],[17,11],[2,23],[23,2],[20,11],[11,20],[14,8],[8,14],[21,16],[16,21],[18,16],[16,18],[6,2],[2,6],[0,14],[14,0],[12,2],[2,12],[7,13],[13,7],[5,11],[11,5],[19,13],[13,19],[9,19],[19,9],[22,18],[18,22],[14,18],[18,14],[11,12],[12,11],[19,14],[14,19],[0,19],[19,0],[7,20],[20,7]],"edge_attributes":[[1.0],[1.0],[1.0],[1.0],[1.0],[1.0],[1.0],[1.0],[1.0],[1.0],[1.0],[1.0],[1.0],[1.0],[1.0],[1.0],[1.0],[1.0],[1.0],[1.0],[1.0],[1.0],[1.0],[1.0],[1.0],[1.0],[1.0],[1.0],[1.0],[1.0],[1.0],[1.0],[1.0],[1.0],[1.0],[1.0],[1.0],[1.0],[1.0],[1.0],[1.0],[1.0],[1.0],[1.0],[1.0],[1.0],[1.0],[1.0],[1.0],[1.0],[1.0],[1.0],[1.0],[1.0],[1.0],[1.0]],"seed_graph_indices":[-1,-1,-1,-1,0,-1,-1,-1,0,-1,1,-1,-1,1,-1,1,-1,0,-1,-1,-1,-1,-1,1],"graph_labels":0,"node_importances":[0,0,0,0,1,0,0,0,1,0,1,0,0,1,0,1,0,1,0,0,0,0,0,1],"edge_importances":[1,1,1,1,1,1,1,1,1,1,1,1,0,0,0,0,0,0,0,0,0,0,0,0,0,0,0,0,0,0,0,0,0,0,0,0,0,0,0,0,0,0,0,0,0,0,0,0,0,0,0,0,0,0,0,0],"multi_node_importances":[[0,0],[0,0],[0,0],[0,0],[1,0],[0,0],[0,0],[0,0],[1,0],[0,0],[1,0],[0,0],[0,0],[1,0],[0,0],[1,0],[0,0],[1,0],[0,0],[0,0],[0,0],[0,0],[0,0],[1,0]],"multi_edge_importances":[[1,0],[1,0],[1,0],[1,0],[1,0],[1,0],[1,0],[1,0],[1,0],[1,0],[1,0],[1,0],[0,0],[0,0],[0,0],[0,0],[0,0],[0,0],[0,0],[0,0],[0,0],[0,0],[0,0],[0,0],[0,0],[0,0],[0,0],[0,0],[0,0],[0,0],[0,0],[0,0],[0,0],[0,0],[0,0],[0,0],[0,0],[0,0],[0,0],[0,0],[0,0],[0,0],[0,0],[0,0],[0,0],[0,0],[0,0],[0,0],[0,0],[0,0],[0,0],[0,0],[0,0],[0,0],[0,0],[0,0]],"original_value":-2.8975345709234976,"class":0,"node_positions":[[0.30330862330327407,0.6357115738026827],[-0.39750764031530605,0.6771868460643826],[-0.14732297510922776,-0.680517214885087],[-0.5689297301513788,0.5279355613853371],[0.8884434909097779,0.11581825475517926],[0.7652838147093188,-0.6369509817901616],[-0.2550450519716511,-1.0],[0.02875131146224098,0.14533465385393476],[0.598050600235124,0.20226383781875923],[0.04094616025141464,0.9185660222956094],[-0.5119382019287209,0.05809032588442921],[0.5090166800480092,-0.4166555788052416],[0.23786759311903927,-0.6812126708049847],[-0.27085944028556413,0.35678149176265567],[0.2577924478493106,0.33458438139012536],[-0.8559248275216498,0.1035352553981742],[-0.4235923906168663,-0.10290450662764904],[0.7237215479526369,-0.13028775426765396],[-0.05650148019905337,0.056150633977005024],[0.020842863885021073,0.5705456179759938],[0.2925225236229978,-0.1567562550929643],[-0.7914480522084345,-0.24257591906812442],[0.028807426675305062,-0.26203230301292096],[-0.4162852937156165,-0.39261127200948076]],"node_coordinates":[[565.5945609205156,667.6190146809098],[310.84261604272945,681.2382601075574],[401.78660999452234,235.40864128906335],[248.5294063645339,632.2285787856233],[778.2954545454545,496.9015167195801],[733.5259926031996,249.71449604248087],[362.6288306854618,130.5],[465.7909279243683,506.59382400331185],[672.7354703977221,525.2876742440899],[470.22384651916747,760.5],[269.2462524338785,477.94538241618164],[640.3709755861325,322.0529520912536],[541.8062577950147,235.18027425637123],[356.8801824460218,576.0266745460851],[549.0490912699903,568.7378039144862],[144.2045454545455,492.8681451780294],[301.36061453114564,425.07946938325415],[718.4177982882961,416.0876255724473],[434.80090156591086,477.30844530404875],[462.91614817702316,646.2204536234742],[561.6737331460456,407.39615739977876],[167.64233473426071,379.21553308138334],[465.81132622333394,372.8266354657801],[304.0167988174409,329.9483870699282]]},"label":"0","name":"4114","value":-2.8975345709234976,"input_type":"classification","classes":{"0":"low","1":"high"},"image_width":900,"image_height":900,"image_path":"./4114.png"}