{"graph":{"node_indices":[0,1,2,3,4,5,6,7,8,9,10,11,12],"node_attributes":[[0.0,0.0,1.0],[1.0,0.0,0.0],[1.0,0.0,0.0],[0.800000011920929,0.800000011920929,0.800000011920929],[1.0,1.0,0.0],[0.0,1.0,1.0],[0.800000011920929,0.800000011920929,0.800000011920929],[0.0,1.0,0.0],[0.0,0.0,1.0],[1.0,0.0,0.0],[0.0,1.0,0.0],[0.0,0.0,1.0],[1.0,0.0,1.0]],"node_adjacency":[[0,0,0,0,0,0,0,0,1,0,1,0,0],[0,0,0,0,1,0,0,0,0,0,0,0,1],[0,0,0,0,1,0,1,0,0,0,0,0,0],[0,0,0,0,0,0,0,0,1,0,0,0,0],[0,1,1,0,0,0,1,1,0,1,0,0,0],[0,0,0,0,0,0,1,0,0,1,0,0,0],[0,0,1,0,1,1,0,0,1,0,0,0,0],[0,0,0,0,1,0,0,0,0,0,0,0,0],[1,0,0,1,0,0,1,0,0,0,1,0,0],[0,0,0,0,0,1,0,0,0,0,0,1,0],[1,0,0,0,0,0,0,0,1,0,0,0,0],[0,0,0,0,0,0,0,0,0,1,0,0,0],[0,1,0,0,0,0,0,0,0,0,0,0,0]],"edge_indices":[[8,0],[8,10],[0,8],[0,10],[10,0],[10,8],[4,1],[4,2],[4,9],[1,4],[2,4],[2,4],[3,8],[8,3],[6,8],[8,6],[11,9],[9,11],[7,4],[4,7],[5,9],[9,5],[12,1],[1,12],[6,5],[5,6],[4,6],[6,4],[6,2],[2,6]],"edge_attributes":[[1.0],[1.0],[1.0],[1.0],[1.0],[1.0],[1.0],[1.0],[1.0],[1.0],[1.0],[1.0],[1.0],[1.0],[1.0],[1.0],[1.0],[1.0],[1.0],[1.0],[1.0],[1.0],[1.0],[1.0],[1.0],[1.0],[1.0],[1.0],[1.0],[1.0]],"seed_graph_indices":[0,1,1,-1,1,-1,-1,-1,0,1,0,-1,-1],"graph_labels":1,"node_importances":[1,1,1,0,1,0,0,0,1,1,1,0,0],"edge_importances":[1,1,1,1,1,1,1,1,1,1,1,1,0,0,0,0,0,0,0,0,0,0,0,0,0,0,0,0,0,0],"multi_node_importances":[[1,0],[0,1],[0,1],[0,0],[0,1],[0,0],[0,0],[0,0],[1,0],[0,1],[1,0],[0,0],[0,0]],"multi_edge_importances":[[1,0],[1,0],[1,0],[1,0],[1,0],[1,0],[0,1],[0,1],[0,1],[0,1],[0,1],[0,1],[0,0],[0,0],[0,0],[0,0],[0,0],[0,0],[0,0],[0,0],[0,0],[0,0],[0,0],[0,0],[0,0],[0,0],[0,0],[0,0],[0,0],[0,0]],"original_value":1.293824406198474,"class":1,"node_positions":[[-0.6816174536143755,0.7820081476045243],[0.6149623085128626,-0.43565369258455383],[0.22277971841893102,0.19782077939052908],[-0.18031743908291747,0.9254690874825738],[0.2498933929661504,-0.1806186215667538],[-0.37771774715871653,-0.28543984704320663],[-0.1349067567885201,0.09837191149343738],[0.6567052087932781,0.05727033382481035],[-0.3704255355506476,0.501292526408201],[-0.03370915820045252,-0.5538019550111215],[-0.8196869487981202,0.47480970889732804],[-0.1459595894974719,-0.9739115254967151],[1.0,-0.6076168533990531]],"node_coordinates":[[192.31645381142425,712.9158604623198],[644.1246291787061,309.0331662424203],[507.4640814693663,519.1484609954335],[367.0002268370466,760.5],[516.9121541468105,393.62500299344964],[298.21381229179644,358.8571573079123],[382.8241029370051,486.16255688172714],[658.670424324614,472.5296948032737],[300.75486754907445,619.8061171358977],[418.08757357348304,269.8449146512953],[144.20454545454544,611.0221088555985],[378.97261587486065,130.49999999999994],[778.2954545454545,251.9952084087863]]},"label":"1","name":"4117","value":1.293824406198474,"input_type":"classification","classes":{"0":"low","1":"high"},"image_width":900,"image_height":900,"image_path":"./4117.png"}