{"graph":{"node_indices":[0,1,2,3,4,5,6,7,8,9,10,11,12,13,14,15,16,17,18],"node_attributes":[[1.0,0.0,1.0],[1.0,0.0,1.0],[1.0,0.0,0.0],[1.0,0.0,1.0],[1.0,0.0,0.0],[1.0,0.0,0.0],[0.0,1.0,1.0],[0.0,1.0,0.0],[1.0,0.0,1.0],[1.0,0.0,0.0],[0.0,0.0,1.0],[0.0,0.0,1.0],[1.0,0.0,0.0],[1.0,0.0,0.0],[0.0,1.0,1.0],[1.0,1.0,0.0],[1.0,0.0,0.0],[1.0,0.0,0.0],[1.0,0.0,1.0]],"node_adjacency":[[0,0,1,0,0,0,0,0,0,0,0,0,0,0,0,0,0,0,0],[0,0,0,0,0,0,0,0,0,0,0,0,0,1,0,0,0,0,0],[1,0,0,1,0,1,0,1,0,0,0,0,0,0,0,0,0,0,0],[0,0,1,0,0,0,0,0,1,0,0,0,0,0,0,0,0,1,0],[0,0,0,0,0,0,0,0,0,0,0,0,0,0,1,0,0,0,0],[0,0,1,0,0,0,0,1,0,0,0,0,0,0,0,0,0,0,0],[0,0,0,0,0,0,0,0,0,1,1,0,1,0,1,0,0,0,0],[0,0,1,0,0,1,0,0,0,0,0,1,0,0,0,0,0,0,0],[0,0,0,1,0,0,0,0,0,0,0,0,0,0,1,0,0,0,0],[0,0,0,0,0,0,1,0,0,0,0,0,0,0,0,0,0,0,0],[0,0,0,0,0,0,1,0,0,0,0,0,0,0,0,0,0,0,1],[0,0,0,0,0,0,0,1,0,0,0,0,0,0,0,0,0,0,0],[0,0,0,0,0,0,1,0,0,0,0,0,0,0,0,0,0,0,0],[0,1,0,0,0,0,0,0,0,0,0,0,0,0,0,1,0,1,0],[0,0,0,0,1,0,1,0,1,0,0,0,0,0,0,0,0,0,0],[0,0,0,0,0,0,0,0,0,1,0,0,0,1,0,0,1,0,0],[0,0,0,0,0,0,0,0,0,0,0,0,0,0,0,1,0,0,0],[0,0,0,1,0,0,0,0,0,0,0,0,0,1,0,0,0,0,0],[0,0,0,0,0,0,0,0,0,0,1,0,0,0,0,0,0,0,0]],"edge_indices":[[15,16],[15,13],[15,9],[16,15],[13,15],[13,15],[2,5],[2,7],[5,2],[5,7],[7,5],[7,2],[6,9],[9,6],[0,2],[2,0],[10,6],[6,10],[11,7],[7,11],[14,6],[6,14],[1,13],[13,1],[12,6],[6,12],[18,10],[10,18],[8,14],[14,8],[4,14],[14,4],[3,2],[2,3],[17,3],[3,17],[8,3],[3,8],[17,13],[13,17]],"edge_attributes":[[1.0],[1.0],[1.0],[1.0],[1.0],[1.0],[1.0],[1.0],[1.0],[1.0],[1.0],[1.0],[1.0],[1.0],[1.0],[1.0],[1.0],[1.0],[1.0],[1.0],[1.0],[1.0],[1.0],[1.0],[1.0],[1.0],[1.0],[1.0],[1.0],[1.0],[1.0],[1.0],[1.0],[1.0],[1.0],[1.0],[1.0],[1.0],[1.0],[1.0]],"seed_graph_indices":[-1,-1,1,-1,-1,1,-1,1,-1,0,-1,-1,-1,0,-1,0,0,-1,-1],"graph_labels":1,"node_importances":[0,0,1,0,0,1,0,1,0,1,0,0,0,1,0,1,1,0,0],"edge_importances":[1,1,1,1,1,1,1,1,1,1,1,1,0,0,0,0,0,0,0,0,0,0,0,0,0,0,0,0,0,0,0,0,0,0,0,0,0,0,0,0],"multi_node_importances":[[0,0],[0,0],[0,1],[0,0],[0,0],[0,1],[0,0],[0,1],[0,0],[0,1],[0,0],[0,0],[0,0],[0,1],[0,0],[0,1],[0,1],[0,0],[0,0]],"multi_edge_importances":[[0,1],[0,1],[0,1],[0,1],[0,1],[0,1],[0,1],[0,1],[0,1],[0,1],[0,1],[0,1],[0,0],[0,0],[0,0],[0,0],[0,0],[0,0],[0,0],[0,0],[0,0],[0,0],[0,0],[0,0],[0,0],[0,0],[0,0],[0,0],[0,0],[0,0],[0,0],[0,0],[0,0],[0,0],[0,0],[0,0],[0,0],[0,0],[0,0],[0,0]],"original_value":2.5827480571702552,"class":1,"node_positions":[[0.2599074517894985,-0.7630906764960327],[0.7651274850318175,0.010339219133986506],[0.002755992842368216,-0.5983875045868339],[0.028369795511181885,-0.29824373764167855],[-0.5941953735644477,0.15697025567630618],[-0.020049543820541884,-0.857867976052662],[-0.1699147351903093,0.4709048111814783],[-0.2314737608703288,-0.778377429586597],[-0.1951651950699466,-0.09252889455987054],[0.13456612318945077,0.49143687583228607],[-0.4002361182340509,0.6582914460939998],[-0.39850270540478644,-0.9999999999999999],[-0.1097572646039741,0.7501940729467149],[0.48026617978576214,0.06169069638125994],[-0.3022157999785297,0.18695266475416514],[0.39851829593991295,0.35763507570417424],[0.6126608044127112,0.5522092732007488],[0.31133832461794025,-0.18275380372072159],[-0.571999956383728,0.8746256317392764]],"node_coordinates":[[542.6226501460762,210.11742935789408],[778.2954545454545,470.041771582337],[422.66777603601804,265.4687467334727],[434.6159893076725,366.3371921307597],[144.20454545454544,519.3196388309318],[412.0295502580568,178.26589713208222],[342.12109927028206,624.8227145489137],[313.4053175048643,204.98005457543144],[330.34237653433325,435.47118291125275],[484.1539820912028,631.7228659770192],[234.68180018566437,687.7971975582805],[235.49039492810343,130.50000000000006],[370.1830898205554,718.6826468644933],[645.4146140107609,487.29931363128816],[280.40588429045766,529.3957401064308],[607.2812230681545,586.7564830077959],[707.1734723699478,652.1464693322177],[566.6138960085955,405.1495593246818],[154.55816539757228,760.5]]},"label":"1","name":"4119","value":2.5827480571702552,"input_type":"classification","classes":{"0":"low","1":"high"},"image_width":900,"image_height":900,"image_path":"./4119.png"}