{"graph":{"node_indices":[0,1,2,3,4,5,6,7,8,9,10,11,12,13,14,15,16,17,18,19,20,21],"node_attributes":[[0.800000011920929,0.800000011920929,0.800000011920929],[1.0,1.0,0.0],[0.0,0.0,1.0],[0.800000011920929,0.800000011920929,0.800000011920929],[0.800000011920929,0.800000011920929,0.800000011920929],[0.0,1.0,0.0],[0.0,1.0,0.0],[0.0,1.0,1.0],[0.0,0.0,1.0],[0.0,0.0,1.0],[1.0,1.0,0.0],[0.0,1.0,0.0],[1.0,0.0,1.0],[0.800000011920929,0.800000011920929,0.800000011920929],[0.800000011920929,0.800000011920929,0.800000011920929],[0.0,1.0,1.0],[0.0,0.0,1.0],[0.0,1.0,0.0],[0.800000011920929,0.800000011920929,0.800000011920929],[1.0,0.0,0.0],[0.0,1.0,1.0],[0.0,1.0,1.0]],"node_adjacency":[[0,0,0,1,0,0,0,0,0,0,0,0,0,0,0,0,0,0,0,0,0,0],[0,0,0,1,0,0,0,0,0,0,0,0,0,0,1,0,0,0,0,0,0,0],[0,0,0,0,0,0,0,0,0,0,1,0,1,1,0,0,0,1,0,0,0,1],[1,1,0,0,0,0,0,0,0,0,0,0,0,0,0,0,1,0,0,0,0,0],[0,0,0,0,0,0,0,0,0,0,1,0,0,0,0,0,0,0,0,0,0,0],[0,0,0,0,0,0,0,0,0,1,0,0,0,0,0,0,0,0,0,0,0,0],[0,0,0,0,0,0,0,0,1,1,1,0,0,0,0,0,0,0,0,0,0,0],[0,0,0,0,0,0,0,0,0,1,0,0,0,0,0,1,0,0,0,0,0,0],[0,0,0,0,0,0,1,0,0,0,0,0,0,0,0,0,0,0,1,1,1,0],[0,0,0,0,0,1,1,1,0,0,0,0,0,0,0,0,0,0,0,0,0,0],[0,0,1,0,1,0,1,0,1,0,0,0,0,0,0,0,1,0,0,0,0,0],[0,0,0,0,0,0,0,0,0,0,0,0,0,0,0,0,0,0,0,0,0,1],[0,0,1,0,0,0,0,0,0,0,0,0,0,0,0,0,0,0,0,0,0,0],[0,0,1,0,0,0,0,0,0,0,0,0,0,0,0,0,0,0,0,0,0,0],[0,1,0,0,0,0,0,0,0,0,0,0,0,0,0,0,0,0,0,0,0,0],[0,0,0,0,0,0,0,1,0,0,0,0,0,0,0,0,0,0,0,0,0,0],[0,0,0,1,0,0,0,0,0,0,1,0,0,0,0,0,0,0,0,0,0,0],[0,0,1,0,0,0,0,0,0,0,0,0,0,0,0,0,0,0,0,0,1,0],[0,0,0,0,0,0,0,0,1,0,0,0,0,0,0,0,0,0,0,0,0,0],[0,0,0,0,0,0,0,0,1,0,0,0,0,0,0,0,0,0,0,0,0,0],[0,0,0,0,0,0,0,0,1,0,0,0,0,0,0,0,0,1,0,0,0,0],[0,0,1,0,0,0,0,0,0,0,0,1,0,0,0,0,0,0,0,0,0,0]],"edge_indices":[[10,2],[10,16],[10,8],[2,10],[16,10],[16,10],[18,8],[8,18],[3,16],[16,3],[21,2],[2,21],[6,10],[10,6],[9,6],[6,9],[0,3],[3,0],[19,8],[8,19],[7,9],[9,7],[4,10],[10,4],[20,8],[8,20],[1,3],[3,1],[14,1],[1,14],[5,9],[9,5],[11,21],[21,11],[17,2],[2,17],[12,2],[2,12],[13,2],[2,13],[15,7],[7,15],[17,20],[20,17],[6,8],[8,6]],"edge_attributes":[[1.0],[1.0],[1.0],[1.0],[1.0],[1.0],[1.0],[1.0],[1.0],[1.0],[1.0],[1.0],[1.0],[1.0],[1.0],[1.0],[1.0],[1.0],[1.0],[1.0],[1.0],[1.0],[1.0],[1.0],[1.0],[1.0],[1.0],[1.0],[1.0],[1.0],[1.0],[1.0],[1.0],[1.0],[1.0],[1.0],[1.0],[1.0],[1.0],[1.0],[1.0],[1.0],[1.0],[1.0],[1.0],[1.0]],"seed_graph_indices":[-1,-1,0,-1,-1,-1,-1,-1,0,-1,0,-1,-1,-1,-1,-1,0,-1,-1,-1,-1,-1],"graph_labels":0,"node_importances":[0,0,1,0,0,0,0,0,1,0,1,0,0,0,0,0,1,0,0,0,0,0],"edge_importances":[1,1,1,1,1,1,0,0,0,0,0,0,0,0,0,0,0,0,0,0,0,0,0,0,0,0,0,0,0,0,0,0,0,0,0,0,0,0,0,0,0,0,0,0,0,0],"multi_node_importances":[[0,0],[0,0],[1,0],[0,0],[0,0],[0,0],[0,0],[0,0],[1,0],[0,0],[1,0],[0,0],[0,0],[0,0],[0,0],[0,0],[1,0],[0,0],[0,0],[0,0],[0,0],[0,0]],"multi_edge_importances":[[1,0],[1,0],[1,0],[1,0],[1,0],[1,0],[0,0],[0,0],[0,0],[0,0],[0,0],[0,0],[0,0],[0,0],[0,0],[0,0],[0,0],[0,0],[0,0],[0,0],[0,0],[0,0],[0,0],[0,0],[0,0],[0,0],[0,0],[0,0],[0,0],[0,0],[0,0],[0,0],[0,0],[0,0],[0,0],[0,0],[0,0],[0,0],[0,0],[0,0],[0,0],[0,0],[0,0],[0,0],[0,0],[0,0]],"original_value":-1.7783386495823872,"class":0,"node_positions":[[0.10203911621137791,-0.8768333638685378],[0.49299629294232544,-0.7424369869595937],[-0.4055007433065608,-0.07080634985976782],[0.2257653932147053,-0.5911221962860425],[0.16578068745703295,-0.07145523359844055],[0.4745353338039242,0.741427024207875],[0.15591170315051586,0.24579659609606314],[0.7343784812438904,0.438363682071248],[-0.09758194879086272,0.3301030937212246],[0.42998680609184964,0.42570502922413966],[-0.07178709883596099,0.010846323916795887],[-0.9539533715828523,-0.36741609744868714],[-0.4324772204510379,-0.362195918666711],[-0.7054971456482599,0.01153573940554415],[0.6832294341491723,-0.9604371002264399],[0.9999999999999999,0.5559621621299572],[0.07652051911280672,-0.3066189683292373],[-0.5599451457971901,0.19890330663027145],[-0.013442856776286226,0.6197868547864854],[-0.2361515742446269,0.6275994850456508],[-0.3877775980473494,0.3958302471915372],[-0.6770290638966139,-0.25253732918333505]],"node_coordinates":[[486.89196385296435,161.4486245989147],[613.7641785200533,211.1997864202371],[322.1866972882367,459.8255699348489],[527.0432328670862,267.2138458011666],[507.5771815484607,459.5853646508344],[607.7732851174761,760.5],[504.3745292632355,577.0263811444231],[692.0967802312719,648.311310665275],[422.1115528043484,608.2351555355667],[593.3165345898379,643.6253012599536],[430.48241778794693,490.0519456722972],[144.20454545454544,350.0258871645624],[313.43237430111503,351.95830502649835],[224.8327919948093,490.3071550933524],[675.498049553707,130.5],[778.2954545454545,691.8441881572503],[478.6107475924915,372.5319091173929],[272.0668771310376,559.6673147305468],[449.4161108974555,715.4709605865581],[377.1433662272111,718.3630581357148],[327.93815761108965,632.5661853115546],[234.07116589896884,392.5519754509749]]},"label":"0","name":"4122","value":-1.7783386495823872,"input_type":"classification","classes":{"0":"low","1":"high"},"image_width":900,"image_height":900,"image_path":"./4122.png"}