{"graph":{"node_indices":[0,1,2,3,4,5,6,7,8,9,10,11,12],"node_attributes":[[0.0,0.0,1.0],[0.0,1.0,0.0],[0.800000011920929,0.800000011920929,0.800000011920929],[0.0,0.0,1.0],[1.0,0.0,0.0],[0.0,0.0,1.0],[1.0,0.0,0.0],[0.800000011920929,0.800000011920929,0.800000011920929],[0.800000011920929,0.800000011920929,0.800000011920929],[0.0,1.0,0.0],[0.0,1.0,0.0],[0.0,1.0,1.0],[0.0,0.0,1.0]],"node_adjacency":[[0,1,0,0,0,1,0,0,0,0,0,0,0],[1,0,0,0,0,0,0,0,0,0,0,0,1],[0,0,0,0,0,0,0,0,0,0,0,1,1],[0,0,0,0,0,1,0,0,0,1,0,0,0],[0,0,0,0,0,0,1,0,0,0,1,0,1],[1,0,0,1,0,0,0,0,0,1,0,0,0],[0,0,0,0,1,0,0,1,0,0,1,0,0],[0,0,0,0,0,0,1,0,0,0,0,0,0],[0,0,0,0,0,0,0,0,0,0,0,1,0],[0,0,0,1,0,1,0,0,0,0,0,0,0],[0,0,0,0,1,0,1,0,0,0,0,1,0],[0,0,1,0,0,0,0,0,1,0,1,0,0],[0,1,1,0,1,0,0,0,0,0,0,0,0]],"edge_indices":[[3,5],[3,9],[5,3],[5,9],[9,5],[9,3],[4,6],[4,10],[6,4],[6,10],[10,6],[10,4],[12,4],[4,12],[0,5],[5,0],[7,6],[6,7],[2,12],[12,2],[11,2],[2,11],[8,11],[11,8],[1,12],[12,1],[0,1],[1,0],[11,10],[10,11]],"edge_attributes":[[1.0],[1.0],[1.0],[1.0],[1.0],[1.0],[1.0],[1.0],[1.0],[1.0],[1.0],[1.0],[1.0],[1.0],[1.0],[1.0],[1.0],[1.0],[1.0],[1.0],[1.0],[1.0],[1.0],[1.0],[1.0],[1.0],[1.0],[1.0],[1.0],[1.0]],"seed_graph_indices":[-1,-1,-1,0,1,0,1,-1,-1,0,1,-1,-1],"graph_labels":1,"node_importances":[0,0,0,1,1,1,1,0,0,1,1,0,0],"edge_importances":[1,1,1,1,1,1,1,1,1,1,1,1,0,0,0,0,0,0,0,0,0,0,0,0,0,0,0,0,0,0],"multi_node_importances":[[0,0],[0,0],[0,0],[1,0],[0,1],[1,0],[0,1],[0,0],[0,0],[1,0],[0,1],[0,0],[0,0]],"multi_edge_importances":[[1,0],[1,0],[1,0],[1,0],[1,0],[1,0],[0,1],[0,1],[0,1],[0,1],[0,1],[0,1],[0,0],[0,0],[0,0],[0,0],[0,0],[0,0],[0,0],[0,0],[0,0],[0,0],[0,0],[0,0],[0,0],[0,0],[0,0],[0,0],[0,0],[0,0]],"original_value":0.25165917750713174,"class":1,"node_positions":[[-0.42533856339373627,-0.40205596293262963],[-0.181378876925154,-0.18959655823850563],[0.43256817737260544,-0.08727509258013763],[-0.7715563221763057,-0.9230317125684457],[0.10891997818134959,0.3681886268179323],[-0.6648415338643502,-0.6195986800002921],[0.19425951670251182,0.6782367345480982],[0.1356388793637688,1.0],[0.9817841360735975,0.1851758272816444],[-0.9774208022057668,-0.6947283348067582],[0.4357901886245379,0.4701327719685235],[0.6462491361991732,0.1968940026562063],[0.08532608604776845,0.017658377854364547]],"node_coordinates":[[322.8843363541681,301.1756680742373],[401.84117050254076,370.77900538921364],[600.5433267635626,404.30030560670934],[210.83197821614823,130.5],[495.7955401276981,553.5137280091603],[245.36990521504552,229.9069984746197],[523.4154304745477,655.087876055381],[504.443033817434,760.5],[778.2954545454545,493.55732533815774],[144.20454545454555,205.29394492031489],[601.586121217538,586.9114151222304],[669.7005398710131,497.3962898428636],[488.15944641454405,438.6773187062182]]},"label":"1","name":"4129","value":0.25165917750713174,"input_type":"classification","classes":{"0":"low","1":"high"},"image_width":900,"image_height":900,"image_path":"./4129.png"}