{"graph": {"node_indices": [0, 1, 2, 3, 4, 5, 6, 7, 8, 9, 10, 11], "node_attributes": [[1.0, 0.0, 1.0], [1.0, 0.0, 1.0], [1.0, 1.0, 0.0], [1.0, 1.0, 0.0], [1.0, 0.0, 0.0], [1.0, 0.0, 1.0], [1.0, 0.0, 0.0], [1.0, 0.0, 0.0], [0.0, 0.0, 1.0], [1.0, 0.0, 1.0], [1.0, 0.0, 1.0], [0.0, 1.0, 1.0]], "node_adjacency": [[0, 1, 0, 1, 0, 1, 0, 0, 0, 0, 0, 0], [1, 0, 0, 0, 0, 0, 0, 0, 1, 0, 0, 0], [0, 0, 0, 0, 0, 0, 0, 0, 0, 1, 0, 0], [1, 0, 0, 0, 1, 0, 1, 1, 0, 0, 0, 0], [0, 0, 0, 1, 0, 0, 0, 0, 0, 1, 0, 0], [1, 0, 0, 0, 0, 0, 0, 0, 0, 0, 1, 0], [0, 0, 0, 1, 0, 0, 0, 0, 0, 0, 0, 0], [0, 0, 0, 0, 0, 0, 0, 0, 0, 1, 1, 1], [0, 1, 0, 0, 0, 0, 0, 0, 0, 1, 0, 0], [0, 0, 1, 0, 1, 0, 0, 1, 1, 0, 0, 0], [0, 0, 0, 0, 0, 1, 0, 1, 0, 0, 0, 0], [0, 0, 0, 0, 0, 0, 0, 1, 0, 0, 0, 0]], "edge_indices": [[3, 4], [3, 6], [3, 7], [4, 3], [6, 3], [6, 3], [0, 3], [3, 0], [9, 7], [7, 9], [11, 7], [7, 11], [10, 7], [7, 10], [8, 9], [9, 8], [2, 9], [9, 2], [1, 0], [0, 1], [5, 0], [0, 5], [8, 1], [1, 8], [4, 9], [9, 4], [10, 5], [5, 10]], "edge_attributes": [[1.0], [1.0], [1.0], [1.0], [1.0], [1.0], [1.0], [1.0], [1.0], [1.0], [1.0], [1.0], [1.0], [1.0], [1.0], [1.0], [1.0], [1.0], [1.0], [1.0], [1.0], [1.0], [1.0], [1.0], [1.0], [1.0], [1.0], [1.0]], "seed_graph_indices": [-1, -1, -1, 0, 0, -1, 0, 0, -1, -1, -1, -1], "graph_labels": 1, "node_importances": [0, 0, 0, 1, 1, 0, 1, 1, 0, 0, 0, 0], "edge_importances": [1, 1, 1, 1, 1, 1, 0, 0, 0, 0, 0, 0, 0, 0, 0, 0, 0, 0, 0, 0, 0, 0, 0, 0, 0, 0, 0, 0], "multi_node_importances": [[0, 0], [0, 0], [0, 0], [0, 1], [0, 1], [0, 0], [0, 1], [0, 1], [0, 0], [0, 0], [0, 0], [0, 0]], "multi_edge_importances": [[0, 1], [0, 1], [0, 1], [0, 1], [0, 1], [0, 1], [0, 0], [0, 0], [0, 0], [0, 0], [0, 0], [0, 0], [0, 0], [0, 0], [0, 0], [0, 0], [0, 0], [0, 0], [0, 0], [0, 0], [0, 0], [0, 0], [0, 0], [0, 0], [0, 0], [0, 0], [0, 0], [0, 0]], "original_value": 2.21, "class": 1, "node_positions": [[-0.5679983052291756, 0.20547714435535366], [-0.31918552576685694, 0.7097934099751376], [1.0, 0.3134240289425542], [-0.2501340438923537, -0.08929230271265749], [0.0968902662867198, 0.25849454072437095], [-0.5841365254740583, -0.42664541019103885], [-0.8468366903977232, -0.19483809877335798], [0.24084595802393227, -0.31230819874563953], [0.24953701118806204, 0.7250864999205942], [0.5123846603007032, 0.2016508807867718], [-0.11719236485079129, -0.6897042343926225], [0.5858255598115418, -0.7011382598894661]], "node_coordinates": [[239.9406146263622, 530.9752411887048], [325.367724853808, 753.7446505367634], [778.2954545454547, 578.6581444773794], [349.0757858553733, 400.7680277915832], [468.2227366725064, 554.3943828651746], [234.39973556575438, 251.7505210840958], [144.2045454545455, 354.145746793533], [517.6483279643937, 302.25619539323804], [520.6323047450444, 760.5], [610.8781319179657, 529.2850825852827], [394.7198379569062, 135.5507018711208], [636.0932508168939, 130.5]]}, "label": "1", "name": "4139", "value": 2.21, "input_type": "classification", "classes": {"0": "low", "1": "high"}, "image_width": 900, "image_height": 900, "image_path": "./4139.png"}