{"graph":{"node_indices":[0,1,2,3,4,5,6,7,8,9,10,11,12,13,14,15,16,17,18,19,20,21,22,23,24,25],"node_attributes":[[0.0,1.0,1.0],[0.800000011920929,0.800000011920929,0.800000011920929],[0.800000011920929,0.800000011920929,0.800000011920929],[1.0,1.0,0.0],[0.0,0.0,1.0],[0.800000011920929,0.800000011920929,0.800000011920929],[0.0,0.0,1.0],[0.800000011920929,0.800000011920929,0.800000011920929],[0.0,1.0,1.0],[0.0,0.0,1.0],[0.800000011920929,0.800000011920929,0.800000011920929],[1.0,0.0,1.0],[0.800000011920929,0.800000011920929,0.800000011920929],[1.0,0.0,0.0],[0.0,1.0,1.0],[0.800000011920929,0.800000011920929,0.800000011920929],[0.0,1.0,0.0],[0.0,1.0,1.0],[0.800000011920929,0.800000011920929,0.800000011920929],[0.800000011920929,0.800000011920929,0.800000011920929],[0.800000011920929,0.800000011920929,0.800000011920929],[0.800000011920929,0.800000011920929,0.800000011920929],[0.800000011920929,0.800000011920929,0.800000011920929],[1.0,1.0,0.0],[1.0,0.0,0.0],[0.0,0.0,1.0]],"node_adjacency":[[0,0,0,0,0,0,0,0,0,0,0,0,0,0,0,0,0,0,1,0,0,1,0,1,0,0],[0,0,0,0,0,0,0,0,0,0,0,1,0,0,0,0,0,0,0,0,0,0,0,0,0,1],[0,0,0,0,0,1,0,0,0,0,0,0,0,0,0,0,0,0,0,0,0,0,0,0,0,0],[0,0,0,0,1,0,1,0,0,1,0,0,0,0,0,0,0,0,0,0,0,0,0,0,0,0],[0,0,0,1,0,0,0,0,0,0,0,0,0,0,0,0,0,0,0,1,0,0,0,0,0,0],[0,0,1,0,0,0,0,0,0,0,0,0,0,1,0,0,0,0,0,0,0,0,0,0,0,0],[0,0,0,0,0,0,0,1,0,0,0,0,1,0,0,0,0,0,0,0,0,0,0,0,0,0],[0,0,0,0,0,0,1,0,0,0,0,1,0,0,0,0,0,0,0,0,0,0,0,0,0,0],[0,0,0,0,0,0,0,0,0,0,0,0,0,0,1,0,1,0,0,1,0,0,0,0,0,0],[0,0,0,1,0,0,0,0,0,0,0,1,0,0,0,0,0,0,0,0,0,0,0,0,0,0],[0,0,0,0,0,0,0,0,0,0,0,0,0,0,0,0,1,0,1,0,1,0,0,0,0,0],[0,1,0,0,0,0,0,1,0,1,0,0,0,0,0,0,0,0,0,0,0,0,0,0,0,0],[0,0,0,0,0,0,1,0,0,0,0,0,0,0,0,0,1,0,0,0,0,0,1,0,0,0],[0,0,0,0,0,1,0,0,0,0,0,0,0,0,0,0,1,1,0,0,0,1,0,0,1,0],[0,0,0,0,0,0,0,0,1,0,0,0,0,0,0,0,0,0,0,0,0,0,0,0,0,0],[0,0,0,0,0,0,0,0,0,0,0,0,0,0,0,0,0,0,0,0,1,0,0,0,0,0],[0,0,0,0,0,0,0,0,1,0,1,0,1,1,0,0,0,0,0,0,0,0,1,0,1,0],[0,0,0,0,0,0,0,0,0,0,0,0,0,1,0,0,0,0,0,0,0,0,0,0,0,0],[1,0,0,0,0,0,0,0,0,0,1,0,0,0,0,0,0,0,0,0,0,0,0,0,0,0],[0,0,0,0,1,0,0,0,1,0,0,0,0,0,0,0,0,0,0,0,0,0,0,0,0,0],[0,0,0,0,0,0,0,0,0,0,1,0,0,0,0,1,0,0,0,0,0,0,0,0,0,0],[1,0,0,0,0,0,0,0,0,0,0,0,0,1,0,0,0,0,0,0,0,0,0,0,0,0],[0,0,0,0,0,0,0,0,0,0,0,0,1,0,0,0,1,0,0,0,0,0,0,0,0,0],[1,0,0,0,0,0,0,0,0,0,0,0,0,0,0,0,0,0,0,0,0,0,0,0,0,0],[0,0,0,0,0,0,0,0,0,0,0,0,0,1,0,0,1,0,0,0,0,0,0,0,0,0],[0,1,0,0,0,0,0,0,0,0,0,0,0,0,0,0,0,0,0,0,0,0,0,0,0,0]],"edge_indices":[[3,9],[3,4],[3,6],[9,3],[4,3],[4,3],[13,24],[13,16],[24,13],[24,16],[16,24],[16,13],[11,9],[9,11],[21,13],[13,21],[12,6],[6,12],[1,11],[11,1],[0,21],[21,0],[5,13],[13,5],[10,16],[16,10],[2,5],[5,2],[20,10],[10,20],[25,1],[1,25],[17,13],[13,17],[22,16],[16,22],[15,20],[20,15],[7,6],[6,7],[8,16],[16,8],[14,8],[8,14],[18,0],[0,18],[23,0],[0,23],[19,4],[4,19],[12,22],[22,12],[12,16],[16,12],[18,10],[10,18],[8,19],[19,8],[7,11],[11,7]],"edge_attributes":[[1.0],[1.0],[1.0],[1.0],[1.0],[1.0],[1.0],[1.0],[1.0],[1.0],[1.0],[1.0],[1.0],[1.0],[1.0],[1.0],[1.0],[1.0],[1.0],[1.0],[1.0],[1.0],[1.0],[1.0],[1.0],[1.0],[1.0],[1.0],[1.0],[1.0],[1.0],[1.0],[1.0],[1.0],[1.0],[1.0],[1.0],[1.0],[1.0],[1.0],[1.0],[1.0],[1.0],[1.0],[1.0],[1.0],[1.0],[1.0],[1.0],[1.0],[1.0],[1.0],[1.0],[1.0],[1.0],[1.0],[1.0],[1.0],[1.0],[1.0]],"seed_graph_indices":[-1,-1,-1,0,0,-1,0,-1,-1,0,-1,-1,-1,1,-1,-1,1,-1,-1,-1,-1,-1,-1,-1,1,-1],"graph_labels":0,"node_importances":[0,0,0,1,1,0,1,0,0,1,0,0,0,1,0,0,1,0,0,0,0,0,0,0,1,0],"edge_importances":[1,1,1,1,1,1,1,1,1,1,1,1,0,0,0,0,0,0,0,0,0,0,0,0,0,0,0,0,0,0,0,0,0,0,0,0,0,0,0,0,0,0,0,0,0,0,0,0,0,0,0,0,0,0,0,0,0,0,0,0],"multi_node_importances":[[0,0],[0,0],[0,0],[1,0],[1,0],[0,0],[1,0],[0,0],[0,0],[1,0],[0,0],[0,0],[0,0],[0,1],[0,0],[0,0],[0,1],[0,0],[0,0],[0,0],[0,0],[0,0],[0,0],[0,0],[0,1],[0,0]],"multi_edge_importances":[[1,0],[1,0],[1,0],[1,0],[1,0],[1,0],[0,1],[0,1],[0,1],[0,1],[0,1],[0,1],[0,0],[0,0],[0,0],[0,0],[0,0],[0,0],[0,0],[0,0],[0,0],[0,0],[0,0],[0,0],[0,0],[0,0],[0,0],[0,0],[0,0],[0,0],[0,0],[0,0],[0,0],[0,0],[0,0],[0,0],[0,0],[0,0],[0,0],[0,0],[0,0],[0,0],[0,0],[0,0],[0,0],[0,0],[0,0],[0,0],[0,0],[0,0],[0,0],[0,0],[0,0],[0,0],[0,0],[0,0],[0,0],[0,0],[0,0],[0,0]],"original_value":-1.2965733807275477,"class":0,"node_positions":[[0.6895184186594624,-0.23322863129326105],[-0.6501912582532242,0.8076877043389312],[0.6726459641092085,-0.39357301945402545],[-0.533018618420683,0.20120587432856996],[-0.5902761817274957,-0.029417001958261763],[0.4950334596474179,-0.18618655394865627],[-0.2872388721362541,0.26884346507252377],[-0.3319383127005393,0.5117174650233107],[-0.15668837434974398,-0.23542482490399919],[-0.6791809351205756,0.3906225881540455],[0.1740073747129272,-0.3443996567221796],[-0.5577853283064707,0.59817784391449],[-0.11231899276636576,0.09238905134493837],[0.34403314389697537,-0.013514849128879104],[-0.2705780082930479,-0.4593807957408214],[0.10980262093308135,-0.8351851727413397],[0.06712324376730984,-0.10384916483472055],[0.44776766888359276,0.2335295453929135],[0.4387860826413751,-0.38644884815331804],[-0.40553544549040954,-0.1873080886830265],[0.13033676603638766,-0.5978283948739456],[0.5840520584960922,0.003228065232128837],[0.04256690397907341,0.12428364443235204],[0.9331561513734375,-0.2604923252682969],[0.20218149911435673,0.03455208047052741],[-0.7562610286858883,1.0]],"node_coordinates":[[686.8506218250798,337.1454256198051],[184.01583538019312,694.4811872577997],[680.5178638949219,282.10086333708693],[227.9943781516054,486.28227709780543],[206.5038305248361,407.1118401202273],[613.8543566514742,353.294481947909],[320.24317530906876,509.501559163516],[303.46608245254447,592.8776795908806],[369.242845018129,336.3914951743568],[173.13510634769622,551.3070666844576],[493.3632639594616,298.98156779198786],[218.69866021287908,622.5586292359114],[385.8960564546421,448.9265925064335],[557.1792330542048,412.5708839438792],[326.4965166538084,259.50973756052485],[469.26521927709916,130.50000000000006],[453.2463191582265,381.5600520452818],[596.1140325988431,497.378657492007],[592.7429634202958,284.5465173158303],[275.84278526577475,352.9094707277073],[476.9723237683077,211.98211541677196],[647.2658105754674,418.3185524648049],[444.0295596721407,459.8756748897962],[778.2954545454545,327.7860827810574],[503.93789073928133,429.0717614015973],[144.20454545454544,760.5000000000001]]},"label":"0","name":"4144","value":-1.2965733807275477,"input_type":"classification","classes":{"0":"low","1":"high"},"image_width":900,"image_height":900,"image_path":"./4144.png"}