{"graph":{"node_indices":[0,1,2,3,4,5,6,7,8,9,10,11,12,13,14,15,16,17,18,19,20,21,22,23,24,25,26,27,28],"node_attributes":[[1.0,0.0,0.0],[0.0,0.0,1.0],[0.0,1.0,1.0],[0.0,1.0,1.0],[0.0,0.0,1.0],[1.0,0.0,0.0],[1.0,0.0,1.0],[0.800000011920929,0.800000011920929,0.800000011920929],[0.800000011920929,0.800000011920929,0.800000011920929],[0.0,0.0,1.0],[0.0,1.0,0.0],[0.0,0.0,1.0],[0.0,1.0,0.0],[0.0,1.0,1.0],[0.800000011920929,0.800000011920929,0.800000011920929],[1.0,0.0,1.0],[0.800000011920929,0.800000011920929,0.800000011920929],[1.0,0.0,0.0],[0.800000011920929,0.800000011920929,0.800000011920929],[1.0,0.0,1.0],[1.0,1.0,0.0],[1.0,0.0,1.0],[1.0,1.0,0.0],[1.0,0.0,1.0],[0.0,0.0,1.0],[0.800000011920929,0.800000011920929,0.800000011920929],[1.0,0.0,0.0],[0.0,1.0,0.0],[0.800000011920929,0.800000011920929,0.800000011920929]],"node_adjacency":[[0,0,0,0,0,0,0,0,0,0,0,0,0,0,0,0,0,0,0,1,0,0,0,0,0,0,0,0,0],[0,0,0,0,0,0,0,0,0,0,1,0,0,0,0,0,0,1,0,0,0,0,0,0,0,0,0,1,0],[0,0,0,0,0,0,0,0,0,0,0,0,0,0,0,0,0,0,0,0,0,0,0,0,0,0,0,1,0],[0,0,0,0,0,0,0,0,0,0,0,1,1,0,0,0,0,0,0,0,1,0,1,1,0,0,1,0,0],[0,0,0,0,0,0,1,0,0,0,0,0,0,0,0,0,0,0,0,1,0,0,1,0,0,0,0,0,0],[0,0,0,0,0,0,0,0,0,0,0,0,0,1,1,0,0,0,0,0,0,0,0,0,0,0,0,0,0],[0,0,0,0,1,0,0,0,0,0,0,0,0,0,0,0,0,0,0,0,0,0,0,0,0,0,0,0,0],[0,0,0,0,0,0,0,0,0,0,0,0,0,0,0,0,0,0,0,0,0,0,0,1,0,0,0,0,0],[0,0,0,0,0,0,0,0,0,0,0,0,0,0,0,0,0,0,0,0,0,0,0,0,0,0,0,1,0],[0,0,0,0,0,0,0,0,0,0,0,0,0,0,0,0,1,0,0,0,0,0,1,0,0,0,0,0,0],[0,1,0,0,0,0,0,0,0,0,0,0,0,0,0,0,0,0,0,0,0,0,0,0,0,0,0,0,0],[0,0,0,1,0,0,0,0,0,0,0,0,0,0,0,0,0,0,0,0,1,0,0,0,0,0,0,0,0],[0,0,0,1,0,0,0,0,0,0,0,0,0,0,0,0,0,0,0,0,0,0,0,0,0,0,0,0,0],[0,0,0,0,0,1,0,0,0,0,0,0,0,0,0,0,0,0,0,0,1,0,0,0,0,0,0,0,0],[0,0,0,0,0,1,0,0,0,0,0,0,0,0,0,1,0,0,0,0,0,0,1,0,0,0,0,0,0],[0,0,0,0,0,0,0,0,0,0,0,0,0,0,1,0,0,0,0,0,0,0,0,0,0,0,0,0,0],[0,0,0,0,0,0,0,0,0,1,0,0,0,0,0,0,0,0,0,0,0,0,0,0,0,0,0,0,0],[0,1,0,0,0,0,0,0,0,0,0,0,0,0,0,0,0,0,0,0,0,0,0,0,0,1,0,0,0],[0,0,0,0,0,0,0,0,0,0,0,0,0,0,0,0,0,0,0,0,0,0,0,0,0,0,1,0,0],[1,0,0,0,1,0,0,0,0,0,0,0,0,0,0,0,0,0,0,0,0,1,0,0,0,0,0,0,0],[0,0,0,1,0,0,0,0,0,0,0,1,0,1,0,0,0,0,0,0,0,0,0,0,0,0,0,0,0],[0,0,0,0,0,0,0,0,0,0,0,0,0,0,0,0,0,0,0,1,0,0,0,0,0,0,0,0,0],[0,1,0,1,1,0,0,0,0,1,0,0,0,0,1,0,0,0,0,0,0,0,0,0,0,0,0,0,0],[0,0,0,1,0,0,0,1,0,0,0,0,0,0,0,0,0,0,0,0,0,0,0,0,0,0,0,0,0],[0,0,0,0,0,0,0,0,0,0,0,0,0,0,0,0,0,0,0,0,0,0,0,0,0,0,0,1,0],[0,0,0,0,0,0,0,0,0,0,0,0,0,0,0,0,0,1,0,0,0,0,0,0,0,0,0,0,1],[0,0,0,1,0,0,0,0,0,0,0,0,0,0,0,0,0,0,1,0,0,0,0,0,0,0,0,0,0],[0,1,1,0,0,0,0,0,1,0,0,0,0,0,0,0,0,0,0,0,0,0,0,0,1,0,0,0,0],[0,0,0,0,0,0,0,0,0,0,0,0,0,0,0,0,0,0,0,0,0,0,0,0,0,1,0,0,0]],"edge_indices":[[22,9],[22,4],[22,1],[9,22],[4,22],[4,22],[6,4],[4,6],[14,22],[22,14],[10,1],[1,10],[3,22],[22,3],[27,1],[1,27],[24,27],[27,24],[20,3],[3,20],[5,14],[14,5],[15,14],[14,15],[26,3],[3,26],[11,20],[20,11],[19,4],[4,19],[18,26],[26,18],[23,3],[3,23],[8,27],[27,8],[0,19],[19,0],[2,27],[27,2],[16,9],[9,16],[21,19],[19,21],[17,1],[1,17],[13,5],[5,13],[7,23],[23,7],[12,3],[3,12],[25,17],[17,25],[28,25],[25,28],[11,3],[3,11],[13,20],[20,13]],"edge_attributes":[[1.0],[1.0],[1.0],[1.0],[1.0],[1.0],[1.0],[1.0],[1.0],[1.0],[1.0],[1.0],[1.0],[1.0],[1.0],[1.0],[1.0],[1.0],[1.0],[1.0],[1.0],[1.0],[1.0],[1.0],[1.0],[1.0],[1.0],[1.0],[1.0],[1.0],[1.0],[1.0],[1.0],[1.0],[1.0],[1.0],[1.0],[1.0],[1.0],[1.0],[1.0],[1.0],[1.0],[1.0],[1.0],[1.0],[1.0],[1.0],[1.0],[1.0],[1.0],[1.0],[1.0],[1.0],[1.0],[1.0],[1.0],[1.0],[1.0],[1.0]],"seed_graph_indices":[-1,0,-1,-1,0,-1,-1,-1,-1,0,-1,-1,-1,-1,-1,-1,-1,-1,-1,-1,-1,-1,0,-1,-1,-1,-1,-1,-1],"graph_labels":0,"node_importances":[0,1,0,0,1,0,0,0,0,1,0,0,0,0,0,0,0,0,0,0,0,0,1,0,0,0,0,0,0],"edge_importances":[1,1,1,1,1,1,0,0,0,0,0,0,0,0,0,0,0,0,0,0,0,0,0,0,0,0,0,0,0,0,0,0,0,0,0,0,0,0,0,0,0,0,0,0,0,0,0,0,0,0,0,0,0,0,0,0,0,0,0,0],"multi_node_importances":[[0,0],[1,0],[0,0],[0,0],[1,0],[0,0],[0,0],[0,0],[0,0],[1,0],[0,0],[0,0],[0,0],[0,0],[0,0],[0,0],[0,0],[0,0],[0,0],[0,0],[0,0],[0,0],[1,0],[0,0],[0,0],[0,0],[0,0],[0,0],[0,0]],"multi_edge_importances":[[1,0],[1,0],[1,0],[1,0],[1,0],[1,0],[0,0],[0,0],[0,0],[0,0],[0,0],[0,0],[0,0],[0,0],[0,0],[0,0],[0,0],[0,0],[0,0],[0,0],[0,0],[0,0],[0,0],[0,0],[0,0],[0,0],[0,0],[0,0],[0,0],[0,0],[0,0],[0,0],[0,0],[0,0],[0,0],[0,0],[0,0],[0,0],[0,0],[0,0],[0,0],[0,0],[0,0],[0,0],[0,0],[0,0],[0,0],[0,0],[0,0],[0,0],[0,0],[0,0],[0,0],[0,0],[0,0],[0,0],[0,0],[0,0],[0,0],[0,0]],"original_value":-1.549095546702074,"class":0,"node_positions":[[0.6522637949850788,-0.43936756354183276],[-0.12498917347604738,-0.23708620782108975],[-0.4371723810227662,-0.6428608882562092],[0.09885463885414017,0.3170490138773928],[0.24874068377351552,-0.08398308349040672],[-0.3950417594812532,0.452203256967903],[0.4749872700648155,-0.00917109790719703],[0.24171253040142868,0.8447997156875445],[-0.6691878474502818,-0.32598399041025894],[-0.2221865171739817,0.014920731801200826],[-0.14465659908133954,-0.4198070771142756],[0.043798004113794184,0.5191677529950409],[0.30883635972668877,0.26942761139574006],[-0.29788037593716965,0.6805128228706169],[-0.24727448799229912,0.21119173139070832],[-0.5270077608671052,0.2520831615534474],[-0.5083550456811234,0.033091504290205916],[0.022590145482723714,-0.491961170135603],[0.594413156716121,0.5616578833040035],[0.5006130823649508,-0.23373720058759895],[-0.10508554521122852,0.5161390798097082],[0.7751077259965153,-0.19210067291244085],[-0.009136567328470332,0.03956440583668137],[0.19591678648503053,0.586350600049552],[-0.6142325638037106,-0.5221942279237474],[0.07234562629902799,-0.7543375517569354],[0.36689007810138635,0.4296532631017707],[-0.40148479001133763,-0.3752218030739207],[0.10662153115289699,-1.0]],"node_coordinates":[[724.3631284181585,321.9562496758683],[383.12477636190744,391.0354310202632],[246.06658860896493,252.46318033078896],[481.39920790093885,580.2728786962213],[547.2038674389808,443.3202224304691],[264.5632485759195,626.4281184346921],[646.5331918637571,468.8685518868494],[544.1182883907106,760.5],[144.2045454545455,360.67679503667966],[340.452103842694,477.0959234476879],[374.49016166750954,328.6361653027895],[457.22762403969534,649.2965263915818],[573.5877479258818,564.010146591311],[307.2201334633867,704.3959462132775],[329.4377003397679,544.1225652505385],[206.62604837516741,558.0870085358761],[214.81517347306323,483.3012510888008],[447.9167110891321,303.99550744877706],[698.964889660208,663.8069265542736],[657.7837245914919,392.1791186190619],[391.86309140813256,648.2622330260017],[778.2954545454545,406.398013067218],[433.9876923073977,485.511750114577],[524.0125251201475,672.2395013304996],[168.33163301712932,293.6709035123371],[469.7609226501861,214.39384553620766],[599.0751451990518,618.7272845637542],[261.73455674771435,343.8620580685823],[484.80911643287226,130.5]]},"label":"0","name":"4148","value":-1.549095546702074,"input_type":"classification","classes":{"0":"low","1":"high"},"image_width":900,"image_height":900,"image_path":"./4148.png"}