{"graph":{"node_indices":[0,1,2,3,4,5,6,7,8,9,10,11,12,13,14,15,16,17,18,19,20,21,22,23,24,25,26,27,28,29],"node_attributes":[[0.0,0.0,1.0],[0.0,1.0,1.0],[0.800000011920929,0.800000011920929,0.800000011920929],[0.800000011920929,0.800000011920929,0.800000011920929],[0.0,1.0,1.0],[0.800000011920929,0.800000011920929,0.800000011920929],[0.0,1.0,0.0],[0.0,0.0,1.0],[0.0,1.0,0.0],[0.0,1.0,0.0],[0.0,1.0,1.0],[0.800000011920929,0.800000011920929,0.800000011920929],[0.0,1.0,1.0],[0.0,0.0,1.0],[0.0,1.0,0.0],[0.800000011920929,0.800000011920929,0.800000011920929],[0.800000011920929,0.800000011920929,0.800000011920929],[0.800000011920929,0.800000011920929,0.800000011920929],[1.0,1.0,0.0],[0.0,1.0,0.0],[1.0,0.0,1.0],[1.0,0.0,0.0],[1.0,0.0,0.0],[0.0,1.0,0.0],[0.800000011920929,0.800000011920929,0.800000011920929],[1.0,0.0,1.0],[1.0,0.0,1.0],[1.0,0.0,1.0],[0.800000011920929,0.800000011920929,0.800000011920929],[0.800000011920929,0.800000011920929,0.800000011920929]],"node_adjacency":[[0,0,0,0,1,0,0,1,0,0,0,0,0,0,1,0,0,0,0,0,0,0,0,0,0,1,0,0,0,0],[0,0,0,0,0,0,0,1,0,0,0,0,0,0,0,0,0,0,0,0,0,0,0,0,0,0,0,0,0,1],[0,0,0,0,0,0,0,0,0,0,0,0,0,0,0,0,0,0,0,0,0,0,0,1,0,0,0,0,0,0],[0,0,0,0,0,0,0,0,0,0,0,0,0,1,0,0,0,0,0,0,0,0,0,1,0,0,0,0,0,0],[1,0,0,0,0,0,0,0,0,0,0,0,0,0,0,0,0,0,0,0,0,0,0,0,0,0,0,0,0,0],[0,0,0,0,0,0,0,0,0,0,0,1,0,0,0,0,0,0,0,0,0,0,0,0,0,0,0,0,0,0],[0,0,0,0,0,0,0,0,0,0,0,0,0,0,0,0,0,0,0,1,0,0,0,0,1,1,0,0,0,0],[1,1,0,0,0,0,0,0,0,1,0,1,0,0,1,0,0,0,0,1,0,0,0,1,0,0,0,0,1,0],[0,0,0,0,0,0,0,0,0,0,0,0,0,0,1,0,0,0,0,0,0,0,0,0,0,0,0,0,0,0],[0,0,0,0,0,0,0,1,0,0,0,0,0,0,0,0,0,1,0,0,0,0,0,0,0,0,1,0,0,0],[0,0,0,0,0,0,0,0,0,0,0,0,0,0,0,0,0,0,0,0,0,0,0,0,0,0,0,0,1,0],[0,0,0,0,0,1,0,1,0,0,0,0,0,0,0,0,0,0,0,0,0,0,0,0,0,0,0,0,0,0],[0,0,0,0,0,0,0,0,0,0,0,0,0,0,0,0,0,0,0,0,1,0,0,0,0,0,0,1,0,0],[0,0,0,1,0,0,0,0,0,0,0,0,0,0,0,0,0,0,0,0,0,0,0,0,0,0,0,0,0,0],[1,0,0,0,0,0,0,1,1,0,0,0,0,0,0,0,0,0,0,0,0,0,0,0,1,0,0,0,0,0],[0,0,0,0,0,0,0,0,0,0,0,0,0,0,0,0,0,0,1,0,0,0,0,0,0,0,0,0,0,0],[0,0,0,0,0,0,0,0,0,0,0,0,0,0,0,0,0,0,0,0,0,1,0,0,0,0,0,0,0,0],[0,0,0,0,0,0,0,0,0,1,0,0,0,0,0,0,0,0,0,0,0,0,0,0,0,0,0,0,0,0],[0,0,0,0,0,0,0,0,0,0,0,0,0,0,0,1,0,0,0,0,0,0,0,0,0,0,0,1,1,0],[0,0,0,0,0,0,1,1,0,0,0,0,0,0,0,0,0,0,0,0,0,0,0,0,0,0,0,0,0,0],[0,0,0,0,0,0,0,0,0,0,0,0,1,0,0,0,0,0,0,0,0,1,0,0,0,0,0,0,0,0],[0,0,0,0,0,0,0,0,0,0,0,0,0,0,0,0,1,0,0,0,1,0,0,0,0,0,0,0,1,0],[0,0,0,0,0,0,0,0,0,0,0,0,0,0,0,0,0,0,0,0,0,0,0,1,0,0,0,0,0,0],[0,0,1,1,0,0,0,1,0,0,0,0,0,0,0,0,0,0,0,0,0,0,1,0,0,0,0,0,0,0],[0,0,0,0,0,0,1,0,0,0,0,0,0,0,1,0,0,0,0,0,0,0,0,0,0,0,0,0,0,0],[1,0,0,0,0,0,1,0,0,0,0,0,0,0,0,0,0,0,0,0,0,0,0,0,0,0,0,0,0,0],[0,0,0,0,0,0,0,0,0,1,0,0,0,0,0,0,0,0,0,0,0,0,0,0,0,0,0,0,0,0],[0,0,0,0,0,0,0,0,0,0,0,0,1,0,0,0,0,0,1,0,0,0,0,0,0,0,0,0,0,0],[0,0,0,0,0,0,0,1,0,0,1,0,0,0,0,0,0,0,1,0,0,1,0,0,0,0,0,0,0,1],[0,1,0,0,0,0,0,0,0,0,0,0,0,0,0,0,0,0,0,0,0,0,0,0,0,0,0,0,1,0]],"edge_indices":[[7,0],[7,14],[0,7],[0,14],[14,0],[14,7],[28,7],[7,28],[23,7],[7,23],[8,14],[14,8],[24,14],[14,24],[4,0],[0,4],[21,28],[28,21],[29,28],[28,29],[3,23],[23,3],[25,0],[0,25],[9,7],[7,9],[19,7],[7,19],[26,9],[9,26],[18,28],[28,18],[17,9],[9,17],[2,23],[23,2],[13,3],[3,13],[22,23],[23,22],[27,18],[18,27],[6,25],[25,6],[20,21],[21,20],[10,28],[28,10],[11,7],[7,11],[15,18],[18,15],[16,21],[21,16],[12,27],[27,12],[1,7],[7,1],[5,11],[11,5],[6,24],[24,6],[19,6],[6,19],[12,20],[20,12],[29,1],[1,29]],"edge_attributes":[[1.0],[1.0],[1.0],[1.0],[1.0],[1.0],[1.0],[1.0],[1.0],[1.0],[1.0],[1.0],[1.0],[1.0],[1.0],[1.0],[1.0],[1.0],[1.0],[1.0],[1.0],[1.0],[1.0],[1.0],[1.0],[1.0],[1.0],[1.0],[1.0],[1.0],[1.0],[1.0],[1.0],[1.0],[1.0],[1.0],[1.0],[1.0],[1.0],[1.0],[1.0],[1.0],[1.0],[1.0],[1.0],[1.0],[1.0],[1.0],[1.0],[1.0],[1.0],[1.0],[1.0],[1.0],[1.0],[1.0],[1.0],[1.0],[1.0],[1.0],[1.0],[1.0],[1.0],[1.0],[1.0],[1.0],[1.0],[1.0]],"seed_graph_indices":[0,-1,-1,-1,-1,-1,-1,0,-1,-1,-1,-1,-1,-1,0,-1,-1,-1,-1,-1,-1,-1,-1,-1,-1,-1,-1,-1,-1,-1],"graph_labels":0,"node_importances":[1,0,0,0,0,0,0,1,0,0,0,0,0,0,1,0,0,0,0,0,0,0,0,0,0,0,0,0,0,0],"edge_importances":[1,1,1,1,1,1,0,0,0,0,0,0,0,0,0,0,0,0,0,0,0,0,0,0,0,0,0,0,0,0,0,0,0,0,0,0,0,0,0,0,0,0,0,0,0,0,0,0,0,0,0,0,0,0,0,0,0,0,0,0,0,0,0,0,0,0,0,0],"multi_node_importances":[[1,0],[0,0],[0,0],[0,0],[0,0],[0,0],[0,0],[1,0],[0,0],[0,0],[0,0],[0,0],[0,0],[0,0],[1,0],[0,0],[0,0],[0,0],[0,0],[0,0],[0,0],[0,0],[0,0],[0,0],[0,0],[0,0],[0,0],[0,0],[0,0],[0,0]],"multi_edge_importances":[[1,0],[1,0],[1,0],[1,0],[1,0],[1,0],[0,0],[0,0],[0,0],[0,0],[0,0],[0,0],[0,0],[0,0],[0,0],[0,0],[0,0],[0,0],[0,0],[0,0],[0,0],[0,0],[0,0],[0,0],[0,0],[0,0],[0,0],[0,0],[0,0],[0,0],[0,0],[0,0],[0,0],[0,0],[0,0],[0,0],[0,0],[0,0],[0,0],[0,0],[0,0],[0,0],[0,0],[0,0],[0,0],[0,0],[0,0],[0,0],[0,0],[0,0],[0,0],[0,0],[0,0],[0,0],[0,0],[0,0],[0,0],[0,0],[0,0],[0,0],[0,0],[0,0],[0,0],[0,0],[0,0],[0,0],[0,0],[0,0]],"original_value":-0.5674472430029296,"class":0,"node_positions":[[-0.1994179421005374,-0.32073185290950956],[-0.11642392447958876,0.0661529717923961],[-0.6190537854529192,0.05234451548409768],[-0.6575321714833336,-0.167870340334797],[-0.4683251233003093,-0.4745912583235534],[0.5970257599593319,-0.07941730658483483],[0.170226799551152,-0.6389638725233204],[-0.004765790887974993,-0.10978121072941574],[-0.3082853476229817,-0.6548938425797158],[0.3025169276795759,-0.26108473703023355],[0.35332268013199375,0.24914110951130042],[0.2615835697381426,-0.06529342384340121],[0.30040251920926325,1.0],[-0.9533859237511726,-0.18898878694039128],[-0.07241326355538999,-0.41072018070483074],[0.6609898073440548,0.4871317155708442],[-0.262733179506101,0.7460919897254478],[0.6118479970127749,-0.31467846542240135],[0.3473942667203007,0.4525461679298853],[0.10772273212002789,-0.3313645751685844],[0.06379511353780727,0.8376703764019422],[-0.02104312967755226,0.5502538700780125],[-0.5286008653185488,0.21285669630784854],[-0.3540676027449624,-0.04099568866875427],[0.02108790237431842,-0.7384687736673688],[-0.12344134508245555,-0.6486226497758613],[0.49252260136388437,-0.5206851030270312],[0.4219852016153533,0.7407895150907055],[0.0978162633935937,0.23575190452106706],[-0.12075074678774707,0.33642123582045785]],"node_coordinates":[[440.34641237046264,281.8827939067752],[472.9446180227935,422.0851623669384],[275.52277913984983,417.081145265224],[260.4093242554508,337.27795220974224],[334.72564782120963,226.12601134095033],[753.1717982775319,369.3322589114503],[585.5346518613894,166.55936941191504],[516.8014513935897,358.3287482928891],[397.58571496375504,160.7865414569107],[637.4952741582797,303.4981853208368],[657.4506446083457,488.3978442563673],[621.4175608668279,374.450582727145],[636.6647815020128,760.5000000000001],[144.20454545454555,329.624883277444],[490.23102753551854,249.2721152625698],[778.2954545454547,574.6427536206124],[415.47759424312153,668.486816389275],[758.993643580919,284.0764681186123],[655.1220955740159,562.1093705976665],[560.9844432724676,278.0296243102421],[543.7306509461285,701.6737130883067],[510.40807446660773,597.5174568892976],[311.05067593189295,475.2488129568563],[379.603462622267,383.25578727950267],[526.9562075313838,130.50000000000006],[470.18833116599944,163.0591456740655],[712.1252800721923,209.42216103138634],[684.419757082751,666.5652638883113],[557.0934025192945,483.54575874777765],[471.245138379976,520.027103526163]]},"label":"0","name":"416","value":-0.5674472430029296,"input_type":"classification","classes":{"0":"low","1":"high"},"image_width":900,"image_height":900,"image_path":"./416.png"}