{"graph": {"node_indices": [0, 1, 2, 3, 4, 5, 6, 7, 8, 9, 10, 11, 12, 13, 14], "node_attributes": [[1.0, 0.0, 1.0], [1.0, 0.0, 0.0], [0.0, 0.0, 1.0], [1.0, 0.0, 1.0], [1.0, 0.0, 1.0], [1.0, 0.0, 1.0], [1.0, 0.0, 0.0], [0.0, 1.0, 0.0], [0.0, 1.0, 1.0], [1.0, 0.0, 1.0], [0.0, 1.0, 1.0], [0.0, 1.0, 1.0], [1.0, 1.0, 0.0], [0.0, 1.0, 0.0], [0.0, 1.0, 1.0]], "node_adjacency": [[0, 0, 1, 0, 0, 0, 0, 0, 0, 0, 0, 0, 1, 1, 0], [0, 0, 0, 0, 0, 1, 0, 0, 0, 1, 0, 0, 0, 0, 0], [1, 0, 0, 0, 0, 0, 0, 0, 0, 0, 0, 0, 0, 0, 0], [0, 0, 0, 0, 0, 0, 0, 1, 0, 0, 0, 0, 0, 0, 0], [0, 0, 0, 0, 0, 0, 0, 0, 0, 1, 0, 0, 0, 0, 0], [0, 1, 0, 0, 0, 0, 1, 0, 0, 0, 1, 0, 0, 0, 0], [0, 0, 0, 0, 0, 1, 0, 0, 0, 0, 0, 0, 0, 0, 0], [0, 0, 0, 1, 0, 0, 0, 0, 1, 1, 0, 0, 0, 0, 1], [0, 0, 0, 0, 0, 0, 0, 1, 0, 0, 0, 0, 0, 0, 0], [0, 1, 0, 0, 1, 0, 0, 1, 0, 0, 0, 0, 0, 1, 0], [0, 0, 0, 0, 0, 1, 0, 0, 0, 0, 0, 0, 0, 0, 0], [0, 0, 0, 0, 0, 0, 0, 0, 0, 0, 0, 0, 0, 1, 0], [1, 0, 0, 0, 0, 0, 0, 0, 0, 0, 0, 0, 0, 0, 0], [1, 0, 0, 0, 0, 0, 0, 0, 0, 1, 0, 1, 0, 0, 0], [0, 0, 0, 0, 0, 0, 0, 1, 0, 0, 0, 0, 0, 0, 0]], "edge_indices": [[9, 7], [7, 9], [3, 7], [7, 3], [13, 9], [9, 13], [0, 13], [13, 0], [1, 9], [9, 1], [5, 1], [1, 5], [8, 7], [7, 8], [4, 9], [9, 4], [2, 0], [0, 2], [12, 0], [0, 12], [14, 7], [7, 14], [11, 13], [13, 11], [10, 5], [5, 10], [6, 5], [5, 6]], "edge_attributes": [[1.0], [1.0], [1.0], [1.0], [1.0], [1.0], [1.0], [1.0], [1.0], [1.0], [1.0], [1.0], [1.0], [1.0], [1.0], [1.0], [1.0], [1.0], [1.0], [1.0], [1.0], [1.0], [1.0], [1.0], [1.0], [1.0], [1.0], [1.0]], "seed_graph_indices": [-1, -1, -1, -1, -1, -1, -1, -1, -1, -1, -1, -1, -1, -1, -1], "graph_labels": 1, "node_importances": [0, 0, 0, 0, 0, 0, 0, 0, 0, 0, 0, 0, 0, 0, 0], "edge_importances": [0, 0, 0, 0, 0, 0, 0, 0, 0, 0, 0, 0, 0, 0, 0, 0, 0, 0, 0, 0, 0, 0, 0, 0, 0, 0, 0, 0], "multi_node_importances": [[0, 0], [0, 0], [0, 0], [0, 0], [0, 0], [0, 0], [0, 0], [0, 0], [0, 0], [0, 0], [0, 0], [0, 0], [0, 0], [0, 0], [0, 0]], "multi_edge_importances": [[0, 0], [0, 0], [0, 0], [0, 0], [0, 0], [0, 0], [0, 0], [0, 0], [0, 0], [0, 0], [0, 0], [0, 0], [0, 0], [0, 0], [0, 0], [0, 0], [0, 0], [0, 0], [0, 0], [0, 0], [0, 0], [0, 0], [0, 0], [0, 0], [0, 0], [0, 0], [0, 0], [0, 0]], "original_value": 0.07, "class": 1, "node_positions": [[0.4585315106715516, 0.5113399687783762], [-0.377912882360548, -0.020990671401250875], [0.8070894362111903, 0.5477251188894398], [0.09979243104930491, -0.746710478334753], [-0.1650725457238471, -0.3177385204029271], [-0.7425498263611565, -0.03826506186000826], [-1.0, -0.28339883027942814], [0.24357910694759805, -0.40053233219985973], [0.6003822689024932, -0.39981380123947463], [0.01580362263141885, -0.07019250343446287], [-0.9978517082304618, 0.20414435824205732], [-0.02720915011011739, 0.5690443184179399], [0.4753193919752905, 0.8707521179383375], [0.17385431983121816, 0.2748952422166786], [0.436244024566065, -0.7002589253306645]], "node_coordinates": [[655.9897139177721, 620.5093414880146], [362.4891405904577, 413.1671104615224], [778.2954545454547, 634.6813196362498], [530.1115008277576, 130.50000000000006], [437.1728390531874, 297.58413172567816], [234.5414216362446, 406.43875333345454], [144.2045454545455, 310.95940533488107], [580.5649107191168, 265.3360280896168], [705.7638282695649, 265.61589515182], [500.64060756924835, 394.00304802672713], [144.958361095234, 500.85697049420344], [485.5478248747819, 642.9851256926636], [661.880425635902, 760.5000000000001], [556.0991301313604, 528.4143662613237], [648.1692419240841, 148.59283161168992]]}, "label": "1", "name": "4195", "value": 0.07, "input_type": "classification", "classes": {"0": "low", "1": "high"}, "image_width": 900, "image_height": 900, "image_path": "./4195.png"}