{"graph":{"node_indices":[0,1,2,3,4,5,6,7,8,9,10,11,12,13,14,15,16,17,18,19,20],"node_attributes":[[0.0,0.0,1.0],[1.0,0.0,1.0],[1.0,0.0,1.0],[1.0,0.0,0.0],[0.0,1.0,1.0],[0.0,0.0,1.0],[1.0,0.0,1.0],[1.0,0.0,0.0],[0.800000011920929,0.800000011920929,0.800000011920929],[1.0,0.0,0.0],[1.0,1.0,0.0],[1.0,0.0,1.0],[1.0,0.0,0.0],[1.0,0.0,0.0],[1.0,1.0,0.0],[1.0,0.0,1.0],[0.0,1.0,0.0],[0.0,1.0,0.0],[0.800000011920929,0.800000011920929,0.800000011920929],[0.0,1.0,0.0],[0.0,0.0,1.0]],"node_adjacency":[[0,0,0,0,0,0,0,0,0,0,0,0,0,0,0,0,0,0,0,0,0],[0,0,0,1,0,0,0,0,1,0,0,0,0,0,0,0,0,0,0,0,1],[0,0,0,0,1,0,0,0,0,0,0,0,0,0,1,0,0,0,0,0,0],[0,1,0,0,0,0,0,0,0,1,0,0,0,0,0,0,1,0,0,0,0],[0,0,1,0,0,0,0,0,0,0,0,0,0,0,0,0,0,0,0,0,1],[0,0,0,0,0,0,0,0,0,0,0,0,0,0,1,0,0,0,1,0,0],[0,0,0,0,0,0,0,0,0,0,1,0,0,0,1,0,0,0,0,1,0],[0,0,0,0,0,0,0,0,0,0,0,0,0,1,0,0,0,0,0,0,0],[0,1,0,0,0,0,0,0,0,1,0,0,0,0,0,0,0,0,0,0,0],[0,0,0,1,0,0,0,0,1,0,0,0,0,0,0,0,1,0,0,0,0],[0,0,0,0,0,0,1,0,0,0,0,0,0,0,0,0,0,0,0,0,0],[0,0,0,0,0,0,0,0,0,0,0,0,0,0,0,0,0,0,0,1,1],[0,0,0,0,0,0,0,0,0,0,0,0,0,0,0,0,0,0,1,0,0],[0,0,0,0,0,0,0,1,0,0,0,0,0,0,0,0,0,1,0,0,0],[1,0,1,0,0,1,1,0,0,0,0,0,0,0,0,0,0,0,0,0,1],[0,0,0,0,0,0,0,0,0,0,0,0,0,0,0,0,0,0,0,0,1],[0,0,0,1,0,0,0,0,0,1,0,0,0,0,0,0,0,0,0,0,0],[0,0,0,0,0,0,0,0,0,0,0,0,0,1,0,0,0,0,0,1,0],[0,0,0,0,0,1,0,0,0,0,0,0,1,0,0,0,0,0,0,0,0],[0,0,0,0,0,0,1,0,0,0,0,1,0,0,0,0,0,1,0,0,0],[0,1,0,0,1,0,0,0,0,0,0,1,0,0,1,1,0,0,0,0,0]],"edge_indices":[[14,5],[14,20],[14,0],[5,14],[20,14],[20,14],[9,3],[9,16],[3,9],[3,16],[16,3],[16,9],[6,14],[14,6],[19,6],[6,19],[4,20],[20,4],[11,20],[20,11],[1,20],[20,1],[17,19],[19,17],[18,5],[5,18],[15,20],[20,15],[12,18],[18,12],[2,4],[4,2],[13,17],[17,13],[7,13],[13,7],[8,9],[9,8],[10,6],[6,10],[1,8],[8,1],[1,3],[3,1],[2,14],[14,2],[11,19],[19,11]],"edge_attributes":[[1.0],[1.0],[1.0],[1.0],[1.0],[1.0],[1.0],[1.0],[1.0],[1.0],[1.0],[1.0],[1.0],[1.0],[1.0],[1.0],[1.0],[1.0],[1.0],[1.0],[1.0],[1.0],[1.0],[1.0],[1.0],[1.0],[1.0],[1.0],[1.0],[1.0],[1.0],[1.0],[1.0],[1.0],[1.0],[1.0],[1.0],[1.0],[1.0],[1.0],[1.0],[1.0],[1.0],[1.0],[1.0],[1.0],[1.0],[1.0]],"seed_graph_indices":[0,-1,-1,1,-1,0,-1,-1,-1,1,-1,-1,-1,-1,0,-1,1,-1,-1,-1,0],"graph_labels":0,"node_importances":[1,0,0,1,0,1,0,0,0,1,0,0,0,0,1,0,1,0,0,0,1],"edge_importances":[1,1,1,1,1,1,1,1,1,1,1,1,0,0,0,0,0,0,0,0,0,0,0,0,0,0,0,0,0,0,0,0,0,0,0,0,0,0,0,0,0,0,0,0,0,0,0,0],"multi_node_importances":[[1,0],[0,0],[0,0],[0,1],[0,0],[1,0],[0,0],[0,0],[0,0],[0,1],[0,0],[0,0],[0,0],[0,0],[1,0],[0,0],[0,1],[0,0],[0,0],[0,0],[1,0]],"multi_edge_importances":[[1,0],[1,0],[1,0],[1,0],[1,0],[1,0],[0,1],[0,1],[0,1],[0,1],[0,1],[0,1],[0,0],[0,0],[0,0],[0,0],[0,0],[0,0],[0,0],[0,0],[0,0],[0,0],[0,0],[0,0],[0,0],[0,0],[0,0],[0,0],[0,0],[0,0],[0,0],[0,0],[0,0],[0,0],[0,0],[0,0],[0,0],[0,0],[0,0],[0,0],[0,0],[0,0],[0,0],[0,0],[0,0],[0,0],[0,0],[0,0]],"original_value":-1.3113208006946162,"class":0,"node_positions":[[0.2130391436356649,-0.33414645193657566],[-0.3807804303890412,-0.10953858914537436],[0.04675771773552154,-0.34235717247601605],[-0.5668866072942087,-0.2734466257056395],[-0.14596431402684254,-0.2713742438071464],[0.3816094607325337,-0.23936319552655674],[0.2748499500752602,0.11117952177771714],[0.28033558713473933,1.0],[-0.6088228632860583,-0.0114742716868328],[-0.783803816857706,-0.1730280356816462],[0.5101207691052759,0.1757092646209295],[-0.048489820208756,0.20421788047160447],[0.7010852363888762,-0.5869888050543299],[0.2308443449899785,0.7841443823790156],[0.1446070406814065,-0.11724174553454121],[-0.2617212566155773,0.13893288266112533],[-0.7594145645696986,-0.382825783884969],[0.187408781311054,0.5613533273249738],[0.5512211366536752,-0.41636412932786077],[0.15251195567972703,0.3242284439597654],[-0.11850745087582454,-0.04161665342764238]],"node_coordinates":[[569.8855467779146,230.87290871672653],[316.3072792931893,320.03733956071886],[498.8785309450317,227.6134314454484],[236.83451690517361,254.9694180327961],[416.580605685998,255.7921085217854],[641.8699858711875,268.4997976702801],[596.2805628642893,407.65762360978454],[598.623089790717,760.5],[218.92651318758868,358.96673830765343],[144.20454545454544,294.8334117255241],[696.748060550483,433.27452642708704],[458.2050558515841,444.591826164],[778.2954545454545,130.5],[577.4888867639011,674.810019914372],[540.6630440741636,316.9793542052337],[367.1490169762616,418.67510356985804],[154.61946710915475,211.54827389270338],[558.9406349602887,586.3668221822737],[714.2991155372204,198.2342810266362],[544.0386732005366,492.23340672004747],[428.30548659757045,347.0008690865029]]},"label":"0","name":"420","value":-1.3113208006946162,"input_type":"classification","classes":{"0":"low","1":"high"},"image_width":900,"image_height":900,"image_path":"./420.png"}