{"graph":{"node_indices":[0,1,2,3,4,5,6,7,8,9,10,11,12,13,14,15,16,17,18],"node_attributes":[[1.0,0.0,0.0],[0.0,0.0,1.0],[1.0,0.0,1.0],[0.0,1.0,1.0],[1.0,0.0,0.0],[0.0,0.0,1.0],[0.0,1.0,1.0],[0.0,1.0,0.0],[0.800000011920929,0.800000011920929,0.800000011920929],[1.0,1.0,0.0],[0.800000011920929,0.800000011920929,0.800000011920929],[0.0,0.0,1.0],[0.800000011920929,0.800000011920929,0.800000011920929],[0.800000011920929,0.800000011920929,0.800000011920929],[0.0,1.0,1.0],[0.0,1.0,0.0],[1.0,0.0,0.0],[1.0,0.0,0.0],[1.0,1.0,0.0]],"node_adjacency":[[0,0,0,0,0,0,0,0,0,1,0,0,0,0,0,0,0,0,0],[0,0,0,0,0,0,0,0,0,0,0,0,0,0,0,0,0,0,1],[0,0,0,0,1,0,0,0,0,0,0,0,1,0,0,0,0,0,0],[0,0,0,0,0,1,0,0,0,0,0,0,0,0,0,0,0,0,0],[0,0,1,0,0,0,0,0,0,0,0,0,0,0,0,0,0,0,0],[0,0,0,1,0,0,0,0,1,0,0,0,0,0,0,0,0,0,1],[0,0,0,0,0,0,0,0,0,1,0,0,1,0,0,0,0,0,0],[0,0,0,0,0,0,0,0,0,0,0,0,0,0,0,0,0,0,1],[0,0,0,0,0,1,0,0,0,0,0,0,0,0,0,1,0,0,0],[1,0,0,0,1,0,1,0,0,0,0,0,0,1,0,0,1,0,0],[0,0,0,0,0,0,0,0,0,0,0,0,0,1,0,0,0,0,0],[0,0,0,0,0,0,0,0,0,0,0,0,1,0,0,0,0,0,0],[0,0,1,0,0,0,1,0,0,0,0,1,0,0,0,0,0,1,0],[0,0,0,0,0,0,0,0,0,1,1,0,0,0,0,0,0,0,0],[0,0,0,0,0,0,0,0,0,0,0,0,0,0,0,0,1,0,0],[0,0,0,0,0,0,0,0,1,0,0,0,0,0,0,0,0,0,0],[0,0,0,0,0,0,0,0,0,1,0,0,0,0,1,0,0,0,0],[0,0,0,0,0,0,0,0,0,0,0,0,1,0,0,0,0,0,0],[0,1,0,0,0,1,0,1,0,0,0,1,0,0,0,0,0,0,0]],"edge_indices":[[18,1],[18,5],[18,11],[1,18],[5,18],[5,18],[9,0],[9,16],[9,4],[0,9],[16,9],[16,9],[6,9],[9,6],[12,11],[11,12],[3,5],[5,3],[8,5],[5,8],[13,9],[9,13],[14,16],[16,14],[2,4],[4,2],[10,13],[13,10],[15,8],[8,15],[17,12],[12,17],[7,18],[18,7],[12,2],[2,12],[6,12],[12,6]],"edge_attributes":[[1.0],[1.0],[1.0],[1.0],[1.0],[1.0],[1.0],[1.0],[1.0],[1.0],[1.0],[1.0],[1.0],[1.0],[1.0],[1.0],[1.0],[1.0],[1.0],[1.0],[1.0],[1.0],[1.0],[1.0],[1.0],[1.0],[1.0],[1.0],[1.0],[1.0],[1.0],[1.0],[1.0],[1.0],[1.0],[1.0],[1.0],[1.0]],"seed_graph_indices":[1,0,-1,-1,1,0,-1,-1,-1,1,-1,0,-1,-1,-1,-1,1,-1,0],"graph_labels":1,"node_importances":[1,1,0,0,1,1,0,0,0,1,0,1,0,0,0,0,1,0,1],"edge_importances":[1,1,1,1,1,1,1,1,1,1,1,1,0,0,0,0,0,0,0,0,0,0,0,0,0,0,0,0,0,0,0,0,0,0,0,0,0,0],"multi_node_importances":[[0,1],[1,0],[0,0],[0,0],[0,1],[1,0],[0,0],[0,0],[0,0],[0,1],[0,0],[1,0],[0,0],[0,0],[0,0],[0,0],[0,1],[0,0],[1,0]],"multi_edge_importances":[[1,0],[1,0],[1,0],[1,0],[1,0],[1,0],[0,1],[0,1],[0,1],[0,1],[0,1],[0,1],[0,0],[0,0],[0,0],[0,0],[0,0],[0,0],[0,0],[0,0],[0,0],[0,0],[0,0],[0,0],[0,0],[0,0],[0,0],[0,0],[0,0],[0,0],[0,0],[0,0],[0,0],[0,0],[0,0],[0,0],[0,0],[0,0]],"original_value":0.46388021658273104,"class":1,"node_positions":[[-0.676526706900665,0.394106499119338],[0.23663862897072846,-0.5876889402117588],[-0.38328345179367096,-0.04249772849133991],[0.8739814884268553,-0.4043870982022663],[-0.49105763363478944,0.19216095767987132],[0.6043649471937881,-0.49104021555248706],[-0.16795768716500784,0.23413054658586577],[0.5581924609305877,-0.12481361634696311],[0.6717523515177825,-0.7597323973205694],[-0.38315684811372785,0.4349182390985487],[-0.7845226835896674,0.7995666710779686],[0.12954901508194785,-0.17543962387592907],[-0.12677438528867688,-0.061559583385767176],[-0.5672154711033897,0.6427458566114338],[-0.11258208061509874,0.9228380369704989],[0.7653881089543576,-1.0],[-0.21528549136701214,0.6730195543266652],[-0.2958573942053537,-0.3130169516538773],[0.36435283270101193,-0.3333102064292323]],"node_coordinates":[[185.49432222588058,587.2660289417595],[534.62207706835,265.58988415677845],[297.60913348347856,444.2167142797221],[778.2954545454546,325.6470279440541],[256.4041548688797,521.1004504267262],[675.2137737025565,297.2559399371569],[379.93398508639865,534.851395905439],[657.5607859780682,417.24667917954883],[700.9777972064132,209.2214454767745],[297.65753748743816,600.6376159878592],[144.2045454545455,720.1112834159179],[493.6788272588736,400.6595386456018],[395.6794729583869,437.9712748029736],[227.2869580540252,668.7304020237568],[401.10557409482385,760.4999999999999],[736.7772745656914,130.5],[361.83928813110725,678.6492975281567],[331.034474986845,355.5836066983303],[583.4506642456092,348.93471050288343]]},"label":"1","name":"4209","value":0.46388021658273104,"input_type":"classification","classes":{"0":"low","1":"high"},"image_width":900,"image_height":900,"image_path":"./4209.png"}