{"graph": {"node_indices": [0, 1, 2, 3, 4, 5, 6, 7, 8, 9, 10], "node_attributes": [[1.0, 0.0, 0.0], [0.0, 0.0, 1.0], [0.0, 1.0, 1.0], [0.0, 1.0, 0.0], [0.0, 1.0, 1.0], [0.0, 0.0, 1.0], [1.0, 0.0, 1.0], [1.0, 0.0, 1.0], [1.0, 0.0, 1.0], [0.0, 1.0, 0.0], [1.0, 0.0, 0.0]], "node_adjacency": [[0, 0, 0, 0, 0, 0, 0, 0, 0, 1, 0], [0, 0, 0, 0, 0, 1, 1, 0, 0, 1, 0], [0, 0, 0, 0, 0, 0, 0, 0, 0, 0, 1], [0, 0, 0, 0, 0, 1, 0, 0, 0, 0, 0], [0, 0, 0, 0, 0, 0, 0, 1, 1, 1, 0], [0, 1, 0, 1, 0, 0, 0, 1, 0, 1, 1], [0, 1, 0, 0, 0, 0, 0, 0, 0, 0, 0], [0, 0, 0, 0, 1, 1, 0, 0, 1, 0, 0], [0, 0, 0, 0, 1, 0, 0, 1, 0, 0, 0], [1, 1, 0, 0, 1, 1, 0, 0, 0, 0, 1], [0, 0, 1, 0, 0, 1, 0, 0, 0, 1, 0]], "edge_indices": [[1, 5], [1, 9], [5, 1], [5, 9], [9, 5], [9, 1], [4, 9], [9, 4], [10, 5], [5, 10], [0, 9], [9, 0], [8, 4], [4, 8], [2, 10], [10, 2], [3, 5], [5, 3], [6, 1], [1, 6], [7, 4], [4, 7], [5, 7], [7, 5], [9, 10], [10, 9], [8, 7], [7, 8]], "edge_attributes": [[1.0], [1.0], [1.0], [1.0], [1.0], [1.0], [1.0], [1.0], [1.0], [1.0], [1.0], [1.0], [1.0], [1.0], [1.0], [1.0], [1.0], [1.0], [1.0], [1.0], [1.0], [1.0], [1.0], [1.0], [1.0], [1.0], [1.0], [1.0]], "seed_graph_indices": [-1, 0, -1, -1, -1, 0, -1, -1, -1, 0, -1], "graph_labels": 0, "node_importances": [0, 1, 0, 0, 0, 1, 0, 0, 0, 1, 0], "edge_importances": [1, 1, 1, 1, 1, 1, 0, 0, 0, 0, 0, 0, 0, 0, 0, 0, 0, 0, 0, 0, 0, 0, 0, 0, 0, 0, 0, 0], "multi_node_importances": [[0, 0], [1, 0], [0, 0], [0, 0], [0, 0], [1, 0], [0, 0], [0, 0], [0, 0], [1, 0], [0, 0]], "multi_edge_importances": [[1, 0], [1, 0], [1, 0], [1, 0], [1, 0], [1, 0], [0, 0], [0, 0], [0, 0], [0, 0], [0, 0], [0, 0], [0, 0], [0, 0], [0, 0], [0, 0], [0, 0], [0, 0], [0, 0], [0, 0], [0, 0], [0, 0], [0, 0], [0, 0], [0, 0], [0, 0], [0, 0], [0, 0]], "original_value": -1.02, "class": 0, "node_positions": [[-0.5779858859832062, 0.09671225182832698], [0.09308950978099725, -0.49815309024259385], [0.9665411308853352, -0.005276267950820633], [-0.5750141156461591, -0.4783943148146791], [0.09730366086980698, 0.618551775365789], [-0.12948529437731565, -0.15089573867747322], [0.17117527348885886, -1.0], [-0.30040542815858373, 0.44181336294423645], [-0.2601210948248945, 0.9344074730956532], [0.05655650695606835, 0.08303556863278633], [0.45834573700909254, -0.04180102018122539]], "node_coordinates": [[144.2045454545455, 487.67847881664], [419.70818062655667, 293.94206561671615], [778.2954545454545, 454.46274306576504], [145.42457756408288, 300.3771258058011], [421.43826036343785, 657.6317613597872], [328.33220703198936, 407.0372301716393], [451.76554987669914, 130.49999999999994], [258.1625681537796, 600.0713965585744], [274.70091890239223, 760.5], [404.70990301789016, 483.22424126171484], [569.6606584043482, 442.5673207076561]]}, "label": "0", "name": "4210", "value": -1.02, "input_type": "classification", "classes": {"0": "low", "1": "high"}, "image_width": 900, "image_height": 900, "image_path": "./4210.png"}