{"graph":{"node_indices":[0,1,2,3,4,5,6,7,8,9,10,11,12,13,14,15,16],"node_attributes":[[0.0,0.0,1.0],[1.0,0.0,0.0],[0.800000011920929,0.800000011920929,0.800000011920929],[0.800000011920929,0.800000011920929,0.800000011920929],[0.800000011920929,0.800000011920929,0.800000011920929],[1.0,0.0,0.0],[1.0,0.0,0.0],[1.0,0.0,0.0],[0.0,1.0,0.0],[1.0,0.0,0.0],[0.800000011920929,0.800000011920929,0.800000011920929],[0.0,1.0,0.0],[0.0,1.0,1.0],[0.0,0.0,1.0],[0.0,0.0,1.0],[0.800000011920929,0.800000011920929,0.800000011920929],[1.0,1.0,0.0]],"node_adjacency":[[0,0,0,0,0,0,0,0,1,0,0,0,0,0,0,0,0],[0,0,0,0,1,0,0,0,0,0,0,0,0,1,0,0,1],[0,0,0,0,0,0,0,0,1,0,0,0,0,0,0,0,0],[0,0,0,0,1,0,1,0,0,0,0,0,0,0,0,0,0],[0,1,0,1,0,0,0,0,0,0,0,0,0,0,0,0,0],[0,0,0,0,0,0,0,0,1,1,0,0,0,0,0,0,0],[0,0,0,1,0,0,0,0,0,0,1,0,0,0,0,0,1],[0,0,0,0,0,0,0,0,0,0,0,0,0,0,0,0,0],[1,0,1,0,0,1,0,0,0,1,0,0,0,0,1,1,0],[0,0,0,0,0,1,0,0,1,0,1,1,0,0,0,0,0],[0,0,0,0,0,0,1,0,0,1,0,0,1,0,1,0,0],[0,0,0,0,0,0,0,0,0,1,0,0,0,0,0,0,0],[0,0,0,0,0,0,0,0,0,0,1,0,0,0,0,0,0],[0,1,0,0,0,0,0,0,0,0,0,0,0,0,0,0,0],[0,0,0,0,0,0,0,0,1,0,1,0,0,0,0,0,0],[0,0,0,0,0,0,0,0,1,0,0,0,0,0,0,0,0],[0,1,0,0,0,0,1,1,0,0,0,0,0,0,0,0,0]],"edge_indices":[[16,1],[16,6],[16,7],[1,16],[6,16],[6,16],[9,5],[9,8],[5,9],[5,8],[8,5],[8,9],[10,6],[6,10],[11,9],[9,11],[13,1],[1,13],[12,10],[10,12],[2,8],[8,2],[15,8],[8,15],[0,8],[8,0],[14,10],[10,14],[4,1],[1,4],[3,4],[4,3],[10,9],[9,10],[14,8],[8,14],[6,3],[3,6]],"edge_attributes":[[1.0],[1.0],[1.0],[1.0],[1.0],[1.0],[1.0],[1.0],[1.0],[1.0],[1.0],[1.0],[1.0],[1.0],[1.0],[1.0],[1.0],[1.0],[1.0],[1.0],[1.0],[1.0],[1.0],[1.0],[1.0],[1.0],[1.0],[1.0],[1.0],[1.0],[1.0],[1.0],[1.0],[1.0],[1.0],[1.0],[1.0],[1.0]],"seed_graph_indices":[-1,0,-1,-1,-1,1,0,0,1,1,-1,-1,-1,-1,-1,-1,0],"graph_labels":1,"node_importances":[0,1,0,0,0,1,1,1,1,1,0,0,0,0,0,0,1],"edge_importances":[1,1,1,1,1,1,1,1,1,1,1,1,0,0,0,0,0,0,0,0,0,0,0,0,0,0,0,0,0,0,0,0,0,0,0,0,0,0],"multi_node_importances":[[0,0],[0,1],[0,0],[0,0],[0,0],[0,1],[0,1],[0,1],[0,1],[0,1],[0,0],[0,0],[0,0],[0,0],[0,0],[0,0],[0,1]],"multi_edge_importances":[[0,1],[0,1],[0,1],[0,1],[0,1],[0,1],[0,1],[0,1],[0,1],[0,1],[0,1],[0,1],[0,0],[0,0],[0,0],[0,0],[0,0],[0,0],[0,0],[0,0],[0,0],[0,0],[0,0],[0,0],[0,0],[0,0],[0,0],[0,0],[0,0],[0,0],[0,0],[0,0],[0,0],[0,0],[0,0],[0,0],[0,0],[0,0]],"original_value":2.991728361157513,"class":1,"node_positions":[[-0.9886595827115428,0.29685946134466573],[0.728629488526973,-0.6361113133579291],[-0.8709854227103401,-0.0021186397683029307],[0.1825463292073867,-0.5598057563016385],[0.42204920514660027,-0.8187203352685677],[-0.4758076178821486,0.5667761138680131],[0.2605349123667358,-0.18988406083648732],[0.9636075969404424,-0.09402722904296146],[-0.6254541363381325,0.2876208336015645],[-0.24009536529518877,0.3844718789927449],[0.022531661197478264,0.11230676962997102],[-0.10745756071830201,0.7584044184227549],[0.2935123700788111,0.38283672243950007],[1.0,-0.859189897860151],[-0.3505919811240913,0.026106188874039128],[-0.8512799552136504,0.6116237879442962],[0.6369200585289683,-0.26714894268151146]],"node_coordinates":[[144.2045454545455,580.7433576625265],[691.7680388850156,217.3818014638847],[181.72535381226976,464.30118065612066],[517.6475559514524,247.1003164596159],[594.0138670357821,146.2615690016052],[307.7291483754363,685.8670523849854],[542.5144824099244,391.1726996258574],[766.6916123692217,428.50579570688956],[260.0138441801038,577.1452147786368],[382.88680624010624,614.8655244893272],[466.6263318121572,508.86612947874306],[425.1788238459067,760.5],[553.0294575831238,614.2286845733021],[778.2954545454545,130.5],[347.6545823886595,475.29382687506643],[188.00850951557027,703.3337523997232],[662.5261734872419,361.080559048719]]},"label":"1","name":"4215","value":2.991728361157513,"input_type":"classification","classes":{"0":"low","1":"high"},"image_width":900,"image_height":900,"image_path":"./4215.png"}