{"graph": {"node_indices": [0, 1, 2, 3, 4, 5, 6, 7, 8, 9, 10, 11, 12, 13, 14], "node_attributes": [[0.0, 0.0, 1.0], [1.0, 0.0, 0.0], [0.0, 0.0, 1.0], [0.0, 0.0, 1.0], [0.0, 0.0, 1.0], [0.0, 0.0, 1.0], [1.0, 0.0, 0.0], [1.0, 0.0, 1.0], [0.0, 0.0, 1.0], [1.0, 0.0, 0.0], [0.0, 1.0, 1.0], [0.0, 0.0, 1.0], [0.0, 1.0, 0.0], [1.0, 1.0, 0.0], [1.0, 0.0, 1.0]], "node_adjacency": [[0, 0, 0, 1, 0, 0, 0, 0, 0, 1, 0, 0, 0, 0, 0], [0, 0, 0, 1, 0, 0, 0, 0, 0, 0, 0, 0, 0, 0, 0], [0, 0, 0, 0, 0, 1, 0, 0, 0, 0, 0, 0, 0, 0, 1], [1, 1, 0, 0, 0, 1, 0, 0, 0, 0, 1, 0, 1, 0, 0], [0, 0, 0, 0, 0, 0, 0, 0, 0, 0, 1, 0, 0, 0, 0], [0, 0, 1, 1, 0, 0, 0, 0, 0, 0, 0, 0, 0, 0, 0], [0, 0, 0, 0, 0, 0, 0, 0, 0, 1, 1, 0, 0, 0, 0], [0, 0, 0, 0, 0, 0, 0, 0, 0, 1, 0, 0, 0, 0, 0], [0, 0, 0, 0, 0, 0, 0, 0, 0, 1, 0, 0, 0, 0, 0], [1, 0, 0, 0, 0, 0, 1, 1, 1, 0, 1, 0, 0, 0, 0], [0, 0, 0, 1, 1, 0, 1, 0, 0, 1, 0, 1, 1, 0, 0], [0, 0, 0, 0, 0, 0, 0, 0, 0, 0, 1, 0, 0, 0, 0], [0, 0, 0, 1, 0, 0, 0, 0, 0, 0, 1, 0, 0, 1, 0], [0, 0, 0, 0, 0, 0, 0, 0, 0, 0, 0, 0, 1, 0, 0], [0, 0, 1, 0, 0, 0, 0, 0, 0, 0, 0, 0, 0, 0, 0]], "edge_indices": [[2, 5], [5, 2], [5, 3], [3, 5], [3, 0], [0, 3], [10, 3], [3, 10], [6, 10], [10, 6], [11, 10], [10, 11], [14, 2], [2, 14], [9, 6], [6, 9], [7, 9], [9, 7], [4, 10], [10, 4], [1, 3], [3, 1], [8, 9], [9, 8], [12, 3], [3, 12], [13, 12], [12, 13], [9, 0], [0, 9], [10, 12], [12, 10], [10, 9], [9, 10]], "edge_attributes": [[1.0], [1.0], [1.0], [1.0], [1.0], [1.0], [1.0], [1.0], [1.0], [1.0], [1.0], [1.0], [1.0], [1.0], [1.0], [1.0], [1.0], [1.0], [1.0], [1.0], [1.0], [1.0], [1.0], [1.0], [1.0], [1.0], [1.0], [1.0], [1.0], [1.0], [1.0], [1.0], [1.0], [1.0]], "seed_graph_indices": [0, -1, 0, 0, -1, 0, -1, -1, -1, -1, -1, -1, -1, -1, -1], "graph_labels": 0, "node_importances": [1, 0, 1, 1, 0, 1, 0, 0, 0, 0, 0, 0, 0, 0, 0], "edge_importances": [1, 1, 1, 1, 1, 1, 0, 0, 0, 0, 0, 0, 0, 0, 0, 0, 0, 0, 0, 0, 0, 0, 0, 0, 0, 0, 0, 0, 0, 0, 0, 0, 0, 0], "multi_node_importances": [[1, 0], [0, 0], [1, 0], [1, 0], [0, 0], [1, 0], [0, 0], [0, 0], [0, 0], [0, 0], [0, 0], [0, 0], [0, 0], [0, 0], [0, 0]], "multi_edge_importances": [[1, 0], [1, 0], [1, 0], [1, 0], [1, 0], [1, 0], [0, 0], [0, 0], [0, 0], [0, 0], [0, 0], [0, 0], [0, 0], [0, 0], [0, 0], [0, 0], [0, 0], [0, 0], [0, 0], [0, 0], [0, 0], [0, 0], [0, 0], [0, 0], [0, 0], [0, 0], [0, 0], [0, 0], [0, 0], [0, 0], [0, 0], [0, 0], [0, 0], [0, 0]], "original_value": -3.4, "class": 0, "node_positions": [[0.10157133704780143, 0.19903431964668825], [-0.2380948040438231, -0.3566792682071518], [-0.7262316759287808, -0.056815843680528465], [-0.12933665994164253, -0.0701114612551739], [0.3598017460226487, -0.3487887621037208], [-0.4407452343106881, -0.042679881558627945], [0.4354863491587195, -0.07531656919843951], [0.697865655739357, 0.1566020550671044], [0.49990530564713714, 0.436014776983419], [0.3859887959836541, 0.15467029747396305], [0.16514639394250819, -0.09109899233722109], [0.1461825596049474, -0.40568880988023176], [-0.07493598192207644, 0.1419511555050248], [-0.18260378699976243, 0.44275916154719985], [-0.9999999999999999, -0.08385217800230411]], "node_coordinates": [[555.6012706170904, 579.5264393714149], [428.7483529765604, 166.89116633409407], [246.4470314273359, 389.54943627366765], [469.3655538909409, 379.67701114672155], [652.040911897469, 172.75012175925502], [353.0658069981956, 400.0458443466511], [680.306351300469, 375.8120505189763], [778.2954545454545, 548.0191135419202], [704.3644824867323, 755.4920768058016], [661.8208201370005, 546.584721187099], [579.3442360782278, 364.0930920061704], [572.2619354767018, 130.5], [489.6822233894868, 537.1403478014807], [449.47222434112086, 760.5], [144.20454545454544, 369.4740855199114]]}, "label": "0", "name": "4224", "value": -3.4, "input_type": "classification", "classes": {"0": "low", "1": "high"}, "image_width": 900, "image_height": 900, "image_path": "./4224.png"}