{"graph": {"node_indices": [0, 1, 2, 3, 4, 5, 6, 7, 8, 9, 10, 11], "node_attributes": [[0.0, 1.0, 1.0], [1.0, 1.0, 0.0], [0.0, 1.0, 1.0], [1.0, 0.0, 0.0], [1.0, 0.0, 1.0], [1.0, 0.0, 0.0], [1.0, 0.0, 1.0], [0.0, 1.0, 1.0], [1.0, 0.0, 1.0], [1.0, 0.0, 0.0], [1.0, 0.0, 0.0], [1.0, 0.0, 0.0]], "node_adjacency": [[0, 1, 0, 0, 0, 0, 0, 0, 0, 1, 0, 1], [1, 0, 0, 0, 0, 0, 1, 0, 0, 0, 0, 0], [0, 0, 0, 0, 0, 1, 0, 0, 1, 0, 0, 0], [0, 0, 0, 0, 0, 0, 1, 1, 0, 0, 1, 1], [0, 0, 0, 0, 0, 0, 0, 0, 0, 0, 0, 1], [0, 0, 1, 0, 0, 0, 0, 0, 0, 0, 0, 1], [0, 1, 0, 1, 0, 0, 0, 0, 0, 0, 0, 0], [0, 0, 0, 1, 0, 0, 0, 0, 1, 0, 0, 0], [0, 0, 1, 0, 0, 0, 0, 1, 0, 0, 0, 0], [1, 0, 0, 0, 0, 0, 0, 0, 0, 0, 0, 0], [0, 0, 0, 1, 0, 0, 0, 0, 0, 0, 0, 0], [1, 0, 0, 1, 1, 1, 0, 0, 0, 0, 0, 0]], "edge_indices": [[10, 3], [3, 10], [3, 11], [11, 3], [11, 5], [5, 11], [6, 3], [3, 6], [0, 11], [11, 0], [2, 5], [5, 2], [8, 2], [2, 8], [9, 0], [0, 9], [1, 6], [6, 1], [4, 11], [11, 4], [7, 3], [3, 7], [8, 7], [7, 8], [0, 1], [1, 0]], "edge_attributes": [[1.0], [1.0], [1.0], [1.0], [1.0], [1.0], [1.0], [1.0], [1.0], [1.0], [1.0], [1.0], [1.0], [1.0], [1.0], [1.0], [1.0], [1.0], [1.0], [1.0], [1.0], [1.0], [1.0], [1.0], [1.0], [1.0]], "seed_graph_indices": [-1, -1, -1, 0, -1, 0, -1, -1, -1, -1, 0, 0], "graph_labels": 1, "node_importances": [0, 0, 0, 1, 0, 1, 0, 0, 0, 0, 1, 1], "edge_importances": [1, 1, 1, 1, 1, 1, 0, 0, 0, 0, 0, 0, 0, 0, 0, 0, 0, 0, 0, 0, 0, 0, 0, 0, 0, 0], "multi_node_importances": [[0, 0], [0, 0], [0, 0], [0, 1], [0, 0], [0, 1], [0, 0], [0, 0], [0, 0], [0, 0], [0, 1], [0, 1]], "multi_edge_importances": [[0, 1], [0, 1], [0, 1], [0, 1], [0, 1], [0, 1], [0, 0], [0, 0], [0, 0], [0, 0], [0, 0], [0, 0], [0, 0], [0, 0], [0, 0], [0, 0], [0, 0], [0, 0], [0, 0], [0, 0], [0, 0], [0, 0], [0, 0], [0, 0], [0, 0], [0, 0]], "original_value": 3.48, "class": 1, "node_positions": [[0.4794123920233432, -0.06475182857595813], [0.7337137266549734, -0.5647698195378351], [-0.5126598306699068, 0.9891396181502966], [-0.07685917392914751, -0.3719344877448927], [-0.7799686839502612, -0.20720640101474846], [-0.5556021540205843, 0.4582869270119399], [0.2977833089615361, -0.7759125229465831], [0.06919891994384939, 0.31327430604469203], [-0.009204884268471117, 0.8971082595516705], [1.0, 0.16869415943375876], [-0.42899092810182154, -0.8336760405931135], [-0.21682269264350948, -0.00825216977922699]], "node_coordinates": [[592.8428268785487, 396.25493317012257], [683.4344007155341, 223.4391397600851], [239.42988021067353, 760.5], [394.67824896393256, 290.08672337438344], [144.2045454545455, 347.0199048193643], [224.13223082086677, 577.027143700469], [528.1398062948294, 150.4641779149522], [446.70956297473674, 526.9080047896559], [418.7792179425737, 728.6921999961841], [778.2954545454545, 476.93833729860563], [269.2358486922619, 130.5], [344.81804882592144, 415.78229726270365]]}, "label": "1", "name": "4227", "value": 3.48, "input_type": "classification", "classes": {"0": "low", "1": "high"}, "image_width": 900, "image_height": 900, "image_path": "./4227.png"}