{"graph":{"node_indices":[0,1,2,3,4,5,6,7,8,9,10,11,12,13,14,15,16,17,18,19,20,21,22,23,24,25,26,27],"node_attributes":[[0.800000011920929,0.800000011920929,0.800000011920929],[0.0,1.0,0.0],[0.800000011920929,0.800000011920929,0.800000011920929],[0.0,1.0,1.0],[1.0,1.0,0.0],[0.0,0.0,1.0],[0.0,0.0,1.0],[0.0,1.0,1.0],[1.0,0.0,0.0],[0.0,1.0,1.0],[0.800000011920929,0.800000011920929,0.800000011920929],[0.800000011920929,0.800000011920929,0.800000011920929],[0.800000011920929,0.800000011920929,0.800000011920929],[1.0,0.0,1.0],[1.0,1.0,0.0],[1.0,0.0,0.0],[0.800000011920929,0.800000011920929,0.800000011920929],[0.0,0.0,1.0],[0.0,1.0,0.0],[0.0,0.0,1.0],[1.0,0.0,0.0],[0.800000011920929,0.800000011920929,0.800000011920929],[1.0,0.0,1.0],[1.0,1.0,0.0],[1.0,0.0,1.0],[0.0,0.0,1.0],[1.0,0.0,0.0],[1.0,0.0,1.0]],"node_adjacency":[[0,1,0,0,0,0,0,0,0,0,0,0,0,0,0,0,0,0,0,0,0,0,0,0,0,0,0,0],[1,0,0,0,0,0,0,0,0,0,0,0,0,0,0,0,0,0,0,0,1,0,1,0,0,0,1,0],[0,0,0,0,0,0,1,0,0,0,0,0,0,0,0,0,0,0,0,0,0,0,0,0,0,0,0,0],[0,0,0,0,0,0,0,0,0,0,1,0,0,0,0,0,1,0,0,0,0,0,0,0,0,0,0,0],[0,0,0,0,0,0,0,0,0,0,0,0,0,0,0,0,0,0,0,0,0,0,1,0,0,0,0,0],[0,0,0,0,0,0,0,0,0,0,0,0,0,0,0,0,1,1,0,0,0,0,0,0,0,0,0,0],[0,0,1,0,0,0,0,0,0,0,0,0,0,0,0,0,0,0,0,0,0,0,0,1,0,0,0,0],[0,0,0,0,0,0,0,0,0,0,0,0,0,0,0,0,0,0,0,0,0,1,0,0,0,0,0,0],[0,0,0,0,0,0,0,0,0,0,0,0,0,0,0,1,0,0,0,0,0,0,0,0,0,1,0,0],[0,0,0,0,0,0,0,0,0,0,0,0,1,0,0,1,0,0,1,0,1,0,0,0,1,1,0,0],[0,0,0,1,0,0,0,0,0,0,0,0,0,0,0,0,0,0,0,0,0,0,0,0,0,0,0,0],[0,0,0,0,0,0,0,0,0,0,0,0,0,0,0,0,0,0,0,0,0,0,0,0,1,0,0,0],[0,0,0,0,0,0,0,0,0,1,0,0,0,0,0,0,0,0,0,0,0,0,0,0,0,0,0,0],[0,0,0,0,0,0,0,0,0,0,0,0,0,0,0,0,0,0,1,0,0,0,0,0,0,0,0,0],[0,0,0,0,0,0,0,0,0,0,0,0,0,0,0,0,0,0,1,0,0,0,0,0,0,0,0,0],[0,0,0,0,0,0,0,0,1,1,0,0,0,0,0,0,0,0,0,0,0,0,0,0,0,0,0,0],[0,0,0,1,0,1,0,0,0,0,0,0,0,0,0,0,0,0,0,0,0,0,0,0,0,0,1,0],[0,0,0,0,0,1,0,0,0,0,0,0,0,0,0,0,0,0,0,0,0,0,0,0,0,0,0,0],[0,0,0,0,0,0,0,0,0,1,0,0,0,1,1,0,0,0,0,0,0,0,0,0,0,0,0,0],[0,0,0,0,0,0,0,0,0,0,0,0,0,0,0,0,0,0,0,0,0,0,0,0,0,0,0,0],[0,1,0,0,0,0,0,0,0,1,0,0,0,0,0,0,0,0,0,0,0,0,1,0,0,0,1,0],[0,0,0,0,0,0,0,1,0,0,0,0,0,0,0,0,0,0,0,0,0,0,0,0,0,0,1,0],[0,1,0,0,1,0,0,0,0,0,0,0,0,0,0,0,0,0,0,0,1,0,0,0,0,0,0,0],[0,0,0,0,0,0,1,0,0,0,0,0,0,0,0,0,0,0,0,1,0,0,0,0,0,1,0,0],[0,0,0,0,0,0,0,0,0,1,0,1,0,0,0,0,0,0,0,0,0,0,0,0,0,0,0,0],[0,0,0,0,0,0,0,0,1,1,0,0,0,0,0,0,0,0,0,0,0,0,0,1,0,0,0,0],[0,1,0,0,0,0,0,0,0,0,0,0,0,0,0,0,1,0,0,0,1,1,0,0,0,0,0,1],[0,0,0,0,0,0,0,0,0,0,0,0,0,0,0,0,0,0,0,0,0,0,0,0,0,0,1,0]],"edge_indices":[[23,6],[23,25],[23,19],[6,23],[25,23],[25,23],[20,26],[20,1],[26,20],[26,1],[1,26],[1,20],[9,25],[25,9],[18,9],[9,18],[21,26],[26,21],[27,26],[26,27],[16,26],[26,16],[3,16],[16,3],[15,9],[9,15],[24,9],[9,24],[0,1],[1,0],[22,1],[1,22],[2,6],[6,2],[5,16],[16,5],[14,18],[18,14],[7,21],[21,7],[8,25],[25,8],[10,3],[3,10],[4,22],[22,4],[13,18],[18,13],[12,9],[9,12],[17,5],[5,17],[11,24],[24,11],[9,20],[20,9],[22,20],[20,22],[15,8],[8,15]],"edge_attributes":[[1.0],[1.0],[1.0],[1.0],[1.0],[1.0],[1.0],[1.0],[1.0],[1.0],[1.0],[1.0],[1.0],[1.0],[1.0],[1.0],[1.0],[1.0],[1.0],[1.0],[1.0],[1.0],[1.0],[1.0],[1.0],[1.0],[1.0],[1.0],[1.0],[1.0],[1.0],[1.0],[1.0],[1.0],[1.0],[1.0],[1.0],[1.0],[1.0],[1.0],[1.0],[1.0],[1.0],[1.0],[1.0],[1.0],[1.0],[1.0],[1.0],[1.0],[1.0],[1.0],[1.0],[1.0],[1.0],[1.0],[1.0],[1.0],[1.0],[1.0]],"seed_graph_indices":[-1,1,-1,-1,-1,-1,0,-1,-1,-1,-1,-1,-1,-1,-1,-1,-1,-1,-1,0,1,-1,-1,0,-1,0,1,-1],"graph_labels":0,"node_importances":[0,1,0,0,0,0,1,0,0,0,0,0,0,0,0,0,0,0,0,1,1,0,0,1,0,1,1,0],"edge_importances":[1,1,1,1,1,1,1,1,1,1,1,1,0,0,0,0,0,0,0,0,0,0,0,0,0,0,0,0,0,0,0,0,0,0,0,0,0,0,0,0,0,0,0,0,0,0,0,0,0,0,0,0,0,0,0,0,0,0,0,0],"multi_node_importances":[[0,0],[0,1],[0,0],[0,0],[0,0],[0,0],[1,0],[0,0],[0,0],[0,0],[0,0],[0,0],[0,0],[0,0],[0,0],[0,0],[0,0],[0,0],[0,0],[1,0],[0,1],[0,0],[0,0],[1,0],[0,0],[1,0],[0,1],[0,0]],"multi_edge_importances":[[1,0],[1,0],[1,0],[1,0],[1,0],[1,0],[0,1],[0,1],[0,1],[0,1],[0,1],[0,1],[0,0],[0,0],[0,0],[0,0],[0,0],[0,0],[0,0],[0,0],[0,0],[0,0],[0,0],[0,0],[0,0],[0,0],[0,0],[0,0],[0,0],[0,0],[0,0],[0,0],[0,0],[0,0],[0,0],[0,0],[0,0],[0,0],[0,0],[0,0],[0,0],[0,0],[0,0],[0,0],[0,0],[0,0],[0,0],[0,0],[0,0],[0,0],[0,0],[0,0],[0,0],[0,0],[0,0],[0,0],[0,0],[0,0],[0,0],[0,0]],"original_value":-0.9275300199544941,"class":0,"node_positions":[[-0.13705687536685007,0.29866601726607794],[0.06784536891515605,0.16214254421910645],[0.07323382618070738,-0.9999999999999999],[0.03510883963946732,0.7139447533449267],[0.42165600287916455,-0.08946491125148101],[0.34065339059043803,0.6507260928969042],[0.0629841742736615,-0.7951372828021616],[0.5937152684690318,0.2761126033476944],[-0.16880047280258348,-0.5195274808982864],[-0.14226963665935174,-0.15021126046000166],[-0.05787380859728386,0.9031676730818269],[-0.5761007064301172,0.06199241824975688],[-0.23700453602256635,-0.03519110459883556],[-0.5249595503561298,-0.40245764458652694],[-0.6077565529379296,-0.20616994931408625],[-0.17856196310235667,-0.31853087869624463],[0.16661204870638166,0.5192273909133284],[0.48767948547443923,0.7965968310736007],[-0.37913267612999485,-0.23708714954609114],[0.30264203581909993,-0.648030147882234],[0.026085825871257944,0.0319911542889137],[0.37345048380719714,0.27047569790037573],[0.21165197955723514,-0.009744268383345155],[0.09849541852984645,-0.5737179734977719],[-0.36674845773591025,-0.030796918713501223],[-0.02000712506802823,-0.3714650873144406],[0.14440026747675744,0.2813180707648332],[-0.009942054980739596,0.421170810597663]],"node_coordinates":[[392.6218459205107,560.3935939536906],[500.7614194307713,515.20063001462],[503.6052412376863,130.5],[483.48433041457247,697.8620931458929],[687.4891499850762,431.9117536909757],[644.7390670037298,676.9350058242801],[498.19586668573606,198.31510303064562],[778.2954545454546,552.9278036454865],[375.8687883812426,289.5494055334162],[389.8707497333645,411.80306829102005],[434.4116423168371,760.5],[160.9112914077508,482.04822823043014],[339.87329045919523,449.87785235625944],[187.9016390539739,328.30268929268556],[144.20454545454544,393.2792280237114],[370.71704686888904,356.0847198823805],[552.8866983269261,633.4053770787991],[722.3338207915547,725.222167460704],[264.8634900107889,383.0447981194758],[624.6781266859537,247.01154544629486],[478.72232859223783,472.11699801742174],[662.0481193533728,551.0618354063034],[576.6570524790238,458.3014437415623],[516.9373442236654,271.61088607422823],[271.39940717502975,451.3324467921127],[454.3962306821356,338.5620644163691],[541.1641690911363,554.6509542218553],[459.70819000402696,600.9459955578661]]},"label":"0","name":"4254","value":-0.9275300199544941,"input_type":"classification","classes":{"0":"low","1":"high"},"image_width":900,"image_height":900,"image_path":"./4254.png"}