{"graph":{"node_indices":[0,1,2,3,4,5,6,7,8,9,10,11,12,13,14,15,16,17,18,19,20,21,22,23,24,25],"node_attributes":[[0.800000011920929,0.800000011920929,0.800000011920929],[0.800000011920929,0.800000011920929,0.800000011920929],[0.0,1.0,1.0],[0.800000011920929,0.800000011920929,0.800000011920929],[0.0,0.0,1.0],[0.0,0.0,1.0],[1.0,0.0,1.0],[0.0,0.0,1.0],[0.800000011920929,0.800000011920929,0.800000011920929],[0.0,1.0,0.0],[0.0,0.0,1.0],[0.800000011920929,0.800000011920929,0.800000011920929],[0.0,0.0,1.0],[1.0,1.0,0.0],[0.800000011920929,0.800000011920929,0.800000011920929],[0.0,0.0,1.0],[0.0,0.0,1.0],[0.0,1.0,1.0],[0.0,0.0,1.0],[1.0,0.0,1.0],[0.0,1.0,1.0],[1.0,0.0,0.0],[1.0,0.0,1.0],[0.0,1.0,0.0],[0.0,1.0,1.0],[0.0,1.0,1.0]],"node_adjacency":[[0,0,0,0,0,0,1,0,0,0,0,1,0,0,0,0,0,0,0,0,0,0,0,0,0,0],[0,0,0,0,0,0,0,0,0,0,0,0,0,0,0,0,0,1,0,0,0,0,0,0,0,0],[0,0,0,0,0,0,0,0,0,1,0,0,0,0,0,0,0,0,0,0,0,0,0,0,0,0],[0,0,0,0,0,0,0,0,0,0,0,0,0,0,0,0,0,0,1,0,0,0,0,0,0,0],[0,0,0,0,0,0,0,0,0,0,0,0,0,0,0,0,0,1,0,0,0,0,0,0,0,0],[0,0,0,0,0,0,0,0,0,0,0,0,0,0,0,0,0,1,0,0,0,0,0,0,0,0],[1,0,0,0,0,0,0,0,0,0,0,0,0,0,0,0,0,0,1,0,0,0,0,0,0,0],[0,0,0,0,0,0,0,0,0,0,1,0,0,0,0,0,0,0,0,0,0,0,0,1,0,1],[0,0,0,0,0,0,0,0,0,0,0,1,1,0,0,0,1,0,0,0,0,1,0,0,0,1],[0,0,1,0,0,0,0,0,0,0,0,0,0,0,0,1,0,0,0,0,0,0,0,0,0,0],[0,0,0,0,0,0,0,1,0,0,0,0,0,0,0,0,0,1,0,0,0,0,0,1,0,0],[1,0,0,0,0,0,0,0,1,0,0,0,0,0,0,0,0,0,0,0,0,0,0,0,0,0],[0,0,0,0,0,0,0,0,1,0,0,0,0,0,0,0,0,0,0,0,0,0,0,0,0,0],[0,0,0,0,0,0,0,0,0,0,0,0,0,0,0,1,1,0,1,0,0,0,0,0,1,0],[0,0,0,0,0,0,0,0,0,0,0,0,0,0,0,0,1,0,0,0,0,0,1,0,0,0],[0,0,0,0,0,0,0,0,0,1,0,0,0,1,0,0,0,0,0,0,0,0,0,0,0,0],[0,0,0,0,0,0,0,0,1,0,0,0,0,1,1,0,0,0,0,0,1,0,0,0,0,0],[0,1,0,0,1,1,0,0,0,0,1,0,0,0,0,0,0,0,1,1,0,0,0,0,0,0],[0,0,0,1,0,0,1,0,0,0,0,0,0,0,0,0,0,1,0,0,0,0,0,0,0,0],[0,0,0,0,0,0,0,0,0,0,0,0,0,0,0,0,0,1,0,0,0,0,0,0,1,0],[0,0,0,0,0,0,0,0,0,0,0,0,0,0,0,0,1,0,0,0,0,0,0,0,0,0],[0,0,0,0,0,0,0,0,1,0,0,0,0,0,0,0,0,0,0,0,0,0,0,0,0,0],[0,0,0,0,0,0,0,0,0,0,0,0,0,0,1,0,0,0,0,0,0,0,0,0,0,0],[0,0,0,0,0,0,0,1,0,0,1,0,0,0,0,0,0,0,0,0,0,0,0,0,0,0],[0,0,0,0,0,0,0,0,0,0,0,0,0,1,0,0,0,0,0,1,0,0,0,0,0,0],[0,0,0,0,0,0,0,1,1,0,0,0,0,0,0,0,0,0,0,0,0,0,0,0,0,0]],"edge_indices":[[13,15],[13,16],[13,18],[15,13],[16,13],[16,13],[7,10],[7,23],[10,7],[10,23],[23,10],[23,7],[9,15],[15,9],[17,18],[18,17],[25,7],[7,25],[8,16],[16,8],[2,9],[9,2],[4,17],[17,4],[12,8],[8,12],[14,16],[16,14],[1,17],[17,1],[6,18],[18,6],[5,17],[17,5],[19,17],[17,19],[20,16],[16,20],[22,14],[14,22],[3,18],[18,3],[11,8],[8,11],[21,8],[8,21],[24,13],[13,24],[0,11],[11,0],[8,25],[25,8],[24,19],[19,24],[0,6],[6,0],[17,10],[10,17]],"edge_attributes":[[1.0],[1.0],[1.0],[1.0],[1.0],[1.0],[1.0],[1.0],[1.0],[1.0],[1.0],[1.0],[1.0],[1.0],[1.0],[1.0],[1.0],[1.0],[1.0],[1.0],[1.0],[1.0],[1.0],[1.0],[1.0],[1.0],[1.0],[1.0],[1.0],[1.0],[1.0],[1.0],[1.0],[1.0],[1.0],[1.0],[1.0],[1.0],[1.0],[1.0],[1.0],[1.0],[1.0],[1.0],[1.0],[1.0],[1.0],[1.0],[1.0],[1.0],[1.0],[1.0],[1.0],[1.0],[1.0],[1.0],[1.0],[1.0]],"seed_graph_indices":[-1,-1,-1,-1,-1,-1,-1,1,-1,-1,1,-1,-1,0,-1,0,0,-1,0,-1,-1,-1,-1,1,-1,-1],"graph_labels":0,"node_importances":[0,0,0,0,0,0,0,1,0,0,1,0,0,1,0,1,1,0,1,0,0,0,0,1,0,0],"edge_importances":[1,1,1,1,1,1,1,1,1,1,1,1,0,0,0,0,0,0,0,0,0,0,0,0,0,0,0,0,0,0,0,0,0,0,0,0,0,0,0,0,0,0,0,0,0,0,0,0,0,0,0,0,0,0,0,0,0,0],"multi_node_importances":[[0,0],[0,0],[0,0],[0,0],[0,0],[0,0],[0,0],[1,0],[0,0],[0,0],[1,0],[0,0],[0,0],[1,0],[0,0],[1,0],[1,0],[0,0],[1,0],[0,0],[0,0],[0,0],[0,0],[1,0],[0,0],[0,0]],"multi_edge_importances":[[1,0],[1,0],[1,0],[1,0],[1,0],[1,0],[1,0],[1,0],[1,0],[1,0],[1,0],[1,0],[0,0],[0,0],[0,0],[0,0],[0,0],[0,0],[0,0],[0,0],[0,0],[0,0],[0,0],[0,0],[0,0],[0,0],[0,0],[0,0],[0,0],[0,0],[0,0],[0,0],[0,0],[0,0],[0,0],[0,0],[0,0],[0,0],[0,0],[0,0],[0,0],[0,0],[0,0],[0,0],[0,0],[0,0],[0,0],[0,0],[0,0],[0,0],[0,0],[0,0],[0,0],[0,0],[0,0],[0,0],[0,0],[0,0]],"original_value":-2.8825547527492565,"class":0,"node_positions":[[0.1512624501182694,0.38132827365948535],[0.6222159463993533,-0.5504334803823595],[-0.7811545927521601,-0.9284219898554534],[0.12584824952603074,-0.565340729903104],[0.8124013499852442,-0.2028929016040483],[0.767986049001469,-0.4041676458145615],[0.1702398728001597,0.07137181364086653],[0.49828363562935263,0.4216239766888458],[-0.20928103340696985,0.488472670933127],[-0.6120919161775091,-0.6860902943178002],[0.610836045988168,0.10086342903559833],[-0.028332051741577696,0.6454811817368359],[-0.4536707628905219,0.6998685728055408],[-0.20123620488789953,-0.1739788067566272],[-0.6882566974509611,0.09146920865482726],[-0.43088943854603823,-0.42955860725397194],[-0.35159998795568626,0.1486333893602805],[0.4992720054834902,-0.2315510562330407],[0.149484981339889,-0.20877240332698183],[0.30534481796920826,-0.4529335374202146],[-0.595869175901577,0.2931427642679779],[-0.2596936475202863,0.8298583369108385],[-1.0,0.15137458921446506],[0.7634115934086083,0.3526981341257208],[-0.046967723346014574,-0.4143751749499854],[0.1824562349279588,0.5723302867837389]],"node_coordinates":[[546.9878768638187,599.7895970302739],[711.7567513732345,265.9350369181498],[220.770303493339,130.5000000000001],[538.0964061321938,260.5937002409993],[778.2954545454545,390.46043898132075],[762.7562150836336,318.342764158768],[553.6273616560035,488.73075911967646],[668.3975077914934,614.2277344091899],[420.8473036198275,638.1799317538258],[279.91896076146315,217.32857099897143],[707.7753532148458,499.2977417650727],[484.15453095345146,694.4368097388368],[335.3445501916376,713.924064331681],[423.6618858475329,400.8204933347563],[253.27177502703046,495.93174901079425],[343.31487677741626,309.2450648537613],[371.0552665131469,516.4139402155772],[668.7433011442367,380.19208919578335],[546.3660075446566,388.3537862314373],[600.8954888319279,300.8697189088878],[285.5946860248522,568.1923198095101],[403.209830378582,760.5],[144.20454545454544,517.3961248432768],[761.1557855179103,589.5312851833546],[477.63461198005564,314.68535910371395],[557.9014062363957,668.2265046362327]]},"label":"0","name":"428","value":-2.8825547527492565,"input_type":"classification","classes":{"0":"low","1":"high"},"image_width":900,"image_height":900,"image_path":"./428.png"}