{"graph":{"node_indices":[0,1,2,3,4,5,6,7,8,9],"node_attributes":[[1.0,0.0,1.0],[0.800000011920929,0.800000011920929,0.800000011920929],[1.0,0.0,0.0],[0.0,1.0,1.0],[1.0,0.0,0.0],[0.0,1.0,0.0],[1.0,0.0,0.0],[1.0,0.0,0.0],[0.0,0.0,1.0],[1.0,0.0,0.0]],"node_adjacency":[[0,0,0,0,0,1,0,1,0,0],[0,0,0,0,0,0,1,0,0,0],[0,0,0,0,0,0,1,0,1,0],[0,0,0,0,0,0,0,1,1,0],[0,0,0,0,0,0,0,0,1,0],[1,0,0,0,0,0,1,1,0,0],[0,1,1,0,0,1,0,1,0,1],[1,0,0,1,0,1,1,0,0,0],[0,0,1,1,1,0,0,0,0,0],[0,0,0,0,0,0,1,0,0,0]],"edge_indices":[[7,6],[7,5],[6,7],[6,5],[5,6],[5,7],[2,6],[6,2],[8,2],[2,8],[1,6],[6,1],[0,7],[7,0],[4,8],[8,4],[9,6],[6,9],[3,8],[8,3],[7,3],[3,7],[0,5],[5,0]],"edge_attributes":[[1.0],[1.0],[1.0],[1.0],[1.0],[1.0],[1.0],[1.0],[1.0],[1.0],[1.0],[1.0],[1.0],[1.0],[1.0],[1.0],[1.0],[1.0],[1.0],[1.0],[1.0],[1.0],[1.0],[1.0]],"seed_graph_indices":[-1,-1,-1,-1,-1,0,0,0,-1,-1],"graph_labels":1,"node_importances":[0,0,0,0,0,1,1,1,0,0],"edge_importances":[1,1,1,1,1,1,0,0,0,0,0,0,0,0,0,0,0,0,0,0,0,0,0,0],"multi_node_importances":[[0,0],[0,0],[0,0],[0,0],[0,0],[0,1],[0,1],[0,1],[0,0],[0,0]],"multi_edge_importances":[[0,1],[0,1],[0,1],[0,1],[0,1],[0,1],[0,0],[0,0],[0,0],[0,0],[0,0],[0,0],[0,0],[0,0],[0,0],[0,0],[0,0],[0,0],[0,0],[0,0],[0,0],[0,0],[0,0],[0,0]],"original_value":1.086650177784096,"class":1,"node_positions":[[0.3831334939705788,-0.619983157053],[0.6617354895394413,0.3318707725973394],[-0.2254022516157198,0.28587315565308064],[-0.32955297176867226,-0.36189390797422],[-1.0,0.05641400488847297],[0.4684384592217806,-0.21561884826503072],[0.23172015071933202,0.1680060741289014],[0.11045729802144212,-0.2752640408421557],[-0.5769474336997467,0.008891045429303438],[0.27641776561156406,0.6217049014373084]],"node_coordinates":[[671.9855190852909,130.5],[778.2954545454546,613.4457540316631],[439.77829563598294,590.1077679112875],[400.0360952436918,261.447725403208],[144.2045454545455,473.68620454579656],[704.5364896257918,335.6638596300546],[614.2086797055853,530.3050977861383],[567.9367712158214,305.401451075304],[305.634440914573,449.5742995833873],[631.2645537839959,760.5]]},"label":"1","name":"4283","value":1.086650177784096,"input_type":"classification","classes":{"0":"low","1":"high"},"image_width":900,"image_height":900,"image_path":"./4283.png"}