{"graph": {"node_indices": [0, 1, 2, 3, 4, 5, 6, 7, 8, 9, 10, 11, 12, 13], "node_attributes": [[0.0, 1.0, 0.0], [1.0, 0.0, 0.0], [0.0, 1.0, 1.0], [0.0, 1.0, 1.0], [1.0, 0.0, 1.0], [0.0, 1.0, 1.0], [0.0, 1.0, 0.0], [0.0, 1.0, 1.0], [0.0, 1.0, 1.0], [1.0, 0.0, 0.0], [1.0, 0.0, 0.0], [0.0, 1.0, 0.0], [0.0, 1.0, 1.0], [1.0, 0.0, 0.0]], "node_adjacency": [[0, 1, 0, 0, 0, 0, 0, 0, 0, 0, 0, 1, 0, 0], [1, 0, 0, 0, 0, 0, 0, 0, 1, 1, 0, 1, 0, 0], [0, 0, 0, 0, 0, 1, 0, 0, 0, 0, 0, 0, 0, 0], [0, 0, 0, 0, 1, 0, 0, 0, 0, 0, 0, 0, 0, 1], [0, 0, 0, 1, 0, 0, 0, 1, 0, 0, 1, 0, 1, 0], [0, 0, 1, 0, 0, 0, 0, 0, 1, 0, 0, 0, 0, 0], [0, 0, 0, 0, 0, 0, 0, 0, 0, 1, 0, 0, 0, 0], [0, 0, 0, 0, 1, 0, 0, 0, 0, 0, 0, 0, 0, 0], [0, 1, 0, 0, 0, 1, 0, 0, 0, 0, 0, 0, 0, 0], [0, 1, 0, 0, 0, 0, 1, 0, 0, 0, 1, 1, 0, 0], [0, 0, 0, 0, 1, 0, 0, 0, 0, 1, 0, 0, 0, 0], [1, 1, 0, 0, 0, 0, 0, 0, 0, 1, 0, 0, 1, 0], [0, 0, 0, 0, 1, 0, 0, 0, 0, 0, 0, 1, 0, 0], [0, 0, 0, 1, 0, 0, 0, 0, 0, 0, 0, 0, 0, 0]], "edge_indices": [[9, 1], [9, 11], [1, 9], [1, 11], [11, 1], [11, 9], [12, 11], [11, 12], [4, 12], [12, 4], [8, 1], [1, 8], [0, 11], [11, 0], [3, 4], [4, 3], [6, 9], [9, 6], [5, 8], [8, 5], [10, 9], [9, 10], [13, 3], [3, 13], [7, 4], [4, 7], [2, 5], [5, 2], [4, 10], [10, 4], [1, 0], [0, 1]], "edge_attributes": [[1.0], [1.0], [1.0], [1.0], [1.0], [1.0], [1.0], [1.0], [1.0], [1.0], [1.0], [1.0], [1.0], [1.0], [1.0], [1.0], [1.0], [1.0], [1.0], [1.0], [1.0], [1.0], [1.0], [1.0], [1.0], [1.0], [1.0], [1.0], [1.0], [1.0], [1.0], [1.0]], "seed_graph_indices": [-1, 0, -1, -1, -1, -1, -1, -1, -1, 0, -1, 0, -1, -1], "graph_labels": 1, "node_importances": [0, 1, 0, 0, 0, 0, 0, 0, 0, 1, 0, 1, 0, 0], "edge_importances": [1, 1, 1, 1, 1, 1, 0, 0, 0, 0, 0, 0, 0, 0, 0, 0, 0, 0, 0, 0, 0, 0, 0, 0, 0, 0, 0, 0, 0, 0, 0, 0], "multi_node_importances": [[0, 0], [0, 1], [0, 0], [0, 0], [0, 0], [0, 0], [0, 0], [0, 0], [0, 0], [0, 1], [0, 0], [0, 1], [0, 0], [0, 0]], "multi_edge_importances": [[0, 1], [0, 1], [0, 1], [0, 1], [0, 1], [0, 1], [0, 0], [0, 0], [0, 0], [0, 0], [0, 0], [0, 0], [0, 0], [0, 0], [0, 0], [0, 0], [0, 0], [0, 0], [0, 0], [0, 0], [0, 0], [0, 0], [0, 0], [0, 0], [0, 0], [0, 0], [0, 0], [0, 0], [0, 0], [0, 0], [0, 0], [0, 0]], "original_value": 1.34, "class": 1, "node_positions": [[0.19927784915183266, -0.2937225829670454], [-0.07278633182536008, -0.26041648937701833], [-0.2925387891309632, -1.0], [0.35905356957890816, 0.5763795038990777], [0.12457654052934283, 0.4278357675351169], [-0.23687297587409145, -0.7559852157769645], [-0.45651229879091093, 0.03504464411428063], [-0.02099118460312771, 0.6717469612997927], [-0.17165069071603545, -0.5093137189806382], [-0.17924694119252987, 0.0010146269904977266], [-0.11229076241306622, 0.278618374436814], [0.07571166491025273, -0.07063005351585946], [0.22407742413165205, 0.16128938336624632], [0.5601929262440964, 0.7381387989756999]], "node_coordinates": [[553.2027101561756, 386.4949602373395], [383.5238105115302, 398.56697599009897], [246.47028506803386, 130.49999999999994], [652.8504048090391, 701.8692646649811], [506.6135715067858, 648.0285967249729], [281.18751211102386, 218.94478596939797], [144.2045454545455, 505.6588343671242], [415.82701027871144, 736.435835641854], [321.8648461804285, 308.35251512961577], [317.12727500274843, 493.3244277014325], [358.8859905341471, 593.9437574087284], [476.13790103616714, 467.3563354261757], [568.6695186831805, 551.4170820833644], [778.2954545454544, 760.5]]}, "label": "1", "name": "4311", "value": 1.34, "input_type": "classification", "classes": {"0": "low", "1": "high"}, "image_width": 900, "image_height": 900, "image_path": "./4311.png"}