{"graph":{"node_indices":[0,1,2,3,4,5,6,7,8,9,10,11,12,13,14,15,16,17,18,19,20,21,22,23,24,25,26,27],"node_attributes":[[0.0,1.0,1.0],[0.0,0.0,1.0],[1.0,0.0,1.0],[0.0,1.0,1.0],[1.0,0.0,1.0],[0.0,0.0,1.0],[0.0,0.0,1.0],[1.0,0.0,1.0],[0.0,1.0,1.0],[0.0,0.0,1.0],[0.0,0.0,1.0],[1.0,1.0,0.0],[0.800000011920929,0.800000011920929,0.800000011920929],[0.0,1.0,0.0],[0.800000011920929,0.800000011920929,0.800000011920929],[1.0,0.0,1.0],[0.800000011920929,0.800000011920929,0.800000011920929],[0.0,0.0,1.0],[0.0,1.0,0.0],[1.0,0.0,1.0],[0.0,1.0,0.0],[0.800000011920929,0.800000011920929,0.800000011920929],[0.0,1.0,0.0],[0.800000011920929,0.800000011920929,0.800000011920929],[0.800000011920929,0.800000011920929,0.800000011920929],[1.0,0.0,1.0],[0.800000011920929,0.800000011920929,0.800000011920929],[1.0,1.0,0.0]],"node_adjacency":[[0,0,0,1,0,0,0,0,0,0,0,0,0,0,0,0,0,0,0,0,0,0,0,0,0,0,0,1],[0,0,0,0,0,0,0,0,0,0,0,0,0,0,0,1,0,0,0,0,0,0,0,0,0,0,0,1],[0,0,0,0,0,0,0,0,0,0,0,1,0,0,0,0,0,1,0,0,0,0,0,0,0,0,0,0],[1,0,0,0,0,0,0,0,1,0,0,0,0,0,0,0,1,1,0,0,0,0,0,0,0,0,0,1],[0,0,0,0,0,0,1,0,0,0,0,0,0,0,0,0,0,0,0,0,0,0,0,0,0,0,0,0],[0,0,0,0,0,0,0,0,0,0,0,0,0,0,0,0,0,0,0,0,0,0,0,0,0,0,0,0],[0,0,0,0,1,0,0,0,0,0,1,0,1,0,1,0,0,0,0,0,1,0,0,0,0,0,0,0],[0,0,0,0,0,0,0,0,0,0,0,1,0,0,0,0,0,0,0,0,0,0,0,0,0,0,0,0],[0,0,0,1,0,0,0,0,0,0,0,0,0,1,0,0,0,0,0,0,0,0,0,0,0,0,0,0],[0,0,0,0,0,0,0,0,0,0,0,0,0,0,0,0,0,0,0,1,1,0,0,0,0,0,0,0],[0,0,0,0,0,0,1,0,0,0,0,0,0,0,0,0,0,0,0,0,1,0,0,0,1,0,0,0],[0,0,1,0,0,0,0,1,0,0,0,0,0,0,0,0,0,0,0,0,0,0,0,0,0,0,0,0],[0,0,0,0,0,0,1,0,0,0,0,0,0,0,0,0,0,0,0,0,0,0,0,0,0,0,0,0],[0,0,0,0,0,0,0,0,1,0,0,0,0,0,0,0,0,0,0,0,1,0,0,0,0,0,0,0],[0,0,0,0,0,0,1,0,0,0,0,0,0,0,0,0,0,0,0,0,0,0,0,0,0,0,1,0],[0,1,0,0,0,0,0,0,0,0,0,0,0,0,0,0,0,0,0,0,0,0,0,0,0,1,0,0],[0,0,0,1,0,0,0,0,0,0,0,0,0,0,0,0,0,0,0,0,1,0,1,0,0,0,0,0],[0,0,1,1,0,0,0,0,0,0,0,0,0,0,0,0,0,0,1,0,0,0,0,0,0,0,0,1],[0,0,0,0,0,0,0,0,0,0,0,0,0,0,0,0,0,1,0,0,0,0,0,0,0,0,0,0],[0,0,0,0,0,0,0,0,0,1,0,0,0,0,0,0,0,0,0,0,0,0,0,0,0,0,0,0],[0,0,0,0,0,0,1,0,0,1,1,0,0,1,0,0,1,0,0,0,0,0,0,0,0,0,0,0],[0,0,0,0,0,0,0,0,0,0,0,0,0,0,0,0,0,0,0,0,0,0,0,0,0,0,0,1],[0,0,0,0,0,0,0,0,0,0,0,0,0,0,0,0,1,0,0,0,0,0,0,0,0,0,0,0],[0,0,0,0,0,0,0,0,0,0,0,0,0,0,0,0,0,0,0,0,0,0,0,0,0,0,0,1],[0,0,0,0,0,0,0,0,0,0,1,0,0,0,0,0,0,0,0,0,0,0,0,0,0,0,0,0],[0,0,0,0,0,0,0,0,0,0,0,0,0,0,0,1,0,0,0,0,0,0,0,0,0,0,0,0],[0,0,0,0,0,0,0,0,0,0,0,0,0,0,1,0,0,0,0,0,0,0,0,0,0,0,0,1],[1,1,0,1,0,1,0,0,0,0,0,0,0,0,0,0,0,1,0,0,0,1,0,1,0,0,1,0]],"edge_indices":[[27,1],[27,17],[27,5],[1,27],[17,27],[17,27],[6,10],[6,20],[10,6],[10,20],[20,10],[20,6],[16,20],[20,16],[26,27],[27,26],[14,6],[6,14],[2,17],[17,2],[15,1],[1,15],[3,17],[17,3],[22,16],[16,22],[24,10],[10,24],[18,17],[17,18],[8,3],[3,8],[21,27],[27,21],[9,20],[20,9],[25,15],[15,25],[0,27],[27,0],[4,6],[6,4],[19,9],[9,19],[13,20],[20,13],[12,6],[6,12],[11,2],[2,11],[7,11],[11,7],[23,27],[27,23],[3,16],[16,3],[13,8],[8,13],[14,26],[26,14],[0,3],[3,0],[3,27],[27,3]],"edge_attributes":[[1.0],[1.0],[1.0],[1.0],[1.0],[1.0],[1.0],[1.0],[1.0],[1.0],[1.0],[1.0],[1.0],[1.0],[1.0],[1.0],[1.0],[1.0],[1.0],[1.0],[1.0],[1.0],[1.0],[1.0],[1.0],[1.0],[1.0],[1.0],[1.0],[1.0],[1.0],[1.0],[1.0],[1.0],[1.0],[1.0],[1.0],[1.0],[1.0],[1.0],[1.0],[1.0],[1.0],[1.0],[1.0],[1.0],[1.0],[1.0],[1.0],[1.0],[1.0],[1.0],[1.0],[1.0],[1.0],[1.0],[1.0],[1.0],[1.0],[1.0],[1.0],[1.0],[1.0],[1.0]],"seed_graph_indices":[-1,0,-1,-1,-1,0,1,-1,-1,-1,1,-1,-1,-1,-1,-1,-1,0,-1,-1,1,-1,-1,-1,-1,-1,-1,0],"graph_labels":0,"node_importances":[0,1,0,0,0,1,1,0,0,0,1,0,0,0,0,0,0,1,0,0,1,0,0,0,0,0,0,1],"edge_importances":[1,1,1,1,1,1,1,1,1,1,1,1,0,0,0,0,0,0,0,0,0,0,0,0,0,0,0,0,0,0,0,0,0,0,0,0,0,0,0,0,0,0,0,0,0,0,0,0,0,0,0,0,0,0,0,0,0,0,0,0,0,0,0,0],"multi_node_importances":[[0,0],[1,0],[0,0],[0,0],[0,0],[1,0],[1,0],[0,0],[0,0],[0,0],[1,0],[0,0],[0,0],[0,0],[0,0],[0,0],[0,0],[1,0],[0,0],[0,0],[1,0],[0,0],[0,0],[0,0],[0,0],[0,0],[0,0],[1,0]],"multi_edge_importances":[[1,0],[1,0],[1,0],[1,0],[1,0],[1,0],[1,0],[1,0],[1,0],[1,0],[1,0],[1,0],[0,0],[0,0],[0,0],[0,0],[0,0],[0,0],[0,0],[0,0],[0,0],[0,0],[0,0],[0,0],[0,0],[0,0],[0,0],[0,0],[0,0],[0,0],[0,0],[0,0],[0,0],[0,0],[0,0],[0,0],[0,0],[0,0],[0,0],[0,0],[0,0],[0,0],[0,0],[0,0],[0,0],[0,0],[0,0],[0,0],[0,0],[0,0],[0,0],[0,0],[0,0],[0,0],[0,0],[0,0],[0,0],[0,0],[0,0],[0,0],[0,0],[0,0],[0,0],[0,0]],"original_value":-2.889528882540079,"class":0,"node_positions":[[-0.23538785834169454,-0.2464488563131396],[-0.27862905279470235,-0.49894143605617475],[0.5209423717451327,-0.26202670872410955],[-0.058039019482965276,-0.09409331725269825],[0.38902119288594117,0.6057857108407955],[-0.10757251142624664,-0.5319712161596761],[0.124432549235079,0.5130347634017383],[1.0,-0.4900141404845452],[-0.2923029535049613,0.025688911984927263],[-0.38614904431504193,0.6338929074524141],[-0.04658675241366191,0.6805353120149304],[0.7743396769698342,-0.36960709116850027],[0.25397638752336626,0.7550151958919347],[-0.3315270239254768,0.31659727533780396],[0.22545023275011872,0.24820177527596315],[-0.4443855005627934,-0.7158996156845241],[-0.1676001958287532,0.1736111289782329],[0.2212148507862127,-0.24861266493221967],[0.3831550385290199,-0.4738147021220859],[-0.5999549516902692,0.7905094490051348],[-0.14604076943954886,0.45782993351306756],[0.16401681661192286,-0.5056877196091517],[-0.5074224445586212,0.1570721329418052],[0.04084343476249724,-0.5918499222676104],[-0.05996465053018864,0.9513295544876644],[-0.5846140438960516,-0.9255223197402428],[0.15804251866652402,-0.03986481702384801],[-0.009258297754671971,-0.3147495235878863]],"node_coordinates":[[288.6890382221764,358.44355155761485],[271.55177553117505,273.689753230536],[588.436304644921,353.21455764836014],[358.9755711894613,409.58450249044415],[536.1535699699245,644.5118261399392],[339.34455788900505,262.602697426643],[431.29233408921306,613.3782573756786],[778.2954545454545,276.68636489038806],[266.1325628695767,449.79162030081886],[228.93967004873446,653.9465258668978],[363.51431050174926,669.6029105171108],[688.8622119252296,317.10321510149697],[482.63288595948063,694.6034593013964],[250.5873586468485,547.4403859966766],[471.32745801982065,524.4821730281195],[205.85951554478544,200.8637326783874],[315.55450746715036,499.4444447913606],[469.6489000097947,357.7172292256614],[533.828707544818,282.12400560593346],[144.20454545454547,706.5177609936997],[324.09889571018607,594.8477365032363],[446.9802908408476,271.42523854147777],[180.87684144986815,493.8928252703817],[398.16446537639183,242.5033036673368],[358.2124089891646,760.5],[150.2844229906215,130.50000000000006],[444.61256916757435,427.78730027821837],[378.30824812147534,335.51717096575715]]},"label":"0","name":"4320","value":-2.889528882540079,"input_type":"classification","classes":{"0":"low","1":"high"},"image_width":900,"image_height":900,"image_path":"./4320.png"}