{"graph": {"node_indices": [0, 1, 2, 3, 4, 5, 6, 7, 8, 9, 10, 11], "node_attributes": [[1.0, 0.0, 0.0], [1.0, 0.0, 1.0], [0.0, 0.0, 1.0], [1.0, 0.0, 1.0], [1.0, 0.0, 0.0], [1.0, 1.0, 0.0], [1.0, 1.0, 0.0], [1.0, 0.0, 1.0], [0.0, 0.0, 1.0], [1.0, 1.0, 0.0], [1.0, 0.0, 1.0], [0.0, 0.0, 1.0]], "node_adjacency": [[0, 0, 0, 1, 0, 0, 0, 0, 0, 0, 0, 0], [0, 0, 0, 1, 0, 0, 0, 0, 0, 0, 0, 1], [0, 0, 0, 1, 1, 1, 0, 1, 0, 0, 0, 0], [1, 1, 1, 0, 0, 0, 0, 0, 0, 0, 0, 0], [0, 0, 1, 0, 0, 0, 0, 0, 0, 0, 0, 0], [0, 0, 1, 0, 0, 0, 0, 0, 1, 0, 0, 1], [0, 0, 0, 0, 0, 0, 0, 1, 0, 0, 0, 0], [0, 0, 1, 0, 0, 0, 1, 0, 0, 0, 0, 0], [0, 0, 0, 0, 0, 0, 0, 0, 0, 1, 1, 0], [0, 0, 0, 0, 0, 0, 0, 0, 1, 0, 0, 0], [0, 0, 0, 0, 0, 0, 0, 0, 1, 0, 0, 0], [0, 1, 0, 0, 0, 1, 0, 0, 0, 0, 0, 0]], "edge_indices": [[5, 11], [5, 2], [5, 8], [11, 5], [2, 5], [2, 5], [7, 2], [2, 7], [6, 7], [7, 6], [3, 2], [2, 3], [1, 3], [3, 1], [0, 3], [3, 0], [9, 8], [8, 9], [10, 8], [8, 10], [4, 2], [2, 4], [11, 1], [1, 11]], "edge_attributes": [[1.0], [1.0], [1.0], [1.0], [1.0], [1.0], [1.0], [1.0], [1.0], [1.0], [1.0], [1.0], [1.0], [1.0], [1.0], [1.0], [1.0], [1.0], [1.0], [1.0], [1.0], [1.0], [1.0], [1.0]], "seed_graph_indices": [-1, -1, 0, -1, -1, 0, -1, -1, 0, -1, -1, 0], "graph_labels": 0, "node_importances": [0, 0, 1, 0, 0, 1, 0, 0, 1, 0, 0, 1], "edge_importances": [1, 1, 1, 1, 1, 1, 0, 0, 0, 0, 0, 0, 0, 0, 0, 0, 0, 0, 0, 0, 0, 0, 0, 0], "multi_node_importances": [[0, 0], [0, 0], [1, 0], [0, 0], [0, 0], [1, 0], [0, 0], [0, 0], [1, 0], [0, 0], [0, 0], [1, 0]], "multi_edge_importances": [[1, 0], [1, 0], [1, 0], [1, 0], [1, 0], [1, 0], [0, 0], [0, 0], [0, 0], [0, 0], [0, 0], [0, 0], [0, 0], [0, 0], [0, 0], [0, 0], [0, 0], [0, 0], [0, 0], [0, 0], [0, 0], [0, 0], [0, 0], [0, 0]], "original_value": -2.07, "class": 0, "node_positions": [[0.14595363563860977, 0.8799226737377078], [-0.3467378740914775, 0.521289233308082], [0.19877813724519866, 0.07498867104809956], [0.05932655963759431, 0.4857564459161415], [0.42673757053647315, -0.25897255361274674], [-0.18074873110053652, -0.14050698071076848], [1.0, 0.16514476761282373], [0.6097858352405328, 0.15587776805297754], [-0.37749364011473086, -0.5133100064417828], [-0.2903533763935066, -0.9085072217124152], [-0.7703012302549739, -0.620805480779011], [-0.47494688634318344, 0.1591226835808923]], "node_coordinates": [[472.3909981012244, 760.4999999999999], [295.91752456636874, 634.1662431971936], [491.31180981029826, 476.950489345672], [441.36269600516823, 621.6493108232307], [572.9628880681458, 359.307873288094], [355.3719297148007, 401.03906505474816], [778.2954545454545, 508.7092633296424], [638.5275719705534, 505.44483024364], [284.9013475993205, 269.71386924581407], [316.1134645526903, 130.49999999999994], [144.20454545454544, 231.84705153898466], [249.9953008549709, 506.58789813116925]]}, "label": "0", "name": "4336", "value": -2.07, "input_type": "classification", "classes": {"0": "low", "1": "high"}, "image_width": 900, "image_height": 900, "image_path": "./4336.png"}