{"graph":{"node_indices":[0,1,2,3,4,5,6,7,8,9,10],"node_attributes":[[1.0,1.0,0.0],[0.0,0.0,1.0],[0.0,0.0,1.0],[0.0,0.0,1.0],[0.0,0.0,1.0],[0.0,1.0,0.0],[0.0,1.0,1.0],[1.0,0.0,0.0],[0.0,1.0,0.0],[1.0,0.0,0.0],[1.0,0.0,0.0]],"node_adjacency":[[0,0,1,1,1,0,1,0,0,0,0],[0,0,0,0,0,1,0,0,0,0,0],[1,0,0,0,0,0,1,1,0,0,0],[0,0,0,0,0,0,0,0,0,0,0],[1,0,0,0,0,0,0,1,0,0,0],[0,1,0,0,0,0,0,0,0,1,0],[1,0,1,0,0,0,0,0,0,0,1],[0,0,1,0,1,0,0,0,0,0,0],[0,0,0,0,0,0,0,0,0,1,1],[0,0,0,0,0,1,0,0,1,0,1],[0,0,0,0,0,0,1,0,1,1,0]],"edge_indices":[[0,4],[0,2],[0,3],[4,0],[2,0],[2,0],[10,9],[10,8],[9,10],[9,8],[8,9],[8,10],[7,2],[2,7],[5,9],[9,5],[1,5],[5,1],[6,0],[0,6],[6,10],[10,6],[2,6],[6,2],[4,7],[7,4]],"edge_attributes":[[1.0],[1.0],[1.0],[1.0],[1.0],[1.0],[1.0],[1.0],[1.0],[1.0],[1.0],[1.0],[1.0],[1.0],[1.0],[1.0],[1.0],[1.0],[1.0],[1.0],[1.0],[1.0],[1.0],[1.0],[1.0],[1.0]],"seed_graph_indices":[0,-1,0,0,0,-1,-1,-1,1,1,1],"graph_labels":0,"node_importances":[1,0,1,1,1,0,0,0,1,1,1],"edge_importances":[1,1,1,1,1,1,1,1,1,1,1,1,0,0,0,0,0,0,0,0,0,0,0,0,0,0],"multi_node_importances":[[1,0],[0,0],[1,0],[1,0],[1,0],[0,0],[0,0],[0,0],[0,1],[0,1],[0,1]],"multi_edge_importances":[[1,0],[1,0],[1,0],[1,0],[1,0],[1,0],[0,1],[0,1],[0,1],[0,1],[0,1],[0,1],[0,0],[0,0],[0,0],[0,0],[0,0],[0,0],[0,0],[0,0],[0,0],[0,0],[0,0],[0,0],[0,0],[0,0]],"original_value":-1.252474423909685,"class":0,"node_positions":[[-0.267328529237329,-0.38673740004109736],[1.0,0.5315800581627239],[-0.4347366841740933,-0.09956535872519816],[-0.12742882380282386,-0.7044682047899278],[-0.6156085736519789,-0.4836897319033368],[0.7063575737504139,0.4075685502504987],[-0.11733640634145746,-0.08257237351852814],[-0.7625978082596292,-0.18216992280782332],[0.12473227721552328,0.5006804028620545],[0.38985037733398364,0.32686470599734413],[0.10409659716739104,0.1725092745132901]],"node_coordinates":[[322.37664229275435,292.44384393502514],[778.2954545454546,760.5],[262.15190545508744,438.8122273158178],[372.70527142460736,130.5],[197.08361801561435,243.02832279080704],[672.6582001838891,697.2927189201555],[376.3359976929678,447.4733621606893],[144.20454545454544,396.7096032259303],[463.4197049912558,744.7507906666041],[558.7953921348579,656.1588705071222],[455.99606185490745,577.48563035171]]},"label":"0","name":"4338","value":-1.252474423909685,"input_type":"classification","classes":{"0":"low","1":"high"},"image_width":900,"image_height":900,"image_path":"./4338.png"}