{"graph":{"node_indices":[0,1,2,3,4,5,6,7,8,9,10,11,12,13,14,15,16,17],"node_attributes":[[0.0,1.0,1.0],[1.0,0.0,1.0],[1.0,1.0,0.0],[0.0,0.0,1.0],[0.0,1.0,1.0],[0.800000011920929,0.800000011920929,0.800000011920929],[1.0,0.0,1.0],[0.800000011920929,0.800000011920929,0.800000011920929],[0.0,1.0,1.0],[0.0,1.0,0.0],[0.0,0.0,1.0],[0.800000011920929,0.800000011920929,0.800000011920929],[0.0,1.0,1.0],[1.0,0.0,0.0],[1.0,1.0,0.0],[0.800000011920929,0.800000011920929,0.800000011920929],[1.0,0.0,1.0],[0.0,0.0,1.0]],"node_adjacency":[[0,0,0,1,0,1,0,0,0,0,0,0,0,0,0,0,0,0],[0,0,0,1,0,0,0,0,0,0,0,0,0,1,0,0,0,0],[0,0,0,0,0,1,0,0,0,1,0,0,0,0,0,0,0,0],[1,1,0,0,0,0,0,0,0,0,0,0,0,0,0,1,1,0],[0,0,0,0,0,0,0,1,0,0,0,0,0,1,0,0,0,0],[1,0,1,0,0,0,0,0,0,0,0,0,0,0,0,0,0,0],[0,0,0,0,0,0,0,0,0,0,1,0,0,0,0,0,0,0],[0,0,0,0,1,0,0,0,0,0,0,0,1,0,0,0,0,0],[0,0,0,0,0,0,0,0,0,0,0,0,0,0,1,0,0,0],[0,0,1,0,0,0,0,0,0,0,0,0,0,0,0,0,0,0],[0,0,0,0,0,0,1,0,0,0,0,0,0,0,1,0,0,0],[0,0,0,0,0,0,0,0,0,0,0,0,0,0,0,0,0,1],[0,0,0,0,0,0,0,1,0,0,0,0,0,0,0,0,0,0],[0,1,0,0,1,0,0,0,0,0,0,0,0,0,0,0,1,0],[0,0,0,1,0,0,0,0,1,0,1,0,0,0,0,0,0,1],[0,0,0,1,0,0,0,0,0,0,0,0,0,0,0,0,0,0],[0,0,0,1,0,0,0,0,0,0,0,0,0,1,0,0,0,0],[0,0,0,0,0,0,0,0,0,0,0,1,0,0,1,0,0,0]],"edge_indices":[[14,10],[14,17],[14,3],[10,14],[17,14],[17,14],[1,3],[3,1],[13,1],[1,13],[4,13],[13,4],[16,13],[13,16],[6,10],[10,6],[7,4],[4,7],[0,3],[3,0],[5,0],[0,5],[15,3],[3,15],[11,17],[17,11],[8,14],[14,8],[2,5],[5,2],[9,2],[2,9],[12,7],[7,12],[3,16],[16,3]],"edge_attributes":[[1.0],[1.0],[1.0],[1.0],[1.0],[1.0],[1.0],[1.0],[1.0],[1.0],[1.0],[1.0],[1.0],[1.0],[1.0],[1.0],[1.0],[1.0],[1.0],[1.0],[1.0],[1.0],[1.0],[1.0],[1.0],[1.0],[1.0],[1.0],[1.0],[1.0],[1.0],[1.0],[1.0],[1.0],[1.0],[1.0]],"seed_graph_indices":[-1,-1,-1,0,-1,-1,-1,-1,-1,-1,0,-1,-1,-1,0,-1,-1,0],"graph_labels":0,"node_importances":[0,0,0,1,0,0,0,0,0,0,1,0,0,0,1,0,0,1],"edge_importances":[1,1,1,1,1,1,0,0,0,0,0,0,0,0,0,0,0,0,0,0,0,0,0,0,0,0,0,0,0,0,0,0,0,0,0,0],"multi_node_importances":[[0,0],[0,0],[0,0],[1,0],[0,0],[0,0],[0,0],[0,0],[0,0],[0,0],[1,0],[0,0],[0,0],[0,0],[1,0],[0,0],[0,0],[1,0]],"multi_edge_importances":[[1,0],[1,0],[1,0],[1,0],[1,0],[1,0],[0,0],[0,0],[0,0],[0,0],[0,0],[0,0],[0,0],[0,0],[0,0],[0,0],[0,0],[0,0],[0,0],[0,0],[0,0],[0,0],[0,0],[0,0],[0,0],[0,0],[0,0],[0,0],[0,0],[0,0],[0,0],[0,0],[0,0],[0,0],[0,0],[0,0]],"original_value":-2.0781242292751987,"class":0,"node_positions":[[-0.18878914883372355,-0.20686045054875524],[0.18430239448823169,-0.05771378105068694],[-0.3572981844376187,-0.6076056230302358],[-0.04674778716629266,0.0010912357348379352],[0.5924845509128323,0.0159092267201053],[-0.27427068681255956,-0.41441730358916595],[-0.5851977814758016,0.4207525797957434],[0.7976642985966391,0.007838746104306687],[-0.4002240555394393,0.11552305291463143],[-0.44333904339332536,-0.793254994259473],[-0.3906334085418842,0.32213720421364883],[-0.12011378726420603,0.6412103598609787],[0.9999999999999999,0.002063465136827136],[0.38132484011752077,0.025808552948936792],[-0.1966702287028886,0.1977280785531813],[0.008110984793219448,-0.19073174201463697],[0.17085568447885197,0.09814503520794866],[-0.1314586412195553,0.4223763573018078]],"node_coordinates":[[302.7709484490582,388.03745914920944],[452.01034219770526,453.54088975760953],[235.36608022079838,212.03497994110376],[359.5885501393409,479.3673487016781],[615.2862423197707,485.8752328369784],[268.5776971331078,296.88097562742007],[144.2045454545455,663.6775838697349],[697.3596682709125,482.33077442719645],[218.19541234039542,529.6244320227831],[200.94909635182395,130.49999999999994],[222.03174250973746,620.3668922324222],[330.2416041354553,760.5],[778.2954545454545,479.79434020864886],[530.8207866231835,490.22289833217457],[299.61845785308697,565.7278945452649],[381.5324671633939,395.1209947308163],[446.6315581281292,521.9922148181207],[325.70357812878643,664.3907274990894]]},"label":"0","name":"4340","value":-2.0781242292751987,"input_type":"classification","classes":{"0":"low","1":"high"},"image_width":900,"image_height":900,"image_path":"./4340.png"}