{"graph":{"node_indices":[0,1,2,3,4,5,6,7,8,9,10,11,12,13,14,15,16,17,18,19,20,21],"node_attributes":[[1.0,0.0,1.0],[1.0,0.0,0.0],[0.800000011920929,0.800000011920929,0.800000011920929],[0.800000011920929,0.800000011920929,0.800000011920929],[0.0,1.0,1.0],[0.800000011920929,0.800000011920929,0.800000011920929],[1.0,0.0,0.0],[1.0,1.0,0.0],[0.0,0.0,1.0],[0.0,1.0,0.0],[0.0,1.0,0.0],[1.0,0.0,0.0],[0.0,0.0,1.0],[0.800000011920929,0.800000011920929,0.800000011920929],[0.0,1.0,0.0],[1.0,0.0,0.0],[1.0,1.0,0.0],[0.0,0.0,1.0],[1.0,0.0,1.0],[1.0,0.0,1.0],[0.0,1.0,1.0],[1.0,0.0,0.0]],"node_adjacency":[[0,0,0,0,0,0,0,0,1,0,0,0,0,0,0,0,0,0,0,0,0,0],[0,0,0,0,0,0,0,0,0,0,0,0,0,0,0,0,1,0,0,0,1,0],[0,0,0,0,0,0,0,0,0,0,0,0,0,0,0,1,1,0,0,0,0,0],[0,0,0,0,0,0,0,0,0,0,0,1,0,0,0,0,0,0,0,0,0,0],[0,0,0,0,0,0,0,0,1,0,0,0,0,0,1,0,0,0,0,0,0,1],[0,0,0,0,0,0,1,1,0,0,0,0,0,0,0,0,0,0,0,0,0,0],[0,0,0,0,0,1,0,0,0,0,0,0,0,0,0,0,1,0,0,0,0,0],[0,0,0,0,0,1,0,0,1,1,0,0,1,0,0,0,0,1,0,0,0,0],[1,0,0,0,1,0,0,1,0,0,0,0,0,0,0,0,0,0,0,0,0,0],[0,0,0,0,0,0,0,1,0,0,0,0,0,0,0,0,0,0,1,0,0,0],[0,0,0,0,0,0,0,0,0,0,0,0,0,0,0,0,0,0,0,0,0,1],[0,0,0,1,0,0,0,0,0,0,0,0,0,0,0,0,0,0,0,0,0,0],[0,0,0,0,0,0,0,1,0,0,0,0,0,1,0,0,0,0,0,0,0,0],[0,0,0,0,0,0,0,0,0,0,0,0,1,0,1,0,0,0,0,0,0,0],[0,0,0,0,1,0,0,0,0,0,0,0,0,1,0,0,0,0,0,0,0,0],[0,0,1,0,0,0,0,0,0,0,0,0,0,0,0,0,0,0,0,0,0,0],[0,1,1,0,0,0,1,0,0,0,0,1,0,0,0,0,0,0,0,0,0,0],[0,0,0,0,0,0,0,0,0,0,0,0,0,0,0,0,0,0,0,1,0,0],[0,0,0,0,0,0,0,0,0,1,0,0,0,0,0,0,0,0,0,0,0,0],[0,0,0,0,0,0,0,0,0,0,0,0,0,0,0,0,0,1,0,0,0,0],[0,1,0,0,0,0,0,0,0,0,0,0,0,0,0,0,0,0,0,0,0,1],[0,0,0,0,1,0,0,0,0,0,1,0,0,0,0,0,0,0,0,0,1,0]],"edge_indices":[[7,12],[7,8],[7,17],[12,7],[8,7],[8,7],[16,6],[16,1],[16,11],[6,16],[1,16],[1,16],[0,8],[8,0],[20,1],[1,20],[19,17],[17,19],[13,12],[12,13],[9,7],[7,9],[3,11],[11,3],[2,16],[16,2],[21,20],[20,21],[10,21],[21,10],[5,7],[7,5],[15,2],[2,15],[14,13],[13,14],[18,9],[9,18],[4,21],[21,4],[14,4],[4,14],[5,6],[6,5],[8,4],[4,8]],"edge_attributes":[[1.0],[1.0],[1.0],[1.0],[1.0],[1.0],[1.0],[1.0],[1.0],[1.0],[1.0],[1.0],[1.0],[1.0],[1.0],[1.0],[1.0],[1.0],[1.0],[1.0],[1.0],[1.0],[1.0],[1.0],[1.0],[1.0],[1.0],[1.0],[1.0],[1.0],[1.0],[1.0],[1.0],[1.0],[1.0],[1.0],[1.0],[1.0],[1.0],[1.0],[1.0],[1.0],[1.0],[1.0],[1.0],[1.0]],"seed_graph_indices":[-1,1,-1,-1,-1,-1,1,0,0,-1,-1,1,0,-1,-1,-1,1,0,-1,-1,-1,-1],"graph_labels":1,"node_importances":[0,1,0,0,0,0,1,1,1,0,0,1,1,0,0,0,1,1,0,0,0,0],"edge_importances":[1,1,1,1,1,1,1,1,1,1,1,1,0,0,0,0,0,0,0,0,0,0,0,0,0,0,0,0,0,0,0,0,0,0,0,0,0,0,0,0,0,0,0,0,0,0],"multi_node_importances":[[0,0],[0,1],[0,0],[0,0],[0,0],[0,0],[0,1],[1,0],[1,0],[0,0],[0,0],[0,1],[1,0],[0,0],[0,0],[0,0],[0,1],[1,0],[0,0],[0,0],[0,0],[0,0]],"multi_edge_importances":[[1,0],[1,0],[1,0],[1,0],[1,0],[1,0],[0,1],[0,1],[0,1],[0,1],[0,1],[0,1],[0,0],[0,0],[0,0],[0,0],[0,0],[0,0],[0,0],[0,0],[0,0],[0,0],[0,0],[0,0],[0,0],[0,0],[0,0],[0,0],[0,0],[0,0],[0,0],[0,0],[0,0],[0,0],[0,0],[0,0],[0,0],[0,0],[0,0],[0,0],[0,0],[0,0],[0,0],[0,0],[0,0],[0,0]],"original_value":0.17581718203583452,"class":1,"node_positions":[[0.5606809179266353,0.22911574161951268],[-0.20844443816381764,-0.4989038040991387],[-0.5803421637423316,-0.5657822640605437],[-1.0,-0.21005739077647428],[0.4362166765873996,-0.13930647251679681],[-0.1506952377603338,0.18160881163970488],[-0.34766455247207473,-0.031662826338871984],[0.10578479639373892,0.34749015132146965],[0.2955476516458656,0.12322310917621344],[-0.09874983889557651,0.552764152471371],[0.5138263225664871,-0.6369046193830646],[-0.7278600407294104,-0.23778243106757643],[0.39762496313007795,0.4130527676855504],[0.6862184234801603,0.26296991652942237],[0.7167425672314721,-0.044934430195249744],[-0.7198617842978069,-0.798712333914317],[-0.444264394135458,-0.31306062931019774],[0.17187092099235018,0.6352112040217577],[-0.2549624681454243,0.7879243551585294],[0.24203513602839322,0.907072551369992],[0.07144511697707756,-0.5468511229265562],[0.3348514253825763,-0.4164744364047364]],"node_coordinates":[[720.652989699071,510.1092304325855],[436.5711444898891,241.2287181478813],[299.208110915662,216.5283997553528],[144.20454545454544,347.90878194909646],[674.6812491209944,374.0393209684803],[457.90121673372647,492.5634272393004],[385.1492187274108,413.79550457470896],[552.6339163968411,553.8286224588568],[622.7241580529062,470.9997512627315],[477.0876141691683,629.6427663407117],[703.3469162468845,190.26067734806927],[244.72134830410414,337.66905269948296],[660.4271290586069,578.0429584315234],[767.0211479429777,522.6126418399906],[778.2954545454546,408.89388391805477],[247.67556041992327,130.5],[349.46938962108584,309.866446812899],[577.0432900704994,660.0930551929816],[419.3893838210642,716.4948242824826],[602.9589350524973,760.5],[539.950314932752,223.52026550425362],[637.2412825741472,271.6724757960317]]},"label":"1","name":"4345","value":0.17581718203583452,"input_type":"classification","classes":{"0":"low","1":"high"},"image_width":900,"image_height":900,"image_path":"./4345.png"}