{"graph":{"node_indices":[0,1,2,3,4,5,6,7,8,9,10,11,12],"node_attributes":[[1.0,0.0,0.0],[0.0,0.0,1.0],[0.0,1.0,1.0],[0.0,1.0,0.0],[0.0,0.0,1.0],[1.0,0.0,0.0],[0.800000011920929,0.800000011920929,0.800000011920929],[1.0,0.0,0.0],[1.0,0.0,1.0],[1.0,0.0,0.0],[1.0,1.0,0.0],[0.0,1.0,0.0],[0.0,0.0,1.0]],"node_adjacency":[[0,0,0,0,0,0,0,0,0,0,1,0,0],[0,0,0,0,1,1,0,0,0,0,0,1,0],[0,0,0,0,0,0,0,0,0,0,0,1,0],[0,0,0,0,0,0,0,0,0,0,1,0,0],[0,1,0,0,0,0,0,0,0,0,0,1,0],[0,1,0,0,0,0,1,0,1,0,0,0,0],[0,0,0,0,0,1,0,0,0,0,0,0,0],[0,0,0,0,0,0,0,0,0,0,0,0,0],[0,0,0,0,0,1,0,0,0,0,1,1,0],[0,0,0,0,0,0,0,0,0,0,1,0,1],[1,0,0,1,0,0,0,1,1,1,0,0,0],[0,1,1,0,1,0,0,0,1,0,0,0,0],[0,0,0,0,0,0,0,0,0,1,0,0,0]],"edge_indices":[[1,4],[1,11],[4,1],[4,11],[11,4],[11,1],[10,0],[10,9],[10,7],[0,10],[9,10],[9,10],[5,1],[1,5],[3,10],[10,3],[12,9],[9,12],[6,5],[5,6],[2,11],[11,2],[8,10],[10,8],[5,8],[8,5],[11,8],[8,11]],"edge_attributes":[[1.0],[1.0],[1.0],[1.0],[1.0],[1.0],[1.0],[1.0],[1.0],[1.0],[1.0],[1.0],[1.0],[1.0],[1.0],[1.0],[1.0],[1.0],[1.0],[1.0],[1.0],[1.0],[1.0],[1.0],[1.0],[1.0],[1.0],[1.0]],"seed_graph_indices":[1,0,-1,-1,0,-1,-1,1,-1,1,1,0,-1],"graph_labels":1,"node_importances":[1,1,0,0,1,0,0,1,0,1,1,1,0],"edge_importances":[1,1,1,1,1,1,1,1,1,1,1,1,0,0,0,0,0,0,0,0,0,0,0,0,0,0,0,0],"multi_node_importances":[[0,1],[1,0],[0,0],[0,0],[1,0],[0,0],[0,0],[0,1],[0,0],[0,1],[0,1],[1,0],[0,0]],"multi_edge_importances":[[1,0],[1,0],[1,0],[1,0],[1,0],[1,0],[0,1],[0,1],[0,1],[0,1],[0,1],[0,1],[0,0],[0,0],[0,0],[0,0],[0,0],[0,0],[0,0],[0,0],[0,0],[0,0],[0,0],[0,0],[0,0],[0,0],[0,0],[0,0]],"original_value":1.2597114976235702,"class":1,"node_positions":[[-0.6059107455310556,0.2181428648709126],[0.28646692586056055,-0.7909399751080944],[0.9844690767782951,-0.23282114993826095],[0.29121953775925324,0.6265779540215015],[0.6758415237347007,-0.7831174494862246],[-0.14340633230272273,-0.5770384535281936],[-0.479674578175589,-0.9206621216772141],[-0.015548586883039747,0.8462904093189517],[0.053222711158040927,-0.10847234147462594],[-0.5295408803225035,0.6973070157976353],[-0.14240275363061192,0.37463746469452336],[0.5057611024962988,-0.34990421749091105],[-0.8804970009416269,1.0]],"node_coordinates":[[237.56423193743586,504.04156851847046],[540.9738090150715,173.05040562115073],[778.2954545454545,356.120012653307],[542.5897032854288,638.01313137731],[673.3616822812573,175.6162869837063],[394.8163382068744,243.21264658712576],[280.4846941779298,130.50000000000006],[438.288139113087,710.0814276565742],[461.67047052125093,396.9078995220708],[263.53008613487265,661.2131041450621],[395.15755626984367,555.3736569561702],[615.5341162949235,317.715375145406],[144.2045454545455,760.5]]},"label":"1","name":"4349","value":1.2597114976235702,"input_type":"classification","classes":{"0":"low","1":"high"},"image_width":900,"image_height":900,"image_path":"./4349.png"}