{"graph":{"node_indices":[0,1,2,3,4,5,6,7,8,9,10,11,12,13,14,15,16,17],"node_attributes":[[0.800000011920929,0.800000011920929,0.800000011920929],[0.800000011920929,0.800000011920929,0.800000011920929],[0.0,0.0,1.0],[1.0,0.0,1.0],[1.0,0.0,1.0],[0.0,0.0,1.0],[1.0,0.0,1.0],[1.0,0.0,0.0],[0.800000011920929,0.800000011920929,0.800000011920929],[0.0,1.0,1.0],[0.0,0.0,1.0],[0.0,1.0,0.0],[1.0,0.0,0.0],[0.0,1.0,0.0],[0.800000011920929,0.800000011920929,0.800000011920929],[0.0,0.0,1.0],[1.0,1.0,0.0],[0.0,1.0,0.0]],"node_adjacency":[[0,0,0,0,0,0,0,0,0,0,0,0,0,0,1,0,0,0],[0,0,1,0,0,0,0,0,0,0,0,0,0,0,0,0,0,0],[0,1,0,0,0,0,0,0,1,0,0,0,1,0,0,0,0,0],[0,0,0,0,0,0,0,0,1,0,0,0,0,0,0,0,1,0],[0,0,0,0,0,0,0,0,0,0,0,0,0,0,0,0,1,0],[0,0,0,0,0,0,0,0,0,0,0,0,0,0,1,0,0,0],[0,0,0,0,0,0,0,0,0,0,0,1,0,0,0,0,0,0],[0,0,0,0,0,0,0,0,0,1,0,0,1,0,0,0,0,1],[0,0,1,1,0,0,0,0,0,0,0,0,0,0,1,0,0,0],[0,0,0,0,0,0,0,1,0,0,0,0,0,0,0,1,0,0],[0,0,0,0,0,0,0,0,0,0,0,0,0,0,0,1,0,0],[0,0,0,0,0,0,1,0,0,0,0,0,0,1,0,0,0,1],[0,0,1,0,0,0,0,1,0,0,0,0,0,0,0,0,0,1],[0,0,0,0,0,0,0,0,0,0,0,1,0,0,0,0,0,1],[1,0,0,0,0,1,0,0,1,0,0,0,0,0,0,0,1,1],[0,0,0,0,0,0,0,0,0,1,1,0,0,0,0,0,0,0],[0,0,0,1,1,0,0,0,0,0,0,0,0,0,1,0,0,1],[0,0,0,0,0,0,0,1,0,0,0,1,1,1,1,0,1,0]],"edge_indices":[[12,7],[12,17],[7,12],[7,17],[17,7],[17,12],[13,17],[17,13],[14,17],[17,14],[16,14],[14,16],[2,12],[12,2],[9,7],[7,9],[15,9],[9,15],[4,16],[16,4],[1,2],[2,1],[11,17],[17,11],[0,14],[14,0],[6,11],[11,6],[3,16],[16,3],[5,14],[14,5],[8,14],[14,8],[10,15],[15,10],[11,13],[13,11],[2,8],[8,2],[8,3],[3,8],[17,16],[16,17]],"edge_attributes":[[1.0],[1.0],[1.0],[1.0],[1.0],[1.0],[1.0],[1.0],[1.0],[1.0],[1.0],[1.0],[1.0],[1.0],[1.0],[1.0],[1.0],[1.0],[1.0],[1.0],[1.0],[1.0],[1.0],[1.0],[1.0],[1.0],[1.0],[1.0],[1.0],[1.0],[1.0],[1.0],[1.0],[1.0],[1.0],[1.0],[1.0],[1.0],[1.0],[1.0],[1.0],[1.0],[1.0],[1.0]],"seed_graph_indices":[-1,-1,-1,-1,-1,-1,-1,0,-1,-1,-1,-1,0,-1,-1,-1,-1,0],"graph_labels":1,"node_importances":[0,0,0,0,0,0,0,1,0,0,0,0,1,0,0,0,0,1],"edge_importances":[1,1,1,1,1,1,0,0,0,0,0,0,0,0,0,0,0,0,0,0,0,0,0,0,0,0,0,0,0,0,0,0,0,0,0,0,0,0,0,0,0,0,0,0],"multi_node_importances":[[0,0],[0,0],[0,0],[0,0],[0,0],[0,0],[0,0],[0,1],[0,0],[0,0],[0,0],[0,0],[0,1],[0,0],[0,0],[0,0],[0,0],[0,1]],"multi_edge_importances":[[0,1],[0,1],[0,1],[0,1],[0,1],[0,1],[0,0],[0,0],[0,0],[0,0],[0,0],[0,0],[0,0],[0,0],[0,0],[0,0],[0,0],[0,0],[0,0],[0,0],[0,0],[0,0],[0,0],[0,0],[0,0],[0,0],[0,0],[0,0],[0,0],[0,0],[0,0],[0,0],[0,0],[0,0],[0,0],[0,0],[0,0],[0,0],[0,0],[0,0],[0,0],[0,0],[0,0],[0,0]],"original_value":1.343453896705216,"class":1,"node_positions":[[0.6631091916769418,-0.2931564003366567],[-0.008803682158568547,-0.8603397079841648],[0.03667100878607322,-0.5326294708278111],[0.5153635471691802,-0.15909035532324672],[0.4503219248529667,0.44855341573495566],[0.6594285530570119,0.08077725079410421],[-0.6563064942640723,-0.35735065280488276],[-0.17686345319666683,0.21080932356099366],[0.34596157179482273,-0.4362347442236177],[-0.36175762571237996,0.4977778088497481],[-0.7267356656038328,1.0],[-0.3564730163231012,-0.21020821962393837],[-0.10754421334015694,-0.20517056155464575],[-0.33658889444270906,0.026004282165343735],[0.32576552921427476,-0.10844842939596318],[-0.5466531629428295,0.7534167399306049],[0.2881583121317308,0.14532567178856703],[-0.007053430698685011,-0.0000359507493903436]],"node_coordinates":[[778.2954545454545,322.5753947703038],[471.7476821316209,130.5],[492.49466548782925,241.478359770763],[710.8892476228765,367.97656961807905],[681.2152151528599,573.7538124107303],[776.6162315182796,449.2072132501922],[176.33654712897868,300.83615065192436],[395.073532178185,493.24229216161734],[633.6027418634628,274.12222449074284],[310.71899913664913,590.4235461852799],[144.2045454545455,760.5],[313.13000404434376,350.66561594052104],[426.6991482229156,352.3716078999645],[322.20176543811573,430.6584664336711],[624.388672442079,385.1263477995918],[226.3638434693551,676.9951147486654],[607.2310779499104,471.0663957704514],[472.5462018610147,421.83999813679264]]},"label":"1","name":"4359","value":1.343453896705216,"input_type":"classification","classes":{"0":"low","1":"high"},"image_width":900,"image_height":900,"image_path":"./4359.png"}