{"graph":{"node_indices":[0,1,2,3,4,5,6,7,8,9,10,11,12,13,14,15,16,17,18],"node_attributes":[[0.0,1.0,0.0],[1.0,0.0,1.0],[0.800000011920929,0.800000011920929,0.800000011920929],[0.800000011920929,0.800000011920929,0.800000011920929],[0.800000011920929,0.800000011920929,0.800000011920929],[0.0,0.0,1.0],[0.0,0.0,1.0],[1.0,1.0,0.0],[0.800000011920929,0.800000011920929,0.800000011920929],[0.0,1.0,0.0],[0.0,0.0,1.0],[0.0,1.0,0.0],[0.0,1.0,1.0],[0.0,0.0,1.0],[1.0,1.0,0.0],[0.0,0.0,1.0],[0.0,1.0,1.0],[1.0,0.0,0.0],[0.0,0.0,1.0]],"node_adjacency":[[0,0,0,1,0,0,0,0,0,0,0,0,0,0,0,1,0,0,0],[0,0,0,0,0,0,0,0,0,0,0,0,0,0,0,1,0,0,0],[0,0,0,0,0,0,0,0,0,1,0,0,0,1,0,0,0,0,0],[1,0,0,0,0,1,0,0,0,0,0,0,0,0,0,0,0,0,1],[0,0,0,0,0,0,0,0,0,0,0,0,0,0,0,1,0,1,0],[0,0,0,1,0,0,1,1,0,0,0,1,1,1,0,0,0,0,0],[0,0,0,0,0,1,0,0,0,0,0,0,0,0,0,0,0,0,0],[0,0,0,0,0,1,0,0,0,0,0,0,0,0,0,0,0,0,0],[0,0,0,0,0,0,0,0,0,0,0,0,0,1,0,0,0,1,0],[0,0,1,0,0,0,0,0,0,0,1,0,0,0,0,0,0,0,0],[0,0,0,0,0,0,0,0,0,1,0,0,0,0,0,0,0,0,0],[0,0,0,0,0,1,0,0,0,0,0,0,0,1,0,0,0,0,0],[0,0,0,0,0,1,0,0,0,0,0,0,0,0,0,0,0,0,0],[0,0,1,0,0,1,0,0,1,0,0,1,0,0,0,0,0,0,0],[0,0,0,0,0,0,0,0,0,0,1,0,0,0,0,1,0,0,1],[1,1,0,0,1,0,0,0,0,0,0,0,0,0,1,0,0,0,0],[0,0,0,0,0,0,0,0,0,0,0,0,0,0,0,0,0,0,1],[0,0,0,0,1,0,0,0,1,0,0,0,0,0,0,0,0,0,0],[0,0,0,1,0,0,0,0,0,0,0,0,0,0,1,0,1,0,0]],"edge_indices":[[14,15],[14,18],[14,10],[15,14],[18,14],[18,14],[5,13],[5,11],[13,5],[13,11],[11,13],[11,5],[1,15],[15,1],[4,15],[15,4],[8,13],[13,8],[7,5],[5,7],[16,18],[18,16],[12,5],[5,12],[2,13],[13,2],[9,10],[10,9],[3,18],[18,3],[6,5],[5,6],[17,8],[8,17],[0,15],[15,0],[9,2],[2,9],[5,3],[3,5],[0,3],[3,0],[4,17],[17,4]],"edge_attributes":[[1.0],[1.0],[1.0],[1.0],[1.0],[1.0],[1.0],[1.0],[1.0],[1.0],[1.0],[1.0],[1.0],[1.0],[1.0],[1.0],[1.0],[1.0],[1.0],[1.0],[1.0],[1.0],[1.0],[1.0],[1.0],[1.0],[1.0],[1.0],[1.0],[1.0],[1.0],[1.0],[1.0],[1.0],[1.0],[1.0],[1.0],[1.0],[1.0],[1.0],[1.0],[1.0],[1.0],[1.0]],"seed_graph_indices":[-1,-1,-1,-1,-1,1,-1,-1,-1,-1,0,1,-1,1,0,0,-1,-1,0],"graph_labels":0,"node_importances":[0,0,0,0,0,1,0,0,0,0,1,1,0,1,1,1,0,0,1],"edge_importances":[1,1,1,1,1,1,1,1,1,1,1,1,0,0,0,0,0,0,0,0,0,0,0,0,0,0,0,0,0,0,0,0,0,0,0,0,0,0,0,0,0,0,0,0],"multi_node_importances":[[0,0],[0,0],[0,0],[0,0],[0,0],[1,0],[0,0],[0,0],[0,0],[0,0],[1,0],[1,0],[0,0],[1,0],[1,0],[1,0],[0,0],[0,0],[1,0]],"multi_edge_importances":[[1,0],[1,0],[1,0],[1,0],[1,0],[1,0],[1,0],[1,0],[1,0],[1,0],[1,0],[1,0],[0,0],[0,0],[0,0],[0,0],[0,0],[0,0],[0,0],[0,0],[0,0],[0,0],[0,0],[0,0],[0,0],[0,0],[0,0],[0,0],[0,0],[0,0],[0,0],[0,0],[0,0],[0,0],[0,0],[0,0],[0,0],[0,0],[0,0],[0,0],[0,0],[0,0],[0,0],[0,0]],"original_value":-2.80273761605464,"class":0,"node_positions":[[0.4364445951400773,0.15100162207721418],[1.0,-0.22430892188923657],[-0.6217433399644733,-0.41406371432675315],[0.046287027277797425,0.33658291512860405],[0.5275797211826131,-0.5854363801692712],[-0.36135128372924513,0.31963681226254204],[-0.7410771856737806,0.4423555088758925],[-0.5554502411812968,0.6506053923411996],[-0.2265786185438671,-0.3998243593709779],[-0.2897642928547262,-0.6406093578746703],[0.11316494936942038,-0.43782442784695136],[-0.6518874271376851,0.11869719301067616],[-0.299128452995351,0.7016849107435322],[-0.4500146905405465,-0.08336522260249402],[0.36178556657792815,-0.09359187923793065],[0.6382483852207885,-0.19970672849927504],[0.5904064279133804,0.674680057876651],[0.12314035036660508,-0.6845524778047667],[0.3599385095723613,0.3680390573060152]],"node_coordinates":[[573.0516193317765,510.2322790989685],[778.2954545454545,339.66579124332384],[187.66528765124818,253.42838326168922],[430.9583399928991,594.5729667677762],[606.2425401007847,175.54505651499852],[282.4986683978634,586.8715118122152],[144.20454545454544,642.643185195931],[211.8088762409811,737.2860130888769],[331.5821452771091,259.8997089496602],[308.57026389989727,150.47072491671304],[455.3149180734838,242.62990845399338],[176.68697388282067,495.55096226244035],[305.1598873437633,760.5],[250.2079344254242,403.7201381280487],[545.8612042931136,399.072453876023],[646.547469925413,350.84669140062454],[629.1236874237756,748.2271689202153],[458.94790524883604,130.5],[545.1885161059156,608.868764684843]]},"label":"0","name":"4360","value":-2.80273761605464,"input_type":"classification","classes":{"0":"low","1":"high"},"image_width":900,"image_height":900,"image_path":"./4360.png"}