{"graph":{"node_indices":[0,1,2,3,4,5,6,7,8,9,10,11,12,13,14,15,16,17,18,19,20,21,22,23,24,25],"node_attributes":[[0.0,1.0,0.0],[0.0,1.0,0.0],[0.0,1.0,1.0],[0.0,1.0,0.0],[1.0,0.0,1.0],[1.0,0.0,1.0],[1.0,0.0,1.0],[0.0,1.0,0.0],[1.0,0.0,0.0],[0.800000011920929,0.800000011920929,0.800000011920929],[1.0,0.0,0.0],[1.0,0.0,0.0],[1.0,0.0,0.0],[0.0,0.0,1.0],[1.0,0.0,0.0],[0.0,0.0,1.0],[0.800000011920929,0.800000011920929,0.800000011920929],[1.0,0.0,0.0],[0.800000011920929,0.800000011920929,0.800000011920929],[0.0,1.0,0.0],[1.0,0.0,0.0],[0.0,1.0,1.0],[0.0,0.0,1.0],[0.0,1.0,1.0],[0.0,1.0,0.0],[0.800000011920929,0.800000011920929,0.800000011920929]],"node_adjacency":[[0,0,0,0,0,0,0,0,0,0,0,0,0,0,0,0,0,0,0,0,1,0,0,1,0,1],[0,0,0,0,0,0,0,0,0,0,0,0,0,0,0,0,1,0,0,0,0,0,0,0,0,0],[0,0,0,0,0,0,0,0,0,1,0,0,0,0,0,1,0,0,0,0,0,0,0,0,0,0],[0,0,0,0,0,0,0,0,0,0,0,0,1,0,0,0,0,1,0,0,0,0,0,0,0,0],[0,0,0,0,0,0,0,0,0,0,0,0,0,1,0,0,0,0,0,0,0,0,0,0,0,0],[0,0,0,0,0,0,0,1,0,1,0,0,0,0,0,0,0,0,0,0,0,0,0,1,0,0],[0,0,0,0,0,0,0,0,0,0,0,0,0,0,0,0,0,0,0,0,1,0,0,0,0,0],[0,0,0,0,0,1,0,0,0,0,1,0,0,0,1,0,0,0,0,0,0,0,0,0,0,0],[0,0,0,0,0,0,0,0,0,0,0,1,0,0,0,0,0,0,0,1,0,0,0,0,1,0],[0,0,1,0,0,1,0,0,0,0,0,1,0,0,0,0,1,0,0,0,0,0,0,0,0,0],[0,0,0,0,0,0,0,1,0,0,0,0,0,0,0,0,0,0,0,0,0,0,0,0,0,0],[0,0,0,0,0,0,0,0,1,1,0,0,0,0,0,0,1,0,0,0,0,0,0,0,1,0],[0,0,0,1,0,0,0,0,0,0,0,0,0,0,0,0,0,1,0,0,0,0,0,0,0,1],[0,0,0,0,1,0,0,0,0,0,0,0,0,0,1,0,0,0,0,0,0,0,0,0,0,1],[0,0,0,0,0,0,0,1,0,0,0,0,0,1,0,0,0,0,0,0,0,0,0,0,0,0],[0,0,1,0,0,0,0,0,0,0,0,0,0,0,0,0,0,0,1,0,0,0,1,0,0,0],[0,1,0,0,0,0,0,0,0,1,0,1,0,0,0,0,0,0,0,0,0,0,0,0,0,0],[0,0,0,1,0,0,0,0,0,0,0,0,1,0,0,0,0,0,0,0,1,1,0,0,0,0],[0,0,0,0,0,0,0,0,0,0,0,0,0,0,0,1,0,0,0,0,0,0,0,0,0,0],[0,0,0,0,0,0,0,0,1,0,0,0,0,0,0,0,0,0,0,0,0,0,0,0,0,0],[1,0,0,0,0,0,1,0,0,0,0,0,0,0,0,0,0,1,0,0,0,0,0,0,0,0],[0,0,0,0,0,0,0,0,0,0,0,0,0,0,0,0,0,1,0,0,0,0,0,1,0,0],[0,0,0,0,0,0,0,0,0,0,0,0,0,0,0,1,0,0,0,0,0,0,0,0,1,0],[1,0,0,0,0,1,0,0,0,0,0,0,0,0,0,0,0,0,0,0,0,1,0,0,0,0],[0,0,0,0,0,0,0,0,1,0,0,1,0,0,0,0,0,0,0,0,0,0,1,0,0,0],[1,0,0,0,0,0,0,0,0,0,0,0,1,1,0,0,0,0,0,0,0,0,0,0,0,0]],"edge_indices":[[17,12],[17,3],[12,17],[12,3],[3,12],[3,17],[11,8],[11,24],[8,11],[8,24],[24,8],[24,11],[9,11],[11,9],[5,9],[9,5],[22,24],[24,22],[15,22],[22,15],[20,17],[17,20],[16,9],[9,16],[7,5],[5,7],[1,16],[16,1],[23,5],[5,23],[6,20],[20,6],[19,8],[8,19],[25,12],[12,25],[2,9],[9,2],[13,25],[25,13],[21,17],[17,21],[4,13],[13,4],[18,15],[15,18],[0,23],[23,0],[14,7],[7,14],[10,7],[7,10],[20,0],[0,20],[0,25],[25,0],[11,16],[16,11],[14,13],[13,14],[21,23],[23,21],[2,15],[15,2]],"edge_attributes":[[1.0],[1.0],[1.0],[1.0],[1.0],[1.0],[1.0],[1.0],[1.0],[1.0],[1.0],[1.0],[1.0],[1.0],[1.0],[1.0],[1.0],[1.0],[1.0],[1.0],[1.0],[1.0],[1.0],[1.0],[1.0],[1.0],[1.0],[1.0],[1.0],[1.0],[1.0],[1.0],[1.0],[1.0],[1.0],[1.0],[1.0],[1.0],[1.0],[1.0],[1.0],[1.0],[1.0],[1.0],[1.0],[1.0],[1.0],[1.0],[1.0],[1.0],[1.0],[1.0],[1.0],[1.0],[1.0],[1.0],[1.0],[1.0],[1.0],[1.0],[1.0],[1.0],[1.0],[1.0]],"seed_graph_indices":[-1,-1,-1,0,-1,-1,-1,-1,1,-1,-1,1,0,-1,-1,-1,-1,0,-1,-1,-1,-1,-1,-1,1,-1],"graph_labels":1,"node_importances":[0,0,0,1,0,0,0,0,1,0,0,1,1,0,0,0,0,1,0,0,0,0,0,0,1,0],"edge_importances":[1,1,1,1,1,1,1,1,1,1,1,1,0,0,0,0,0,0,0,0,0,0,0,0,0,0,0,0,0,0,0,0,0,0,0,0,0,0,0,0,0,0,0,0,0,0,0,0,0,0,0,0,0,0,0,0,0,0,0,0,0,0,0,0],"multi_node_importances":[[0,0],[0,0],[0,0],[0,1],[0,0],[0,0],[0,0],[0,0],[0,1],[0,0],[0,0],[0,1],[0,1],[0,0],[0,0],[0,0],[0,0],[0,1],[0,0],[0,0],[0,0],[0,0],[0,0],[0,0],[0,1],[0,0]],"multi_edge_importances":[[0,1],[0,1],[0,1],[0,1],[0,1],[0,1],[0,1],[0,1],[0,1],[0,1],[0,1],[0,1],[0,0],[0,0],[0,0],[0,0],[0,0],[0,0],[0,0],[0,0],[0,0],[0,0],[0,0],[0,0],[0,0],[0,0],[0,0],[0,0],[0,0],[0,0],[0,0],[0,0],[0,0],[0,0],[0,0],[0,0],[0,0],[0,0],[0,0],[0,0],[0,0],[0,0],[0,0],[0,0],[0,0],[0,0],[0,0],[0,0],[0,0],[0,0],[0,0],[0,0],[0,0],[0,0],[0,0],[0,0],[0,0],[0,0],[0,0],[0,0],[0,0],[0,0],[0,0],[0,0]],"original_value":1.8783867795218072,"class":1,"node_positions":[[0.3081993708782966,0.32233585678244625],[-0.6212584091822391,0.2004411877529081],[-0.25458094453038166,-0.4371973860661846],[0.6208062759332671,0.7002735414800392],[0.9122028389548582,-0.04472235045551179],[0.009105216511988336,-0.06432254959439579],[0.1926945168897136,0.8761136848454727],[0.23806651563381134,-0.22893888714101363],[-0.7573204271709958,-0.19487828624526612],[-0.2507979853281193,-0.16167117921516652],[0.3372825812117823,-0.47139445997381374],[-0.5065335193816091,-0.18268127023294534],[0.6526074377022358,0.4898215610242579],[0.6690662484248792,0.022203399375387584],[0.4934720964369672,-0.170835241240805],[-0.39016298435247826,-0.6645072388110334],[-0.4433009156011747,0.008967424107149272],[0.4152199386512251,0.5716006089951006],[-0.3724411016484123,-0.9129208687991662],[-1.0,-0.1609673615091897],[0.24483961755338576,0.6257051316508021],[0.13555706410652393,0.4366536224980791],[-0.6493778977587086,-0.6285847446763041],[0.09846103067832578,0.19071060944115012],[-0.6561035427778928,-0.3806032643361499],[0.5742969781647506,0.2593984603441526]],"node_coordinates":[[578.0064996477308,565.4897745300867],[269.79613790476486,522.5651472040443],[391.3872380577831,298.02375939928874],[681.6676764728538,698.5787307352211],[778.2954545454545,436.23197451229754],[478.82618238098803,429.32985770726367],[539.7048214062823,760.5],[554.7502817229511,371.3609982220772],[224.67765626586637,383.3552766559991],[392.6416761282377,395.04900128884276],[587.6505598404881,285.9814226440168],[307.83917820732825,387.65039777152367],[692.2130156834439,624.4690678351731],[697.6707956014887,459.79955866408],[639.4433663785941,391.8219204790335],[346.42791829535565,217.97767703742733],[328.80725669696983,455.1385729933435],[613.4947688460193,653.2671702064617],[352.30453582028593,130.49999999999994],[144.20454545454544,395.2968473429405],[556.996258073397,672.3198202537467],[520.7579091643604,605.7462314297752],[260.4716500882054,230.62761231049123],[508.45677819594846,519.1385703814117],[258.2414105563113,317.95310990696146],[666.245085154384,543.3266700359067]]},"label":"1","name":"4393","value":1.8783867795218072,"input_type":"classification","classes":{"0":"low","1":"high"},"image_width":900,"image_height":900,"image_path":"./4393.png"}