{"graph":{"node_indices":[0,1,2,3,4,5,6,7,8,9,10,11,12,13,14,15],"node_attributes":[[1.0,1.0,0.0],[0.800000011920929,0.800000011920929,0.800000011920929],[0.0,0.0,1.0],[1.0,0.0,1.0],[0.0,1.0,1.0],[1.0,0.0,1.0],[0.0,0.0,1.0],[1.0,0.0,1.0],[0.0,0.0,1.0],[0.0,0.0,1.0],[0.0,0.0,1.0],[0.800000011920929,0.800000011920929,0.800000011920929],[0.0,0.0,1.0],[1.0,0.0,1.0],[0.800000011920929,0.800000011920929,0.800000011920929],[0.0,1.0,0.0]],"node_adjacency":[[0,0,1,0,0,0,1,0,1,0,0,0,0,0,0,0],[0,0,0,0,0,0,1,1,0,0,0,1,0,0,0,0],[0,0,0,0,0,0,0,0,0,0,0,0,0,1,0,0],[0,0,0,0,0,0,1,0,0,1,0,0,0,0,0,0],[0,0,0,0,0,0,0,0,0,0,0,0,0,0,0,1],[0,0,0,0,0,0,0,0,1,0,0,0,0,0,0,0],[1,1,0,1,0,0,0,0,0,0,0,0,0,0,0,0],[0,1,0,0,0,0,0,0,0,0,0,0,0,0,0,0],[1,0,0,0,0,1,0,0,0,0,0,0,0,0,0,0],[0,0,0,1,0,0,0,0,0,0,0,0,1,0,0,1],[0,0,0,0,0,0,0,0,0,0,0,0,1,0,0,0],[0,1,0,0,0,0,0,0,0,0,0,0,0,0,1,0],[0,0,0,0,0,0,0,0,0,1,1,0,0,0,1,1],[0,0,1,0,0,0,0,0,0,0,0,0,0,0,0,1],[0,0,0,0,0,0,0,0,0,0,0,1,1,0,0,0],[0,0,0,0,1,0,0,0,0,1,0,0,1,1,0,0]],"edge_indices":[[12,9],[12,15],[9,12],[9,15],[15,9],[15,12],[0,6],[0,8],[0,2],[6,0],[8,0],[8,0],[13,2],[2,13],[10,12],[12,10],[14,12],[12,14],[1,6],[6,1],[11,14],[14,11],[4,15],[15,4],[7,1],[1,7],[3,6],[6,3],[5,8],[8,5],[11,1],[1,11],[9,3],[3,9],[15,13],[13,15]],"edge_attributes":[[1.0],[1.0],[1.0],[1.0],[1.0],[1.0],[1.0],[1.0],[1.0],[1.0],[1.0],[1.0],[1.0],[1.0],[1.0],[1.0],[1.0],[1.0],[1.0],[1.0],[1.0],[1.0],[1.0],[1.0],[1.0],[1.0],[1.0],[1.0],[1.0],[1.0],[1.0],[1.0],[1.0],[1.0],[1.0],[1.0]],"seed_graph_indices":[1,-1,1,-1,-1,-1,1,-1,1,0,-1,-1,0,-1,-1,0],"graph_labels":0,"node_importances":[1,0,1,0,0,0,1,0,1,1,0,0,1,0,0,1],"edge_importances":[1,1,1,1,1,1,1,1,1,1,1,1,0,0,0,0,0,0,0,0,0,0,0,0,0,0,0,0,0,0,0,0,0,0,0,0],"multi_node_importances":[[1,0],[0,0],[1,0],[0,0],[0,0],[0,0],[1,0],[0,0],[1,0],[1,0],[0,0],[0,0],[1,0],[0,0],[0,0],[1,0]],"multi_edge_importances":[[1,0],[1,0],[1,0],[1,0],[1,0],[1,0],[1,0],[1,0],[1,0],[1,0],[1,0],[1,0],[0,0],[0,0],[0,0],[0,0],[0,0],[0,0],[0,0],[0,0],[0,0],[0,0],[0,0],[0,0],[0,0],[0,0],[0,0],[0,0],[0,0],[0,0],[0,0],[0,0],[0,0],[0,0],[0,0],[0,0]],"original_value":-2.6365458888848377,"class":0,"node_positions":[[-0.44582501643363837,0.38240359622087633],[0.390877513034169,0.5215144023161207],[-0.6041659280739635,-0.023634302132612812],[0.04913053426296198,0.04125191601490364],[-0.18411873898167808,-0.9883459705587115],[-1.0,0.9055457280903744],[-0.021380414197348957,0.4192922206026951],[0.5712841328839259,0.8684030406845992],[-0.7199439028120099,0.6628850915407314],[0.11812226067329701,-0.341217794939817],[0.6200146131884273,-0.849318510802999],[0.6829191182515689,0.20087736311142104],[0.3793017431495378,-0.5423654543961115],[-0.4533989465783456,-0.417576234438329],[0.6799197727215786,-0.22282928427056164],[-0.06273674108848219,-0.6168858070425789]],"node_coordinates":[[353.0068077344524,586.4776188295914],[668.2599068258119,632.7526027172748],[293.34705848125714,451.40977089237134],[539.4963494462745,472.99406605671146],[451.6125990553785,130.5],[144.20454545454544,760.5],[512.9292073149809,598.7485598644578],[736.2335820582839,748.1445453125278],[249.72418887441364,679.779333060427],[565.4910785124762,345.76613740939337],[754.5942710668088,176.74725886309915],[778.2954545454545,526.093211980704],[663.8983838209518,278.8546949294157],[350.15309943750344,320.3656264306629],[777.165359989416,385.14788335338386],[497.3469546501564,254.06562055902674]]},"label":"0","name":"4394","value":-2.6365458888848377,"input_type":"classification","classes":{"0":"low","1":"high"},"image_width":900,"image_height":900,"image_path":"./4394.png"}