{"graph":{"node_indices":[0,1,2,3,4,5,6,7,8,9,10,11,12,13,14,15,16,17,18,19,20,21,22],"node_attributes":[[1.0,0.0,0.0],[0.0,0.0,1.0],[1.0,0.0,0.0],[1.0,0.0,1.0],[0.800000011920929,0.800000011920929,0.800000011920929],[0.0,1.0,1.0],[1.0,0.0,1.0],[0.800000011920929,0.800000011920929,0.800000011920929],[1.0,0.0,1.0],[0.800000011920929,0.800000011920929,0.800000011920929],[0.0,1.0,1.0],[1.0,0.0,0.0],[0.0,1.0,0.0],[0.0,1.0,0.0],[0.800000011920929,0.800000011920929,0.800000011920929],[1.0,1.0,0.0],[1.0,0.0,0.0],[0.0,1.0,0.0],[0.0,1.0,0.0],[1.0,0.0,1.0],[1.0,0.0,0.0],[1.0,0.0,0.0],[1.0,1.0,0.0]],"node_adjacency":[[0,0,0,0,0,1,0,0,0,0,0,0,0,0,0,0,0,1,0,0,0,1,0],[0,0,0,0,0,0,0,0,0,0,0,0,0,1,0,0,0,0,0,0,1,0,0],[0,0,0,0,0,0,1,0,0,1,0,0,0,0,0,0,0,0,0,0,0,0,1],[0,0,0,0,0,0,0,0,0,0,0,0,0,0,0,1,0,0,0,0,0,0,0],[0,0,0,0,0,0,0,0,0,0,0,0,0,0,1,0,0,0,0,0,0,0,0],[1,0,0,0,0,0,0,0,0,0,0,0,0,0,0,0,0,1,0,0,0,0,0],[0,0,1,0,0,0,0,0,0,0,0,0,0,0,0,0,0,0,0,0,0,1,0],[0,0,0,0,0,0,0,0,0,0,0,0,0,0,0,0,0,0,0,1,0,1,0],[0,0,0,0,0,0,0,0,0,0,0,0,0,0,0,0,0,0,0,1,0,0,0],[0,0,1,0,0,0,0,0,0,0,0,0,0,0,1,0,0,0,0,0,0,0,1],[0,0,0,0,0,0,0,0,0,0,0,0,0,0,0,0,1,0,0,0,0,0,0],[0,0,0,0,0,0,0,0,0,0,0,0,1,0,1,0,0,0,0,0,0,0,0],[0,0,0,0,0,0,0,0,0,0,0,1,0,0,0,0,0,0,0,1,0,0,0],[0,1,0,0,0,0,0,0,0,0,0,0,0,0,0,0,1,0,0,0,0,0,0],[0,0,0,0,1,0,0,0,0,1,0,1,0,0,0,0,0,0,1,0,0,0,0],[0,0,0,1,0,0,0,0,0,0,0,1,0,0,0,0,1,0,0,0,1,0,0],[0,0,0,0,0,0,0,0,0,0,1,0,0,1,0,1,0,0,0,0,0,0,0],[1,0,0,0,0,1,0,0,0,0,0,0,0,0,0,0,0,0,0,0,0,1,0],[0,0,0,0,0,0,0,0,0,0,0,0,0,0,1,0,0,0,0,0,0,0,0],[0,0,0,0,0,0,0,1,1,0,0,0,1,0,0,0,0,0,0,0,0,0,0],[0,1,0,0,0,0,0,0,0,0,0,0,0,0,0,1,0,0,0,0,0,0,0],[1,0,0,0,0,0,1,1,0,0,0,0,0,0,0,0,0,1,0,0,0,0,0],[0,0,1,0,0,0,0,0,0,1,0,0,0,0,0,0,0,0,0,0,0,0,0]],"edge_indices":[[21,0],[21,17],[0,21],[0,17],[17,0],[17,21],[15,16],[15,20],[15,11],[16,15],[20,15],[20,15],[14,11],[11,14],[12,11],[11,12],[13,16],[16,13],[19,12],[12,19],[9,14],[14,9],[3,15],[15,3],[1,13],[13,1],[6,21],[21,6],[10,16],[16,10],[22,9],[9,22],[8,19],[19,8],[5,0],[0,5],[18,14],[14,18],[2,6],[6,2],[7,19],[19,7],[4,14],[14,4],[2,22],[22,2],[9,2],[2,9],[20,1],[1,20],[5,17],[17,5],[7,21],[21,7]],"edge_attributes":[[1.0],[1.0],[1.0],[1.0],[1.0],[1.0],[1.0],[1.0],[1.0],[1.0],[1.0],[1.0],[1.0],[1.0],[1.0],[1.0],[1.0],[1.0],[1.0],[1.0],[1.0],[1.0],[1.0],[1.0],[1.0],[1.0],[1.0],[1.0],[1.0],[1.0],[1.0],[1.0],[1.0],[1.0],[1.0],[1.0],[1.0],[1.0],[1.0],[1.0],[1.0],[1.0],[1.0],[1.0],[1.0],[1.0],[1.0],[1.0],[1.0],[1.0],[1.0],[1.0],[1.0],[1.0]],"seed_graph_indices":[0,-1,-1,-1,-1,-1,-1,-1,-1,-1,-1,1,-1,-1,-1,1,1,0,-1,-1,1,0,-1],"graph_labels":1,"node_importances":[1,0,0,0,0,0,0,0,0,0,0,1,0,0,0,1,1,1,0,0,1,1,0],"edge_importances":[1,1,1,1,1,1,1,1,1,1,1,1,0,0,0,0,0,0,0,0,0,0,0,0,0,0,0,0,0,0,0,0,0,0,0,0,0,0,0,0,0,0,0,0,0,0,0,0,0,0,0,0,0,0],"multi_node_importances":[[0,1],[0,0],[0,0],[0,0],[0,0],[0,0],[0,0],[0,0],[0,0],[0,0],[0,0],[0,1],[0,0],[0,0],[0,0],[0,1],[0,1],[0,1],[0,0],[0,0],[0,1],[0,1],[0,0]],"multi_edge_importances":[[0,1],[0,1],[0,1],[0,1],[0,1],[0,1],[0,1],[0,1],[0,1],[0,1],[0,1],[0,1],[0,0],[0,0],[0,0],[0,0],[0,0],[0,0],[0,0],[0,0],[0,0],[0,0],[0,0],[0,0],[0,0],[0,0],[0,0],[0,0],[0,0],[0,0],[0,0],[0,0],[0,0],[0,0],[0,0],[0,0],[0,0],[0,0],[0,0],[0,0],[0,0],[0,0],[0,0],[0,0],[0,0],[0,0],[0,0],[0,0],[0,0],[0,0],[0,0],[0,0],[0,0],[0,0]],"original_value":2.7616106052295177,"class":1,"node_positions":[[0.38339642949917135,0.7683701932179425],[0.09006232741613485,-0.8951631305674295],[-0.24720365744431932,0.4434066218821307],[-0.3047763530415097,-0.5641933366717233],[-0.5651841796404495,-0.012725743933659758],[0.3936280478298187,1.0],[-0.05449481023917082,0.5920860992651489],[0.3284914717457636,0.37631410594757203],[0.5869694064558632,0.0748771238600528],[-0.3258309993555621,0.2125868044776681],[0.2518013855302881,-0.8071479913994296],[-0.07834971766161604,-0.19433450212550946],[0.1540836363313309,-0.062221876172218665],[-0.11623774629442714,-0.9217957322379928],[-0.30993580297847473,-0.0445634660890112],[-0.07015168961709976,-0.4594553115730415],[-0.022907469751520623,-0.6985058846846052],[0.22118385164512233,0.8467981230955579],[-0.5199895820570064,-0.17515864188398042],[0.34042556673436014,0.12076690764819539],[0.1183337409634971,-0.608240029548905],[0.20294457354958342,0.602561864528509],[-0.45625842961977736,0.40573780296472883]],"node_coordinates":[[666.2585042789813,684.5674875977793],[504.821270821766,139.23065683880765],[319.2060043101284,578.0384499340572],[287.52071223572176,247.72864476569163],[144.20454545454538,428.50986807520167],[671.8895036935064,760.5],[425.26385075418654,626.7783181625198],[636.0414090968933,556.0442887806504],[778.2954545454545,457.22769993643107],[275.9332294704257,502.37146695274464],[593.8348082812915,168.08363884187787],[412.13523655177994,368.97517573429036],[540.0555750509186,412.28412525185854],[391.2834553228203,130.50000000000006],[284.6811947092227,418.0728769728677],[416.64704393425984,282.06369645993595],[442.64803085593894,203.69852032079214],[576.9843639224406,710.2776060011325],[169.07751709088734,375.2613755366465],[642.6093712434467,472.271215384799],[520.3805213712266,233.2893284288251],[566.9463268340455,630.2124667586514],[204.1521329007936,565.6899180272208]]},"label":"1","name":"4411","value":2.7616106052295177,"input_type":"classification","classes":{"0":"low","1":"high"},"image_width":900,"image_height":900,"image_path":"./4411.png"}