{"graph":{"node_indices":[0,1,2,3,4,5,6,7,8,9,10,11,12,13,14,15,16,17,18,19,20,21,22],"node_attributes":[[0.0,1.0,0.0],[0.800000011920929,0.800000011920929,0.800000011920929],[1.0,0.0,0.0],[0.0,1.0,1.0],[0.0,0.0,1.0],[0.0,1.0,0.0],[0.0,1.0,0.0],[0.0,1.0,1.0],[0.0,1.0,1.0],[1.0,0.0,0.0],[0.0,1.0,0.0],[0.0,1.0,0.0],[0.0,1.0,0.0],[1.0,1.0,0.0],[0.800000011920929,0.800000011920929,0.800000011920929],[0.800000011920929,0.800000011920929,0.800000011920929],[1.0,1.0,0.0],[0.0,0.0,1.0],[1.0,0.0,0.0],[1.0,0.0,1.0],[0.0,1.0,0.0],[0.0,1.0,0.0],[1.0,0.0,0.0]],"node_adjacency":[[0,0,0,0,0,0,0,0,0,1,0,1,0,0,0,1,0,1,1,0,0,0,0],[0,0,0,0,0,0,0,0,0,1,0,0,0,0,0,0,0,0,0,1,0,0,0],[0,0,0,1,0,0,0,0,0,0,1,0,0,0,0,0,0,0,0,0,0,0,1],[0,0,1,0,0,0,0,0,0,0,0,0,0,1,0,0,0,0,0,0,0,0,0],[0,0,0,0,0,0,0,0,0,0,0,0,0,0,0,0,0,0,0,0,0,1,1],[0,0,0,0,0,0,0,0,0,0,1,0,0,0,0,0,0,0,0,0,0,0,0],[0,0,0,0,0,0,0,0,0,0,0,0,0,0,0,0,0,0,1,0,0,0,0],[0,0,0,0,0,0,0,0,0,0,0,0,0,0,0,0,0,0,0,1,0,0,0],[0,0,0,0,0,0,0,0,0,0,0,0,0,0,0,0,0,0,0,0,1,0,1],[1,1,0,0,0,0,0,0,0,0,0,0,0,0,0,0,0,0,1,0,0,0,0],[0,0,1,0,0,1,0,0,0,0,0,0,1,0,0,0,0,0,0,0,0,0,1],[1,0,0,0,0,0,0,0,0,0,0,0,0,0,0,0,0,0,0,0,0,0,0],[0,0,0,0,0,0,0,0,0,0,1,0,0,0,1,0,0,0,0,0,0,1,0],[0,0,0,1,0,0,0,0,0,0,0,0,0,0,0,0,1,0,0,1,0,0,0],[0,0,0,0,0,0,0,0,0,0,0,0,1,0,0,0,0,0,0,0,0,0,0],[1,0,0,0,0,0,0,0,0,0,0,0,0,0,0,0,0,0,0,0,0,0,0],[0,0,0,0,0,0,0,0,0,0,0,0,0,1,0,0,0,0,0,0,0,0,0],[1,0,0,0,0,0,0,0,0,0,0,0,0,0,0,0,0,0,0,0,0,0,0],[1,0,0,0,0,0,1,0,0,1,0,0,0,0,0,0,0,0,0,0,0,0,0],[0,1,0,0,0,0,0,1,0,0,0,0,0,1,0,0,0,0,0,0,0,0,0],[0,0,0,0,0,0,0,0,1,0,0,0,0,0,0,0,0,0,0,0,0,0,0],[0,0,0,0,1,0,0,0,0,0,0,0,1,0,0,0,0,0,0,0,0,0,0],[0,0,1,0,1,0,0,0,1,0,1,0,0,0,0,0,0,0,0,0,0,0,0]],"edge_indices":[[22,2],[22,10],[2,22],[2,10],[10,2],[10,22],[9,18],[9,0],[18,9],[18,0],[0,18],[0,9],[6,18],[18,6],[3,2],[2,3],[8,22],[22,8],[4,22],[22,4],[15,0],[0,15],[1,9],[9,1],[5,10],[10,5],[20,8],[8,20],[19,1],[1,19],[7,19],[19,7],[13,19],[19,13],[16,13],[13,16],[12,10],[10,12],[17,0],[0,17],[11,0],[0,11],[21,12],[12,21],[14,12],[12,14],[3,13],[13,3],[21,4],[4,21]],"edge_attributes":[[1.0],[1.0],[1.0],[1.0],[1.0],[1.0],[1.0],[1.0],[1.0],[1.0],[1.0],[1.0],[1.0],[1.0],[1.0],[1.0],[1.0],[1.0],[1.0],[1.0],[1.0],[1.0],[1.0],[1.0],[1.0],[1.0],[1.0],[1.0],[1.0],[1.0],[1.0],[1.0],[1.0],[1.0],[1.0],[1.0],[1.0],[1.0],[1.0],[1.0],[1.0],[1.0],[1.0],[1.0],[1.0],[1.0],[1.0],[1.0],[1.0],[1.0]],"seed_graph_indices":[1,-1,0,-1,-1,-1,-1,-1,-1,1,0,-1,-1,-1,-1,-1,-1,-1,1,-1,-1,-1,0],"graph_labels":1,"node_importances":[1,0,1,0,0,0,0,0,0,1,1,0,0,0,0,0,0,0,1,0,0,0,1],"edge_importances":[1,1,1,1,1,1,1,1,1,1,1,1,0,0,0,0,0,0,0,0,0,0,0,0,0,0,0,0,0,0,0,0,0,0,0,0,0,0,0,0,0,0,0,0,0,0,0,0,0,0],"multi_node_importances":[[0,1],[0,0],[0,1],[0,0],[0,0],[0,0],[0,0],[0,0],[0,0],[0,1],[0,1],[0,0],[0,0],[0,0],[0,0],[0,0],[0,0],[0,0],[0,1],[0,0],[0,0],[0,0],[0,1]],"multi_edge_importances":[[0,1],[0,1],[0,1],[0,1],[0,1],[0,1],[0,1],[0,1],[0,1],[0,1],[0,1],[0,1],[0,0],[0,0],[0,0],[0,0],[0,0],[0,0],[0,0],[0,0],[0,0],[0,0],[0,0],[0,0],[0,0],[0,0],[0,0],[0,0],[0,0],[0,0],[0,0],[0,0],[0,0],[0,0],[0,0],[0,0],[0,0],[0,0],[0,0],[0,0],[0,0],[0,0],[0,0],[0,0],[0,0],[0,0],[0,0],[0,0],[0,0],[0,0]],"original_value":2.253704423963809,"class":1,"node_positions":[[-0.4434289638859664,-0.777173430483699],[-0.1929302110098252,-0.40601869201109414],[0.20900680597005838,0.3613784895760538],[0.14311193274214817,0.14117876727383835],[0.42924609700982197,0.7386200197288413],[-0.0772850126723428,0.6087766890917943],[-0.7786227463961156,-0.5303030645628029],[0.17888041350265868,-0.45921711268012244],[0.6045787166114892,0.4956732694675439],[-0.3517406988128692,-0.5679230858200524],[0.14707300513185265,0.5733935090951766],[-0.47892584296448226,-1.0],[0.12526196163398956,0.8134186520463406],[0.12890676408791402,-0.08957383515301613],[-0.017051054382870856,0.9911787798961356],[-0.6607929966445687,-0.8667407263124193],[0.35303917899846887,-0.17837278989207156],[-0.2805055153345778,-0.9476261517935629],[-0.558084367214051,-0.5899738048287393],[0.006445399987803704,-0.290185240177654],[0.8251927686788664,0.5307599405202899],[0.3215353131648812,0.9309842527508803],[0.36708905179771695,0.5177455642683397]],"node_coordinates":[[276.72809836676686,201.0013232426032],[375.7662860163889,318.43301124499243],[534.6777107397911,561.2340240325641],[508.62525041827945,491.5638234202254],[621.7523966748577,680.5915455147151],[421.4882336198104,639.5097003648755],[144.20454545454544,279.1099954022559],[522.7668198625508,301.60127048927984],[691.0726015933853,603.7242876823466],[312.97833712970237,267.20719007339267],[510.1913158222827,628.3146215387382],[262.693910448505,130.50000000000006],[501.5680145324615,704.2574959737103],[503.0090381911943,418.55473905437987],[445.30257199658405,760.5],[190.79018603205265,172.66263414958405],[591.6229251323804,390.45914962241386],[341.1421638457045,147.07084974146653],[231.39748007237344,260.2304418699001],[454.59222406209454,355.0821938256112],[778.2954545454545,614.8255524137751],[579.1674308822429,741.4547226575561],[597.1777389698499,610.70786236931]]},"label":"1","name":"4417","value":2.253704423963809,"input_type":"classification","classes":{"0":"low","1":"high"},"image_width":900,"image_height":900,"image_path":"./4417.png"}