{"graph": {"node_indices": [0, 1, 2, 3, 4, 5, 6, 7, 8, 9], "node_attributes": [[1.0, 0.0, 0.0], [1.0, 0.0, 0.0], [1.0, 0.0, 0.0], [1.0, 0.0, 0.0], [0.0, 1.0, 0.0], [1.0, 1.0, 0.0], [1.0, 0.0, 0.0], [0.0, 1.0, 0.0], [1.0, 0.0, 0.0], [1.0, 0.0, 0.0]], "node_adjacency": [[0, 1, 0, 0, 0, 0, 0, 1, 0, 0], [1, 0, 0, 0, 0, 0, 0, 1, 0, 0], [0, 0, 0, 0, 1, 0, 0, 0, 0, 0], [0, 0, 0, 0, 1, 0, 0, 1, 1, 0], [0, 0, 1, 1, 0, 0, 0, 0, 0, 1], [0, 0, 1, 0, 0, 0, 1, 0, 0, 1], [0, 0, 0, 0, 0, 1, 0, 0, 0, 0], [1, 1, 0, 1, 0, 0, 0, 0, 0, 0], [0, 0, 0, 1, 0, 0, 0, 0, 0, 0], [0, 0, 0, 0, 1, 1, 0, 0, 0, 0]], "edge_indices": [[1, 0], [1, 7], [0, 1], [0, 7], [7, 0], [7, 1], [5, 9], [5, 6], [5, 2], [9, 5], [6, 5], [6, 5], [4, 2], [2, 4], [3, 7], [7, 3], [8, 3], [3, 8], [3, 4], [4, 3], [9, 4], [4, 9]], "edge_attributes": [[1.0], [1.0], [1.0], [1.0], [1.0], [1.0], [1.0], [1.0], [1.0], [1.0], [1.0], [1.0], [1.0], [1.0], [1.0], [1.0], [1.0], [1.0], [1.0], [1.0], [1.0], [1.0]], "seed_graph_indices": [0, 0, 1, -1, -1, 1, 1, 0, -1, 1], "graph_labels": 1, "node_importances": [1, 1, 1, 0, 0, 1, 1, 1, 0, 1], "edge_importances": [1, 1, 1, 1, 1, 1, 1, 1, 1, 1, 1, 1, 0, 0, 0, 0, 0, 0, 0, 0, 0, 0], "multi_node_importances": [[0, 1], [0, 1], [0, 1], [0, 0], [0, 0], [0, 1], [0, 1], [0, 1], [0, 0], [0, 1]], "multi_edge_importances": [[0, 1], [0, 1], [0, 1], [0, 1], [0, 1], [0, 1], [0, 1], [0, 1], [0, 1], [0, 1], [0, 1], [0, 1], [0, 0], [0, 0], [0, 0], [0, 0], [0, 0], [0, 0], [0, 0], [0, 0], [0, 0], [0, 0]], "original_value": 3.71, "class": 1, "node_positions": [[0.8614866556069777, -0.05005029656699436], [0.769842549480456, 0.24210127995051853], [-0.3478989943080398, 0.2653304051177254], [0.20862622173712564, -0.15128595368520337], [-0.12702784305357934, -0.01920711454847965], [-0.6783443765887813, 0.13822613651707197], [-1.0, 0.22908612744833437], [0.530636270258156, 0.0051309480220420416], [0.24681056798220505, -0.5153459774372954], [-0.46413105111451963, -0.14398555481771963]], "node_coordinates": [[778.2954545454545, 505.99013329813386], [747.0780969610985, 741.754269781488], [366.3341633450822, 760.5], [555.9071474495677, 424.29371541017923], [441.57101162924533, 530.8803504301922], [253.77229661122377, 657.9278061847631], [144.20454545454544, 731.251139086615], [665.5956288512941, 550.520984836534], [568.9141420206297, 130.5], [326.74124424253023, 430.1850826774484]]}, "label": "1", "name": "4433", "value": 3.71, "input_type": "classification", "classes": {"0": "low", "1": "high"}, "image_width": 900, "image_height": 900, "image_path": "./4433.png"}