{"graph":{"node_indices":[0,1,2,3,4,5,6,7,8,9,10,11,12,13,14,15,16,17,18,19,20,21,22,23,24,25,26,27,28],"node_attributes":[[0.0,1.0,0.0],[1.0,0.0,0.0],[0.0,1.0,1.0],[0.0,0.0,1.0],[1.0,0.0,1.0],[0.0,0.0,1.0],[0.0,1.0,0.0],[0.800000011920929,0.800000011920929,0.800000011920929],[0.0,1.0,0.0],[0.0,0.0,1.0],[1.0,0.0,1.0],[0.0,1.0,0.0],[1.0,0.0,0.0],[0.0,1.0,0.0],[0.800000011920929,0.800000011920929,0.800000011920929],[0.800000011920929,0.800000011920929,0.800000011920929],[0.0,0.0,1.0],[0.0,1.0,0.0],[1.0,1.0,0.0],[0.800000011920929,0.800000011920929,0.800000011920929],[0.0,1.0,0.0],[1.0,0.0,0.0],[1.0,0.0,1.0],[0.800000011920929,0.800000011920929,0.800000011920929],[0.0,0.0,1.0],[1.0,0.0,1.0],[0.0,0.0,1.0],[0.800000011920929,0.800000011920929,0.800000011920929],[0.0,1.0,0.0]],"node_adjacency":[[0,0,0,0,0,0,0,1,0,0,0,0,0,0,0,0,0,0,0,0,0,0,0,0,1,0,0,0,0],[0,0,0,0,0,0,0,0,0,0,0,0,0,0,0,0,0,0,1,0,0,0,0,0,0,0,0,0,0],[0,0,0,0,0,0,0,0,0,1,0,0,0,0,0,0,1,0,0,0,0,0,0,0,0,0,0,0,0],[0,0,0,0,0,0,0,0,1,1,0,0,0,0,1,0,0,0,0,0,0,0,0,0,0,0,0,0,0],[0,0,0,0,0,0,0,0,0,0,0,0,1,0,0,0,0,0,0,0,0,0,1,0,0,0,0,0,0],[0,0,0,0,0,0,0,0,0,0,0,0,0,0,0,0,0,0,0,1,0,0,0,0,0,0,0,0,0],[0,0,0,0,0,0,0,0,0,0,1,0,0,0,0,1,0,0,0,0,0,0,0,0,0,0,0,0,0],[1,0,0,0,0,0,0,0,1,0,0,0,0,0,0,1,0,0,0,0,0,0,0,0,0,0,0,0,1],[0,0,0,1,0,0,0,1,0,1,0,0,0,0,0,0,0,0,0,0,0,0,0,1,0,0,0,0,0],[0,0,1,1,0,0,0,0,1,0,0,0,0,0,0,0,0,0,0,0,0,0,0,0,0,0,1,1,0],[0,0,0,0,0,0,1,0,0,0,0,0,0,0,0,0,0,0,0,0,0,1,0,0,0,0,0,0,0],[0,0,0,0,0,0,0,0,0,0,0,0,1,0,0,0,0,0,0,0,1,0,0,0,0,0,0,0,0],[0,0,0,0,1,0,0,0,0,0,0,1,0,1,0,0,1,0,1,0,0,0,0,0,0,0,0,0,0],[0,0,0,0,0,0,0,0,0,0,0,0,1,0,0,0,0,0,0,0,0,0,0,0,0,0,0,0,0],[0,0,0,1,0,0,0,0,0,0,0,0,0,0,0,0,0,0,0,0,0,0,0,0,0,0,0,0,0],[0,0,0,0,0,0,1,1,0,0,0,0,0,0,0,0,0,0,0,1,0,0,0,0,0,0,0,0,0],[0,0,1,0,0,0,0,0,0,0,0,0,1,0,0,0,0,0,0,0,0,0,0,0,0,1,0,0,0],[0,0,0,0,0,0,0,0,0,0,0,0,0,0,0,0,0,0,0,0,0,0,0,0,0,1,0,0,0],[0,1,0,0,0,0,0,0,0,0,0,0,1,0,0,0,0,0,0,0,0,1,0,0,0,0,0,0,0],[0,0,0,0,0,1,0,0,0,0,0,0,0,0,0,1,0,0,0,0,0,0,0,0,0,1,0,0,0],[0,0,0,0,0,0,0,0,0,0,0,1,0,0,0,0,0,0,0,0,0,0,0,0,0,0,0,0,0],[0,0,0,0,0,0,0,0,0,0,1,0,0,0,0,0,0,0,0,0,0,0,0,0,0,0,0,0,0],[0,0,0,0,1,0,0,0,0,0,0,0,0,0,0,0,0,0,0,0,0,0,0,0,0,0,0,0,0],[0,0,0,0,0,0,0,0,1,0,0,0,0,0,0,0,0,0,0,0,0,0,0,0,0,0,0,0,0],[1,0,0,0,0,0,0,0,0,0,0,0,0,0,0,0,0,0,0,0,0,0,0,0,0,0,0,0,0],[0,0,0,0,0,0,0,0,0,0,0,0,0,0,0,0,1,1,0,1,0,0,0,0,0,0,0,0,0],[0,0,0,0,0,0,0,0,0,1,0,0,0,0,0,0,0,0,0,0,0,0,0,0,0,0,0,0,0],[0,0,0,0,0,0,0,0,0,1,0,0,0,0,0,0,0,0,0,0,0,0,0,0,0,0,0,0,0],[0,0,0,0,0,0,0,1,0,0,0,0,0,0,0,0,0,0,0,0,0,0,0,0,0,0,0,0,0]],"edge_indices":[[9,3],[9,8],[3,9],[3,8],[8,3],[8,9],[18,12],[18,1],[18,21],[12,18],[1,18],[1,18],[16,12],[12,16],[7,8],[8,7],[15,7],[7,15],[4,12],[12,4],[23,8],[8,23],[25,16],[16,25],[22,4],[4,22],[11,12],[12,11],[19,25],[25,19],[27,9],[9,27],[0,7],[7,0],[28,7],[7,28],[2,9],[9,2],[13,12],[12,13],[17,25],[25,17],[24,0],[0,24],[20,11],[11,20],[6,15],[15,6],[5,19],[19,5],[10,6],[6,10],[14,3],[3,14],[26,9],[9,26],[15,19],[19,15],[10,21],[21,10],[2,16],[16,2]],"edge_attributes":[[1.0],[1.0],[1.0],[1.0],[1.0],[1.0],[1.0],[1.0],[1.0],[1.0],[1.0],[1.0],[1.0],[1.0],[1.0],[1.0],[1.0],[1.0],[1.0],[1.0],[1.0],[1.0],[1.0],[1.0],[1.0],[1.0],[1.0],[1.0],[1.0],[1.0],[1.0],[1.0],[1.0],[1.0],[1.0],[1.0],[1.0],[1.0],[1.0],[1.0],[1.0],[1.0],[1.0],[1.0],[1.0],[1.0],[1.0],[1.0],[1.0],[1.0],[1.0],[1.0],[1.0],[1.0],[1.0],[1.0],[1.0],[1.0],[1.0],[1.0],[1.0],[1.0]],"seed_graph_indices":[-1,1,-1,0,-1,-1,-1,-1,0,0,-1,-1,1,-1,-1,-1,-1,-1,1,-1,-1,1,-1,-1,-1,-1,-1,-1,-1],"graph_labels":1,"node_importances":[0,1,0,1,0,0,0,0,1,1,0,0,1,0,0,0,0,0,1,0,0,1,0,0,0,0,0,0,0],"edge_importances":[1,1,1,1,1,1,1,1,1,1,1,1,0,0,0,0,0,0,0,0,0,0,0,0,0,0,0,0,0,0,0,0,0,0,0,0,0,0,0,0,0,0,0,0,0,0,0,0,0,0,0,0,0,0,0,0,0,0,0,0,0,0],"multi_node_importances":[[0,0],[0,1],[0,0],[1,0],[0,0],[0,0],[0,0],[0,0],[1,0],[1,0],[0,0],[0,0],[0,1],[0,0],[0,0],[0,0],[0,0],[0,0],[0,1],[0,0],[0,0],[0,1],[0,0],[0,0],[0,0],[0,0],[0,0],[0,0],[0,0]],"multi_edge_importances":[[1,0],[1,0],[1,0],[1,0],[1,0],[1,0],[0,1],[0,1],[0,1],[0,1],[0,1],[0,1],[0,0],[0,0],[0,0],[0,0],[0,0],[0,0],[0,0],[0,0],[0,0],[0,0],[0,0],[0,0],[0,0],[0,0],[0,0],[0,0],[0,0],[0,0],[0,0],[0,0],[0,0],[0,0],[0,0],[0,0],[0,0],[0,0],[0,0],[0,0],[0,0],[0,0],[0,0],[0,0],[0,0],[0,0],[0,0],[0,0],[0,0],[0,0],[0,0],[0,0],[0,0],[0,0],[0,0],[0,0],[0,0],[0,0],[0,0],[0,0],[0,0],[0,0]],"original_value":1.1972104970592468,"class":1,"node_positions":[[0.7608200076745645,-0.01531731664755836],[-0.7772318485426455,-0.13709970568316626],[-0.05237002435917304,-0.12900888238770142],[0.2772122674452424,-0.5143765000590633],[-0.47155094536298314,0.4992952218303999],[0.4238501116307119,0.5383447185053526],[0.13507541110592175,0.03227098937039404],[0.5220391431251759,-0.11287045028014724],[0.37408010956536997,-0.3301590761231833],[0.1050806493605361,-0.3647583631357962],[-0.1426308228270414,-0.06306305564835785],[-0.7142888368349406,0.22470596428276643],[-0.44761967631803684,0.22760789536960474],[-0.5903391689112435,0.37578294825164077],[0.33354219412350394,-0.7635373950108266],[0.3693113912810957,0.09841248177685392],[-0.1766575504650755,0.15918788879823742],[0.03801637843678056,0.6087509261055979],[-0.5650513482682767,0.006354124326183737],[0.28042030212809793,0.33601903680574136],[-0.9546082511934784,0.2642691564891066],[-0.4015898575175228,-0.13983638445516755],[-0.5863500378051593,0.7200375506767588],[0.5589352592408701,-0.5070035650457548],[1.0,0.0052767478473018025],[0.020371455896348218,0.3576709558829364],[-0.08570399439200403,-0.5320580602449254],[0.03802149359990435,-0.6161837535077624],[0.7292161881834575,-0.2287140980894653]],"node_coordinates":[[700.7035080889777,448.2316054972817],[201.74690174996482,396.5167222583533],[436.89800826000084,399.9524898216701],[543.8172003297782,236.30615713138786],[300.91228779116796,666.7617850365807],[591.3877167593088,683.3441511494152],[497.706841184158,468.4399764181151],[623.241041948673,406.8056739208711],[575.2419208762722,314.53407370341927],[487.97629505989823,299.8414888216735],[407.61666673245156,427.95638067096684],[222.16612974119448,550.1574754546109],[308.67578727253135,551.3897802936906],[262.3764161590807,614.3123064438057],[562.0910894298746,130.5],[573.6949096476908,496.52695667967345],[396.5781178834863,522.3352291466409],[466.2200968592626,713.2421424285799],[270.5799920780076,457.434381435999],[544.8579130287064,597.426564146974],[144.20454545454544,566.9579823399861],[323.6082371026629,395.354591803554],[263.670522928555,760.5],[635.2104438968328,239.43707348440807],[778.2954545454545,456.9768735873604],[460.4959396182043,606.6210501136475],[426.08419564623495,228.79768379846135],[466.22175626003167,193.07371386378168],[690.450970466861,357.6126767406403]]},"label":"1","name":"4439","value":1.1972104970592468,"input_type":"classification","classes":{"0":"low","1":"high"},"image_width":900,"image_height":900,"image_path":"./4439.png"}