{"graph":{"node_indices":[0,1,2,3,4,5,6,7,8,9,10,11,12,13,14,15,16],"node_attributes":[[0.800000011920929,0.800000011920929,0.800000011920929],[1.0,0.0,1.0],[0.0,1.0,1.0],[0.0,1.0,0.0],[1.0,1.0,0.0],[1.0,0.0,0.0],[0.0,1.0,0.0],[0.0,0.0,1.0],[1.0,0.0,1.0],[0.800000011920929,0.800000011920929,0.800000011920929],[0.800000011920929,0.800000011920929,0.800000011920929],[0.0,1.0,1.0],[0.0,0.0,1.0],[1.0,0.0,0.0],[1.0,0.0,0.0],[0.800000011920929,0.800000011920929,0.800000011920929],[0.0,0.0,1.0]],"node_adjacency":[[0,0,0,0,0,0,0,1,0,0,0,0,0,0,0,0,0],[0,0,0,0,0,0,0,0,0,0,0,0,0,1,0,0,0],[0,0,0,0,0,0,0,0,0,0,0,0,0,0,1,0,0],[0,0,0,0,0,0,0,1,0,0,0,0,0,0,0,0,1],[0,0,0,0,0,1,0,0,0,0,0,1,0,1,1,0,0],[0,0,0,0,0,0,1,0,1,0,1,0,0,0,0,0,0],[0,0,0,0,0,1,0,0,0,0,0,0,0,0,0,0,0],[1,0,0,1,0,0,0,0,0,0,0,0,0,0,0,0,1],[0,0,0,0,0,1,0,0,0,0,0,0,1,0,0,0,1],[0,0,0,0,0,0,0,0,0,0,0,0,0,1,0,0,0],[0,0,0,0,0,1,0,0,0,0,0,0,0,0,0,0,0],[0,0,0,0,1,0,0,0,0,0,0,0,0,0,0,0,0],[0,0,0,0,0,0,0,0,1,0,0,0,0,1,1,0,0],[0,1,0,0,1,0,0,0,0,1,0,0,1,0,0,0,0],[0,0,1,0,1,0,0,0,0,0,0,0,1,0,0,1,0],[0,0,0,0,0,0,0,0,0,0,0,0,0,0,1,0,1],[0,0,0,1,0,0,0,1,1,0,0,0,0,0,0,1,0]],"edge_indices":[[16,7],[16,3],[7,16],[7,3],[3,7],[3,16],[4,14],[4,13],[4,5],[14,4],[13,4],[13,4],[15,16],[16,15],[12,13],[13,12],[2,14],[14,2],[1,13],[13,1],[6,5],[5,6],[0,7],[7,0],[10,5],[5,10],[11,4],[4,11],[9,13],[13,9],[8,5],[5,8],[15,14],[14,15],[12,14],[14,12],[8,16],[16,8],[12,8],[8,12]],"edge_attributes":[[1.0],[1.0],[1.0],[1.0],[1.0],[1.0],[1.0],[1.0],[1.0],[1.0],[1.0],[1.0],[1.0],[1.0],[1.0],[1.0],[1.0],[1.0],[1.0],[1.0],[1.0],[1.0],[1.0],[1.0],[1.0],[1.0],[1.0],[1.0],[1.0],[1.0],[1.0],[1.0],[1.0],[1.0],[1.0],[1.0],[1.0],[1.0],[1.0],[1.0]],"seed_graph_indices":[-1,-1,-1,0,1,1,-1,0,-1,-1,-1,-1,-1,1,1,-1,0],"graph_labels":1,"node_importances":[0,0,0,1,1,1,0,1,0,0,0,0,0,1,1,0,1],"edge_importances":[1,1,1,1,1,1,1,1,1,1,1,1,0,0,0,0,0,0,0,0,0,0,0,0,0,0,0,0,0,0,0,0,0,0,0,0,0,0,0,0],"multi_node_importances":[[0,0],[0,0],[0,0],[1,0],[0,1],[0,1],[0,0],[1,0],[0,0],[0,0],[0,0],[0,0],[0,0],[0,1],[0,1],[0,0],[1,0]],"multi_edge_importances":[[1,0],[1,0],[1,0],[1,0],[1,0],[1,0],[0,1],[0,1],[0,1],[0,1],[0,1],[0,1],[0,0],[0,0],[0,0],[0,0],[0,0],[0,0],[0,0],[0,0],[0,0],[0,0],[0,0],[0,0],[0,0],[0,0],[0,0],[0,0],[0,0],[0,0],[0,0],[0,0],[0,0],[0,0],[0,0],[0,0],[0,0],[0,0],[0,0],[0,0]],"original_value":0.8455974304173226,"class":1,"node_positions":[[0.6177049217536646,-1.0],[0.20750313867873987,0.8676324079191671],[-0.42478668895900956,-0.38344467268426763],[0.6609528694432523,-0.43393353627229975],[-0.1541081561377322,0.2965972064325438],[-0.365229476178911,0.07426211083997337],[-0.7035288141610725,-0.09290247120269614],[0.48986359657573214,-0.687660844652883],[0.07581631197295702,-0.09092145424620236],[-0.24341459346151692,0.8814246439094582],[-0.6892516262770103,0.2691815752933414],[0.24130228027396655,0.4523851654317885],[0.10450315080065498,0.19749884089015585],[-0.03554934142330156,0.5838671529798654],[-0.1352830384130291,-0.10463284186286483],[0.028963068422776385,-0.4520926858057311],[0.32454239708983945,-0.37726059696934855]],"node_coordinates":[[758.1976175452776,130.49999999999994],[567.5719575117811,755.8816334329351],[273.7393348878653,336.95517611685125],[778.2954545454545,320.04884709462385],[399.52687678777426,564.6689914059683],[301.41628185493397,490.2194987426522],[144.20454545454538,434.24399792852023],[698.7882292951319,235.08758925353652],[506.37551884607836,434.90734667683773],[358.0251104315392,760.5],[150.83932491215802,555.4887950725091],[583.27882164791,616.8350000139897],[519.7066349246393,531.4856425571005],[454.6225717365193,660.862090029759],[408.27513347398263,430.3160524007365],[484.602257868244,313.9682080198163],[621.9614965264657,339.0259301664546]]},"label":"1","name":"4459","value":0.8455974304173226,"input_type":"classification","classes":{"0":"low","1":"high"},"image_width":900,"image_height":900,"image_path":"./4459.png"}