{"graph":{"node_indices":[0,1,2,3,4,5,6,7,8,9,10,11,12,13,14,15],"node_attributes":[[1.0,0.0,1.0],[1.0,0.0,0.0],[0.0,0.0,1.0],[0.0,1.0,1.0],[1.0,0.0,1.0],[0.0,1.0,0.0],[1.0,0.0,0.0],[1.0,0.0,0.0],[0.800000011920929,0.800000011920929,0.800000011920929],[0.0,1.0,1.0],[0.0,1.0,1.0],[0.0,0.0,1.0],[1.0,0.0,0.0],[1.0,0.0,0.0],[1.0,1.0,0.0],[1.0,0.0,0.0]],"node_adjacency":[[0,1,1,1,0,0,0,0,0,0,0,0,0,0,0,0],[1,0,0,0,0,1,0,0,0,0,0,0,1,0,0,0],[1,0,0,0,0,0,0,0,0,0,0,0,0,1,0,0],[1,0,0,0,0,0,0,0,1,0,0,0,0,0,0,0],[0,0,0,0,0,0,0,0,0,0,0,0,1,0,0,0],[0,1,0,0,0,0,0,0,0,1,0,0,1,0,0,0],[0,0,0,0,0,0,0,0,1,0,0,0,0,0,1,0],[0,0,0,0,0,0,0,0,0,0,1,1,0,0,0,0],[0,0,0,1,0,0,1,0,0,0,0,0,0,0,0,0],[0,0,0,0,0,1,0,0,0,0,0,0,1,0,0,0],[0,0,0,0,0,0,0,1,0,0,0,0,0,0,0,1],[0,0,0,0,0,0,0,1,0,0,0,0,0,0,0,1],[0,1,0,0,1,1,0,0,0,1,0,0,0,0,0,0],[0,0,1,0,0,0,0,0,0,0,0,0,0,0,0,0],[0,0,0,0,0,0,1,0,0,0,0,0,0,1,0,1],[0,0,0,0,0,0,0,0,0,0,1,1,0,0,1,0]],"edge_indices":[[14,6],[14,15],[14,13],[6,14],[15,14],[15,14],[12,1],[12,5],[1,12],[1,5],[5,1],[5,12],[10,15],[15,10],[8,6],[6,8],[3,8],[8,3],[4,12],[12,4],[2,13],[13,2],[11,15],[15,11],[7,10],[10,7],[0,1],[1,0],[9,12],[12,9],[3,0],[0,3],[2,0],[0,2],[5,9],[9,5],[11,7],[7,11]],"edge_attributes":[[1.0],[1.0],[1.0],[1.0],[1.0],[1.0],[1.0],[1.0],[1.0],[1.0],[1.0],[1.0],[1.0],[1.0],[1.0],[1.0],[1.0],[1.0],[1.0],[1.0],[1.0],[1.0],[1.0],[1.0],[1.0],[1.0],[1.0],[1.0],[1.0],[1.0],[1.0],[1.0],[1.0],[1.0],[1.0],[1.0],[1.0],[1.0]],"seed_graph_indices":[-1,1,-1,-1,-1,1,0,-1,-1,-1,-1,-1,1,0,0,0],"graph_labels":1,"node_importances":[0,1,0,0,0,1,1,0,0,0,0,0,1,1,1,1],"edge_importances":[1,1,1,1,1,1,1,1,1,1,1,1,0,0,0,0,0,0,0,0,0,0,0,0,0,0,0,0,0,0,0,0,0,0,0,0,0,0],"multi_node_importances":[[0,0],[0,1],[0,0],[0,0],[0,0],[0,1],[0,1],[0,0],[0,0],[0,0],[0,0],[0,0],[0,1],[0,1],[0,1],[0,1]],"multi_edge_importances":[[0,1],[0,1],[0,1],[0,1],[0,1],[0,1],[0,1],[0,1],[0,1],[0,1],[0,1],[0,1],[0,0],[0,0],[0,0],[0,0],[0,0],[0,0],[0,0],[0,0],[0,0],[0,0],[0,0],[0,0],[0,0],[0,0],[0,0],[0,0],[0,0],[0,0],[0,0],[0,0],[0,0],[0,0],[0,0],[0,0],[0,0],[0,0]],"original_value":2.927235854385004,"class":1,"node_positions":[[0.2571610664517723,0.1265743101724614],[0.5262287624438549,0.15990510758162166],[0.11933063066169226,-0.1209809192876041],[0.0715253098478974,0.34141682515106087],[0.9815830659589454,-0.04971945208755359],[0.7039877118760709,0.34684431570380575],[-0.4009778652713973,0.1693882681378365],[-1.0,-0.48232796876887785],[-0.20065308931371975,0.3549810023560811],[0.9481320992512984,0.35668161828661915],[-0.7336818732277598,-0.5140187982975813],[-0.8999835960026799,-0.23338382368193814],[0.791052901632962,0.13419306208230908],[-0.1349111339728768,-0.21384822175805138],[-0.39999478615296047,-0.11357752471637479],[-0.6287992041830994,-0.2621278008738145]],"node_coordinates":[[546.4861440381178,594.0046115165142],[632.5856787432407,618.1212904198603],[502.381494663637,414.88468508799696],[487.08417008767606,749.4550762900412],[778.2954545454545,466.44630545813067],[689.4671366951295,753.3821664614729],[335.886890999734,624.9828825778762],[144.2045454545455,153.4300712653931],[399.9892349703441,759.2695101370892],[767.591409757225,760.4999999999999],[229.42423975521146,130.5],[176.20900372032798,333.55495511469974],[717.3273088330072,599.5172007053811],[421.02614073705536,347.69004564369163],[336.201468542622,420.24145130865884],[262.9858643496495,312.7570948105513]]},"label":"1","name":"4463","value":2.927235854385004,"input_type":"classification","classes":{"0":"low","1":"high"},"image_width":900,"image_height":900,"image_path":"./4463.png"}