{"graph":{"node_indices":[0,1,2,3,4,5,6,7,8,9,10,11,12,13,14,15,16,17,18,19,20,21,22,23,24,25,26,27,28,29],"node_attributes":[[0.0,1.0,0.0],[0.0,1.0,0.0],[0.800000011920929,0.800000011920929,0.800000011920929],[1.0,0.0,0.0],[0.0,1.0,1.0],[1.0,1.0,0.0],[1.0,0.0,0.0],[0.0,1.0,0.0],[1.0,0.0,0.0],[1.0,1.0,0.0],[0.0,0.0,1.0],[0.0,1.0,1.0],[1.0,0.0,0.0],[0.800000011920929,0.800000011920929,0.800000011920929],[0.0,0.0,1.0],[0.800000011920929,0.800000011920929,0.800000011920929],[1.0,0.0,0.0],[1.0,0.0,0.0],[0.0,0.0,1.0],[0.800000011920929,0.800000011920929,0.800000011920929],[0.0,1.0,1.0],[1.0,0.0,1.0],[0.0,1.0,0.0],[1.0,0.0,1.0],[1.0,0.0,1.0],[1.0,0.0,0.0],[0.0,1.0,0.0],[0.800000011920929,0.800000011920929,0.800000011920929],[0.0,1.0,0.0],[0.800000011920929,0.800000011920929,0.800000011920929]],"node_adjacency":[[0,0,0,0,0,0,0,1,0,0,0,0,0,0,0,0,0,0,0,0,0,0,0,0,0,0,0,0,0,1],[0,0,0,0,0,0,0,0,0,0,0,0,0,0,0,0,1,1,1,0,0,0,0,0,0,0,1,0,0,0],[0,0,0,0,0,0,0,0,1,0,1,0,0,0,0,0,0,0,0,0,0,0,0,0,0,0,0,0,0,0],[0,0,0,0,0,1,0,0,0,0,0,0,0,0,0,0,0,0,0,0,0,0,0,0,0,0,0,0,0,0],[0,0,0,0,0,0,0,0,1,0,0,0,0,0,0,0,0,0,0,0,0,0,0,0,0,0,0,1,0,0],[0,0,0,1,0,0,1,0,1,0,0,1,0,0,0,0,0,0,0,0,0,0,0,0,0,0,0,0,0,1],[0,0,0,0,0,1,0,0,0,0,0,0,0,0,0,0,0,0,0,0,0,0,0,0,0,0,0,0,0,0],[1,0,0,0,0,0,0,0,0,0,0,0,0,0,0,0,0,0,0,0,0,0,0,0,0,0,0,0,0,0],[0,0,1,0,1,0,0,0,0,0,1,0,0,0,0,0,0,0,0,0,1,1,0,0,0,0,0,0,0,0],[0,0,0,0,0,0,0,0,0,0,0,0,0,0,0,0,0,0,0,0,0,1,0,1,1,0,0,0,0,0],[0,0,1,0,0,0,0,0,1,0,0,0,0,0,0,0,0,0,0,0,0,0,0,0,0,0,0,1,0,0],[0,0,0,0,0,1,0,0,0,0,0,0,1,0,0,0,0,0,0,0,0,0,0,0,0,0,0,0,0,0],[0,0,0,0,0,0,0,0,0,0,0,1,0,0,0,0,0,0,0,0,1,0,0,0,0,0,0,0,0,0],[0,0,0,0,0,0,0,0,0,0,0,0,0,0,0,0,0,0,0,0,0,0,1,0,0,0,0,0,0,0],[0,0,0,0,0,0,0,0,0,0,0,0,0,0,0,1,0,0,0,0,0,1,0,0,0,0,0,0,0,0],[0,0,0,0,0,0,0,0,0,0,0,0,0,0,1,0,0,0,0,1,0,0,0,0,0,0,0,0,0,0],[0,1,0,0,0,0,0,0,0,0,0,0,0,0,0,0,0,1,0,0,0,0,0,0,0,0,0,0,0,1],[0,1,0,0,0,0,0,0,0,0,0,0,0,0,0,0,1,0,0,0,0,0,0,0,0,0,0,0,0,0],[0,1,0,0,0,0,0,0,0,0,0,0,0,0,0,0,0,0,0,0,0,0,0,0,0,0,0,0,0,0],[0,0,0,0,0,0,0,0,0,0,0,0,0,0,0,1,0,0,0,0,0,1,0,0,0,0,0,0,0,0],[0,0,0,0,0,0,0,0,1,0,0,0,1,0,0,0,0,0,0,0,0,0,0,0,0,0,0,0,0,0],[0,0,0,0,0,0,0,0,1,1,0,0,0,0,1,0,0,0,0,1,0,0,0,0,0,0,0,0,0,0],[0,0,0,0,0,0,0,0,0,0,0,0,0,1,0,0,0,0,0,0,0,0,0,0,0,1,0,0,0,0],[0,0,0,0,0,0,0,0,0,1,0,0,0,0,0,0,0,0,0,0,0,0,0,0,0,0,0,0,0,0],[0,0,0,0,0,0,0,0,0,1,0,0,0,0,0,0,0,0,0,0,0,0,0,0,0,1,0,0,0,0],[0,0,0,0,0,0,0,0,0,0,0,0,0,0,0,0,0,0,0,0,0,0,1,0,1,0,0,0,0,0],[0,1,0,0,0,0,0,0,0,0,0,0,0,0,0,0,0,0,0,0,0,0,0,0,0,0,0,0,0,0],[0,0,0,0,1,0,0,0,0,0,1,0,0,0,0,0,0,0,0,0,0,0,0,0,0,0,0,0,0,0],[0,0,0,0,0,0,0,0,0,0,0,0,0,0,0,0,0,0,0,0,0,0,0,0,0,0,0,0,0,1],[1,0,0,0,0,1,0,0,0,0,0,0,0,0,0,0,1,0,0,0,0,0,0,0,0,0,0,0,1,0]],"edge_indices":[[5,6],[5,3],[5,8],[6,5],[3,5],[3,5],[17,16],[17,1],[16,17],[16,1],[1,16],[1,17],[2,8],[8,2],[21,8],[8,21],[9,21],[21,9],[20,8],[8,20],[4,8],[8,4],[24,9],[9,24],[11,5],[5,11],[23,9],[9,23],[18,1],[1,18],[10,8],[8,10],[12,11],[11,12],[19,21],[21,19],[25,24],[24,25],[27,10],[10,27],[22,25],[25,22],[29,5],[5,29],[0,29],[29,0],[15,19],[19,15],[28,29],[29,28],[13,22],[22,13],[26,1],[1,26],[14,21],[21,14],[7,0],[0,7],[29,16],[16,29],[20,12],[12,20],[2,10],[10,2],[14,15],[15,14],[4,27],[27,4]],"edge_attributes":[[1.0],[1.0],[1.0],[1.0],[1.0],[1.0],[1.0],[1.0],[1.0],[1.0],[1.0],[1.0],[1.0],[1.0],[1.0],[1.0],[1.0],[1.0],[1.0],[1.0],[1.0],[1.0],[1.0],[1.0],[1.0],[1.0],[1.0],[1.0],[1.0],[1.0],[1.0],[1.0],[1.0],[1.0],[1.0],[1.0],[1.0],[1.0],[1.0],[1.0],[1.0],[1.0],[1.0],[1.0],[1.0],[1.0],[1.0],[1.0],[1.0],[1.0],[1.0],[1.0],[1.0],[1.0],[1.0],[1.0],[1.0],[1.0],[1.0],[1.0],[1.0],[1.0],[1.0],[1.0],[1.0],[1.0],[1.0],[1.0]],"seed_graph_indices":[-1,1,-1,0,-1,0,0,-1,0,-1,-1,-1,-1,-1,-1,-1,1,1,-1,-1,-1,-1,-1,-1,-1,-1,-1,-1,-1,-1],"graph_labels":1,"node_importances":[0,1,0,1,0,1,1,0,1,0,0,0,0,0,0,0,1,1,0,0,0,0,0,0,0,0,0,0,0,0],"edge_importances":[1,1,1,1,1,1,1,1,1,1,1,1,0,0,0,0,0,0,0,0,0,0,0,0,0,0,0,0,0,0,0,0,0,0,0,0,0,0,0,0,0,0,0,0,0,0,0,0,0,0,0,0,0,0,0,0,0,0,0,0,0,0,0,0,0,0,0,0],"multi_node_importances":[[0,0],[0,1],[0,0],[0,1],[0,0],[0,1],[0,1],[0,0],[0,1],[0,0],[0,0],[0,0],[0,0],[0,0],[0,0],[0,0],[0,1],[0,1],[0,0],[0,0],[0,0],[0,0],[0,0],[0,0],[0,0],[0,0],[0,0],[0,0],[0,0],[0,0]],"multi_edge_importances":[[0,1],[0,1],[0,1],[0,1],[0,1],[0,1],[0,1],[0,1],[0,1],[0,1],[0,1],[0,1],[0,0],[0,0],[0,0],[0,0],[0,0],[0,0],[0,0],[0,0],[0,0],[0,0],[0,0],[0,0],[0,0],[0,0],[0,0],[0,0],[0,0],[0,0],[0,0],[0,0],[0,0],[0,0],[0,0],[0,0],[0,0],[0,0],[0,0],[0,0],[0,0],[0,0],[0,0],[0,0],[0,0],[0,0],[0,0],[0,0],[0,0],[0,0],[0,0],[0,0],[0,0],[0,0],[0,0],[0,0],[0,0],[0,0],[0,0],[0,0],[0,0],[0,0],[0,0],[0,0],[0,0],[0,0],[0,0],[0,0]],"original_value":2.5949193701385083,"class":1,"node_positions":[[0.1266330852012447,0.3630154064845956],[0.5908729549090816,0.25950981275723245],[-0.053470484514675225,-0.22339328316568532],[0.02489881477751469,0.12906749799119344],[0.09068884642450764,-0.31638074556508006],[0.13009282059534893,0.018145712396901992],[0.26304804920079305,0.016382232969860255],[0.09901070790550258,0.5346926593293423],[0.010163010774775686,-0.13178458116700562],[-0.34993889939313017,-0.025557587069736713],[0.005062399496778249,-0.32312456481111546],[0.28657408970090903,-0.09268946747642332],[0.31593398390926536,-0.2474087368768056],[-0.9999999999999999,0.03377767315823092],[-0.2524514953463023,-0.3145900188182576],[-0.36855635170549966,-0.42292773979205084],[0.41718055345542987,0.22826518117936004],[0.4967127794550391,0.36450344173321386],[0.7452238728884774,0.19117072003161917],[-0.32155127206670525,-0.25100766107922784],[0.15401966267008602,-0.21362571023291566],[-0.19650978363231267,-0.13228570489914127],[-0.8462826918258783,0.014544354258399277],[-0.4006048244443122,0.13527455932701424],[-0.5276858967682395,-0.031206176372711947],[-0.690255959747865,-0.008605919247020137],[0.6988697948257646,0.3983302428311075],[0.08226432993023935,-0.4789228259544547],[0.24399609843104147,0.3336792360587612],[0.2260618048931208,0.19315199202079966]],"node_coordinates":[[553.5433175771082,653.7961553345762],[722.2152487787382,589.4635509150794],[488.106419752262,289.32118445719254],[516.5802797566844,508.38876516474545],[540.4837236782466,231.52599272803644],[554.8003406990935,439.44671964652997],[603.1068663457336,438.35065111248895],[543.5072995035528,760.5],[511.2263309015054,346.25942494096864],[380.390768123061,412.283481649753],[509.37312954870026,227.33445640416826],[611.654565377227,370.55850282864594],[622.3218741956523,274.39468021799416],[144.20454545454544,449.1625689233195],[415.81079509911643,232.6389964921633],[373.62650283589835,165.30304394958745],[659.1077160141052,570.0438417848974],[688.0041013257784,654.7210249919956],[778.2954545454545,546.9882444086066],[390.7048239287237,272.15781398968153],[563.4936626725857,295.3920969846605],[436.13605616611994,345.9479577664541],[200.05454223565448,437.20834063575404],[361.9823547528819,512.2466863373608],[315.8100819975482,408.7726717691423],[256.7436203091088,422.8195783090511],[761.4536613775617,675.7456492218695],[537.4228502822962,130.5],[596.1847350528853,635.562626312374],[589.6686813419412,548.2196791797854]]},"label":"1","name":"4469","value":2.5949193701385083,"input_type":"classification","classes":{"0":"low","1":"high"},"image_width":900,"image_height":900,"image_path":"./4469.png"}