{"graph":{"node_indices":[0,1,2,3,4,5,6,7,8,9,10,11,12,13,14,15,16,17,18,19,20,21,22,23,24,25,26,27],"node_attributes":[[0.0,0.0,1.0],[0.800000011920929,0.800000011920929,0.800000011920929],[1.0,1.0,0.0],[0.0,1.0,0.0],[1.0,0.0,1.0],[1.0,0.0,0.0],[0.800000011920929,0.800000011920929,0.800000011920929],[0.0,0.0,1.0],[0.0,1.0,0.0],[0.0,1.0,0.0],[0.0,1.0,1.0],[0.800000011920929,0.800000011920929,0.800000011920929],[0.0,1.0,0.0],[0.0,0.0,1.0],[1.0,0.0,1.0],[0.0,1.0,0.0],[1.0,0.0,1.0],[0.0,0.0,1.0],[1.0,0.0,1.0],[0.0,1.0,1.0],[0.0,0.0,1.0],[0.0,1.0,0.0],[0.0,0.0,1.0],[0.0,1.0,0.0],[0.0,1.0,1.0],[1.0,1.0,0.0],[0.0,1.0,0.0],[0.0,1.0,0.0]],"node_adjacency":[[0,0,0,0,0,0,0,0,0,0,0,0,0,1,0,0,0,0,0,0,0,0,0,0,0,0,0,0],[0,0,0,0,0,0,0,0,0,0,0,0,0,0,0,1,0,1,0,0,0,0,0,0,0,0,0,0],[0,0,0,0,1,0,0,0,0,0,1,0,0,0,0,0,1,0,0,0,0,0,0,0,0,0,1,0],[0,0,0,0,0,0,0,0,0,0,0,0,1,0,0,0,0,0,0,0,0,0,1,0,0,0,0,0],[0,0,1,0,0,0,0,0,0,0,1,0,0,0,0,0,0,0,0,0,0,0,0,0,0,0,0,0],[0,0,0,0,0,0,0,0,1,0,0,0,0,0,0,0,0,0,0,1,0,0,0,0,0,0,0,0],[0,0,0,0,0,0,0,1,0,0,0,0,0,0,0,0,0,0,0,0,0,0,0,0,0,0,0,0],[0,0,0,0,0,0,1,0,0,1,0,0,0,1,0,1,0,0,0,0,0,0,0,0,0,0,0,0],[0,0,0,0,0,1,0,0,0,0,0,0,0,1,0,0,0,0,0,0,0,0,0,0,0,0,0,0],[0,0,0,0,0,0,0,1,0,0,0,0,1,0,0,0,0,0,0,0,1,0,0,0,0,0,0,0],[0,0,1,0,1,0,0,0,0,0,0,0,0,0,0,1,0,0,0,0,0,0,0,0,0,0,0,0],[0,0,0,0,0,0,0,0,0,0,0,0,0,0,0,1,0,0,0,0,0,0,0,0,0,0,0,0],[0,0,0,1,0,0,0,0,0,1,0,0,0,0,0,0,0,0,0,0,0,0,0,0,0,0,0,0],[1,0,0,0,0,0,0,1,1,0,0,0,0,0,0,1,0,0,1,0,0,0,0,0,1,0,0,0],[0,0,0,0,0,0,0,0,0,0,0,0,0,0,0,0,0,0,0,0,0,0,0,0,1,0,1,0],[0,1,0,0,0,0,0,1,0,0,1,1,0,1,0,0,0,0,0,0,0,0,0,0,0,0,0,1],[0,0,1,0,0,0,0,0,0,0,0,0,0,0,0,0,0,0,0,0,0,0,0,0,0,0,0,0],[0,1,0,0,0,0,0,0,0,0,0,0,0,0,0,0,0,0,0,0,0,0,0,0,0,0,0,0],[0,0,0,0,0,0,0,0,0,0,0,0,0,1,0,0,0,0,0,0,0,0,0,0,0,1,0,0],[0,0,0,0,0,1,0,0,0,0,0,0,0,0,0,0,0,0,0,0,0,0,0,0,0,0,0,0],[0,0,0,0,0,0,0,0,0,1,0,0,0,0,0,0,0,0,0,0,0,1,0,1,0,0,0,0],[0,0,0,0,0,0,0,0,0,0,0,0,0,0,0,0,0,0,0,0,1,0,0,0,0,0,0,0],[0,0,0,1,0,0,0,0,0,0,0,0,0,0,0,0,0,0,0,0,0,0,0,0,0,0,0,0],[0,0,0,0,0,0,0,0,0,0,0,0,0,0,0,0,0,0,0,0,1,0,0,0,0,0,0,0],[0,0,0,0,0,0,0,0,0,0,0,0,0,1,1,0,0,0,0,0,0,0,0,0,0,0,0,0],[0,0,0,0,0,0,0,0,0,0,0,0,0,0,0,0,0,0,1,0,0,0,0,0,0,0,0,0],[0,0,1,0,0,0,0,0,0,0,0,0,0,0,1,0,0,0,0,0,0,0,0,0,0,0,0,0],[0,0,0,0,0,0,0,0,0,0,0,0,0,0,0,1,0,0,0,0,0,0,0,0,0,0,0,0]],"edge_indices":[[7,13],[7,15],[13,7],[13,15],[15,13],[15,7],[24,13],[13,24],[8,13],[13,8],[9,7],[7,9],[12,9],[9,12],[14,24],[24,14],[20,9],[9,20],[5,8],[8,5],[27,15],[15,27],[11,15],[15,11],[1,15],[15,1],[3,12],[12,3],[10,15],[15,10],[19,5],[5,19],[2,10],[10,2],[18,13],[13,18],[22,3],[3,22],[17,1],[1,17],[25,18],[18,25],[23,20],[20,23],[16,2],[2,16],[6,7],[7,6],[0,13],[13,0],[21,20],[20,21],[4,2],[2,4],[26,14],[14,26],[4,10],[10,4],[26,2],[2,26]],"edge_attributes":[[1.0],[1.0],[1.0],[1.0],[1.0],[1.0],[1.0],[1.0],[1.0],[1.0],[1.0],[1.0],[1.0],[1.0],[1.0],[1.0],[1.0],[1.0],[1.0],[1.0],[1.0],[1.0],[1.0],[1.0],[1.0],[1.0],[1.0],[1.0],[1.0],[1.0],[1.0],[1.0],[1.0],[1.0],[1.0],[1.0],[1.0],[1.0],[1.0],[1.0],[1.0],[1.0],[1.0],[1.0],[1.0],[1.0],[1.0],[1.0],[1.0],[1.0],[1.0],[1.0],[1.0],[1.0],[1.0],[1.0],[1.0],[1.0],[1.0],[1.0]],"seed_graph_indices":[-1,-1,-1,-1,-1,-1,-1,0,-1,-1,-1,-1,-1,0,-1,0,-1,-1,-1,-1,-1,-1,-1,-1,-1,-1,-1,-1],"graph_labels":0,"node_importances":[0,0,0,0,0,0,0,1,0,0,0,0,0,1,0,1,0,0,0,0,0,0,0,0,0,0,0,0],"edge_importances":[1,1,1,1,1,1,0,0,0,0,0,0,0,0,0,0,0,0,0,0,0,0,0,0,0,0,0,0,0,0,0,0,0,0,0,0,0,0,0,0,0,0,0,0,0,0,0,0,0,0,0,0,0,0,0,0,0,0,0,0],"multi_node_importances":[[0,0],[0,0],[0,0],[0,0],[0,0],[0,0],[0,0],[1,0],[0,0],[0,0],[0,0],[0,0],[0,0],[1,0],[0,0],[1,0],[0,0],[0,0],[0,0],[0,0],[0,0],[0,0],[0,0],[0,0],[0,0],[0,0],[0,0],[0,0]],"multi_edge_importances":[[1,0],[1,0],[1,0],[1,0],[1,0],[1,0],[0,0],[0,0],[0,0],[0,0],[0,0],[0,0],[0,0],[0,0],[0,0],[0,0],[0,0],[0,0],[0,0],[0,0],[0,0],[0,0],[0,0],[0,0],[0,0],[0,0],[0,0],[0,0],[0,0],[0,0],[0,0],[0,0],[0,0],[0,0],[0,0],[0,0],[0,0],[0,0],[0,0],[0,0],[0,0],[0,0],[0,0],[0,0],[0,0],[0,0],[0,0],[0,0],[0,0],[0,0],[0,0],[0,0],[0,0],[0,0],[0,0],[0,0],[0,0],[0,0],[0,0],[0,0]],"original_value":-1.187378300776214,"class":0,"node_positions":[[0.18633300777983822,-0.32400191967246367],[0.2498178699388036,-0.03690789940357103],[-0.36621584061988866,-0.6464528448001835],[0.7510747281018206,0.6503261626504948],[-0.5193383221690279,-0.471862945951701],[-0.6697537700574415,-0.033904457754888435],[-0.10381940969312552,0.3809787993402659],[0.06467487304878768,0.16209057094906845],[-0.3413495415071322,-0.12355592748371641],[0.21091493840263895,0.4476155199104923],[-0.2730221166066727,-0.34733128089469745],[-0.3564072407482394,0.06439822032997251],[0.4958130333221668,0.534261906924642],[0.024811141494366497,-0.15780149833054732],[0.03621696787278248,-0.7599246866102596],[-0.08879713152828467,-0.043081746686867844],[-0.5879960669666592,-0.8361700048057036],[0.5677078106793395,-0.08393220899242565],[0.3433295807519469,-0.2678298894833256],[-0.9487519962959605,0.0395885250039058],[0.09389187753713056,0.7414703912441201],[0.1940615187297269,0.9999999999999999],[0.9868195446706788,0.7748994272786773],[-0.11028665787061946,0.9557687489214017],[0.029523011502154944,-0.4669812632806015],[0.5854658534796376,-0.4495349036128734],[-0.2023621899096253,-0.8818075659368358],[-0.25235547333914293,0.1796827711476213]],"node_coordinates":[[516.0570277298501,317.24468288238893],[536.8545922258571,413.3593101393788],[335.0426894926067,209.2931120057299],[701.0657361456047,643.4346201398032],[284.879948683109,267.7431035274645],[235.60402884537032,414.3648158419388],[421.00344470471737,553.2612985116873],[476.20196909874903,479.9809130022355],[343.18885917758763,384.35089361549507],[524.1100386395048,575.5702395103078],[365.5728414040136,309.4343744129943],[338.25597501467894,447.2750285089981],[617.4423119150113,604.5781066307372],[463.1426585818795,372.88600739437777],[466.87919358673446,171.30449848628174],[425.92472496563886,411.29240178015954],[262.3877540556142,145.77874796182982],[640.9949545161373,397.6163002922323],[567.4889162305074,336.0502077722516],[144.20454545454544,438.96912713079803],[485.77342463258805,673.9482948924061],[518.5888786226808,760.5000000000001],[778.2954545454545,685.1398179168586],[418.88478197932125,745.6920628421727],[464.68626152990834,269.37741520654504],[646.8124679815878,275.21818595782895],[388.7209484139213,130.50000000000006],[372.3432088846291,485.87050890231933]]},"label":"0","name":"4482","value":-1.187378300776214,"input_type":"classification","classes":{"0":"low","1":"high"},"image_width":900,"image_height":900,"image_path":"./4482.png"}