{"graph":{"node_indices":[0,1,2,3,4,5,6,7,8,9,10,11,12,13,14,15,16,17,18,19,20,21,22,23,24,25,26,27,28,29,30],"node_attributes":[[0.0,1.0,0.0],[1.0,0.0,1.0],[0.0,1.0,1.0],[0.0,1.0,1.0],[0.800000011920929,0.800000011920929,0.800000011920929],[1.0,0.0,1.0],[1.0,0.0,1.0],[1.0,0.0,1.0],[0.0,1.0,0.0],[0.0,1.0,0.0],[0.0,1.0,0.0],[1.0,1.0,0.0],[0.800000011920929,0.800000011920929,0.800000011920929],[0.0,1.0,0.0],[1.0,0.0,0.0],[0.0,1.0,1.0],[1.0,0.0,0.0],[1.0,0.0,1.0],[0.0,1.0,0.0],[1.0,0.0,0.0],[0.800000011920929,0.800000011920929,0.800000011920929],[1.0,1.0,0.0],[0.800000011920929,0.800000011920929,0.800000011920929],[1.0,0.0,0.0],[0.0,1.0,0.0],[0.800000011920929,0.800000011920929,0.800000011920929],[0.0,1.0,0.0],[0.0,1.0,1.0],[0.800000011920929,0.800000011920929,0.800000011920929],[0.0,1.0,0.0],[0.0,0.0,1.0]],"node_adjacency":[[0,0,0,0,0,0,0,0,0,0,0,0,0,0,0,0,0,0,0,0,0,0,0,0,0,1,0,0,0,0,1],[0,0,0,0,0,0,0,0,0,0,0,0,0,0,0,0,0,0,0,0,0,0,0,0,0,0,0,1,0,0,0],[0,0,0,0,0,0,0,0,1,0,0,0,0,0,0,0,0,0,0,0,0,0,0,0,1,0,0,0,0,0,0],[0,0,0,0,0,0,0,0,0,0,0,0,0,0,0,0,0,0,0,0,0,0,0,1,0,0,0,0,0,0,0],[0,0,0,0,0,0,0,0,0,0,0,0,0,0,0,0,0,0,0,1,0,0,0,0,0,0,0,0,0,0,0],[0,0,0,0,0,0,0,0,1,0,0,0,0,0,0,0,0,0,0,0,0,0,0,0,0,0,0,0,0,0,1],[0,0,0,0,0,0,0,0,0,0,0,1,0,0,0,0,0,0,0,0,0,0,0,0,0,0,0,0,0,0,0],[0,0,0,0,0,0,0,0,0,0,0,0,0,0,0,1,0,0,0,0,0,0,0,1,0,0,0,0,0,0,0],[0,0,1,0,0,1,0,0,0,0,0,0,0,0,0,0,0,0,0,0,0,0,0,0,0,0,0,0,0,0,0],[0,0,0,0,0,0,0,0,0,0,1,0,0,0,1,0,0,0,0,1,0,0,0,0,0,0,0,0,0,0,0],[0,0,0,0,0,0,0,0,0,1,0,0,0,0,0,0,0,0,0,0,0,0,0,0,0,0,0,0,1,0,0],[0,0,0,0,0,0,1,0,0,0,0,0,0,0,0,0,0,0,0,0,0,0,0,0,0,1,0,0,0,0,0],[0,0,0,0,0,0,0,0,0,0,0,0,0,0,0,0,1,0,0,0,0,0,1,0,0,0,0,0,0,0,0],[0,0,0,0,0,0,0,0,0,0,0,0,0,0,0,1,0,0,0,0,0,0,0,0,1,0,0,0,0,0,0],[0,0,0,0,0,0,0,0,0,1,0,0,0,0,0,0,0,0,0,1,0,0,0,0,0,0,1,0,0,0,1],[0,0,0,0,0,0,0,1,0,0,0,0,0,1,0,0,0,0,0,0,0,0,0,0,0,0,0,0,0,0,0],[0,0,0,0,0,0,0,0,0,0,0,0,1,0,0,0,0,0,1,0,0,0,0,1,1,0,0,0,0,0,0],[0,0,0,0,0,0,0,0,0,0,0,0,0,0,0,0,0,0,0,0,0,0,0,1,0,0,0,0,0,0,0],[0,0,0,0,0,0,0,0,0,0,0,0,0,0,0,0,1,0,0,0,0,0,0,0,0,0,0,0,0,0,0],[0,0,0,0,1,0,0,0,0,1,0,0,0,0,1,0,0,0,0,0,0,0,0,0,0,0,0,1,0,0,0],[0,0,0,0,0,0,0,0,0,0,0,0,0,0,0,0,0,0,0,0,0,1,0,1,0,0,0,0,0,1,0],[0,0,0,0,0,0,0,0,0,0,0,0,0,0,0,0,0,0,0,0,1,0,0,0,0,0,0,1,0,0,0],[0,0,0,0,0,0,0,0,0,0,0,0,1,0,0,0,0,0,0,0,0,0,0,0,0,0,0,1,0,0,0],[0,0,0,1,0,0,0,1,0,0,0,0,0,0,0,0,1,1,0,0,1,0,0,0,1,0,0,0,0,0,0],[0,0,1,0,0,0,0,0,0,0,0,0,0,1,0,0,1,0,0,0,0,0,0,1,0,1,0,0,0,0,0],[1,0,0,0,0,0,0,0,0,0,0,1,0,0,0,0,0,0,0,0,0,0,0,0,1,0,0,0,0,0,0],[0,0,0,0,0,0,0,0,0,0,0,0,0,0,1,0,0,0,0,0,0,0,0,0,0,0,0,0,0,0,0],[0,1,0,0,0,0,0,0,0,0,0,0,0,0,0,0,0,0,0,1,0,1,1,0,0,0,0,0,0,0,0],[0,0,0,0,0,0,0,0,0,0,1,0,0,0,0,0,0,0,0,0,0,0,0,0,0,0,0,0,0,0,0],[0,0,0,0,0,0,0,0,0,0,0,0,0,0,0,0,0,0,0,0,1,0,0,0,0,0,0,0,0,0,0],[1,0,0,0,0,1,0,0,0,0,0,0,0,0,1,0,0,0,0,0,0,0,0,0,0,0,0,0,0,0,0]],"edge_indices":[[16,23],[16,24],[23,16],[23,24],[24,23],[24,16],[14,19],[14,9],[19,14],[19,9],[9,19],[9,14],[2,24],[24,2],[12,16],[16,12],[25,24],[24,25],[13,24],[24,13],[0,25],[25,0],[26,14],[14,26],[10,9],[9,10],[20,23],[23,20],[22,12],[12,22],[15,13],[13,15],[27,22],[22,27],[11,25],[25,11],[30,14],[14,30],[17,23],[23,17],[8,2],[2,8],[3,23],[23,3],[29,20],[20,29],[6,11],[11,6],[4,19],[19,4],[18,16],[16,18],[28,10],[10,28],[5,8],[8,5],[21,20],[20,21],[7,15],[15,7],[1,27],[27,1],[5,30],[30,5],[27,21],[21,27],[7,23],[23,7],[19,27],[27,19],[0,30],[30,0]],"edge_attributes":[[1.0],[1.0],[1.0],[1.0],[1.0],[1.0],[1.0],[1.0],[1.0],[1.0],[1.0],[1.0],[1.0],[1.0],[1.0],[1.0],[1.0],[1.0],[1.0],[1.0],[1.0],[1.0],[1.0],[1.0],[1.0],[1.0],[1.0],[1.0],[1.0],[1.0],[1.0],[1.0],[1.0],[1.0],[1.0],[1.0],[1.0],[1.0],[1.0],[1.0],[1.0],[1.0],[1.0],[1.0],[1.0],[1.0],[1.0],[1.0],[1.0],[1.0],[1.0],[1.0],[1.0],[1.0],[1.0],[1.0],[1.0],[1.0],[1.0],[1.0],[1.0],[1.0],[1.0],[1.0],[1.0],[1.0],[1.0],[1.0],[1.0],[1.0],[1.0],[1.0]],"seed_graph_indices":[-1,-1,-1,-1,-1,-1,-1,-1,-1,1,-1,-1,-1,-1,1,-1,0,-1,-1,1,-1,-1,-1,0,0,-1,-1,-1,-1,-1,-1],"graph_labels":1,"node_importances":[0,0,0,0,0,0,0,0,0,1,0,0,0,0,1,0,1,0,0,1,0,0,0,1,1,0,0,0,0,0,0],"edge_importances":[1,1,1,1,1,1,1,1,1,1,1,1,0,0,0,0,0,0,0,0,0,0,0,0,0,0,0,0,0,0,0,0,0,0,0,0,0,0,0,0,0,0,0,0,0,0,0,0,0,0,0,0,0,0,0,0,0,0,0,0,0,0,0,0,0,0,0,0,0,0,0,0],"multi_node_importances":[[0,0],[0,0],[0,0],[0,0],[0,0],[0,0],[0,0],[0,0],[0,0],[0,1],[0,0],[0,0],[0,0],[0,0],[0,1],[0,0],[0,1],[0,0],[0,0],[0,1],[0,0],[0,0],[0,0],[0,1],[0,1],[0,0],[0,0],[0,0],[0,0],[0,0],[0,0]],"multi_edge_importances":[[0,1],[0,1],[0,1],[0,1],[0,1],[0,1],[0,1],[0,1],[0,1],[0,1],[0,1],[0,1],[0,0],[0,0],[0,0],[0,0],[0,0],[0,0],[0,0],[0,0],[0,0],[0,0],[0,0],[0,0],[0,0],[0,0],[0,0],[0,0],[0,0],[0,0],[0,0],[0,0],[0,0],[0,0],[0,0],[0,0],[0,0],[0,0],[0,0],[0,0],[0,0],[0,0],[0,0],[0,0],[0,0],[0,0],[0,0],[0,0],[0,0],[0,0],[0,0],[0,0],[0,0],[0,0],[0,0],[0,0],[0,0],[0,0],[0,0],[0,0],[0,0],[0,0],[0,0],[0,0],[0,0],[0,0],[0,0],[0,0],[0,0],[0,0],[0,0],[0,0]],"original_value":2.1548496493399125,"class":1,"node_positions":[[-0.0651994435371526,-0.3106309195845478],[0.559999454532714,0.37646078802407157],[-0.26158602790429153,-0.16612410179084744],[-0.43058371553504027,0.49756898008155204],[0.7053261102753312,0.04464310805405035],[0.033622845735155844,-0.5423369963784845],[-0.6678634570581806,-0.5523522512245106],[-0.5470443186953937,0.3513659550752977],[-0.18399204017799467,-0.4282283405820174],[0.5918317548473792,-0.22354206906990923],[0.8029787090440947,-0.3140806410166903],[-0.5111718887427286,-0.39356653719730117],[-0.007166248897761625,0.17782772703981728],[-0.6013407349052661,0.024406097216498474],[0.3973018084189643,-0.2844191259817347],[-0.7313449023489917,0.2124678590828616],[-0.2374743666505377,0.16030695484456992],[-0.3019725781252153,0.530737912808136],[-0.47892126891849696,0.21622413972666657],[0.48538708354522825,-0.0421432989302608],[-0.04618467566066111,0.4205393568107914],[0.21100882579946664,0.3816871315393637],[0.21699248387945355,0.18269321290015883],[-0.29317522564245585,0.30538617741606644],[-0.3527300556947572,0.022840154212072285],[-0.33365680828697386,-0.22626706984192727],[0.4881259570838008,-0.5079857601351035],[0.3987604668928614,0.20337814205411178],[1.0,-0.3998911952409441],[-0.009971245619640409,0.6603842474856999],[0.17004350234709048,-0.3773496373975074]],"node_coordinates":[[388.1748710619363,256.07092088441027],[617.1488537166334,613.005651762718],[316.24989086551994,331.1402333911707],[254.35587007355966,675.9196986948905],[670.3735526948401,440.6309119874738],[424.36772619906475,135.7027877116809],[167.45410555100125,130.5],[211.70312674608448,599.9692297744775],[344.6680541965826,194.9806714302218],[628.8071733371755,301.31238585439695],[706.1380182524333,254.27883785189562],[224.8411108006333,212.98700351934062],[409.4290539208312,509.81849729579966],[191.81750842232637,430.11806204750985],[557.5621715995983,269.6875886332039],[144.2045454545455,527.8135714197564],[325.08058958034076,500.7166961256813],[301.45864718559994,693.1505049252398],[236.65263651994383,529.7649077637304],[589.8226831282693,395.54656228886626],[395.1388742669584,635.9038644949705],[489.3338904834634,615.720665632702],[491.5253563124154,512.3460505567721],[304.68060557518356,576.0833650741708],[282.86913619240295,429.30457610572637],[289.85455704743214,299.89678527818177],[590.8257731593789,153.5477844247726],[558.0963933346851,523.0915879268848],[778.2954545454545,209.70143029569908],[408.40174681468505,760.5],[474.33067584155236,221.41146083940632]]},"label":"1","name":"4485","value":2.1548496493399125,"input_type":"classification","classes":{"0":"low","1":"high"},"image_width":900,"image_height":900,"image_path":"./4485.png"}