{"graph":{"node_indices":[0,1,2,3,4,5,6,7,8,9,10,11],"node_attributes":[[1.0,0.0,0.0],[1.0,0.0,0.0],[0.0,1.0,0.0],[1.0,0.0,0.0],[1.0,0.0,0.0],[1.0,0.0,0.0],[0.800000011920929,0.800000011920929,0.800000011920929],[1.0,0.0,1.0],[1.0,1.0,0.0],[0.800000011920929,0.800000011920929,0.800000011920929],[0.0,0.0,1.0],[0.0,1.0,0.0]],"node_adjacency":[[0,0,0,0,0,0,0,0,0,1,0,0],[0,0,0,0,0,0,1,0,1,0,1,0],[0,0,0,1,0,1,1,0,0,0,0,0],[0,0,1,0,0,1,0,0,0,0,0,1],[0,0,0,0,0,0,0,0,1,0,0,0],[0,0,1,1,0,0,0,0,0,0,0,0],[0,1,1,0,0,0,0,0,0,0,1,0],[0,0,0,0,0,0,0,0,1,0,0,0],[1,1,0,0,1,0,0,1,0,0,0,0],[1,0,0,0,0,0,0,0,0,0,0,0],[0,1,0,0,0,0,1,0,0,0,0,0],[0,0,0,1,0,0,0,0,0,0,0,0]],"edge_indices":[[3,5],[3,2],[5,3],[5,2],[2,5],[2,3],[8,4],[8,1],[8,0],[4,8],[1,8],[1,8],[6,2],[2,6],[10,1],[1,10],[9,0],[0,9],[7,8],[8,7],[11,3],[3,11],[6,10],[10,6],[1,6],[6,1]],"edge_attributes":[[1.0],[1.0],[1.0],[1.0],[1.0],[1.0],[1.0],[1.0],[1.0],[1.0],[1.0],[1.0],[1.0],[1.0],[1.0],[1.0],[1.0],[1.0],[1.0],[1.0],[1.0],[1.0],[1.0],[1.0],[1.0],[1.0]],"seed_graph_indices":[1,1,0,0,1,0,-1,-1,1,-1,-1,-1],"graph_labels":1,"node_importances":[1,1,1,1,1,1,0,0,1,0,0,0],"edge_importances":[1,1,1,1,1,1,1,1,1,1,1,1,0,0,0,0,0,0,0,0,0,0,0,0,0,0],"multi_node_importances":[[0,1],[0,1],[0,1],[0,1],[0,1],[0,1],[0,0],[0,0],[0,1],[0,0],[0,0],[0,0]],"multi_edge_importances":[[0,1],[0,1],[0,1],[0,1],[0,1],[0,1],[0,1],[0,1],[0,1],[0,1],[0,1],[0,1],[0,0],[0,0],[0,0],[0,0],[0,0],[0,0],[0,0],[0,0],[0,0],[0,0],[0,0],[0,0],[0,0],[0,0]],"original_value":2.7567277424658005,"class":1,"node_positions":[[0.5650462534155901,-0.30054916426832273],[0.11045397557666403,-0.03134023202281193],[-0.44170109010721686,0.14342336056281496],[-0.7254332024484029,0.1342791174067174],[0.7026978051540161,0.07841834511146654],[-0.600979356631864,0.377501850336296],[-0.17340151151995664,0.028635344688242775],[0.49331082807684107,0.291270909828533],[0.41995064188407,-0.017867780713618702],[0.7382202862067306,-0.5331126573447722],[-0.08816462960647149,-0.2329732395562862],[-0.9999999999999999,0.062314145971741036]],"node_coordinates":[[715.1227480968926,291.39684427636894],[549.2905845857659,477.6464876590249],[347.8681812592623,598.555019645105],[244.3646411841874,592.2286618507273],[765.3370956523853,553.5819169887031],[289.7645556023324,760.5],[445.7420382410869,519.1400208821943],[688.9541540308694,700.8419426533917],[662.1928582830415,486.96727516372437],[778.2954545454545,130.5],[476.83587161162217,338.1486060915822],[144.2045454545455,542.4403797383649]]},"label":"1","name":"4513","value":2.7567277424658005,"input_type":"classification","classes":{"0":"low","1":"high"},"image_width":900,"image_height":900,"image_path":"./4513.png"}