{"graph":{"node_indices":[0,1,2,3,4,5,6,7,8,9,10,11,12,13,14,15,16,17,18,19,20,21,22,23,24,25],"node_attributes":[[0.0,1.0,0.0],[0.0,1.0,0.0],[0.0,1.0,1.0],[0.0,1.0,1.0],[0.0,1.0,0.0],[1.0,0.0,0.0],[0.0,0.0,1.0],[1.0,1.0,0.0],[0.0,0.0,1.0],[1.0,1.0,0.0],[0.0,1.0,1.0],[1.0,0.0,0.0],[0.800000011920929,0.800000011920929,0.800000011920929],[1.0,0.0,1.0],[0.0,0.0,1.0],[0.0,0.0,1.0],[1.0,1.0,0.0],[0.0,0.0,1.0],[0.800000011920929,0.800000011920929,0.800000011920929],[0.800000011920929,0.800000011920929,0.800000011920929],[1.0,0.0,0.0],[0.0,1.0,0.0],[0.0,0.0,1.0],[1.0,0.0,1.0],[1.0,0.0,1.0],[1.0,0.0,0.0]],"node_adjacency":[[0,0,0,0,0,0,1,0,0,0,0,0,0,0,0,0,1,0,0,0,0,0,0,0,0,0],[0,0,0,1,0,0,0,0,1,0,0,0,0,0,0,0,0,0,0,0,0,0,0,0,1,0],[0,0,0,0,0,0,0,0,0,0,0,0,1,0,0,0,0,0,0,0,0,0,0,0,0,0],[0,1,0,0,0,1,0,0,0,0,0,0,0,0,0,0,0,0,0,0,0,0,0,1,0,0],[0,0,0,0,0,0,0,1,0,0,0,1,1,0,0,0,0,0,0,0,0,0,0,0,0,1],[0,0,0,1,0,0,0,0,0,0,0,0,0,0,0,0,0,0,0,0,0,0,1,0,0,0],[1,0,0,0,0,0,0,0,0,0,0,0,0,0,0,0,0,0,0,0,0,0,0,0,0,0],[0,0,0,0,1,0,0,0,0,0,1,0,0,0,0,0,0,0,0,0,0,0,0,0,0,0],[0,1,0,0,0,0,0,0,0,1,0,0,0,0,0,0,0,0,0,0,0,1,0,0,0,0],[0,0,0,0,0,0,1,0,1,0,1,0,1,0,0,0,0,0,0,0,0,1,1,0,0,0],[0,0,0,0,0,0,0,1,0,1,0,0,0,0,0,1,0,0,0,0,0,0,0,0,0,0],[0,0,0,0,1,0,0,0,0,0,0,0,0,0,0,0,0,0,0,0,0,0,0,1,0,1],[0,0,1,0,1,0,0,0,0,1,0,0,0,0,1,0,0,0,0,0,0,0,0,0,0,0],[0,0,0,0,0,0,0,0,0,0,0,0,0,0,0,0,0,0,0,0,0,0,0,1,0,0],[0,0,0,0,0,0,0,0,0,0,0,0,1,0,0,0,0,0,0,0,0,0,0,0,0,0],[0,0,0,0,0,0,0,0,0,0,1,0,0,0,0,0,0,0,0,0,0,0,0,0,0,0],[1,0,0,0,0,0,0,0,0,0,0,0,0,0,0,0,0,0,0,1,0,0,0,0,0,0],[0,0,0,0,0,0,0,0,0,0,0,0,0,0,0,0,0,0,0,0,1,0,0,0,0,1],[0,0,0,0,0,0,0,0,0,0,0,0,0,0,0,0,0,0,0,0,0,0,1,0,0,0],[0,0,0,0,0,0,0,0,0,0,0,0,0,0,0,0,1,0,0,0,0,0,0,0,0,0],[0,0,0,0,0,0,0,0,0,0,0,0,0,0,0,0,0,1,0,0,0,0,0,1,0,0],[0,0,0,0,0,0,0,0,1,1,0,0,0,0,0,0,0,0,0,0,0,0,0,0,0,0],[0,0,0,0,0,1,0,0,0,1,0,0,0,0,0,0,0,0,1,0,0,0,0,0,0,0],[0,0,0,1,0,0,0,0,0,0,0,1,0,1,0,0,0,0,0,0,1,0,0,0,0,0],[0,1,0,0,0,0,0,0,0,0,0,0,0,0,0,0,0,0,0,0,0,0,0,0,0,0],[0,0,0,0,1,0,0,0,0,0,0,1,0,0,0,0,0,1,0,0,0,0,0,0,0,0]],"edge_indices":[[9,8],[9,22],[9,6],[8,9],[22,9],[22,9],[25,11],[25,4],[11,25],[11,4],[4,11],[4,25],[12,9],[9,12],[1,8],[8,1],[23,11],[11,23],[0,6],[6,0],[21,9],[9,21],[10,9],[9,10],[14,12],[12,14],[24,1],[1,24],[17,25],[25,17],[16,0],[0,16],[20,23],[23,20],[19,16],[16,19],[18,22],[22,18],[2,12],[12,2],[13,23],[23,13],[7,4],[4,7],[15,10],[10,15],[3,1],[1,3],[5,3],[3,5],[3,23],[23,3],[5,22],[22,5],[10,7],[7,10],[4,12],[12,4],[20,17],[17,20],[21,8],[8,21]],"edge_attributes":[[1.0],[1.0],[1.0],[1.0],[1.0],[1.0],[1.0],[1.0],[1.0],[1.0],[1.0],[1.0],[1.0],[1.0],[1.0],[1.0],[1.0],[1.0],[1.0],[1.0],[1.0],[1.0],[1.0],[1.0],[1.0],[1.0],[1.0],[1.0],[1.0],[1.0],[1.0],[1.0],[1.0],[1.0],[1.0],[1.0],[1.0],[1.0],[1.0],[1.0],[1.0],[1.0],[1.0],[1.0],[1.0],[1.0],[1.0],[1.0],[1.0],[1.0],[1.0],[1.0],[1.0],[1.0],[1.0],[1.0],[1.0],[1.0],[1.0],[1.0],[1.0],[1.0]],"seed_graph_indices":[-1,-1,-1,-1,1,-1,0,-1,0,0,-1,1,-1,-1,-1,-1,-1,-1,-1,-1,-1,-1,0,-1,-1,1],"graph_labels":0,"node_importances":[0,0,0,0,1,0,1,0,1,1,0,1,0,0,0,0,0,0,0,0,0,0,1,0,0,1],"edge_importances":[1,1,1,1,1,1,1,1,1,1,1,1,0,0,0,0,0,0,0,0,0,0,0,0,0,0,0,0,0,0,0,0,0,0,0,0,0,0,0,0,0,0,0,0,0,0,0,0,0,0,0,0,0,0,0,0,0,0,0,0,0,0],"multi_node_importances":[[0,0],[0,0],[0,0],[0,0],[0,1],[0,0],[1,0],[0,0],[1,0],[1,0],[0,0],[0,1],[0,0],[0,0],[0,0],[0,0],[0,0],[0,0],[0,0],[0,0],[0,0],[0,0],[1,0],[0,0],[0,0],[0,1]],"multi_edge_importances":[[1,0],[1,0],[1,0],[1,0],[1,0],[1,0],[0,1],[0,1],[0,1],[0,1],[0,1],[0,1],[0,0],[0,0],[0,0],[0,0],[0,0],[0,0],[0,0],[0,0],[0,0],[0,0],[0,0],[0,0],[0,0],[0,0],[0,0],[0,0],[0,0],[0,0],[0,0],[0,0],[0,0],[0,0],[0,0],[0,0],[0,0],[0,0],[0,0],[0,0],[0,0],[0,0],[0,0],[0,0],[0,0],[0,0],[0,0],[0,0],[0,0],[0,0],[0,0],[0,0],[0,0],[0,0],[0,0],[0,0],[0,0],[0,0],[0,0],[0,0],[0,0],[0,0]],"original_value":-0.6158225607513456,"class":0,"node_positions":[[0.1370444077814355,-0.6096143862853685],[0.3343848416097221,0.20604535253521608],[-0.45717930051337025,-0.06324773624379244],[0.20607924132693012,0.379705875899036],[-0.26584193421896773,0.17132421458129327],[0.22811616839016208,0.16982937753558908],[0.074143919751327,-0.40187974069908244],[-0.32674182831709586,-0.005763364716633933],[0.1656761229085081,-0.00046574531896909007],[0.020883144965242406,-0.15993806096649268],[-0.16823741529445235,-0.22016764650057496],[-0.17427951909088285,0.36435751492011537],[-0.1957295764597818,-0.045509523249038654],[0.10395967791996799,0.7040641519093941],[-0.3858931711125624,-0.2072360259391058],[-0.30060753367567705,-0.41300205638857795],[0.19177726956993682,-0.8070349893436282],[-0.36314659495596185,0.5732150028569984],[0.46744906892515997,-0.1530209549406336],[0.24214253580366557,-1.0],[-0.15533895585065075,0.6648594676051691],[0.18328472935570128,-0.20449020625617553],[0.24804448327390566,-0.07406349461623668],[0.00701715008913412,0.5037927145971596],[0.5469209521032607,0.26969530418473125],[-0.36392788428465656,0.3585449548396084]],"node_coordinates":[[519.4577638599043,274.8272756865639],[644.0785621920289,576.3802629266187],[144.20454545454544,476.82142546109355],[563.0533712185605,640.5833210078638],[265.03439707594566,563.5437057544833],[576.9697257645144,562.9910579344241],[479.736005466421,351.62768638279147],[226.57601693751744,498.0736500452038],[537.5387375738796,500.0322031999012],[446.1017413429073,441.074587815899],[326.6718062638673,418.8074455583995],[322.8562080911587,634.9089645548597],[309.3104626920782,483.3793206988833],[498.5647042473649,760.5],[189.2218497322177,423.5883224664648],[243.07986563633258,347.5157174310764],[554.0216532705252,201.8400118048948],[203.5863488111272,712.1244949988289],[728.1088337172569,443.6318722886745],[585.8273991305894,130.5],[334.8172039502825,746.0058560536077],[548.65860059635,424.6034640609334],[589.5544883600353,472.82279209567423],[437.3453434896759,686.4587701757978],[778.2954545454545,599.9119295568117],[203.09296335543786,632.760035568462]]},"label":"0","name":"4518","value":-0.6158225607513456,"input_type":"classification","classes":{"0":"low","1":"high"},"image_width":900,"image_height":900,"image_path":"./4518.png"}