{"graph":{"node_indices":[0,1,2,3,4,5,6,7,8,9,10,11,12,13,14,15,16,17],"node_attributes":[[1.0,0.0,0.0],[0.0,0.0,1.0],[0.800000011920929,0.800000011920929,0.800000011920929],[1.0,1.0,0.0],[1.0,0.0,0.0],[0.0,1.0,1.0],[1.0,0.0,0.0],[0.0,1.0,0.0],[0.0,1.0,0.0],[0.0,1.0,0.0],[1.0,0.0,0.0],[1.0,0.0,0.0],[0.800000011920929,0.800000011920929,0.800000011920929],[1.0,1.0,0.0],[0.0,1.0,1.0],[0.0,0.0,1.0],[1.0,1.0,0.0],[0.0,1.0,1.0]],"node_adjacency":[[0,0,0,0,0,1,0,1,0,0,0,0,0,0,0,0,0,0],[0,0,0,0,0,0,0,0,0,0,0,1,0,0,0,0,0,0],[0,0,0,0,0,0,0,0,0,0,1,0,0,0,1,0,0,0],[0,0,0,0,0,0,0,0,0,0,0,0,0,0,1,0,0,0],[0,0,0,0,0,0,0,0,0,0,0,0,1,1,1,0,0,0],[1,0,0,0,0,0,0,0,0,0,0,0,0,0,0,0,0,0],[0,0,0,0,0,0,0,0,0,1,0,1,0,0,0,0,0,0],[1,0,0,0,0,0,0,0,0,0,0,0,0,0,0,0,0,0],[0,0,0,0,0,0,0,0,0,0,0,0,0,1,0,0,0,0],[0,0,0,0,0,0,1,0,0,0,0,1,0,0,0,0,0,0],[0,0,1,0,0,0,0,0,0,0,0,0,0,1,0,0,0,0],[0,1,0,0,0,0,1,0,0,1,0,0,1,0,0,0,1,0],[0,0,0,0,1,0,0,0,0,0,0,1,0,0,0,1,0,0],[1,0,0,0,1,0,0,0,1,0,1,0,0,0,0,0,0,0],[0,0,1,1,1,0,0,0,0,0,0,0,0,0,0,0,0,0],[0,0,0,0,0,0,0,0,0,0,0,0,1,0,0,0,0,1],[0,0,0,0,0,0,0,0,0,0,0,1,0,0,0,0,0,1],[0,0,0,0,0,0,0,0,0,0,0,0,0,0,0,1,1,0]],"edge_indices":[[13,10],[13,4],[13,0],[10,13],[4,13],[4,13],[11,6],[11,9],[6,11],[6,9],[9,6],[9,11],[8,13],[13,8],[14,4],[4,14],[16,11],[11,16],[5,0],[0,5],[17,16],[16,17],[12,4],[4,12],[7,0],[0,7],[15,12],[12,15],[2,10],[10,2],[1,11],[11,1],[3,14],[14,3],[12,11],[11,12],[17,15],[15,17],[14,2],[2,14]],"edge_attributes":[[1.0],[1.0],[1.0],[1.0],[1.0],[1.0],[1.0],[1.0],[1.0],[1.0],[1.0],[1.0],[1.0],[1.0],[1.0],[1.0],[1.0],[1.0],[1.0],[1.0],[1.0],[1.0],[1.0],[1.0],[1.0],[1.0],[1.0],[1.0],[1.0],[1.0],[1.0],[1.0],[1.0],[1.0],[1.0],[1.0],[1.0],[1.0],[1.0],[1.0]],"seed_graph_indices":[0,-1,-1,-1,0,-1,1,-1,-1,1,0,1,-1,0,-1,-1,-1,-1],"graph_labels":1,"node_importances":[1,0,0,0,1,0,1,0,0,1,1,1,0,1,0,0,0,0],"edge_importances":[1,1,1,1,1,1,1,1,1,1,1,1,0,0,0,0,0,0,0,0,0,0,0,0,0,0,0,0,0,0,0,0,0,0,0,0,0,0,0,0],"multi_node_importances":[[0,1],[0,0],[0,0],[0,0],[0,1],[0,0],[0,1],[0,0],[0,0],[0,1],[0,1],[0,1],[0,0],[0,1],[0,0],[0,0],[0,0],[0,0]],"multi_edge_importances":[[0,1],[0,1],[0,1],[0,1],[0,1],[0,1],[0,1],[0,1],[0,1],[0,1],[0,1],[0,1],[0,0],[0,0],[0,0],[0,0],[0,0],[0,0],[0,0],[0,0],[0,0],[0,0],[0,0],[0,0],[0,0],[0,0],[0,0],[0,0],[0,0],[0,0],[0,0],[0,0],[0,0],[0,0],[0,0],[0,0],[0,0],[0,0],[0,0],[0,0]],"original_value":2.6580426712367133,"class":1,"node_positions":[[-0.667741643915179,-0.09109366690084186],[0.20408793031610675,-0.6270015282381938],[-0.2387910459738399,0.6745217416721917],[0.17782731010536526,0.7797615368606023],[-0.045001254842141104,0.13626870933018462],[-0.8094207561852438,-0.3758678853387049],[0.46695758895396366,-0.6909487919916162],[-1.0,-0.03801995030111124],[-0.6708518542999122,0.28479287661835156],[0.6631799444021184,-0.5784403379378084],[-0.44078246783068803,0.463426633456583],[0.4116161105632172,-0.3702276570793015],[0.23771138292687222,-0.06861394514172249],[-0.39659161568528506,0.12581198812943267],[0.019870559135137744,0.4878472104665015],[0.525183338813736,0.11336246815082451],[0.7374397976998058,-0.25508861556441587],[0.8253066758159662,0.029509213809044754]],"node_coordinates":[[259.6273430886439,387.45660212172294],[562.4910835335363,157.89273354807875],[408.639932703002,715.4190145278699],[553.3684408766379,760.5],[475.9603158798756,484.85055810035107],[210.40962077994834,265.4694547574501],[653.8090319235423,130.49999999999994],[144.20454545454544,410.1914947799699],[258.54689115338874,548.4730291987692],[721.9744604504824,178.69462042482274],[338.4703957091606,624.9933776319745],[634.5840278142813,267.88552795263683],[574.1714909495694,397.08611544627934],[353.8217982880474,480.371270624608],[498.4960508575832,635.454284320687],[674.0359993423615,475.03833902505625],[747.7714941820545,317.2069984906103],[778.2954545454546,439.1185870528584]]},"label":"1","name":"4519","value":2.6580426712367133,"input_type":"classification","classes":{"0":"low","1":"high"},"image_width":900,"image_height":900,"image_path":"./4519.png"}