{"graph":{"node_indices":[0,1,2,3,4,5,6,7,8,9,10,11,12,13,14,15,16,17,18,19,20,21,22,23,24,25],"node_attributes":[[0.0,1.0,1.0],[0.0,1.0,0.0],[0.0,1.0,1.0],[0.0,0.0,1.0],[1.0,1.0,0.0],[1.0,0.0,0.0],[0.800000011920929,0.800000011920929,0.800000011920929],[0.0,1.0,1.0],[0.800000011920929,0.800000011920929,0.800000011920929],[1.0,1.0,0.0],[0.0,1.0,0.0],[0.800000011920929,0.800000011920929,0.800000011920929],[1.0,0.0,1.0],[0.0,1.0,0.0],[0.0,1.0,0.0],[0.0,0.0,1.0],[1.0,0.0,1.0],[1.0,0.0,1.0],[0.0,0.0,1.0],[0.800000011920929,0.800000011920929,0.800000011920929],[0.0,0.0,1.0],[1.0,1.0,0.0],[1.0,0.0,1.0],[0.0,1.0,1.0],[0.0,1.0,0.0],[0.0,1.0,1.0]],"node_adjacency":[[0,0,0,0,0,1,0,0,0,0,0,0,0,0,0,0,0,0,0,0,0,0,0,0,0,0],[0,0,0,0,0,0,0,0,1,0,1,0,0,0,0,0,0,0,1,0,0,0,0,0,0,0],[0,0,0,0,0,0,0,0,0,0,1,0,0,0,0,0,0,0,0,0,0,0,0,0,0,0],[0,0,0,0,0,0,1,0,0,0,0,0,0,0,1,0,1,0,1,0,0,0,0,0,0,0],[0,0,0,0,0,0,0,0,0,0,0,0,0,0,0,0,1,0,0,1,0,0,0,0,0,0],[1,0,0,0,0,0,1,0,0,0,0,0,0,0,0,0,0,0,0,0,0,0,0,0,0,0],[0,0,0,1,0,1,0,0,0,0,0,0,0,1,0,0,0,1,0,1,0,0,0,0,0,0],[0,0,0,0,0,0,0,0,0,0,0,0,0,0,0,0,0,0,0,0,0,0,0,1,0,0],[0,1,0,0,0,0,0,0,0,0,0,0,0,0,0,0,0,0,0,0,0,0,0,0,0,0],[0,0,0,0,0,0,0,0,0,0,0,0,0,0,1,0,0,0,0,0,0,0,0,0,0,0],[0,1,1,0,0,0,0,0,0,0,0,0,0,0,0,0,1,0,0,0,0,0,0,0,0,1],[0,0,0,0,0,0,0,0,0,0,0,0,0,0,0,0,0,0,1,0,0,1,0,0,0,0],[0,0,0,0,0,0,0,0,0,0,0,0,0,0,0,0,0,0,0,0,0,0,0,0,0,1],[0,0,0,0,0,0,1,0,0,0,0,0,0,0,0,0,0,0,0,0,0,0,0,0,0,0],[0,0,0,1,0,0,0,0,0,1,0,0,0,0,0,0,0,0,1,0,1,0,0,1,0,0],[0,0,0,0,0,0,0,0,0,0,0,0,0,0,0,0,1,0,0,0,0,0,0,0,0,0],[0,0,0,1,1,0,0,0,0,0,1,0,0,0,0,1,0,0,0,0,0,0,0,0,0,0],[0,0,0,0,0,0,1,0,0,0,0,0,0,0,0,0,0,0,0,0,0,0,0,0,0,0],[0,1,0,1,0,0,0,0,0,0,0,1,0,0,1,0,0,0,0,0,0,0,0,0,0,1],[0,0,0,0,1,0,1,0,0,0,0,0,0,0,0,0,0,0,0,0,0,0,0,0,0,0],[0,0,0,0,0,0,0,0,0,0,0,0,0,0,1,0,0,0,0,0,0,0,0,0,1,0],[0,0,0,0,0,0,0,0,0,0,0,1,0,0,0,0,0,0,0,0,0,0,0,0,0,0],[0,0,0,0,0,0,0,0,0,0,0,0,0,0,0,0,0,0,0,0,0,0,0,1,0,0],[0,0,0,0,0,0,0,1,0,0,0,0,0,0,1,0,0,0,0,0,0,0,1,0,0,0],[0,0,0,0,0,0,0,0,0,0,0,0,0,0,0,0,0,0,0,0,1,0,0,0,0,0],[0,0,0,0,0,0,0,0,0,0,1,0,1,0,0,0,0,0,1,0,0,0,0,0,0,0]],"edge_indices":[[18,3],[18,14],[3,18],[3,14],[14,3],[14,18],[9,14],[14,9],[6,3],[3,6],[17,6],[6,17],[19,6],[6,19],[20,14],[14,20],[23,14],[14,23],[25,18],[18,25],[22,23],[23,22],[24,20],[20,24],[16,3],[3,16],[1,18],[18,1],[8,1],[1,8],[15,16],[16,15],[4,19],[19,4],[10,1],[1,10],[11,18],[18,11],[12,25],[25,12],[5,6],[6,5],[7,23],[23,7],[0,5],[5,0],[21,11],[11,21],[2,10],[10,2],[13,6],[6,13],[16,4],[4,16],[10,25],[25,10],[10,16],[16,10]],"edge_attributes":[[1.0],[1.0],[1.0],[1.0],[1.0],[1.0],[1.0],[1.0],[1.0],[1.0],[1.0],[1.0],[1.0],[1.0],[1.0],[1.0],[1.0],[1.0],[1.0],[1.0],[1.0],[1.0],[1.0],[1.0],[1.0],[1.0],[1.0],[1.0],[1.0],[1.0],[1.0],[1.0],[1.0],[1.0],[1.0],[1.0],[1.0],[1.0],[1.0],[1.0],[1.0],[1.0],[1.0],[1.0],[1.0],[1.0],[1.0],[1.0],[1.0],[1.0],[1.0],[1.0],[1.0],[1.0],[1.0],[1.0],[1.0],[1.0]],"seed_graph_indices":[-1,-1,-1,0,-1,-1,-1,-1,-1,-1,-1,-1,-1,-1,0,-1,-1,-1,0,-1,-1,-1,-1,-1,-1,-1],"graph_labels":0,"node_importances":[0,0,0,1,0,0,0,0,0,0,0,0,0,0,1,0,0,0,1,0,0,0,0,0,0,0],"edge_importances":[1,1,1,1,1,1,0,0,0,0,0,0,0,0,0,0,0,0,0,0,0,0,0,0,0,0,0,0,0,0,0,0,0,0,0,0,0,0,0,0,0,0,0,0,0,0,0,0,0,0,0,0,0,0,0,0,0,0],"multi_node_importances":[[0,0],[0,0],[0,0],[1,0],[0,0],[0,0],[0,0],[0,0],[0,0],[0,0],[0,0],[0,0],[0,0],[0,0],[1,0],[0,0],[0,0],[0,0],[1,0],[0,0],[0,0],[0,0],[0,0],[0,0],[0,0],[0,0]],"multi_edge_importances":[[1,0],[1,0],[1,0],[1,0],[1,0],[1,0],[0,0],[0,0],[0,0],[0,0],[0,0],[0,0],[0,0],[0,0],[0,0],[0,0],[0,0],[0,0],[0,0],[0,0],[0,0],[0,0],[0,0],[0,0],[0,0],[0,0],[0,0],[0,0],[0,0],[0,0],[0,0],[0,0],[0,0],[0,0],[0,0],[0,0],[0,0],[0,0],[0,0],[0,0],[0,0],[0,0],[0,0],[0,0],[0,0],[0,0],[0,0],[0,0],[0,0],[0,0],[0,0],[0,0],[0,0],[0,0],[0,0],[0,0],[0,0],[0,0]],"original_value":-0.7930432311696484,"class":0,"node_positions":[[-0.33933149297617604,-0.9999999999999999],[0.3627952625580847,0.24188500655261558],[0.8481014016855866,-0.12057208260102263],[-0.01481007750138673,-0.10206468261639257],[0.2826665721830252,-0.5344809654971426],[-0.23889672372470824,-0.7220313928083021],[-0.1826481406990884,-0.3997967299061507],[-0.5805728025797724,0.6732378077302548],[0.5521944591176571,0.5040338409273336],[0.02979314643905474,0.5031484858841409],[0.542499060827576,-0.05919748513869308],[-0.24652525533841352,0.08268386608108043],[0.6914556910830625,0.3012501148873235],[-0.49540763642705016,-0.38783535416400594],[-0.12449643616220707,0.26349954905516404],[0.5471916234141349,-0.43731370577378376],[0.29467506863148174,-0.2412050109426714],[-0.4276152428242182,-0.5583855178477216],[0.07905002455317073,0.1297907638280723],[0.0337692695411666,-0.6148572786951265],[-0.1428996442863154,0.5882147235617652],[-0.579654256850228,0.06489757166600892],[-0.74469712612295,0.4080685917677067],[-0.43362803582179693,0.3969392478483355],[-0.10915565367670148,0.8978102712099301],[0.396146944957012,0.12228036499128196]],"node_coordinates":[[305.5800479733093,130.49999999999994],[585.0957462495492,542.7580460212939],[778.2954545454545,422.43623639107676],[434.7715783302568,428.5799811938085],[553.1966245231553,285.03441062357837],[345.56299184670684,222.7748839477633],[367.955475593451,329.7443954463652],[209.5422135289937,685.95058157895],[660.4953066024724,629.7813739911549],[452.52806059904225,629.4874701770208],[656.6355818422954,442.8102416263928],[342.5260838752897,489.9093919600405],[715.9350120243238,562.4649781726423],[243.44634935397943,333.71511203056144],[391.10558940333107,549.9332426061054],[658.503684571252,317.29020276168757],[557.9771904873222,382.39074501180073],[270.43440825695427,277.0990188674449],[472.13715621098544,505.54706977789976],[454.11094975197506,258.35256677285105],[383.7792974926647,657.7261885304295],[209.90788532396311,484.0050264649844],[144.20454545454544,597.9246031180472],[268.0407236123208,594.2300890901862],[397.21273386797577,760.5],[598.3730052643122,503.0539062941963]]},"label":"0","name":"452","value":-0.7930432311696484,"input_type":"classification","classes":{"0":"low","1":"high"},"image_width":900,"image_height":900,"image_path":"./452.png"}