{"graph": {"node_indices": [0, 1, 2, 3, 4, 5, 6, 7, 8, 9, 10, 11, 12, 13, 14], "node_attributes": [[1.0, 0.0, 0.0], [0.0, 1.0, 0.0], [0.0, 1.0, 0.0], [0.0, 1.0, 1.0], [1.0, 0.0, 0.0], [0.0, 1.0, 1.0], [1.0, 0.0, 0.0], [0.0, 0.0, 1.0], [1.0, 0.0, 0.0], [1.0, 0.0, 0.0], [1.0, 0.0, 0.0], [1.0, 0.0, 0.0], [1.0, 0.0, 0.0], [0.0, 0.0, 1.0], [0.0, 1.0, 0.0]], "node_adjacency": [[0, 0, 0, 0, 0, 0, 0, 1, 0, 0, 0, 1, 0, 0, 0], [0, 0, 1, 0, 0, 0, 0, 0, 0, 0, 0, 1, 0, 0, 0], [0, 1, 0, 0, 0, 0, 1, 0, 0, 0, 1, 0, 0, 0, 0], [0, 0, 0, 0, 1, 0, 0, 0, 0, 0, 0, 0, 0, 0, 0], [0, 0, 0, 1, 0, 0, 0, 0, 1, 1, 0, 0, 0, 0, 0], [0, 0, 0, 0, 0, 0, 1, 0, 0, 0, 0, 0, 0, 0, 0], [0, 0, 1, 0, 0, 1, 0, 0, 1, 0, 0, 0, 0, 0, 1], [1, 0, 0, 0, 0, 0, 0, 0, 0, 0, 0, 0, 0, 0, 0], [0, 0, 0, 0, 1, 0, 1, 0, 0, 0, 0, 0, 0, 0, 0], [0, 0, 0, 0, 1, 0, 0, 0, 0, 0, 0, 0, 0, 0, 0], [0, 0, 1, 0, 0, 0, 0, 0, 0, 0, 0, 0, 1, 1, 0], [1, 1, 0, 0, 0, 0, 0, 0, 0, 0, 0, 0, 1, 0, 0], [0, 0, 0, 0, 0, 0, 0, 0, 0, 0, 1, 1, 0, 0, 0], [0, 0, 0, 0, 0, 0, 0, 0, 0, 0, 1, 0, 0, 0, 0], [0, 0, 0, 0, 0, 0, 1, 0, 0, 0, 0, 0, 0, 0, 0]], "edge_indices": [[6, 8], [8, 6], [8, 4], [4, 8], [4, 9], [9, 4], [0, 11], [11, 0], [11, 12], [12, 11], [12, 10], [10, 12], [14, 6], [6, 14], [1, 11], [11, 1], [2, 6], [6, 2], [3, 4], [4, 3], [5, 6], [6, 5], [7, 0], [0, 7], [13, 10], [10, 13], [2, 1], [1, 2], [2, 10], [10, 2]], "edge_attributes": [[1.0], [1.0], [1.0], [1.0], [1.0], [1.0], [1.0], [1.0], [1.0], [1.0], [1.0], [1.0], [1.0], [1.0], [1.0], [1.0], [1.0], [1.0], [1.0], [1.0], [1.0], [1.0], [1.0], [1.0], [1.0], [1.0], [1.0], [1.0], [1.0], [1.0]], "seed_graph_indices": [1, -1, -1, -1, 0, -1, 0, -1, 0, 0, 1, 1, 1, -1, -1], "graph_labels": 1, "node_importances": [1, 0, 0, 0, 1, 0, 1, 0, 1, 1, 1, 1, 1, 0, 0], "edge_importances": [1, 1, 1, 1, 1, 1, 1, 1, 1, 1, 1, 1, 0, 0, 0, 0, 0, 0, 0, 0, 0, 0, 0, 0, 0, 0, 0, 0, 0, 0], "multi_node_importances": [[0, 1], [0, 0], [0, 0], [0, 0], [0, 1], [0, 0], [0, 1], [0, 0], [0, 1], [0, 1], [0, 1], [0, 1], [0, 1], [0, 0], [0, 0]], "multi_edge_importances": [[0, 1], [0, 1], [0, 1], [0, 1], [0, 1], [0, 1], [0, 1], [0, 1], [0, 1], [0, 1], [0, 1], [0, 1], [0, 0], [0, 0], [0, 0], [0, 0], [0, 0], [0, 0], [0, 0], [0, 0], [0, 0], [0, 0], [0, 0], [0, 0], [0, 0], [0, 0], [0, 0], [0, 0], [0, 0], [0, 0]], "original_value": 3.58, "class": 1, "node_positions": [[-0.7565542962865287, 0.5428533215352415], [-0.24214324258226327, 0.29922635765111033], [-0.06622675345909461, 0.023555394598970197], [0.9999999999999999, -0.42877286147315263], [0.6879741051869352, -0.45533923548149446], [0.5359983265202807, 0.17811706404468589], [0.26637532406148934, 0.02303352183979202], [-0.966091180991111, 0.7387494365125862], [0.4527783245439712, -0.2470956435733964], [0.7025525233361538, -0.7651524874685143], [-0.33635328825165645, -0.15796771381111488], [-0.5522012450723309, 0.3242854239533108], [-0.6028229263388064, 0.021800974208178208], [-0.474067104260659, -0.4390228518258066], [0.35078143359362, 0.34172929928960455]], "node_coordinates": [[211.7830153622472, 678.4371005065101], [377.6875145245497, 576.3792569732695], [434.42295364897524, 460.89785226630215], [778.2954545454545, 271.41288866503305], [677.6628973096388, 260.28396106784646], [628.6486600320171, 525.6453269507116], [541.6916071781757, 460.6792343943256], [144.20454545454544, 760.5], [601.8090875758178, 347.519345776185], [682.364633682153, 130.5], [347.3035048297971, 384.85595320707154], [277.68962909040147, 586.8767578532436], [261.3634544936624, 460.1629075012386], [302.88894276278916, 267.11906217329096], [568.9137153100455, 594.1841768322508]]}, "label": "1", "name": "4539", "value": 3.58, "input_type": "classification", "classes": {"0": "low", "1": "high"}, "image_width": 900, "image_height": 900, "image_path": "./4539.png"}