{"graph": {"node_indices": [0, 1, 2, 3, 4, 5, 6, 7, 8, 9, 10, 11, 12, 13, 14], "node_attributes": [[1.0, 0.0, 0.0], [0.0, 0.0, 1.0], [0.0, 1.0, 0.0], [0.0, 0.0, 1.0], [0.0, 1.0, 0.0], [0.0, 1.0, 0.0], [1.0, 0.0, 1.0], [0.0, 1.0, 1.0], [0.0, 1.0, 1.0], [0.0, 0.0, 1.0], [1.0, 0.0, 1.0], [1.0, 0.0, 0.0], [0.0, 1.0, 1.0], [1.0, 0.0, 1.0], [0.0, 0.0, 1.0]], "node_adjacency": [[0, 0, 0, 0, 0, 0, 0, 0, 1, 0, 0, 0, 0, 0, 0], [0, 0, 0, 0, 0, 0, 0, 1, 0, 0, 1, 0, 0, 0, 1], [0, 0, 0, 0, 1, 0, 1, 0, 0, 0, 0, 0, 0, 0, 0], [0, 0, 0, 0, 0, 0, 0, 0, 0, 1, 1, 0, 0, 1, 1], [0, 0, 1, 0, 0, 0, 0, 0, 1, 0, 0, 1, 0, 0, 1], [0, 0, 0, 0, 0, 0, 0, 0, 0, 1, 0, 0, 0, 0, 0], [0, 0, 1, 0, 0, 0, 0, 0, 0, 0, 0, 0, 0, 0, 0], [0, 1, 0, 0, 0, 0, 0, 0, 0, 0, 0, 0, 1, 0, 0], [1, 0, 0, 0, 1, 0, 0, 0, 0, 0, 0, 0, 0, 0, 0], [0, 0, 0, 1, 0, 1, 0, 0, 0, 0, 0, 0, 0, 0, 0], [0, 1, 0, 1, 0, 0, 0, 0, 0, 0, 0, 0, 0, 0, 0], [0, 0, 0, 0, 1, 0, 0, 0, 0, 0, 0, 0, 0, 0, 0], [0, 0, 0, 0, 0, 0, 0, 1, 0, 0, 0, 0, 0, 0, 0], [0, 0, 0, 1, 0, 0, 0, 0, 0, 0, 0, 0, 0, 0, 0], [0, 1, 0, 1, 1, 0, 0, 0, 0, 0, 0, 0, 0, 0, 0]], "edge_indices": [[9, 3], [3, 9], [3, 14], [14, 3], [14, 1], [1, 14], [5, 9], [9, 5], [4, 14], [14, 4], [2, 4], [4, 2], [13, 3], [3, 13], [8, 4], [4, 8], [0, 8], [8, 0], [7, 1], [1, 7], [12, 7], [7, 12], [6, 2], [2, 6], [10, 1], [1, 10], [11, 4], [4, 11], [10, 3], [3, 10]], "edge_attributes": [[1.0], [1.0], [1.0], [1.0], [1.0], [1.0], [1.0], [1.0], [1.0], [1.0], [1.0], [1.0], [1.0], [1.0], [1.0], [1.0], [1.0], [1.0], [1.0], [1.0], [1.0], [1.0], [1.0], [1.0], [1.0], [1.0], [1.0], [1.0], [1.0], [1.0]], "seed_graph_indices": [-1, 0, -1, 0, -1, -1, -1, -1, -1, 0, -1, -1, -1, -1, 0], "graph_labels": 0, "node_importances": [0, 1, 0, 1, 0, 0, 0, 0, 0, 1, 0, 0, 0, 0, 1], "edge_importances": [1, 1, 1, 1, 1, 1, 0, 0, 0, 0, 0, 0, 0, 0, 0, 0, 0, 0, 0, 0, 0, 0, 0, 0, 0, 0, 0, 0, 0, 0], "multi_node_importances": [[0, 0], [1, 0], [0, 0], [1, 0], [0, 0], [0, 0], [0, 0], [0, 0], [0, 0], [1, 0], [0, 0], [0, 0], [0, 0], [0, 0], [1, 0]], "multi_edge_importances": [[1, 0], [1, 0], [1, 0], [1, 0], [1, 0], [1, 0], [0, 0], [0, 0], [0, 0], [0, 0], [0, 0], [0, 0], [0, 0], [0, 0], [0, 0], [0, 0], [0, 0], [0, 0], [0, 0], [0, 0], [0, 0], [0, 0], [0, 0], [0, 0], [0, 0], [0, 0], [0, 0], [0, 0], [0, 0], [0, 0]], "original_value": -3.23, "class": 0, "node_positions": [[1.0, 0.06723855826592613], [-0.33305946376083145, 0.17675199624295063], [0.38226646422506566, 0.4647345212054183], [-0.19485394786836485, -0.3346725156000079], [0.322458820508666, 0.11713436794738676], [-0.5622152501905424, -0.8933105767315321], [0.5021220935818314, 0.7722440695471343], [-0.5644474571466552, 0.4242501933707703], [0.6735103797323787, 0.11623373128969865], [-0.40619208314966904, -0.6112353038833656], [-0.480874185254822, -0.13222453174665552], [0.5024862942424603, -0.16894213047176182], [-0.8091163395655324, 0.6298851995360707], [-0.006940763104517177, -0.6210143044001278], [-0.02514456224946727, -0.0070732745719052316]], "node_coordinates": [[778.2954545454546, 493.82999124374027], [311.06133103334065, 535.253709210411], [561.7813417109322, 644.1837831240588], [359.50203067053377, 341.8061731713223], [540.8189069877875, 512.7031997389125], [230.74278116299155, 130.5], [603.7904504212909, 760.5000000000001], [229.96039801430996, 628.8704899860556], [663.8616309175284, 512.36253178448], [285.4285245088006, 237.19564177398507], [259.25262803325984, 418.38260379914857], [603.918101873516, 404.4940848913476], [144.2045454545455, 706.6524193713159], [425.3651482330514, 233.49671160719336], [418.984760583962, 465.72136401110316]]}, "label": "0", "name": "456", "value": -3.23, "input_type": "classification", "classes": {"0": "low", "1": "high"}, "image_width": 900, "image_height": 900, "image_path": "./456.png"}