{"graph":{"node_indices":[0,1,2,3,4,5,6,7,8,9,10,11,12,13,14,15,16,17,18,19,20,21,22,23,24,25],"node_attributes":[[0.0,1.0,0.0],[1.0,0.0,1.0],[0.0,1.0,1.0],[1.0,0.0,1.0],[0.0,1.0,0.0],[0.800000011920929,0.800000011920929,0.800000011920929],[0.0,1.0,1.0],[0.800000011920929,0.800000011920929,0.800000011920929],[0.0,1.0,1.0],[0.800000011920929,0.800000011920929,0.800000011920929],[1.0,0.0,0.0],[1.0,0.0,0.0],[0.800000011920929,0.800000011920929,0.800000011920929],[0.0,1.0,0.0],[0.0,1.0,0.0],[0.0,1.0,1.0],[0.0,1.0,1.0],[0.0,1.0,1.0],[1.0,0.0,0.0],[0.0,0.0,1.0],[1.0,0.0,0.0],[1.0,0.0,0.0],[1.0,0.0,0.0],[1.0,0.0,0.0],[0.0,0.0,1.0],[0.800000011920929,0.800000011920929,0.800000011920929]],"node_adjacency":[[0,0,0,0,0,1,1,0,0,0,0,0,0,0,0,0,0,0,0,0,0,0,0,0,0,0],[0,0,0,0,0,0,1,0,0,0,0,0,0,1,0,0,0,1,0,0,0,0,0,0,0,0],[0,0,0,0,0,0,0,0,0,0,0,0,0,0,0,0,0,0,0,0,1,0,0,0,0,0],[0,0,0,0,0,0,0,0,0,1,0,0,0,1,0,0,0,0,0,1,0,0,0,0,0,0],[0,0,0,0,0,0,0,0,1,0,0,1,0,0,0,1,0,0,0,0,0,0,1,0,0,0],[1,0,0,0,0,0,0,0,0,1,0,0,0,0,0,0,0,0,0,0,0,0,0,0,0,0],[1,1,0,0,0,0,0,0,0,0,1,0,0,0,0,0,0,0,0,0,0,0,0,0,0,0],[0,0,0,0,0,0,0,0,0,0,0,0,0,0,0,0,0,0,1,0,0,0,0,0,0,1],[0,0,0,0,1,0,0,0,0,0,0,0,0,0,0,0,0,0,0,0,0,0,0,0,0,0],[0,0,0,1,0,1,0,0,0,0,0,0,0,0,0,0,0,0,0,0,0,0,0,0,0,0],[0,0,0,0,0,0,1,0,0,0,0,0,0,0,0,0,0,0,1,0,0,0,0,0,0,0],[0,0,0,0,1,0,0,0,0,0,0,0,0,0,0,0,0,0,0,0,0,0,1,1,0,0],[0,0,0,0,0,0,0,0,0,0,0,0,0,0,0,1,0,0,0,0,0,0,0,0,0,0],[0,1,0,1,0,0,0,0,0,0,0,0,0,0,1,0,0,0,1,0,1,0,0,0,0,0],[0,0,0,0,0,0,0,0,0,0,0,0,0,1,0,0,0,0,0,0,0,1,0,0,0,0],[0,0,0,0,1,0,0,0,0,0,0,0,1,0,0,0,1,1,0,0,0,0,0,0,0,0],[0,0,0,0,0,0,0,0,0,0,0,0,0,0,0,1,0,0,1,0,0,0,0,0,0,0],[0,1,0,0,0,0,0,0,0,0,0,0,0,0,0,1,0,0,0,0,0,0,0,0,0,0],[0,0,0,0,0,0,0,1,0,0,1,0,0,1,0,0,1,0,0,0,1,0,0,0,0,0],[0,0,0,1,0,0,0,0,0,0,0,0,0,0,0,0,0,0,0,0,0,0,0,0,0,0],[0,0,1,0,0,0,0,0,0,0,0,0,0,1,0,0,0,0,1,0,0,0,0,0,1,0],[0,0,0,0,0,0,0,0,0,0,0,0,0,0,1,0,0,0,0,0,0,0,0,0,0,0],[0,0,0,0,1,0,0,0,0,0,0,1,0,0,0,0,0,0,0,0,0,0,0,0,0,0],[0,0,0,0,0,0,0,0,0,0,0,1,0,0,0,0,0,0,0,0,0,0,0,0,0,0],[0,0,0,0,0,0,0,0,0,0,0,0,0,0,0,0,0,0,0,0,1,0,0,0,0,0],[0,0,0,0,0,0,0,1,0,0,0,0,0,0,0,0,0,0,0,0,0,0,0,0,0,0]],"edge_indices":[[11,22],[11,4],[22,11],[22,4],[4,22],[4,11],[20,18],[20,13],[18,20],[18,13],[13,18],[13,20],[10,18],[18,10],[8,4],[4,8],[15,4],[4,15],[3,13],[13,3],[2,20],[20,2],[6,10],[10,6],[7,18],[18,7],[23,11],[11,23],[12,15],[15,12],[14,13],[13,14],[25,7],[7,25],[24,20],[20,24],[9,3],[3,9],[16,18],[18,16],[5,9],[9,5],[19,3],[3,19],[0,5],[5,0],[1,6],[6,1],[17,1],[1,17],[21,14],[14,21],[15,17],[17,15],[1,13],[13,1],[6,0],[0,6],[15,16],[16,15]],"edge_attributes":[[1.0],[1.0],[1.0],[1.0],[1.0],[1.0],[1.0],[1.0],[1.0],[1.0],[1.0],[1.0],[1.0],[1.0],[1.0],[1.0],[1.0],[1.0],[1.0],[1.0],[1.0],[1.0],[1.0],[1.0],[1.0],[1.0],[1.0],[1.0],[1.0],[1.0],[1.0],[1.0],[1.0],[1.0],[1.0],[1.0],[1.0],[1.0],[1.0],[1.0],[1.0],[1.0],[1.0],[1.0],[1.0],[1.0],[1.0],[1.0],[1.0],[1.0],[1.0],[1.0],[1.0],[1.0],[1.0],[1.0],[1.0],[1.0],[1.0],[1.0]],"seed_graph_indices":[-1,-1,-1,-1,0,-1,-1,-1,-1,-1,-1,0,-1,1,-1,-1,-1,-1,1,-1,1,-1,0,-1,-1,-1],"graph_labels":1,"node_importances":[0,0,0,0,1,0,0,0,0,0,0,1,0,1,0,0,0,0,1,0,1,0,1,0,0,0],"edge_importances":[1,1,1,1,1,1,1,1,1,1,1,1,0,0,0,0,0,0,0,0,0,0,0,0,0,0,0,0,0,0,0,0,0,0,0,0,0,0,0,0,0,0,0,0,0,0,0,0,0,0,0,0,0,0,0,0,0,0,0,0],"multi_node_importances":[[0,0],[0,0],[0,0],[0,0],[0,1],[0,0],[0,0],[0,0],[0,0],[0,0],[0,0],[0,1],[0,0],[0,1],[0,0],[0,0],[0,0],[0,0],[0,1],[0,0],[0,1],[0,0],[0,1],[0,0],[0,0],[0,0]],"multi_edge_importances":[[0,1],[0,1],[0,1],[0,1],[0,1],[0,1],[0,1],[0,1],[0,1],[0,1],[0,1],[0,1],[0,0],[0,0],[0,0],[0,0],[0,0],[0,0],[0,0],[0,0],[0,0],[0,0],[0,0],[0,0],[0,0],[0,0],[0,0],[0,0],[0,0],[0,0],[0,0],[0,0],[0,0],[0,0],[0,0],[0,0],[0,0],[0,0],[0,0],[0,0],[0,0],[0,0],[0,0],[0,0],[0,0],[0,0],[0,0],[0,0],[0,0],[0,0],[0,0],[0,0],[0,0],[0,0],[0,0],[0,0],[0,0],[0,0],[0,0],[0,0]],"original_value":2.1916688523009724,"class":1,"node_positions":[[0.5045063909033894,0.27478110516464466],[0.05104885979842046,0.06904008188506884],[-0.1959254707402242,0.35670597660383907],[0.4826210120460144,0.09219837665993019],[-0.5720782883449836,-0.26136661606358597],[0.7194466569207603,0.36379725330529417],[0.32233454480393736,0.062248483499681505],[0.17232083456023453,-0.31486577912698505],[-0.6331609014563376,-0.5100905123864407],[0.7134902987487173,0.17163816856481903],[0.2760070180942013,-0.13001908898245898],[-0.7801103193238702,-0.1357004285070708],[-0.30802776198046267,-0.47402939092518914],[0.20525128965951792,0.1703181702879306],[0.23671799338720553,0.424719278414308],[-0.3342240890632733,-0.22450613145809756],[-0.12111772144935962,-0.19410244289146167],[-0.21133584012266324,-0.01553743180885122],[0.07894958700922061,-0.05720299307780765],[0.6701251244177451,-0.08350406483793539],[0.0025099299746854996,0.21849786728742232],[0.25786120925572664,0.6639664320528973],[-0.7727304840264153,-0.31593976256938977],[-1.0,-0.08254354725475081],[-0.04796514099853411,0.4622477533457767],[0.28348526792634743,-0.5307507571815878]],"node_coordinates":[[699.0306119109805,555.2742292912832],[531.8062918222184,446.7825746686651],[440.7280503757408,598.4749712507785],[690.9598062714942,458.9944402378807],[302.01186449577335,272.5520357734906],[778.2954545454545,602.2143535599753],[631.8499808404964,443.20121916348853],[576.5285031304069,244.34077955850506],[279.4860539266981,141.3945902329259],[776.0988917425435,500.8847464551602],[614.7654941487621,341.8144041454828],[225.29461414520927,338.81851195211874],[399.3873996044081,160.41039307338337],[588.6724694038801,500.18868305042037],[600.2766390897928,634.3398441484812],[389.72681909850894,291.9893599458642],[468.31536375005453,308.02187707174045],[435.0450737670702,402.1830375503357],[542.0954144362787,380.2118933867016],[760.1068499401795,366.3427741020804],[513.9062924158104,525.5948707098853],[608.0737527235389,760.5000000000001],[228.016121354444,243.77444505288994],[144.20454545454538,366.8492756263399],[495.2922903407743,654.1294139478197],[617.5232942906789,130.5]]},"label":"1","name":"4615","value":2.1916688523009724,"input_type":"classification","classes":{"0":"low","1":"high"},"image_width":900,"image_height":900,"image_path":"./4615.png"}