{"graph":{"node_indices":[0,1,2,3,4,5,6,7,8,9,10],"node_attributes":[[0.0,0.0,1.0],[0.0,0.0,1.0],[0.0,1.0,1.0],[1.0,0.0,0.0],[0.0,0.0,1.0],[0.0,1.0,0.0],[1.0,1.0,0.0],[0.0,1.0,0.0],[0.0,1.0,1.0],[1.0,0.0,0.0],[0.800000011920929,0.800000011920929,0.800000011920929]],"node_adjacency":[[0,0,0,0,0,0,0,1,0,0,0],[0,0,0,0,0,0,1,0,1,0,0],[0,0,0,0,0,0,0,1,0,0,0],[0,0,0,0,0,1,0,0,0,1,0],[0,0,0,0,0,0,1,0,0,0,1],[0,0,0,1,0,0,0,1,0,1,1],[1,1,0,0,1,0,0,1,0,0,0],[1,0,1,0,0,1,1,0,0,0,0],[0,1,0,0,0,0,0,0,0,0,0],[0,0,0,1,0,1,0,0,0,0,0],[0,0,0,0,1,1,0,0,0,0,0]],"edge_indices":[[6,1],[6,4],[6,0],[1,6],[4,6],[4,6],[9,3],[9,5],[3,9],[3,5],[5,3],[5,9],[8,1],[1,8],[10,4],[4,10],[7,6],[6,7],[2,7],[7,2],[10,5],[5,10],[5,7],[7,5],[7,0],[0,7]],"edge_attributes":[[1.0],[1.0],[1.0],[1.0],[1.0],[1.0],[1.0],[1.0],[1.0],[1.0],[1.0],[1.0],[1.0],[1.0],[1.0],[1.0],[1.0],[1.0],[1.0],[1.0],[1.0],[1.0],[1.0],[1.0],[1.0],[1.0]],"seed_graph_indices":[0,0,-1,1,0,1,0,-1,-1,1,-1],"graph_labels":0,"node_importances":[1,1,0,1,1,1,1,0,0,1,0],"edge_importances":[1,1,1,1,1,1,1,1,1,1,1,1,0,0,0,0,0,0,0,0,0,0,0,0,0,0],"multi_node_importances":[[1,0],[1,0],[0,0],[0,1],[1,0],[0,1],[1,0],[0,0],[0,0],[0,1],[0,0]],"multi_edge_importances":[[1,0],[1,0],[1,0],[1,0],[1,0],[1,0],[0,1],[0,1],[0,1],[0,1],[0,1],[0,1],[0,0],[0,0],[0,0],[0,0],[0,0],[0,0],[0,0],[0,0],[0,0],[0,0],[0,0],[0,0],[0,0],[0,0]],"original_value":-1.387582485551213,"class":0,"node_positions":[[0.2292059341420503,-0.3931880218352056],[-0.33897830208432606,-0.6476647301919327],[0.6682943969746575,-0.094322353729566],[0.4251735641296249,0.7091354548191929],[-0.45529540949478514,0.02501397686561936],[0.11633205305153128,0.4224919741870328],[-0.13568443299765554,-0.27090523918049864],[0.23025645274337292,-0.011762852419636526],[-0.5225942251539663,-1.0],[0.11050342733272422,0.8402690980112305],[-0.3272134586432285,0.4209326934737637]],"node_coordinates":[[544.5019684080193,338.23676342061117],[241.97119249386822,251.11889221471233],[778.2954545454545,440.5508060299404],[648.8453052593735,715.607546336422],[180.03792769460404,481.4045531021569],[484.4020560036365,617.4776625094216],[350.21539927062287,380.09920253656446],[545.061319032882,468.8143278602343],[144.20454545454544,130.50000000000006],[481.29859316747064,760.5],[248.23540573283898,616.9438564207245]]},"label":"0","name":"4616","value":-1.387582485551213,"input_type":"classification","classes":{"0":"low","1":"high"},"image_width":900,"image_height":900,"image_path":"./4616.png"}