{"graph": {"node_indices": [0, 1, 2, 3, 4, 5, 6, 7, 8, 9], "node_attributes": [[0.0, 0.0, 1.0], [0.0, 1.0, 0.0], [1.0, 0.0, 0.0], [1.0, 0.0, 0.0], [1.0, 0.0, 1.0], [1.0, 0.0, 0.0], [0.0, 0.0, 1.0], [1.0, 1.0, 0.0], [1.0, 0.0, 0.0], [0.0, 1.0, 0.0]], "node_adjacency": [[0, 0, 0, 0, 0, 0, 1, 0, 0, 0], [0, 0, 0, 1, 0, 0, 0, 1, 0, 0], [0, 0, 0, 1, 0, 1, 0, 0, 0, 0], [0, 1, 1, 0, 0, 0, 1, 0, 1, 0], [0, 0, 0, 0, 0, 1, 0, 0, 0, 0], [0, 0, 1, 0, 1, 0, 0, 0, 0, 1], [1, 0, 0, 1, 0, 0, 0, 0, 0, 1], [0, 1, 0, 0, 0, 0, 0, 0, 0, 0], [0, 0, 0, 1, 0, 0, 0, 0, 0, 0], [0, 0, 0, 0, 0, 1, 1, 0, 0, 0]], "edge_indices": [[5, 2], [2, 5], [2, 3], [3, 2], [3, 8], [8, 3], [6, 3], [3, 6], [1, 3], [3, 1], [4, 5], [5, 4], [0, 6], [6, 0], [7, 1], [1, 7], [9, 5], [5, 9], [6, 9], [9, 6]], "edge_attributes": [[1.0], [1.0], [1.0], [1.0], [1.0], [1.0], [1.0], [1.0], [1.0], [1.0], [1.0], [1.0], [1.0], [1.0], [1.0], [1.0], [1.0], [1.0], [1.0], [1.0]], "seed_graph_indices": [-1, -1, 0, 0, -1, 0, -1, -1, 0, -1], "graph_labels": 1, "node_importances": [0, 0, 1, 1, 0, 1, 0, 0, 1, 0], "edge_importances": [1, 1, 1, 1, 1, 1, 0, 0, 0, 0, 0, 0, 0, 0, 0, 0, 0, 0, 0, 0], "multi_node_importances": [[0, 0], [0, 0], [0, 1], [0, 1], [0, 0], [0, 1], [0, 0], [0, 0], [0, 1], [0, 0]], "multi_edge_importances": [[0, 1], [0, 1], [0, 1], [0, 1], [0, 1], [0, 1], [0, 0], [0, 0], [0, 0], [0, 0], [0, 0], [0, 0], [0, 0], [0, 0], [0, 0], [0, 0], [0, 0], [0, 0], [0, 0], [0, 0]], "original_value": 3.21, "class": 1, "node_positions": [[0.8784625996897715, -0.04901028763741977], [-0.33813077152971915, 0.5853903776733989], [-0.3048713536237574, -0.14295998641883062], [0.009935955117546908, 0.2449146717912171], [-0.4120698089105503, -1.0], [-0.18626659198535764, -0.6033423984524788], [0.4021770426447299, -0.06485973102909363], [-0.6270146623491286, 0.932613057216199], [0.29864397259038195, 0.6362481474847557], [0.2791336183560831, -0.538993850627748]], "node_coordinates": [[778.2954545454546, 440.50697038207085], [265.8793482365652, 647.3111299904704], [279.8878590707068, 409.8809172198586], [412.4813280135, 536.3216621790776], [234.73701708861958, 130.5], [329.8429152021758, 259.8038397116568], [577.6890757785352, 435.34031309417196], [144.20454545454544, 760.5], [534.0820548243801, 663.8899246237359], [525.8645024474299, 280.78040559907504]]}, "label": "1", "name": "463", "value": 3.21, "input_type": "classification", "classes": {"0": "low", "1": "high"}, "image_width": 900, "image_height": 900, "image_path": "./463.png"}