{"graph": {"node_indices": [0, 1, 2, 3, 4, 5, 6, 7, 8, 9, 10, 11, 12, 13], "node_attributes": [[0.0, 1.0, 0.0], [0.0, 1.0, 1.0], [0.0, 0.0, 1.0], [0.0, 1.0, 1.0], [0.0, 1.0, 0.0], [0.0, 1.0, 1.0], [0.0, 0.0, 1.0], [0.0, 1.0, 0.0], [0.0, 1.0, 1.0], [0.0, 1.0, 0.0], [0.0, 0.0, 1.0], [0.0, 1.0, 0.0], [0.0, 1.0, 0.0], [0.0, 1.0, 0.0]], "node_adjacency": [[0, 0, 1, 0, 0, 0, 0, 0, 0, 0, 1, 0, 0, 0], [0, 0, 0, 0, 0, 1, 0, 0, 0, 0, 1, 0, 0, 0], [1, 0, 0, 0, 0, 0, 0, 1, 1, 0, 1, 1, 1, 0], [0, 0, 0, 0, 0, 0, 0, 1, 0, 0, 0, 0, 0, 0], [0, 0, 0, 0, 0, 0, 0, 0, 0, 1, 0, 0, 1, 0], [0, 1, 0, 0, 0, 0, 0, 0, 0, 0, 0, 0, 0, 0], [0, 0, 0, 0, 0, 0, 0, 0, 0, 0, 0, 0, 0, 1], [0, 0, 1, 1, 0, 0, 0, 0, 0, 0, 0, 0, 0, 0], [0, 0, 1, 0, 0, 0, 0, 0, 0, 0, 0, 0, 0, 0], [0, 0, 0, 0, 1, 0, 0, 0, 0, 0, 0, 0, 0, 1], [1, 1, 1, 0, 0, 0, 0, 0, 0, 0, 0, 0, 1, 1], [0, 0, 1, 0, 0, 0, 0, 0, 0, 0, 0, 0, 1, 0], [0, 0, 1, 0, 1, 0, 0, 0, 0, 0, 1, 1, 0, 0], [0, 0, 0, 0, 0, 0, 1, 0, 0, 1, 1, 0, 0, 0]], "edge_indices": [[2, 10], [2, 12], [10, 2], [10, 12], [12, 10], [12, 2], [4, 12], [12, 4], [9, 4], [4, 9], [1, 10], [10, 1], [7, 2], [2, 7], [3, 7], [7, 3], [13, 10], [10, 13], [6, 13], [13, 6], [11, 2], [2, 11], [5, 1], [1, 5], [0, 10], [10, 0], [8, 2], [2, 8], [13, 9], [9, 13], [2, 0], [0, 2], [11, 12], [12, 11]], "edge_attributes": [[1.0], [1.0], [1.0], [1.0], [1.0], [1.0], [1.0], [1.0], [1.0], [1.0], [1.0], [1.0], [1.0], [1.0], [1.0], [1.0], [1.0], [1.0], [1.0], [1.0], [1.0], [1.0], [1.0], [1.0], [1.0], [1.0], [1.0], [1.0], [1.0], [1.0], [1.0], [1.0], [1.0], [1.0]], "seed_graph_indices": [-1, -1, 0, -1, -1, -1, -1, -1, -1, -1, 0, -1, 0, -1], "graph_labels": 0, "node_importances": [0, 0, 1, 0, 0, 0, 0, 0, 0, 0, 1, 0, 1, 0], "edge_importances": [1, 1, 1, 1, 1, 1, 0, 0, 0, 0, 0, 0, 0, 0, 0, 0, 0, 0, 0, 0, 0, 0, 0, 0, 0, 0, 0, 0, 0, 0, 0, 0, 0, 0], "multi_node_importances": [[0, 0], [0, 0], [1, 0], [0, 0], [0, 0], [0, 0], [0, 0], [0, 0], [0, 0], [0, 0], [1, 0], [0, 0], [1, 0], [0, 0]], "multi_edge_importances": [[1, 0], [1, 0], [1, 0], [1, 0], [1, 0], [1, 0], [0, 0], [0, 0], [0, 0], [0, 0], [0, 0], [0, 0], [0, 0], [0, 0], [0, 0], [0, 0], [0, 0], [0, 0], [0, 0], [0, 0], [0, 0], [0, 0], [0, 0], [0, 0], [0, 0], [0, 0], [0, 0], [0, 0], [0, 0], [0, 0], [0, 0], [0, 0], [0, 0], [0, 0]], "original_value": -1.34, "class": 0, "node_positions": [[-0.0931644240878846, -0.3450646520501137], [0.03678960944658356, 0.5752640058938598], [0.30578332351540655, -0.1502133075338779], [0.8756350770976131, -0.8108532237177317], [-0.3445657609656356, 0.383708856312367], [0.14247235517811846, 1.0], [-0.974754037620442, -0.26433996226338874], [0.6177476597408117, -0.48624115108401705], [0.7046760485886369, 0.06350131338703632], [-0.7773006789880988, 0.35259648727184356], [-0.14117670872754795, 0.0623308963726095], [0.16294853740712342, -0.4396208724643689], [0.09371418986133234, 0.08647965388693818], [-0.6088051904460171, -0.027548044011156143]], "node_coordinates": [[446.30746804720184, 292.5489150126398], [490.8400858671338, 612.7333711080616], [583.0187888961069, 360.33814576719334], [778.2954545454546, 130.50000000000006], [360.15731671982945, 546.0908941498344], [527.0554244589538, 760.5], [144.20454545454544, 320.6332201896363], [689.9226546763864, 243.43328640925668], [719.7112546372786, 434.68995375290956], [211.86781621330857, 535.2668294278528], [429.85462957526, 434.2827629825968], [534.0721977965333, 259.652588529215], [510.3469877710106, 442.6841712440532], [269.6078108217642, 403.01367297566503]]}, "label": "0", "name": "4644", "value": -1.34, "input_type": "classification", "classes": {"0": "low", "1": "high"}, "image_width": 900, "image_height": 900, "image_path": "./4644.png"}