{"graph":{"node_indices":[0,1,2,3,4,5,6,7,8,9,10,11,12,13,14,15,16],"node_attributes":[[0.0,0.0,1.0],[0.0,1.0,0.0],[0.0,0.0,1.0],[1.0,0.0,1.0],[1.0,1.0,0.0],[1.0,1.0,0.0],[0.0,0.0,1.0],[1.0,0.0,1.0],[0.800000011920929,0.800000011920929,0.800000011920929],[1.0,0.0,1.0],[1.0,0.0,0.0],[0.0,0.0,1.0],[0.800000011920929,0.800000011920929,0.800000011920929],[0.800000011920929,0.800000011920929,0.800000011920929],[0.0,0.0,1.0],[1.0,0.0,0.0],[0.800000011920929,0.800000011920929,0.800000011920929]],"node_adjacency":[[0,0,0,0,0,1,0,0,0,0,0,0,0,0,0,0,0],[0,0,0,0,0,1,0,0,0,0,0,0,0,0,0,0,0],[0,0,0,1,0,1,0,0,0,1,1,0,0,1,0,0,0],[0,0,1,0,0,0,0,0,0,0,0,0,0,0,0,1,0],[0,0,0,0,0,0,0,0,1,0,0,0,0,0,0,0,0],[1,1,1,0,0,0,0,0,0,0,0,0,0,0,1,0,0],[0,0,0,0,0,0,0,0,0,0,0,0,0,1,0,0,0],[0,0,0,0,0,0,0,0,0,0,0,1,0,0,0,0,0],[0,0,0,0,1,0,0,0,0,0,0,0,0,0,1,0,0],[0,0,1,0,0,0,0,0,0,0,0,0,0,0,0,0,1],[0,0,1,0,0,0,0,0,0,0,0,0,0,0,0,0,0],[0,0,0,0,0,0,0,1,0,0,0,0,1,1,0,0,0],[0,0,0,0,0,0,0,0,0,0,0,1,0,0,0,0,0],[0,0,1,0,0,0,1,0,0,0,0,1,0,0,0,0,0],[0,0,0,0,0,0,0,0,1,0,0,0,0,0,0,0,0],[0,0,0,1,0,0,0,0,0,0,0,0,0,0,0,0,1],[0,0,0,0,0,0,0,0,0,1,0,0,0,0,0,1,0]],"edge_indices":[[5,0],[5,2],[5,14],[0,5],[2,5],[2,5],[13,2],[2,13],[9,2],[2,9],[8,14],[14,8],[4,8],[8,4],[10,2],[2,10],[11,13],[13,11],[7,11],[11,7],[16,9],[9,16],[6,13],[13,6],[1,5],[5,1],[3,2],[2,3],[12,11],[11,12],[15,3],[3,15],[15,16],[16,15]],"edge_attributes":[[1.0],[1.0],[1.0],[1.0],[1.0],[1.0],[1.0],[1.0],[1.0],[1.0],[1.0],[1.0],[1.0],[1.0],[1.0],[1.0],[1.0],[1.0],[1.0],[1.0],[1.0],[1.0],[1.0],[1.0],[1.0],[1.0],[1.0],[1.0],[1.0],[1.0],[1.0],[1.0],[1.0],[1.0]],"seed_graph_indices":[0,-1,0,-1,-1,0,-1,-1,-1,-1,-1,-1,-1,-1,0,-1,-1],"graph_labels":0,"node_importances":[1,0,1,0,0,1,0,0,0,0,0,0,0,0,1,0,0],"edge_importances":[1,1,1,1,1,1,0,0,0,0,0,0,0,0,0,0,0,0,0,0,0,0,0,0,0,0,0,0,0,0,0,0,0,0],"multi_node_importances":[[1,0],[0,0],[1,0],[0,0],[0,0],[1,0],[0,0],[0,0],[0,0],[0,0],[0,0],[0,0],[0,0],[0,0],[1,0],[0,0],[0,0]],"multi_edge_importances":[[1,0],[1,0],[1,0],[1,0],[1,0],[1,0],[0,0],[0,0],[0,0],[0,0],[0,0],[0,0],[0,0],[0,0],[0,0],[0,0],[0,0],[0,0],[0,0],[0,0],[0,0],[0,0],[0,0],[0,0],[0,0],[0,0],[0,0],[0,0],[0,0],[0,0],[0,0],[0,0],[0,0],[0,0]],"original_value":-2.371822438635469,"class":0,"node_positions":[[0.5436215883645136,0.2295392067096859],[0.5800097189667676,-0.0045313151190812554],[0.02260299319717922,-0.13256124590779478],[0.01859399750176066,-0.483418594999242],[0.5393503627609726,0.9999999999999999],[0.2599368831869043,0.12047878848107847],[-0.5633188246960892,-0.3030590408839126],[-0.9346284075859546,0.027013083328175518],[0.38761017611806564,0.743819072644896],[0.2639722358371613,-0.36447471164793055],[-0.17076888339111196,-0.30083869246501865],[-0.6203459567629315,0.12000059738701235],[-0.7633922040272627,0.39728002780735],[-0.33570335238762133,-0.04644940882101512],[0.26525433001508775,0.4552380123064952],[0.12370261542360239,-0.7854809075408081],[0.3835027274789566,-0.6725548712798902]],"node_coordinates":[[763.0618601909954,488.6459030321197],[778.2954545454545,406.0550289828249],[544.9416710374026,360.88016541736505],[543.2633376583035,237.08151319203466],[761.2737463977386,760.5],[644.2995700783971,450.16435825959326],[299.6502765775732,300.72068099985984],[144.20454545454544,417.1853473961108],[697.7489537708602,670.1075552798782],[645.9889375818599,279.05040022680885],[463.98811066615133,301.50412231138296],[275.77633244452045,449.9956303902616],[215.89118669269425,547.8325999299766],[394.9396392504394,391.2643925102169],[646.525675861829,568.2828495407398],[587.266204034736,130.5],[696.0294038691655,170.3455130737668]]},"label":"0","name":"4684","value":-2.371822438635469,"input_type":"classification","classes":{"0":"low","1":"high"},"image_width":900,"image_height":900,"image_path":"./4684.png"}