{"graph":{"node_indices":[0,1,2,3,4,5,6,7,8,9,10,11,12,13,14,15],"node_attributes":[[0.0,1.0,0.0],[0.800000011920929,0.800000011920929,0.800000011920929],[0.0,0.0,1.0],[1.0,0.0,1.0],[0.0,0.0,1.0],[0.800000011920929,0.800000011920929,0.800000011920929],[0.0,0.0,1.0],[0.0,1.0,0.0],[0.800000011920929,0.800000011920929,0.800000011920929],[0.800000011920929,0.800000011920929,0.800000011920929],[0.0,0.0,1.0],[0.0,0.0,1.0],[0.0,0.0,1.0],[0.0,1.0,0.0],[0.0,1.0,1.0],[0.0,1.0,1.0]],"node_adjacency":[[0,0,1,0,0,1,0,1,0,0,1,0,0,0,0,0],[0,0,0,1,0,0,0,0,0,0,0,0,1,0,0,0],[1,0,0,0,1,0,0,1,1,0,1,0,0,0,0,1],[0,1,0,0,0,0,0,1,0,0,0,0,0,0,0,0],[0,0,1,0,0,0,0,0,0,0,0,0,0,0,0,0],[1,0,0,0,0,0,0,0,0,0,0,0,0,0,0,0],[0,0,0,0,0,0,0,0,0,0,0,0,1,1,0,0],[1,0,1,1,0,0,0,0,0,0,0,0,0,0,0,0],[0,0,1,0,0,0,0,0,0,0,0,0,0,0,0,0],[0,0,0,0,0,0,0,0,0,0,0,0,0,0,1,0],[1,0,1,0,0,0,0,0,0,0,0,0,0,0,0,0],[0,0,0,0,0,0,0,0,0,0,0,0,0,1,1,0],[0,1,0,0,0,0,1,0,0,0,0,0,0,1,0,0],[0,0,0,0,0,0,1,0,0,0,0,1,1,0,0,0],[0,0,0,0,0,0,0,0,0,1,0,1,0,0,0,0],[0,0,1,0,0,0,0,0,0,0,0,0,0,0,0,0]],"edge_indices":[[12,6],[12,13],[6,12],[6,13],[13,6],[13,12],[10,2],[10,0],[2,10],[2,0],[0,2],[0,10],[15,2],[2,15],[8,2],[2,8],[1,12],[12,1],[11,13],[13,11],[7,2],[2,7],[5,0],[0,5],[4,2],[2,4],[3,1],[1,3],[14,11],[11,14],[9,14],[14,9],[3,7],[7,3],[7,0],[0,7]],"edge_attributes":[[1.0],[1.0],[1.0],[1.0],[1.0],[1.0],[1.0],[1.0],[1.0],[1.0],[1.0],[1.0],[1.0],[1.0],[1.0],[1.0],[1.0],[1.0],[1.0],[1.0],[1.0],[1.0],[1.0],[1.0],[1.0],[1.0],[1.0],[1.0],[1.0],[1.0],[1.0],[1.0],[1.0],[1.0],[1.0],[1.0]],"seed_graph_indices":[1,-1,1,-1,-1,-1,0,-1,-1,-1,1,-1,0,0,-1,-1],"graph_labels":0,"node_importances":[1,0,1,0,0,0,1,0,0,0,1,0,1,1,0,0],"edge_importances":[1,1,1,1,1,1,1,1,1,1,1,1,0,0,0,0,0,0,0,0,0,0,0,0,0,0,0,0,0,0,0,0,0,0,0,0],"multi_node_importances":[[1,0],[0,0],[1,0],[0,0],[0,0],[0,0],[1,0],[0,0],[0,0],[0,0],[1,0],[0,0],[1,0],[1,0],[0,0],[0,0]],"multi_edge_importances":[[1,0],[1,0],[1,0],[1,0],[1,0],[1,0],[1,0],[1,0],[1,0],[1,0],[1,0],[1,0],[0,0],[0,0],[0,0],[0,0],[0,0],[0,0],[0,0],[0,0],[0,0],[0,0],[0,0],[0,0],[0,0],[0,0],[0,0],[0,0],[0,0],[0,0],[0,0],[0,0],[0,0],[0,0],[0,0],[0,0]],"original_value":-2.0253952681899134,"class":0,"node_positions":[[0.011075019252114888,-0.4271098174115976],[-0.07264536957222657,0.10166744025378918],[0.20360491486021992,-0.4086626495253913],[-0.0010609896406240111,-0.07235907867649852],[0.29053964904116136,-0.5977293606244547],[-0.15936965512185475,-0.5385712429221367],[-0.3349327631471384,0.3403538314022233],[0.07112637467991025,-0.2536100955340953],[0.3697588130194841,-0.289183441859572],[-0.18933782539958643,1.0],[0.0970568281123707,-0.5772697173092569],[-0.16565581364011997,0.6369181275030944],[-0.16301697885467392,0.2674941526348764],[-0.18879039164121175,0.45099400777214405],[-0.17147188739122038,0.8196963021809578],[0.40312007544339495,-0.4526284578840823]],"node_coordinates":[[441.4737622670748,197.77692115646454],[369.5462054806927,406.2788618099139],[606.8839472159754,205.0508162570514],[431.04722840775383,337.6585374746141],[681.5730775140737,130.5],[295.03788007483115,153.82661279873705],[144.2045454545455,500.39519347996725],[493.06629950068265,266.18952436487393],[749.6334508070825,252.16261296337652],[269.29101841179977,760.5],[515.3441960555259,138.56743345039166],[289.63718819869325,617.333337791546],[291.90431740754457,471.66592383351826],[269.7613407943785,544.0216754304569],[284.6403650725633,689.4045238665447],[778.2954545454545,187.71467664004535]]},"label":"0","name":"4716","value":-2.0253952681899134,"input_type":"classification","classes":{"0":"low","1":"high"},"image_width":900,"image_height":900,"image_path":"./4716.png"}