{"graph":{"node_indices":[0,1,2,3,4,5,6,7,8,9,10,11,12,13,14,15,16,17,18,19,20,21,22,23,24,25,26,27,28,29,30],"node_attributes":[[1.0,0.0,0.0],[0.0,0.0,1.0],[0.0,0.0,1.0],[0.800000011920929,0.800000011920929,0.800000011920929],[1.0,0.0,1.0],[0.0,0.0,1.0],[0.0,1.0,0.0],[1.0,0.0,1.0],[0.0,1.0,0.0],[0.0,1.0,0.0],[1.0,0.0,1.0],[0.0,1.0,1.0],[0.800000011920929,0.800000011920929,0.800000011920929],[1.0,0.0,0.0],[0.800000011920929,0.800000011920929,0.800000011920929],[0.0,1.0,1.0],[1.0,0.0,1.0],[0.0,1.0,1.0],[1.0,0.0,1.0],[0.0,1.0,1.0],[0.0,1.0,0.0],[1.0,0.0,1.0],[1.0,0.0,0.0],[0.0,0.0,1.0],[0.0,0.0,1.0],[0.800000011920929,0.800000011920929,0.800000011920929],[0.0,1.0,1.0],[0.800000011920929,0.800000011920929,0.800000011920929],[0.800000011920929,0.800000011920929,0.800000011920929],[1.0,0.0,0.0],[1.0,0.0,1.0]],"node_adjacency":[[0,0,0,0,0,0,0,0,0,0,0,0,1,0,0,0,0,0,0,0,0,0,0,0,0,0,0,0,0,0,0],[0,0,0,0,0,1,0,0,1,0,0,0,0,0,0,0,0,0,0,0,0,0,0,0,0,0,0,0,0,0,0],[0,0,0,0,0,0,0,0,0,0,0,1,0,0,0,0,0,0,0,0,0,0,0,0,0,0,0,0,0,0,0],[0,0,0,0,0,0,0,0,0,0,0,1,0,0,0,0,0,0,0,0,0,0,0,0,0,0,0,0,0,0,0],[0,0,0,0,0,0,0,0,0,1,0,0,0,0,0,0,0,0,0,0,0,0,0,0,0,0,0,0,0,0,0],[0,1,0,0,0,0,0,0,1,0,0,0,0,0,0,0,0,0,0,0,0,0,0,0,0,0,0,1,0,0,0],[0,0,0,0,0,0,0,0,0,0,0,1,0,0,0,0,1,0,0,0,0,0,1,0,0,0,0,1,1,1,0],[0,0,0,0,0,0,0,0,0,0,0,1,0,0,0,0,0,0,0,0,0,0,0,0,0,0,0,0,0,0,0],[0,1,0,0,0,1,0,0,0,0,0,0,0,0,0,0,0,0,0,0,1,0,0,0,0,0,0,0,0,0,0],[0,0,0,0,1,0,0,0,0,0,0,0,1,0,0,0,0,0,0,0,0,0,0,0,0,0,0,0,0,0,0],[0,0,0,0,0,0,0,0,0,0,0,0,0,0,0,0,0,0,1,0,0,0,0,0,0,0,0,0,0,0,0],[0,0,1,1,0,0,1,1,0,0,0,0,0,0,1,1,0,0,0,0,0,0,0,1,0,0,0,0,0,0,0],[1,0,0,0,0,0,0,0,0,1,0,0,0,0,0,0,0,0,0,0,0,1,0,0,0,0,0,0,0,1,0],[0,0,0,0,0,0,0,0,0,0,0,0,0,0,0,0,1,0,0,0,0,0,0,0,0,0,0,0,0,0,0],[0,0,0,0,0,0,0,0,0,0,0,1,0,0,0,0,1,0,0,0,0,0,0,0,0,0,0,0,0,0,0],[0,0,0,0,0,0,0,0,0,0,0,1,0,0,0,0,0,0,0,0,1,0,0,0,1,0,0,0,0,0,0],[0,0,0,0,0,0,1,0,0,0,0,0,0,1,1,0,0,0,0,0,0,0,0,0,1,0,0,0,0,0,0],[0,0,0,0,0,0,0,0,0,0,0,0,0,0,0,0,0,0,0,0,0,0,0,0,0,0,0,0,0,1,0],[0,0,0,0,0,0,0,0,0,0,1,0,0,0,0,0,0,0,0,0,0,0,1,0,0,0,0,0,0,0,0],[0,0,0,0,0,0,0,0,0,0,0,0,0,0,0,0,0,0,0,0,0,0,0,0,0,0,0,1,0,0,0],[0,0,0,0,0,0,0,0,1,0,0,0,0,0,0,1,0,0,0,0,0,0,0,0,0,0,0,0,0,0,0],[0,0,0,0,0,0,0,0,0,0,0,0,1,0,0,0,0,0,0,0,0,0,0,0,0,0,1,0,0,0,0],[0,0,0,0,0,0,1,0,0,0,0,0,0,0,0,0,0,0,1,0,0,0,0,0,0,0,0,0,0,1,0],[0,0,0,0,0,0,0,0,0,0,0,1,0,0,0,0,0,0,0,0,0,0,0,0,0,0,0,0,0,0,0],[0,0,0,0,0,0,0,0,0,0,0,0,0,0,0,1,1,0,0,0,0,0,0,0,0,0,0,0,0,0,1],[0,0,0,0,0,0,0,0,0,0,0,0,0,0,0,0,0,0,0,0,0,0,0,0,0,0,1,0,0,0,0],[0,0,0,0,0,0,0,0,0,0,0,0,0,0,0,0,0,0,0,0,0,1,0,0,0,1,0,0,0,1,0],[0,0,0,0,0,1,1,0,0,0,0,0,0,0,0,0,0,0,0,1,0,0,0,0,0,0,0,0,1,0,0],[0,0,0,0,0,0,1,0,0,0,0,0,0,0,0,0,0,0,0,0,0,0,0,0,0,0,0,1,0,0,0],[0,0,0,0,0,0,1,0,0,0,0,0,1,0,0,0,0,1,0,0,0,0,1,0,0,0,1,0,0,0,0],[0,0,0,0,0,0,0,0,0,0,0,0,0,0,0,0,0,0,0,0,0,0,0,0,1,0,0,0,0,0,0]],"edge_indices":[[1,5],[1,8],[5,1],[5,8],[8,5],[8,1],[22,29],[22,6],[29,22],[29,6],[6,29],[6,22],[20,8],[8,20],[27,6],[6,27],[18,22],[22,18],[15,20],[20,15],[11,15],[15,11],[26,29],[29,26],[21,26],[26,21],[24,15],[15,24],[3,11],[11,3],[16,6],[6,16],[14,11],[11,14],[30,24],[24,30],[13,16],[16,13],[19,27],[27,19],[28,6],[6,28],[12,21],[21,12],[0,12],[12,0],[23,11],[11,23],[10,18],[18,10],[9,12],[12,9],[4,9],[9,4],[7,11],[11,7],[2,11],[11,2],[25,26],[26,25],[17,29],[29,17],[11,6],[6,11],[29,12],[12,29],[5,27],[27,5],[27,28],[28,27],[14,16],[16,14],[24,16],[16,24]],"edge_attributes":[[1.0],[1.0],[1.0],[1.0],[1.0],[1.0],[1.0],[1.0],[1.0],[1.0],[1.0],[1.0],[1.0],[1.0],[1.0],[1.0],[1.0],[1.0],[1.0],[1.0],[1.0],[1.0],[1.0],[1.0],[1.0],[1.0],[1.0],[1.0],[1.0],[1.0],[1.0],[1.0],[1.0],[1.0],[1.0],[1.0],[1.0],[1.0],[1.0],[1.0],[1.0],[1.0],[1.0],[1.0],[1.0],[1.0],[1.0],[1.0],[1.0],[1.0],[1.0],[1.0],[1.0],[1.0],[1.0],[1.0],[1.0],[1.0],[1.0],[1.0],[1.0],[1.0],[1.0],[1.0],[1.0],[1.0],[1.0],[1.0],[1.0],[1.0],[1.0],[1.0],[1.0],[1.0]],"seed_graph_indices":[-1,0,-1,-1,-1,0,1,-1,0,-1,-1,-1,-1,-1,-1,-1,-1,-1,-1,-1,-1,-1,1,-1,-1,-1,-1,-1,-1,1,-1],"graph_labels":0,"node_importances":[0,1,0,0,0,1,1,0,1,0,0,0,0,0,0,0,0,0,0,0,0,0,1,0,0,0,0,0,0,1,0],"edge_importances":[1,1,1,1,1,1,1,1,1,1,1,1,0,0,0,0,0,0,0,0,0,0,0,0,0,0,0,0,0,0,0,0,0,0,0,0,0,0,0,0,0,0,0,0,0,0,0,0,0,0,0,0,0,0,0,0,0,0,0,0,0,0,0,0,0,0,0,0,0,0,0,0,0,0],"multi_node_importances":[[0,0],[1,0],[0,0],[0,0],[0,0],[1,0],[0,1],[0,0],[1,0],[0,0],[0,0],[0,0],[0,0],[0,0],[0,0],[0,0],[0,0],[0,0],[0,0],[0,0],[0,0],[0,0],[0,1],[0,0],[0,0],[0,0],[0,0],[0,0],[0,0],[0,1],[0,0]],"multi_edge_importances":[[1,0],[1,0],[1,0],[1,0],[1,0],[1,0],[0,1],[0,1],[0,1],[0,1],[0,1],[0,1],[0,0],[0,0],[0,0],[0,0],[0,0],[0,0],[0,0],[0,0],[0,0],[0,0],[0,0],[0,0],[0,0],[0,0],[0,0],[0,0],[0,0],[0,0],[0,0],[0,0],[0,0],[0,0],[0,0],[0,0],[0,0],[0,0],[0,0],[0,0],[0,0],[0,0],[0,0],[0,0],[0,0],[0,0],[0,0],[0,0],[0,0],[0,0],[0,0],[0,0],[0,0],[0,0],[0,0],[0,0],[0,0],[0,0],[0,0],[0,0],[0,0],[0,0],[0,0],[0,0],[0,0],[0,0],[0,0],[0,0],[0,0],[0,0],[0,0],[0,0],[0,0],[0,0]],"original_value":-0.03070075038054143,"class":0,"node_positions":[[-0.7791804848780997,-0.5403036592728384],[0.36211595469700186,0.9138022590839252],[0.6752300547233283,0.049459010832736884],[0.4926875009560289,-0.3459828846952766],[-0.6491027916809438,-1.0],[0.22791212824716084,0.6662168764141883],[0.00578849707979277,0.03045603323150408],[0.6625209352301226,-0.1345758775224685],[0.5341478766290375,0.7120693521470015],[-0.537239854083635,-0.7251013218570885],[-0.7153027292565418,0.5877817312981239],[0.3409543582800379,-0.01921043257018212],[-0.5238979655747248,-0.3944918255738395],[0.18530201072552024,-0.574140810472744],[0.33163672822586737,-0.3243450027419869],[0.5700192154879054,0.15541101843594077],[0.16268866041848817,-0.22188076470313822],[-0.2648770529763994,-0.3956175806428132],[-0.5022634918925281,0.35860109651959055],[-0.13193578800881015,0.6658773469629398],[0.7070976340317524,0.45613396066458756],[-0.811207516992879,-0.27538793163420805],[-0.27653346805633416,0.10586924570265092],[0.38743318583951913,0.2472993339981221],[0.5474094678453617,-0.17999479084684505],[-0.9076121889908448,0.08381885108261591],[-0.6193788638328123,-0.051932700583306124],[0.04473918640576504,0.403687821963724],[-0.05899528140102028,0.2544088681925007],[-0.3058689822880323,-0.1332928889434822],[0.8457130650909153,-0.374634334469935]],"node_coordinates":[[190.65193211446956,281.82634172808326],[603.4023303806474,760.5],[716.64019304912,475.9689081311356],[650.6235919669083,345.7943339293588],[237.6945915068533,130.5],[554.8674529419345,678.9979585317262],[474.536336459355,469.7133632690937],[712.0439339611778,415.38690227684367],[665.6177564783394,694.092025630121],[278.14987590404564,220.99324004504666],[213.75335270854703,653.1780802299975],[595.7492290073515,453.3637778787829],[282.97497620640513,329.8257914070383],[539.4574837460493,270.687570648283],[592.3795036823626,352.9172566690872],[678.5906431771281,510.8469967493241],[531.2793548903815,386.64721474499305],[376.6500120051938,329.45520678154367],[290.7990938667829,577.7346538126894],[424.72828348548535,678.8861896416691],[728.1651182089917,609.8412646810244],[179.06934077161014,369.03331811248006],[372.43446396721856,494.5384587727243],[612.5583190219168,541.0954921356155],[670.4138172267799,400.43555855335273],[144.20454545454544,487.27974197234204],[248.4442641001709,442.5920125355149],[488.6228717139665,592.5766454003681],[451.10725226883704,543.4358627361823],[361.8252613423647,415.8092462263948],[778.2954545454545,336.3626315304522]]},"label":"0","name":"4734","value":-0.03070075038054143,"input_type":"classification","classes":{"0":"low","1":"high"},"image_width":900,"image_height":900,"image_path":"./4734.png"}