{"graph": {"node_indices": [0, 1, 2, 3, 4, 5, 6, 7, 8, 9, 10, 11], "node_attributes": [[1.0, 0.0, 0.0], [1.0, 0.0, 0.0], [0.0, 0.0, 1.0], [1.0, 0.0, 1.0], [1.0, 0.0, 0.0], [0.0, 1.0, 0.0], [1.0, 0.0, 0.0], [0.0, 0.0, 1.0], [0.0, 0.0, 1.0], [1.0, 1.0, 0.0], [0.0, 1.0, 0.0], [0.0, 0.0, 1.0]], "node_adjacency": [[0, 0, 1, 0, 0, 1, 0, 0, 0, 0, 0, 0], [0, 0, 0, 0, 0, 0, 0, 1, 0, 0, 0, 0], [1, 0, 0, 0, 0, 0, 1, 1, 1, 0, 0, 0], [0, 0, 0, 0, 1, 0, 0, 0, 1, 0, 0, 0], [0, 0, 0, 1, 0, 0, 0, 0, 0, 0, 0, 0], [1, 0, 0, 0, 0, 0, 1, 0, 0, 1, 0, 0], [0, 0, 1, 0, 0, 1, 0, 0, 0, 0, 1, 0], [0, 1, 1, 0, 0, 0, 0, 0, 0, 0, 1, 1], [0, 0, 1, 1, 0, 0, 0, 0, 0, 0, 0, 0], [0, 0, 0, 0, 0, 1, 0, 0, 0, 0, 0, 0], [0, 0, 0, 0, 0, 0, 1, 1, 0, 0, 0, 0], [0, 0, 0, 0, 0, 0, 0, 1, 0, 0, 0, 0]], "edge_indices": [[8, 2], [2, 8], [2, 7], [7, 2], [7, 11], [11, 7], [6, 2], [2, 6], [3, 8], [8, 3], [4, 3], [3, 4], [1, 7], [7, 1], [5, 6], [6, 5], [10, 7], [7, 10], [0, 2], [2, 0], [9, 5], [5, 9], [10, 6], [6, 10], [5, 0], [0, 5]], "edge_attributes": [[1.0], [1.0], [1.0], [1.0], [1.0], [1.0], [1.0], [1.0], [1.0], [1.0], [1.0], [1.0], [1.0], [1.0], [1.0], [1.0], [1.0], [1.0], [1.0], [1.0], [1.0], [1.0], [1.0], [1.0], [1.0], [1.0]], "seed_graph_indices": [-1, -1, 0, -1, -1, -1, -1, 0, 0, -1, -1, 0], "graph_labels": 0, "node_importances": [0, 0, 1, 0, 0, 0, 0, 1, 1, 0, 0, 1], "edge_importances": [1, 1, 1, 1, 1, 1, 0, 0, 0, 0, 0, 0, 0, 0, 0, 0, 0, 0, 0, 0, 0, 0, 0, 0, 0, 0], "multi_node_importances": [[0, 0], [0, 0], [1, 0], [0, 0], [0, 0], [0, 0], [0, 0], [1, 0], [1, 0], [0, 0], [0, 0], [1, 0]], "multi_edge_importances": [[1, 0], [1, 0], [1, 0], [1, 0], [1, 0], [1, 0], [0, 0], [0, 0], [0, 0], [0, 0], [0, 0], [0, 0], [0, 0], [0, 0], [0, 0], [0, 0], [0, 0], [0, 0], [0, 0], [0, 0], [0, 0], [0, 0], [0, 0], [0, 0], [0, 0], [0, 0]], "original_value": -2.99, "class": 0, "node_positions": [[0.34248466606950295, -0.23663392645757983], [-0.8501110039356631, 0.0029900335311581], [0.004403950064707703, 0.032826879005663535], [0.4611898463248737, 0.6982699486852453], [0.6848042654618963, 1.0], [0.2688552340194219, -0.631600605170875], [-0.048400843030837463, -0.388324425233276], [-0.43865255292467464, 0.06166578016365969], [0.23054797327725346, 0.38531453681881983], [0.4314046262722472, -0.9808223211227663], [-0.44466742249708424, -0.36039962891079524], [-0.6418587391016438, 0.4167137286907462]], "node_coordinates": [[636.8793449359949, 367.18891633517194], [144.2045454545455, 443.4012515775052], [497.2143661377021, 452.89085215828004], [685.9178014310371, 664.5348393183751], [778.2954545454545, 760.5], [606.4621913410556, 241.56987169095817], [475.4001071190571, 318.9437944937942], [314.18269894382354, 462.06305682085645], [590.6370273902678, 564.9994557691364], [673.61318915882, 130.5], [311.6978880938218, 327.8252683622788], [230.2359183658807, 574.9859601962983]]}, "label": "0", "name": "4740", "value": -2.99, "input_type": "classification", "classes": {"0": "low", "1": "high"}, "image_width": 900, "image_height": 900, "image_path": "./4740.png"}