{"graph":{"node_indices":[0,1,2,3,4,5,6,7,8,9,10],"node_attributes":[[0.0,0.0,1.0],[1.0,1.0,0.0],[0.0,0.0,1.0],[1.0,1.0,0.0],[0.0,0.0,1.0],[0.0,0.0,1.0],[1.0,1.0,0.0],[0.0,0.0,1.0],[1.0,0.0,0.0],[0.0,1.0,0.0],[0.0,1.0,0.0]],"node_adjacency":[[0,1,0,0,0,0,0,0,0,0,0],[1,0,1,0,0,0,0,1,0,0,0],[0,1,0,0,0,0,0,0,0,0,0],[0,0,0,0,0,0,0,1,0,1,1],[0,0,0,0,0,1,0,0,0,0,1],[0,0,0,0,1,0,0,0,1,0,1],[0,0,0,0,0,0,0,0,0,1,0],[0,0,0,1,0,0,0,0,1,1,0],[0,0,0,0,0,1,0,1,0,0,0],[0,0,0,1,0,0,1,1,0,0,0],[0,0,0,1,1,1,0,0,0,0,0]],"edge_indices":[[4,5],[4,10],[5,4],[5,10],[10,5],[10,4],[1,2],[1,0],[1,7],[2,1],[0,1],[0,1],[9,7],[7,9],[6,9],[9,6],[3,9],[9,3],[8,5],[5,8],[8,7],[7,8],[3,10],[10,3],[7,3],[3,7]],"edge_attributes":[[1.0],[1.0],[1.0],[1.0],[1.0],[1.0],[1.0],[1.0],[1.0],[1.0],[1.0],[1.0],[1.0],[1.0],[1.0],[1.0],[1.0],[1.0],[1.0],[1.0],[1.0],[1.0],[1.0],[1.0],[1.0],[1.0]],"seed_graph_indices":[1,1,1,-1,0,0,-1,1,-1,-1,0],"graph_labels":0,"node_importances":[1,1,1,0,1,1,0,1,0,0,1],"edge_importances":[1,1,1,1,1,1,1,1,1,1,1,1,0,0,0,0,0,0,0,0,0,0,0,0,0,0],"multi_node_importances":[[1,0],[1,0],[1,0],[0,0],[1,0],[1,0],[0,0],[1,0],[0,0],[0,0],[1,0]],"multi_edge_importances":[[1,0],[1,0],[1,0],[1,0],[1,0],[1,0],[1,0],[1,0],[1,0],[1,0],[1,0],[1,0],[0,0],[0,0],[0,0],[0,0],[0,0],[0,0],[0,0],[0,0],[0,0],[0,0],[0,0],[0,0],[0,0],[0,0]],"original_value":-2.64074254414475,"class":0,"node_positions":[[0.7749596667296483,0.5814230892352096],[0.3256295109068955,0.5056145627953137],[0.2726776708660707,0.9550154681371951],[-0.2879938007924071,-0.1636016581739064],[-0.11462410894451168,-1.0],[0.17706857949066543,-0.7033774084138337],[-0.8248201791309411,0.36501000608168815],[0.03982187781760439,0.13221637455958865],[0.3054636388629247,-0.26945674393622515],[-0.41343041338427566,0.2079028696412295],[-0.2547524424216738,-0.6107465599262593]],"node_coordinates":[[778.2954545454545,640.1105695611132],[600.1983446682259,615.6814167306031],[579.2102815441647,760.5],[356.9817767376083,400.02776790687835],[425.69882289686007,130.5],[541.314532435653,226.08606350943248],[144.20454545454544,570.3718669222905],[486.915243646773,495.35456386296204],[592.2053722788946,365.91616873175565],[307.2635508720517,519.7443923213871],[370.15736661846233,255.93617748463126]]},"label":"0","name":"4740","value":-2.64074254414475,"input_type":"classification","classes":{"0":"low","1":"high"},"image_width":900,"image_height":900,"image_path":"./4740.png"}