{"graph":{"node_indices":[0,1,2,3,4,5,6,7,8,9,10,11,12,13,14],"node_attributes":[[1.0,0.0,1.0],[1.0,0.0,1.0],[1.0,0.0,0.0],[0.0,1.0,0.0],[0.0,0.0,1.0],[1.0,1.0,0.0],[0.0,1.0,0.0],[1.0,1.0,0.0],[1.0,0.0,0.0],[0.800000011920929,0.800000011920929,0.800000011920929],[0.0,1.0,0.0],[0.0,1.0,1.0],[0.0,1.0,1.0],[0.800000011920929,0.800000011920929,0.800000011920929],[0.800000011920929,0.800000011920929,0.800000011920929]],"node_adjacency":[[0,0,0,0,0,0,1,0,0,0,0,1,0,0,0],[0,0,0,0,0,0,0,0,0,0,0,1,0,1,0],[0,0,0,0,0,0,0,0,1,0,0,0,0,0,0],[0,0,0,0,0,0,0,1,0,1,0,0,0,0,0],[0,0,0,0,0,0,0,0,0,1,0,0,0,0,1],[0,0,0,0,0,0,0,0,0,0,0,0,1,0,0],[1,0,0,0,0,0,0,0,0,0,0,0,0,0,0],[0,0,0,1,0,0,0,0,0,0,0,0,0,0,0],[0,0,1,0,0,0,0,0,0,1,0,0,0,0,0],[0,0,0,1,1,0,0,0,1,0,1,1,0,0,0],[0,0,0,0,0,0,0,0,0,1,0,0,0,0,0],[1,1,0,0,0,0,0,0,0,1,0,0,1,0,0],[0,0,0,0,0,1,0,0,0,0,0,1,0,0,0],[0,1,0,0,0,0,0,0,0,0,0,0,0,0,0],[0,0,0,0,1,0,0,0,0,0,0,0,0,0,0]],"edge_indices":[[0,11],[11,0],[9,11],[11,9],[10,9],[9,10],[4,9],[9,4],[8,9],[9,8],[14,4],[4,14],[1,11],[11,1],[12,11],[11,12],[3,9],[9,3],[5,12],[12,5],[7,3],[3,7],[2,8],[8,2],[6,0],[0,6],[13,1],[1,13]],"edge_attributes":[[1.0],[1.0],[1.0],[1.0],[1.0],[1.0],[1.0],[1.0],[1.0],[1.0],[1.0],[1.0],[1.0],[1.0],[1.0],[1.0],[1.0],[1.0],[1.0],[1.0],[1.0],[1.0],[1.0],[1.0],[1.0],[1.0],[1.0],[1.0]],"seed_graph_indices":[-1,-1,-1,-1,-1,-1,-1,-1,-1,-1,-1,-1,-1,-1,-1],"graph_labels":0,"node_importances":[0,0,0,0,0,0,0,0,0,0,0,0,0,0,0],"edge_importances":[0,0,0,0,0,0,0,0,0,0,0,0,0,0,0,0,0,0,0,0,0,0,0,0,0,0,0,0],"multi_node_importances":[[0,0],[0,0],[0,0],[0,0],[0,0],[0,0],[0,0],[0,0],[0,0],[0,0],[0,0],[0,0],[0,0],[0,0],[0,0]],"multi_edge_importances":[[0,0],[0,0],[0,0],[0,0],[0,0],[0,0],[0,0],[0,0],[0,0],[0,0],[0,0],[0,0],[0,0],[0,0],[0,0],[0,0],[0,0],[0,0],[0,0],[0,0],[0,0],[0,0],[0,0],[0,0],[0,0],[0,0],[0,0],[0,0]],"original_value":-0.09376651871589381,"class":0,"node_positions":[[-0.06361326133196044,0.5701365942412743],[-0.5140099009244752,0.41589000852612784],[0.901537426620335,-0.5082719193947687],[0.5027525887867781,0.12230617303213405],[0.16321139732499268,-0.5930134273513308],[-0.9682582125532995,-0.20734407616864217],[-0.0023871425450486127,0.9739806995754896],[0.8673760978840632,0.31411684141870855],[0.5417799265355207,-0.3197119090445208],[0.16406251355358237,-0.1396308380524749],[-0.1031589152368085,-0.4001685450968149],[-0.19581160999533803,0.15530960002565683],[-0.5888453513471388,-0.05329196308497258],[-0.8270635298187702,0.6696927613741336],[0.12242797304756786,-1.0]],"node_coordinates":[[450.9905532441226,631.6123232282515],[298.2506448459368,582.3842081704701],[778.2954545454546,287.4360282235367],[643.0583007860704,488.68632328183264],[527.9120365328461,260.3906016780213],[144.2045454545455,383.477768283726],[471.7537449578753,760.5],[766.7105585598648,549.9030925792879],[656.2933728731115,347.61534332332616],[528.200669713832,405.08858748897933],[437.5797081711275,321.93744245841606],[406.15903832983753,499.2194348823619],[272.87221428562907,432.64381700121515],[192.08692514257842,663.3858787180238],[514.0814349237088,130.50000000000006]]},"label":"0","name":"4744","value":-0.09376651871589381,"input_type":"classification","classes":{"0":"low","1":"high"},"image_width":900,"image_height":900,"image_path":"./4744.png"}