{"graph":{"node_indices":[0,1,2,3,4,5,6,7,8,9,10,11,12,13,14,15,16,17,18,19,20,21,22,23],"node_attributes":[[0.0,0.0,1.0],[1.0,0.0,1.0],[0.0,1.0,0.0],[1.0,0.0,0.0],[1.0,1.0,0.0],[0.0,0.0,1.0],[0.0,0.0,1.0],[0.0,1.0,0.0],[0.0,1.0,1.0],[1.0,0.0,0.0],[0.800000011920929,0.800000011920929,0.800000011920929],[0.0,1.0,1.0],[0.0,1.0,0.0],[1.0,0.0,0.0],[1.0,1.0,0.0],[1.0,0.0,0.0],[1.0,1.0,0.0],[1.0,0.0,0.0],[0.0,0.0,1.0],[0.800000011920929,0.800000011920929,0.800000011920929],[0.800000011920929,0.800000011920929,0.800000011920929],[0.800000011920929,0.800000011920929,0.800000011920929],[1.0,0.0,1.0],[0.0,1.0,0.0]],"node_adjacency":[[0,0,0,0,0,0,0,0,0,0,1,0,0,0,0,0,0,0,0,0,0,0,0,0],[0,0,0,0,0,1,0,0,0,0,0,0,0,0,0,0,0,0,0,0,0,0,0,0],[0,0,0,0,0,0,1,0,0,0,0,0,0,0,0,0,0,0,0,0,0,0,0,0],[0,0,0,0,0,0,1,0,0,0,0,0,0,0,0,0,0,0,0,0,0,1,0,0],[0,0,0,0,0,1,1,0,0,0,0,0,1,1,0,0,0,0,1,0,0,0,0,0],[0,1,0,0,1,0,0,0,1,0,0,0,0,0,0,0,0,0,0,0,0,0,0,1],[0,0,1,1,1,0,0,0,0,0,0,0,0,0,0,0,0,0,0,1,0,0,0,0],[0,0,0,0,0,0,0,0,0,0,0,0,0,0,0,1,0,0,0,1,1,0,0,0],[0,0,0,0,0,1,0,0,0,0,0,0,0,0,0,0,0,0,0,0,0,0,0,0],[0,0,0,0,0,0,0,0,0,0,0,0,0,0,0,0,0,0,0,0,0,0,0,0],[1,0,0,0,0,0,0,0,0,0,0,0,0,0,0,0,0,1,0,0,0,0,0,0],[0,0,0,0,0,0,0,0,0,0,0,0,0,0,0,1,0,0,0,0,0,0,0,0],[0,0,0,0,1,0,0,0,0,0,0,0,0,0,0,0,0,0,0,0,0,0,0,0],[0,0,0,0,1,0,0,0,0,0,0,0,0,0,0,0,0,0,0,0,0,0,0,0],[0,0,0,0,0,0,0,0,0,0,0,0,0,0,0,0,0,0,0,1,0,0,0,0],[0,0,0,0,0,0,0,1,0,0,0,1,0,0,0,0,1,0,0,0,0,0,1,0],[0,0,0,0,0,0,0,0,0,1,0,0,0,0,0,1,0,1,0,0,0,0,0,0],[0,0,0,0,0,0,0,0,0,0,1,0,0,0,0,0,1,0,0,0,0,0,0,0],[0,0,0,0,0,0,0,0,0,0,0,0,0,0,0,0,0,0,0,0,0,0,0,0],[0,0,0,0,0,0,1,1,0,0,0,0,0,0,1,0,0,0,0,0,0,0,0,0],[0,0,0,0,0,0,0,1,0,0,0,0,0,0,0,0,0,0,0,0,0,0,0,0],[0,0,0,1,0,0,0,0,0,0,0,0,0,0,0,0,0,0,0,0,0,0,1,0],[0,0,0,0,0,0,0,0,0,0,0,0,0,0,0,1,0,0,0,0,0,1,0,0],[0,0,0,0,0,1,0,0,0,0,0,0,0,0,0,0,0,0,0,0,0,0,0,0]],"edge_indices":[[4,5],[4,6],[4,18],[5,4],[6,4],[6,4],[16,17],[16,15],[16,9],[17,16],[15,16],[15,16],[7,15],[15,7],[1,5],[5,1],[20,7],[7,20],[3,6],[6,3],[21,3],[3,21],[10,17],[17,10],[23,5],[5,23],[8,5],[5,8],[11,15],[15,11],[22,21],[21,22],[0,10],[10,0],[12,4],[4,12],[2,6],[6,2],[19,7],[7,19],[14,19],[19,14],[13,4],[4,13],[22,15],[15,22],[6,19],[19,6]],"edge_attributes":[[1.0],[1.0],[1.0],[1.0],[1.0],[1.0],[1.0],[1.0],[1.0],[1.0],[1.0],[1.0],[1.0],[1.0],[1.0],[1.0],[1.0],[1.0],[1.0],[1.0],[1.0],[1.0],[1.0],[1.0],[1.0],[1.0],[1.0],[1.0],[1.0],[1.0],[1.0],[1.0],[1.0],[1.0],[1.0],[1.0],[1.0],[1.0],[1.0],[1.0],[1.0],[1.0],[1.0],[1.0],[1.0],[1.0],[1.0],[1.0]],"seed_graph_indices":[-1,-1,-1,-1,0,0,0,-1,-1,1,-1,-1,-1,-1,-1,1,1,1,0,-1,-1,-1,-1,-1],"graph_labels":0,"node_importances":[0,0,0,0,1,1,1,0,0,1,0,0,0,0,0,1,1,1,1,0,0,0,0,0],"edge_importances":[1,1,1,1,1,1,1,1,1,1,1,1,0,0,0,0,0,0,0,0,0,0,0,0,0,0,0,0,0,0,0,0,0,0,0,0,0,0,0,0,0,0,0,0,0,0,0,0],"multi_node_importances":[[0,0],[0,0],[0,0],[0,0],[1,0],[1,0],[1,0],[0,0],[0,0],[0,1],[0,0],[0,0],[0,0],[0,0],[0,0],[0,1],[0,1],[0,1],[1,0],[0,0],[0,0],[0,0],[0,0],[0,0]],"multi_edge_importances":[[1,0],[1,0],[1,0],[1,0],[1,0],[1,0],[0,1],[0,1],[0,1],[0,1],[0,1],[0,1],[0,0],[0,0],[0,0],[0,0],[0,0],[0,0],[0,0],[0,0],[0,0],[0,0],[0,0],[0,0],[0,0],[0,0],[0,0],[0,0],[0,0],[0,0],[0,0],[0,0],[0,0],[0,0],[0,0],[0,0],[0,0],[0,0],[0,0],[0,0],[0,0],[0,0],[0,0],[0,0],[0,0],[0,0],[0,0],[0,0]],"original_value":-0.38303751375712924,"class":0,"node_positions":[[0.5082551969106264,-1.0],[0.11269004991230164,0.6548338736270639],[-0.3596685342076204,0.13619845876178877],[-0.252202388626231,-0.0063454019731514],[-0.21083067505016606,0.39692564618240894],[-0.08662968347116601,0.5929559505356369],[-0.15035359994231676,0.18115420330099308],[0.14339114196030325,-0.12317801182804079],[-0.01296204432703581,0.7817870166529935],[0.5088902586969306,-0.41275891895842715],[0.42898569794244157,-0.8328145889235963],[0.01200995947663373,-0.5409409401297727],[-0.4238827562521337,0.4797768746556298],[-0.3006645410930806,0.5456569416720972],[0.2460249087453533,0.16813099820938976],[0.1135471695961568,-0.35607387219405173],[0.3044089750452242,-0.4591597105242633],[0.35604121688897017,-0.6568277837321822],[-0.42794129301119377,0.35716320954939523],[0.0545638601623391,0.08268143765998337],[0.018051136489968662,-0.19315878964208658],[-0.26558652282069345,-0.21545267778105362],[-0.11238808779631423,-0.3612660197624816],[-0.2037494452292974,0.7807121046417268]],"node_coordinates":[[777.8656153660713,130.5],[510.1288347169577,715.6122107419015],[190.414705239375,532.2343388013537],[263.15276132208646,481.83402079269376],[291.1550499130977,624.4216353411737],[375.22002351131505,693.7335624055661],[332.0887305351642,548.1296836405481],[530.9087532960302,440.52462549423484],[425.08168774573653,760.5],[778.2954545454545,338.1352996168687],[724.2123533978223,189.61301855593604],[441.98389451366546,292.81300655759964],[146.9515507816388,653.7159749285041],[230.35133585965625,677.0096917602378],[600.3760319818281,543.5249698722762],[510.70897294836595,358.1778631375296],[639.8930674713022,321.72901849950557],[674.8401559947498,251.83801303303036],[144.2045454545455,610.3625279143755],[470.7863419995182,513.3119182319914],[446.07284243325705,415.78098912760225],[254.09376047685714,407.8983693777219],[357.7855445108115,356.34203599458897],[295.94795366021145,760.1199351770056]]},"label":"0","name":"4750","value":-0.38303751375712924,"input_type":"classification","classes":{"0":"low","1":"high"},"image_width":900,"image_height":900,"image_path":"./4750.png"}