{"graph":{"node_indices":[0,1,2,3,4,5,6,7,8,9,10,11,12,13,14,15,16],"node_attributes":[[0.0,1.0,0.0],[0.0,0.0,1.0],[0.0,0.0,1.0],[0.0,1.0,0.0],[0.0,0.0,1.0],[1.0,0.0,1.0],[0.800000011920929,0.800000011920929,0.800000011920929],[0.800000011920929,0.800000011920929,0.800000011920929],[0.0,1.0,1.0],[0.0,1.0,0.0],[1.0,1.0,0.0],[1.0,0.0,0.0],[0.800000011920929,0.800000011920929,0.800000011920929],[0.0,0.0,1.0],[1.0,0.0,0.0],[1.0,0.0,1.0],[1.0,0.0,1.0]],"node_adjacency":[[0,0,0,0,0,0,0,0,0,0,0,0,0,0,1,0,0],[0,0,0,0,0,0,0,0,1,1,0,0,1,1,0,0,0],[0,0,0,1,1,0,0,0,0,0,0,0,0,0,0,1,0],[0,0,1,0,1,0,0,0,0,0,0,0,0,0,0,0,0],[0,0,1,1,0,0,0,1,0,0,0,0,0,0,0,0,0],[0,0,0,0,0,0,0,0,0,0,0,1,0,0,0,0,0],[0,0,0,0,0,0,0,0,0,0,0,0,0,0,0,1,1],[0,0,0,0,1,0,0,0,0,0,0,0,0,1,0,0,0],[0,1,0,0,0,0,0,0,0,0,0,0,0,0,0,0,1],[0,1,0,0,0,0,0,0,0,0,1,1,0,0,1,0,0],[0,0,0,0,0,0,0,0,0,1,0,0,0,0,0,0,0],[0,0,0,0,0,1,0,0,0,1,0,0,0,0,1,0,0],[0,1,0,0,0,0,0,0,0,0,0,0,0,0,0,0,0],[0,1,0,0,0,0,0,1,0,0,0,0,0,0,0,0,0],[1,0,0,0,0,0,0,0,0,1,0,1,0,0,0,0,0],[0,0,1,0,0,0,1,0,0,0,0,0,0,0,0,0,0],[0,0,0,0,0,0,1,0,1,0,0,0,0,0,0,0,0]],"edge_indices":[[2,4],[2,3],[4,2],[4,3],[3,4],[3,2],[14,11],[14,9],[11,14],[11,9],[9,11],[9,14],[0,14],[14,0],[1,9],[9,1],[5,11],[11,5],[8,1],[1,8],[16,8],[8,16],[12,1],[1,12],[6,16],[16,6],[7,4],[4,7],[15,2],[2,15],[13,1],[1,13],[10,9],[9,10],[15,6],[6,15],[13,7],[7,13]],"edge_attributes":[[1.0],[1.0],[1.0],[1.0],[1.0],[1.0],[1.0],[1.0],[1.0],[1.0],[1.0],[1.0],[1.0],[1.0],[1.0],[1.0],[1.0],[1.0],[1.0],[1.0],[1.0],[1.0],[1.0],[1.0],[1.0],[1.0],[1.0],[1.0],[1.0],[1.0],[1.0],[1.0],[1.0],[1.0],[1.0],[1.0],[1.0],[1.0]],"seed_graph_indices":[-1,-1,0,0,0,-1,-1,-1,-1,1,-1,1,-1,-1,1,-1,-1],"graph_labels":0,"node_importances":[0,0,1,1,1,0,0,0,0,1,0,1,0,0,1,0,0],"edge_importances":[1,1,1,1,1,1,1,1,1,1,1,1,0,0,0,0,0,0,0,0,0,0,0,0,0,0,0,0,0,0,0,0,0,0,0,0,0,0],"multi_node_importances":[[0,0],[0,0],[1,0],[1,0],[1,0],[0,0],[0,0],[0,0],[0,0],[0,1],[0,0],[0,1],[0,0],[0,0],[0,1],[0,0],[0,0]],"multi_edge_importances":[[1,0],[1,0],[1,0],[1,0],[1,0],[1,0],[0,1],[0,1],[0,1],[0,1],[0,1],[0,1],[0,0],[0,0],[0,0],[0,0],[0,0],[0,0],[0,0],[0,0],[0,0],[0,0],[0,0],[0,0],[0,0],[0,0],[0,0],[0,0],[0,0],[0,0],[0,0],[0,0],[0,0],[0,0],[0,0],[0,0],[0,0],[0,0]],"original_value":-0.050815336346175854,"class":0,"node_positions":[[0.18107834271960843,0.9203976582589243],[-0.10620096925189708,0.11708835100424585],[0.2649965510235401,-0.8346172753774082],[0.05121707919660012,-1.0],[-0.030213848746515816,-0.7410733847063561],[-0.4263344885082336,0.957597902134103],[0.6027817266298257,-0.3799714927142557],[-0.2069966960552098,-0.49310333589939714],[0.2159248366693723,0.06874334162724295],[-0.18416143227382073,0.433694831102481],[-0.5095177099705089,0.4584843115960069],[-0.25327288377304624,0.7173633276832914],[-0.4164951192161343,0.05701801855060569],[-0.19316035748600496,-0.18771963629937252],[-0.0010520146390105714,0.6833574458333043],[0.529424187357112,-0.6833215453595141],[0.4819827963243235,-0.09393851743390169]],"node_coordinates":[[537.8941082248751,748.5281064789591],[374.1241789261733,490.00470746084005],[585.7335399837892,183.72396208059246],[463.8638211156084,130.5],[417.442318570049,213.82853619078975],[191.6249816990681,760.5],[778.2954545454545,330.0394249065047],[316.663344246135,293.6309974511321],[557.7591232560533,474.44617224055384],[329.6810917105478,591.8959499087614],[144.20454545454544,599.8737745140575],[290.28257934262103,683.1869921861801],[197.23413190989407,470.67269376970523],[324.551055246558,391.9104911808081],[434.06666745626575,672.2431177867763],[736.4763658760598,232.4144055099417],[709.4313510368344,422.09141077662366]]},"label":"0","name":"4780","value":-0.050815336346175854,"input_type":"classification","classes":{"0":"low","1":"high"},"image_width":900,"image_height":900,"image_path":"./4780.png"}