{"graph":{"node_indices":[0,1,2,3,4,5,6,7,8,9],"node_attributes":[[1.0,0.0,0.0],[0.0,0.0,1.0],[1.0,0.0,0.0],[1.0,0.0,1.0],[0.800000011920929,0.800000011920929,0.800000011920929],[0.0,1.0,0.0],[1.0,1.0,0.0],[0.0,0.0,1.0],[0.800000011920929,0.800000011920929,0.800000011920929],[0.0,1.0,0.0]],"node_adjacency":[[0,1,1,0,0,0,0,0,0,0],[1,0,0,0,0,1,0,1,0,0],[1,0,0,0,0,0,0,0,1,1],[0,0,0,0,0,1,1,0,0,0],[0,0,0,0,0,1,0,0,0,0],[0,1,0,1,1,0,0,1,1,0],[0,0,0,1,0,0,0,0,0,0],[0,1,0,0,0,1,0,0,0,0],[0,0,1,0,0,1,0,0,0,1],[0,0,1,0,0,0,0,0,1,0]],"edge_indices":[[1,7],[1,5],[7,1],[7,5],[5,7],[5,1],[0,1],[1,0],[3,5],[5,3],[2,0],[0,2],[8,2],[2,8],[4,5],[5,4],[6,3],[3,6],[9,2],[2,9],[8,9],[9,8],[8,5],[5,8]],"edge_attributes":[[1.0],[1.0],[1.0],[1.0],[1.0],[1.0],[1.0],[1.0],[1.0],[1.0],[1.0],[1.0],[1.0],[1.0],[1.0],[1.0],[1.0],[1.0],[1.0],[1.0],[1.0],[1.0],[1.0],[1.0]],"seed_graph_indices":[-1,0,-1,-1,-1,0,-1,0,-1,-1],"graph_labels":0,"node_importances":[0,1,0,0,0,1,0,1,0,0],"edge_importances":[1,1,1,1,1,1,0,0,0,0,0,0,0,0,0,0,0,0,0,0,0,0,0,0],"multi_node_importances":[[0,0],[1,0],[0,0],[0,0],[0,0],[1,0],[0,0],[1,0],[0,0],[0,0]],"multi_edge_importances":[[1,0],[1,0],[1,0],[1,0],[1,0],[1,0],[0,0],[0,0],[0,0],[0,0],[0,0],[0,0],[0,0],[0,0],[0,0],[0,0],[0,0],[0,0],[0,0],[0,0],[0,0],[0,0],[0,0],[0,0]],"original_value":-0.7326060548302868,"class":0,"node_positions":[[-0.013385025465290834,0.7043246279193447],[0.2741656917692027,0.35281581923390026],[-0.4253976302722522,0.5245651346721046],[0.005254950317675292,-0.5619785619221066],[0.5460265965840932,-0.35994724919532217],[0.14589078610149556,-0.10202410097759286],[-0.06688814026852724,-1.0],[0.5595925155169097,0.12861995711932672],[-0.3096570828233981,0.07757371011244005],[-0.715602661459908,0.2360506630379051]],"node_coordinates":[[493.38232406183596,760.5],[636.3669424111866,630.5655110862424],[288.5090216405322,694.0522828863793],[502.6510535889305,292.41369969579057],[771.5498002142042,367.09414785269973],[572.5822347704161,462.4348949822772],[466.7778957223174,130.49999999999994],[778.2954545454545,547.6919840489593],[346.0610186019021,528.8228466278807],[144.20454545454544,587.4035176500024]]},"label":"0","name":"4784","value":-0.7326060548302868,"input_type":"classification","classes":{"0":"low","1":"high"},"image_width":900,"image_height":900,"image_path":"./4784.png"}