{"graph": {"node_indices": [0, 1, 2, 3, 4, 5, 6, 7, 8, 9, 10, 11], "node_attributes": [[1.0, 0.0, 0.0], [1.0, 0.0, 0.0], [0.0, 0.0, 1.0], [1.0, 0.0, 0.0], [0.0, 0.0, 1.0], [0.0, 0.0, 1.0], [0.0, 1.0, 1.0], [1.0, 0.0, 1.0], [0.0, 1.0, 1.0], [1.0, 0.0, 0.0], [1.0, 0.0, 0.0], [0.0, 0.0, 1.0]], "node_adjacency": [[0, 0, 0, 0, 0, 0, 0, 0, 0, 0, 0, 1], [0, 0, 1, 0, 0, 0, 0, 0, 0, 0, 1, 0], [0, 1, 0, 1, 1, 1, 0, 0, 0, 1, 0, 0], [0, 0, 1, 0, 1, 0, 0, 1, 1, 0, 0, 1], [0, 0, 1, 1, 0, 0, 1, 1, 0, 0, 0, 0], [0, 0, 1, 0, 0, 0, 0, 0, 0, 0, 0, 1], [0, 0, 0, 0, 1, 0, 0, 0, 0, 0, 0, 0], [0, 0, 0, 1, 1, 0, 0, 0, 0, 0, 0, 0], [0, 0, 0, 1, 0, 0, 0, 0, 0, 0, 0, 0], [0, 0, 1, 0, 0, 0, 0, 0, 0, 0, 0, 0], [0, 1, 0, 0, 0, 0, 0, 0, 0, 0, 0, 0], [1, 0, 0, 1, 0, 1, 0, 0, 0, 0, 0, 0]], "edge_indices": [[11, 5], [5, 11], [5, 2], [2, 5], [2, 4], [4, 2], [0, 11], [11, 0], [3, 4], [4, 3], [6, 4], [4, 6], [9, 2], [2, 9], [1, 2], [2, 1], [8, 3], [3, 8], [7, 4], [4, 7], [10, 1], [1, 10], [3, 2], [2, 3], [7, 3], [3, 7], [3, 11], [11, 3]], "edge_attributes": [[1.0], [1.0], [1.0], [1.0], [1.0], [1.0], [1.0], [1.0], [1.0], [1.0], [1.0], [1.0], [1.0], [1.0], [1.0], [1.0], [1.0], [1.0], [1.0], [1.0], [1.0], [1.0], [1.0], [1.0], [1.0], [1.0], [1.0], [1.0]], "seed_graph_indices": [-1, -1, 0, -1, 0, 0, -1, -1, -1, -1, -1, 0], "graph_labels": 0, "node_importances": [0, 0, 1, 0, 1, 1, 0, 0, 0, 0, 0, 1], "edge_importances": [1, 1, 1, 1, 1, 1, 0, 0, 0, 0, 0, 0, 0, 0, 0, 0, 0, 0, 0, 0, 0, 0, 0, 0, 0, 0, 0, 0], "multi_node_importances": [[0, 0], [0, 0], [1, 0], [0, 0], [1, 0], [1, 0], [0, 0], [0, 0], [0, 0], [0, 0], [0, 0], [1, 0]], "multi_edge_importances": [[1, 0], [1, 0], [1, 0], [1, 0], [1, 0], [1, 0], [0, 0], [0, 0], [0, 0], [0, 0], [0, 0], [0, 0], [0, 0], [0, 0], [0, 0], [0, 0], [0, 0], [0, 0], [0, 0], [0, 0], [0, 0], [0, 0], [0, 0], [0, 0], [0, 0], [0, 0], [0, 0], [0, 0]], "original_value": -2.92, "class": 0, "node_positions": [[0.9128567919463813, -0.6234422408379623], [-0.6138877879529192, -0.39533043912894317], [-0.22818343358762125, -0.04544311531776994], [0.2749033368315045, 0.13293068165340122], [-0.0681977442280136, 0.4222264210905258], [0.05842299682965774, -0.4907905102354867], [-0.2664429496836824, 0.8941982183618764], [0.341786632458781, 0.6253730827670649], [0.7653896212044116, 0.31012218009928066], [-0.6954375062609559, 0.18245004346984342], [-1.0, -0.6848331894292171], [0.5187900424424561, -0.32746113249261344]], "node_coordinates": [[778.2954545454545, 154.9936848131443], [272.19648117019005, 246.00544959983625], [400.05321656696583, 385.60306172675223], [566.8209270143744, 456.77041884033866], [453.0867063894559, 572.193275501782], [495.0600841901679, 207.91890838198168], [387.37060935618535, 760.5000000000001], [588.9920011407038, 653.2444795657051], [729.411715443536, 527.4660639491742], [245.16364983866396, 476.52759263082095], [144.20454545454544, 130.50000000000006], [647.6666774788818, 273.08386170102517]]}, "label": "0", "name": "4866", "value": -2.92, "input_type": "classification", "classes": {"0": "low", "1": "high"}, "image_width": 900, "image_height": 900, "image_path": "./4866.png"}