{"graph":{"node_indices":[0,1,2,3,4,5,6,7,8,9,10,11,12,13,14,15,16,17,18,19,20,21,22,23,24,25,26],"node_attributes":[[1.0,0.0,0.0],[0.0,1.0,1.0],[0.0,1.0,1.0],[1.0,0.0,0.0],[0.0,1.0,0.0],[0.0,1.0,1.0],[0.800000011920929,0.800000011920929,0.800000011920929],[1.0,0.0,0.0],[0.0,1.0,1.0],[0.800000011920929,0.800000011920929,0.800000011920929],[1.0,0.0,0.0],[0.800000011920929,0.800000011920929,0.800000011920929],[0.0,0.0,1.0],[0.800000011920929,0.800000011920929,0.800000011920929],[1.0,0.0,1.0],[1.0,1.0,0.0],[0.0,1.0,0.0],[0.0,0.0,1.0],[0.0,1.0,1.0],[0.0,1.0,0.0],[1.0,1.0,0.0],[1.0,0.0,0.0],[0.800000011920929,0.800000011920929,0.800000011920929],[0.0,1.0,0.0],[1.0,0.0,0.0],[0.0,1.0,0.0],[0.800000011920929,0.800000011920929,0.800000011920929]],"node_adjacency":[[0,0,0,0,0,0,0,0,1,0,0,0,0,0,0,0,0,1,0,0,0,0,0,0,0,0,0],[0,0,0,0,0,0,1,0,1,0,0,0,0,1,0,0,0,0,0,0,0,0,0,0,0,0,0],[0,0,0,0,0,1,0,0,0,0,0,0,0,0,0,0,0,0,0,0,0,1,0,0,0,0,0],[0,0,0,0,1,0,0,0,0,0,0,0,0,0,0,0,0,0,0,0,0,0,0,0,0,0,0],[0,0,0,1,0,0,0,1,0,0,0,0,0,0,0,0,0,0,0,0,1,0,0,0,0,0,1],[0,0,1,0,0,0,0,0,0,0,0,0,0,0,0,0,0,0,0,0,0,0,1,1,0,0,0],[0,1,0,0,0,0,0,0,0,0,0,0,0,0,0,0,0,0,0,0,0,0,0,0,0,0,0],[0,0,0,0,1,0,0,0,0,0,0,0,0,1,0,0,0,0,0,0,0,0,0,0,0,0,0],[1,1,0,0,0,0,0,0,0,0,0,0,0,0,0,0,0,0,0,0,0,0,0,0,0,0,0],[0,0,0,0,0,0,0,0,0,0,0,0,0,0,0,0,0,0,0,0,0,1,0,0,0,0,0],[0,0,0,0,0,0,0,0,0,0,0,0,1,1,0,0,0,0,0,0,1,0,0,0,0,0,0],[0,0,0,0,0,0,0,0,0,0,0,0,0,0,0,0,1,0,0,0,0,0,0,0,0,0,0],[0,0,0,0,0,0,0,0,0,0,1,0,0,0,0,0,0,0,0,0,0,0,0,0,0,0,0],[0,1,0,0,0,0,0,1,0,0,1,0,0,0,0,0,0,0,0,0,0,0,0,0,0,1,0],[0,0,0,0,0,0,0,0,0,0,0,0,0,0,0,0,0,0,0,0,1,0,0,0,0,0,0],[0,0,0,0,0,0,0,0,0,0,0,0,0,0,0,0,0,0,0,1,0,0,0,0,0,1,0],[0,0,0,0,0,0,0,0,0,0,0,1,0,0,0,0,0,0,0,0,0,1,0,0,0,0,0],[1,0,0,0,0,0,0,0,0,0,0,0,0,0,0,0,0,0,0,0,0,1,0,0,0,0,0],[0,0,0,0,0,0,0,0,0,0,0,0,0,0,0,0,0,0,0,0,1,0,0,0,0,0,0],[0,0,0,0,0,0,0,0,0,0,0,0,0,0,0,1,0,0,0,0,0,0,0,0,1,0,0],[0,0,0,0,1,0,0,0,0,0,1,0,0,0,1,0,0,0,1,0,0,1,0,0,1,0,0],[0,0,1,0,0,0,0,0,0,1,0,0,0,0,0,0,1,1,0,0,1,0,0,0,0,0,0],[0,0,0,0,0,1,0,0,0,0,0,0,0,0,0,0,0,0,0,0,0,0,0,0,1,0,0],[0,0,0,0,0,1,0,0,0,0,0,0,0,0,0,0,0,0,0,0,0,0,0,0,0,0,1],[0,0,0,0,0,0,0,0,0,0,0,0,0,0,0,0,0,0,0,1,0,0,1,0,0,1,0],[0,0,0,0,0,0,0,0,0,0,0,0,0,1,0,1,0,0,0,0,0,0,0,0,1,0,0],[0,0,0,0,1,0,0,0,0,0,0,0,0,0,0,0,0,0,0,0,0,0,0,1,0,0,0]],"edge_indices":[[20,10],[20,21],[20,24],[10,20],[21,20],[21,20],[25,24],[24,25],[13,10],[10,13],[14,20],[20,14],[17,21],[21,17],[4,20],[20,4],[15,25],[25,15],[26,4],[4,26],[12,10],[10,12],[22,24],[24,22],[23,26],[26,23],[2,21],[21,2],[3,4],[4,3],[16,21],[21,16],[1,13],[13,1],[11,16],[16,11],[9,21],[21,9],[6,1],[1,6],[18,20],[20,18],[0,17],[17,0],[8,1],[1,8],[19,24],[24,19],[7,13],[13,7],[5,23],[23,5],[13,25],[25,13],[7,4],[4,7],[8,0],[0,8],[15,19],[19,15],[22,5],[5,22],[2,5],[5,2]],"edge_attributes":[[1.0],[1.0],[1.0],[1.0],[1.0],[1.0],[1.0],[1.0],[1.0],[1.0],[1.0],[1.0],[1.0],[1.0],[1.0],[1.0],[1.0],[1.0],[1.0],[1.0],[1.0],[1.0],[1.0],[1.0],[1.0],[1.0],[1.0],[1.0],[1.0],[1.0],[1.0],[1.0],[1.0],[1.0],[1.0],[1.0],[1.0],[1.0],[1.0],[1.0],[1.0],[1.0],[1.0],[1.0],[1.0],[1.0],[1.0],[1.0],[1.0],[1.0],[1.0],[1.0],[1.0],[1.0],[1.0],[1.0],[1.0],[1.0],[1.0],[1.0],[1.0],[1.0],[1.0],[1.0]],"seed_graph_indices":[-1,-1,-1,-1,-1,-1,-1,-1,-1,-1,0,-1,-1,-1,-1,-1,-1,-1,-1,-1,0,0,-1,-1,0,-1,-1],"graph_labels":1,"node_importances":[0,0,0,0,0,0,0,0,0,0,1,0,0,0,0,0,0,0,0,0,1,1,0,0,1,0,0],"edge_importances":[1,1,1,1,1,1,0,0,0,0,0,0,0,0,0,0,0,0,0,0,0,0,0,0,0,0,0,0,0,0,0,0,0,0,0,0,0,0,0,0,0,0,0,0,0,0,0,0,0,0,0,0,0,0,0,0,0,0,0,0,0,0,0,0],"multi_node_importances":[[0,0],[0,0],[0,0],[0,0],[0,0],[0,0],[0,0],[0,0],[0,0],[0,0],[0,1],[0,0],[0,0],[0,0],[0,0],[0,0],[0,0],[0,0],[0,0],[0,0],[0,1],[0,1],[0,0],[0,0],[0,1],[0,0],[0,0]],"multi_edge_importances":[[0,1],[0,1],[0,1],[0,1],[0,1],[0,1],[0,0],[0,0],[0,0],[0,0],[0,0],[0,0],[0,0],[0,0],[0,0],[0,0],[0,0],[0,0],[0,0],[0,0],[0,0],[0,0],[0,0],[0,0],[0,0],[0,0],[0,0],[0,0],[0,0],[0,0],[0,0],[0,0],[0,0],[0,0],[0,0],[0,0],[0,0],[0,0],[0,0],[0,0],[0,0],[0,0],[0,0],[0,0],[0,0],[0,0],[0,0],[0,0],[0,0],[0,0],[0,0],[0,0],[0,0],[0,0],[0,0],[0,0],[0,0],[0,0],[0,0],[0,0],[0,0],[0,0],[0,0],[0,0]],"original_value":2.0803479954583444,"class":1,"node_positions":[[0.5606407771722605,0.5035491065060683],[0.7265675772910952,-0.14960358536470195],[-0.488633219498976,0.3568658071393602],[-0.3864437604097744,-0.5728786495023613],[-0.2443985827365516,-0.24832692677563073],[-0.6536645290913264,0.0697566123285618],[1.0,-0.2930142775830372],[0.10564001611474438,-0.3619743705838522],[0.7860820830758806,0.21830399145137575],[-0.0708848600732753,0.6832037310089848],[0.26279214216409097,-0.023212059021430375],[-0.43232958806519,0.9541926805952398],[0.527202547718896,0.1378270917050588],[0.41359952488053725,-0.2792072386679968],[-0.3102712446710885,0.12215926965785893],[0.2260516020471115,-0.8089440387891699],[-0.3155467045308949,0.6705207562460659],[0.21042413673511215,0.5399791136949166],[0.07894521009236742,0.21191387945890103],[-0.06408708056480575,-0.6644333520632745],[-0.0673676749380877,0.021947628368564776],[-0.1345862002881815,0.3916654988499676],[-0.4425002138915764,-0.23383629344173182],[-0.8521348527519189,-0.13110557203239415],[-0.07329368033782385,-0.303901004320195],[0.24844370389530634,-0.49764054783573736],[-0.6102471293379316,-0.3138072510294109]],"node_coordinates":[[627.8778493660154,599.4770636872096],[684.6840130066226,366.0940302816926],[268.65179115208207,547.0645209813378],[303.6370444758902,214.8503476591507],[352.26717295112917,330.8184306046577],[212.1522047572823,444.4753168985393],[778.2954545454545,314.8508481142337],[472.1052576525436,290.2101846234966],[705.0592070812334,497.5539283405649],[411.6707709018026,663.6708452541628],[525.907352205292,411.2559628311221],[287.9277206492907,760.5],[616.430045076295,468.79810567362983],[577.5372809128106,319.7843478371097],[329.7152210626112,463.1997151567661],[513.3289794973588,130.5],[327.9091316553485,659.1389935759624],[507.9788109220258,612.4941509480249],[462.9661100394072,495.2706280661173],[413.99803674960015,182.13622970151792],[412.87490305044093,427.3923195542867],[389.862185707715,559.4990676257621],[284.4457380243783,335.99619072954675],[144.20454545454544,372.70369830756346],[410.8460949722315,310.9608276926727],[520.9950671994943,241.7342549187775],[227.01644557597234,307.42115016330615]]},"label":"1","name":"4881","value":2.0803479954583444,"input_type":"classification","classes":{"0":"low","1":"high"},"image_width":900,"image_height":900,"image_path":"./4881.png"}