{"graph":{"node_indices":[0,1,2,3,4,5,6,7,8,9,10,11,12,13,14,15,16],"node_attributes":[[0.0,0.0,1.0],[1.0,0.0,0.0],[1.0,0.0,1.0],[1.0,0.0,0.0],[1.0,1.0,0.0],[1.0,0.0,0.0],[0.800000011920929,0.800000011920929,0.800000011920929],[1.0,0.0,1.0],[0.0,1.0,1.0],[1.0,0.0,0.0],[0.0,1.0,0.0],[1.0,0.0,1.0],[0.0,1.0,0.0],[1.0,1.0,0.0],[0.0,0.0,1.0],[1.0,1.0,0.0],[1.0,0.0,0.0]],"node_adjacency":[[0,0,0,0,0,0,0,0,0,0,1,0,1,0,1,0,0],[0,0,0,0,0,0,0,0,0,0,0,0,0,0,0,0,0],[0,0,0,1,0,0,0,1,1,0,0,0,0,0,0,0,0],[0,0,1,0,1,0,0,0,0,0,0,0,0,0,0,0,0],[0,1,0,1,0,0,0,1,0,0,0,0,0,0,0,0,1],[0,0,0,0,0,0,0,0,0,0,0,0,0,0,0,1,0],[0,0,0,0,0,0,0,0,1,0,0,0,0,0,0,0,0],[0,0,1,0,1,0,0,0,0,0,1,0,0,0,0,0,0],[0,0,1,0,0,0,1,0,0,0,0,0,0,0,0,1,1],[0,0,0,0,0,0,0,0,0,0,0,0,0,0,0,1,0],[1,0,0,0,0,0,0,1,0,0,0,1,0,1,1,0,0],[0,0,0,0,0,0,0,0,0,0,1,0,1,0,0,0,0],[1,0,0,0,0,0,0,0,0,0,0,1,0,0,0,0,0],[0,0,0,0,0,0,0,0,0,0,1,0,0,0,0,0,0],[1,0,0,0,0,0,0,0,0,0,1,0,0,0,0,0,0],[0,0,0,0,0,1,0,0,1,1,0,0,0,0,0,0,0],[0,0,0,0,1,0,0,0,1,0,0,0,0,0,0,0,0]],"edge_indices":[[0,14],[0,10],[14,0],[14,10],[10,14],[10,0],[4,3],[4,16],[4,1],[3,4],[16,4],[16,4],[12,0],[0,12],[8,16],[16,8],[11,10],[10,11],[15,8],[8,15],[13,10],[10,13],[6,8],[8,6],[5,15],[15,5],[9,15],[15,9],[7,10],[10,7],[2,8],[8,2],[7,2],[2,7],[2,3],[3,2],[4,7],[7,4],[11,12],[12,11]],"edge_attributes":[[1.0],[1.0],[1.0],[1.0],[1.0],[1.0],[1.0],[1.0],[1.0],[1.0],[1.0],[1.0],[1.0],[1.0],[1.0],[1.0],[1.0],[1.0],[1.0],[1.0],[1.0],[1.0],[1.0],[1.0],[1.0],[1.0],[1.0],[1.0],[1.0],[1.0],[1.0],[1.0],[1.0],[1.0],[1.0],[1.0],[1.0],[1.0],[1.0],[1.0]],"seed_graph_indices":[0,1,-1,1,1,-1,-1,-1,-1,-1,0,-1,-1,-1,0,-1,1],"graph_labels":1,"node_importances":[1,1,0,1,1,0,0,0,0,0,1,0,0,0,1,0,1],"edge_importances":[1,1,1,1,1,1,1,1,1,1,1,1,0,0,0,0,0,0,0,0,0,0,0,0,0,0,0,0,0,0,0,0,0,0,0,0,0,0,0,0],"multi_node_importances":[[1,0],[0,1],[0,0],[0,1],[0,1],[0,0],[0,0],[0,0],[0,0],[0,0],[1,0],[0,0],[0,0],[0,0],[1,0],[0,0],[0,1]],"multi_edge_importances":[[1,0],[1,0],[1,0],[1,0],[1,0],[1,0],[0,1],[0,1],[0,1],[0,1],[0,1],[0,1],[0,0],[0,0],[0,0],[0,0],[0,0],[0,0],[0,0],[0,0],[0,0],[0,0],[0,0],[0,0],[0,0],[0,0],[0,0],[0,0],[0,0],[0,0],[0,0],[0,0],[0,0],[0,0],[0,0],[0,0],[0,0],[0,0],[0,0],[0,0]],"original_value":1.195996826305567,"class":1,"node_positions":[[-0.745806950555041,0.1434916596641039],[0.05585307939938862,0.6578191169364571],[0.15110030433819857,-0.013741949221501607],[0.2772674530903203,0.3485398465961708],[0.05040500596125722,0.3316104121485328],[0.8979553248841674,-0.45172352025098356],[0.7451579367879383,0.04119705668511114],[-0.142923146049379,0.08433352488883052],[0.4491323184711068,-0.10626592022764537],[0.576221348950749,-0.6939823181695134],[-0.4612423255776084,0.017809149972311988],[-0.7355011115735888,-0.14268255662464724],[-0.9999999999999999,0.00040513301675066743],[-0.48231043340095053,-0.3092685259057677],[-0.5993650924151687,0.311378923422445],[0.5918435544042836,-0.3881966338054508],[0.3722127332843265,0.1692766008747957]],"node_coordinates":[[229.1283050888674,520.8003742512069],[496.95617780587816,760.5],[528.7774744707626,447.52247187187845],[570.9288575938208,616.3620110511231],[495.13602229753417,608.4721365288522],[778.2954545454545,243.40344774394282],[727.2471324620211,473.12650869438176],[430.54671292126034,493.23003445089404],[628.3474634489089,404.40215832575393],[670.8068395025768,130.50000000000006],[324.19895263325367,462.22669689775614],[232.5713992033679,387.4303750931724],[144.2045454545455,454.1156456758405],[317.1602750272127,309.79385398763094],[278.05329807443235,599.0433568527629],[676.0260869359386,273.0098214474507],[602.6492770593226,532.8173114587506]]},"label":"1","name":"4885","value":1.195996826305567,"input_type":"classification","classes":{"0":"low","1":"high"},"image_width":900,"image_height":900,"image_path":"./4885.png"}