{"graph":{"node_indices":[0,1,2,3,4,5,6,7,8,9,10,11,12,13,14,15,16,17,18,19,20,21,22,23,24,25,26],"node_attributes":[[0.0,1.0,1.0],[0.800000011920929,0.800000011920929,0.800000011920929],[0.800000011920929,0.800000011920929,0.800000011920929],[0.800000011920929,0.800000011920929,0.800000011920929],[0.0,0.0,1.0],[0.800000011920929,0.800000011920929,0.800000011920929],[0.0,0.0,1.0],[1.0,0.0,1.0],[0.800000011920929,0.800000011920929,0.800000011920929],[0.0,1.0,1.0],[0.800000011920929,0.800000011920929,0.800000011920929],[0.800000011920929,0.800000011920929,0.800000011920929],[0.0,1.0,1.0],[0.0,1.0,0.0],[0.800000011920929,0.800000011920929,0.800000011920929],[0.0,0.0,1.0],[1.0,1.0,0.0],[0.0,1.0,0.0],[1.0,0.0,1.0],[0.0,1.0,0.0],[0.0,1.0,1.0],[1.0,0.0,1.0],[0.0,1.0,0.0],[0.800000011920929,0.800000011920929,0.800000011920929],[0.0,0.0,1.0],[1.0,1.0,0.0],[0.0,1.0,0.0]],"node_adjacency":[[0,1,0,0,0,0,0,0,0,0,0,0,1,0,0,0,0,0,0,0,0,0,0,1,0,0,0],[1,0,0,0,0,0,0,0,0,0,0,0,0,0,0,0,0,0,0,0,0,0,0,0,0,0,0],[0,0,0,0,0,0,0,0,0,0,0,0,0,0,0,0,0,0,0,0,1,0,0,0,0,0,0],[0,0,0,0,0,0,0,1,0,0,0,0,0,0,0,1,0,0,0,0,0,0,0,0,1,0,0],[0,0,0,0,0,0,0,0,0,0,0,0,0,0,1,0,0,0,0,1,0,0,0,0,1,0,0],[0,0,0,0,0,0,0,0,0,0,0,0,0,0,0,0,0,0,0,0,0,0,1,0,0,0,0],[0,0,0,0,0,0,0,0,0,0,0,0,0,0,0,1,0,0,0,0,0,0,0,0,0,0,0],[0,0,0,1,0,0,0,0,0,0,0,0,0,0,1,0,0,0,0,0,0,0,0,1,0,0,0],[0,0,0,0,0,0,0,0,0,0,0,0,0,0,0,1,0,0,0,0,0,0,0,0,0,0,0],[0,0,0,0,0,0,0,0,0,0,0,0,1,0,0,0,0,0,0,0,0,0,0,0,0,0,0],[0,0,0,0,0,0,0,0,0,0,0,0,0,0,0,0,0,1,0,0,0,0,1,0,0,0,0],[0,0,0,0,0,0,0,0,0,0,0,0,1,0,0,0,0,0,0,0,0,0,0,0,1,0,0],[1,0,0,0,0,0,0,0,0,1,0,1,0,0,0,0,0,0,0,0,0,0,0,0,0,0,0],[0,0,0,0,0,0,0,0,0,0,0,0,0,0,0,0,0,0,1,0,1,0,0,0,0,0,0],[0,0,0,0,1,0,0,1,0,0,0,0,0,0,0,0,0,0,0,0,0,0,0,0,0,0,0],[0,0,0,1,0,0,1,0,1,0,0,0,0,0,0,0,0,0,0,0,0,0,0,0,0,0,0],[0,0,0,0,0,0,0,0,0,0,0,0,0,0,0,0,0,0,0,0,1,0,0,0,0,0,0],[0,0,0,0,0,0,0,0,0,0,1,0,0,0,0,0,0,0,0,0,0,0,0,0,0,0,0],[0,0,0,0,0,0,0,0,0,0,0,0,0,1,0,0,0,0,0,0,0,0,0,0,0,1,0],[0,0,0,0,1,0,0,0,0,0,0,0,0,0,0,0,0,0,0,0,0,0,1,0,1,0,0],[0,0,1,0,0,0,0,0,0,0,0,0,0,1,0,0,1,0,0,0,0,0,1,0,1,0,0],[0,0,0,0,0,0,0,0,0,0,0,0,0,0,0,0,0,0,0,0,0,0,1,0,0,0,0],[0,0,0,0,0,1,0,0,0,0,1,0,0,0,0,0,0,0,0,1,1,1,0,0,0,0,1],[1,0,0,0,0,0,0,1,0,0,0,0,0,0,0,0,0,0,0,0,0,0,0,0,0,0,0],[0,0,0,1,1,0,0,0,0,0,0,1,0,0,0,0,0,0,0,1,1,0,0,0,0,0,0],[0,0,0,0,0,0,0,0,0,0,0,0,0,0,0,0,0,0,1,0,0,0,0,0,0,0,0],[0,0,0,0,0,0,0,0,0,0,0,0,0,0,0,0,0,0,0,0,0,0,1,0,0,0,0]],"edge_indices":[[24,4],[24,19],[4,24],[4,19],[19,4],[19,24],[11,24],[24,11],[22,19],[19,22],[20,24],[24,20],[3,24],[24,3],[12,11],[11,12],[5,22],[22,5],[9,12],[12,9],[15,3],[3,15],[0,12],[12,0],[1,0],[0,1],[13,20],[20,13],[18,13],[13,18],[14,4],[4,14],[8,15],[15,8],[26,22],[22,26],[7,14],[14,7],[10,22],[22,10],[2,20],[20,2],[25,18],[18,25],[17,10],[10,17],[23,0],[0,23],[21,22],[22,21],[6,15],[15,6],[16,20],[20,16],[7,3],[3,7],[23,7],[7,23],[20,22],[22,20]],"edge_attributes":[[1.0],[1.0],[1.0],[1.0],[1.0],[1.0],[1.0],[1.0],[1.0],[1.0],[1.0],[1.0],[1.0],[1.0],[1.0],[1.0],[1.0],[1.0],[1.0],[1.0],[1.0],[1.0],[1.0],[1.0],[1.0],[1.0],[1.0],[1.0],[1.0],[1.0],[1.0],[1.0],[1.0],[1.0],[1.0],[1.0],[1.0],[1.0],[1.0],[1.0],[1.0],[1.0],[1.0],[1.0],[1.0],[1.0],[1.0],[1.0],[1.0],[1.0],[1.0],[1.0],[1.0],[1.0],[1.0],[1.0],[1.0],[1.0],[1.0],[1.0]],"seed_graph_indices":[-1,-1,-1,-1,0,-1,-1,-1,-1,-1,-1,-1,-1,-1,-1,-1,-1,-1,-1,0,-1,-1,-1,-1,0,-1,-1],"graph_labels":0,"node_importances":[0,0,0,0,1,0,0,0,0,0,0,0,0,0,0,0,0,0,0,1,0,0,0,0,1,0,0],"edge_importances":[1,1,1,1,1,1,0,0,0,0,0,0,0,0,0,0,0,0,0,0,0,0,0,0,0,0,0,0,0,0,0,0,0,0,0,0,0,0,0,0,0,0,0,0,0,0,0,0,0,0,0,0,0,0,0,0,0,0,0,0],"multi_node_importances":[[0,0],[0,0],[0,0],[0,0],[1,0],[0,0],[0,0],[0,0],[0,0],[0,0],[0,0],[0,0],[0,0],[0,0],[0,0],[0,0],[0,0],[0,0],[0,0],[1,0],[0,0],[0,0],[0,0],[0,0],[1,0],[0,0],[0,0]],"multi_edge_importances":[[1,0],[1,0],[1,0],[1,0],[1,0],[1,0],[0,0],[0,0],[0,0],[0,0],[0,0],[0,0],[0,0],[0,0],[0,0],[0,0],[0,0],[0,0],[0,0],[0,0],[0,0],[0,0],[0,0],[0,0],[0,0],[0,0],[0,0],[0,0],[0,0],[0,0],[0,0],[0,0],[0,0],[0,0],[0,0],[0,0],[0,0],[0,0],[0,0],[0,0],[0,0],[0,0],[0,0],[0,0],[0,0],[0,0],[0,0],[0,0],[0,0],[0,0],[0,0],[0,0],[0,0],[0,0],[0,0],[0,0],[0,0],[0,0],[0,0],[0,0]],"original_value":-1.4637036754081776,"class":0,"node_positions":[[-0.7555201146511676,-0.1868391743078744],[-1.0,-0.24432859269763982],[0.4684416504260863,0.07358232595227027],[-0.21914952514011,0.26381705252419385],[-0.08930047240735747,-0.1261022439022427],[0.5994238052702135,-0.3188681093317622],[-0.22771777667461487,0.7797419138649754],[-0.47639751487943577,0.18064411056097135],[-0.48980068371338253,0.6926197780266776],[-0.5884206010220661,-0.5764553593580605],[0.4847673158944103,-0.4876653050297303],[-0.26503357778568465,-0.2024639607653171],[-0.516582450717808,-0.3251716979135327],[0.45075858510525185,0.26764768665694094],[-0.3267714308794973,-0.0018132333272318992],[-0.28547482182472894,0.529930970702478],[0.24839934197516944,0.2715849666709074],[0.626110497335267,-0.6996100276373515],[0.6401560845071591,0.4437091759126474],[0.10578732881307905,-0.1920577392586677],[0.2559119136309718,0.03768068319773867],[0.28889731540851893,-0.4830300958395551],[0.36653176033798507,-0.23364881163196757],[-0.719101280547777,0.07022223093750884],[-0.035376922900950514,0.037354461155934895],[0.8278748429277163,0.5963119984266779],[0.6315867315127525,-0.16679300358898932]],"node_coordinates":[[229.01476829616075,348.8696986056665],[144.20454545454538,324.38713122635073],[653.6078586344804,459.77335889172224],[415.0820562336331,540.7871287581428],[460.12677262134065,374.73525843768954],[699.0456488426819,292.64357233271255],[412.1097244977624,760.5],[325.8425701130462,505.3669207827387],[321.1930025874033,723.397979825958],[286.9816925173044,182.94691194791753],[659.2712420430199,220.7592354779367],[399.1648501035862,342.21569343486686],[311.90239111441167,289.95911253980995],[647.4735923808662,542.4184508498823],[377.7479508311644,427.6652438357137],[392.0737699534234,654.1149743836154],[577.2750462737483,544.095189386001],[708.3032787606337,130.5],[713.1757016034776,617.3963753851716],[527.8028510503631,346.6473093102152],[579.8811620093358,444.48420808127645],[591.3238182069301,222.7331956343312],[618.2552549803833,328.9352457639508],[241.6484842827882,458.3424216009313],[478.832885165217,444.3452824608269],[778.2954545454545,682.384141640581],[710.2029877704883,357.40660398875764]]},"label":"0","name":"4910","value":-1.4637036754081776,"input_type":"classification","classes":{"0":"low","1":"high"},"image_width":900,"image_height":900,"image_path":"./4910.png"}