{"graph":{"node_indices":[0,1,2,3,4,5,6,7,8,9],"node_attributes":[[0.800000011920929,0.800000011920929,0.800000011920929],[0.0,0.0,1.0],[0.0,1.0,0.0],[1.0,0.0,0.0],[1.0,0.0,0.0],[1.0,0.0,0.0],[0.800000011920929,0.800000011920929,0.800000011920929],[1.0,0.0,1.0],[1.0,0.0,1.0],[0.800000011920929,0.800000011920929,0.800000011920929]],"node_adjacency":[[0,0,1,0,0,0,0,0,0,0],[0,0,0,0,0,1,1,0,0,0],[1,0,0,1,0,1,0,0,0,0],[0,0,1,0,0,1,0,0,0,0],[0,0,0,0,0,1,0,0,1,0],[0,1,1,1,1,0,1,1,0,0],[0,1,0,0,0,1,0,0,0,0],[0,0,0,0,0,1,0,0,0,1],[0,0,0,0,1,0,0,0,0,0],[0,0,0,0,0,0,0,1,0,0]],"edge_indices":[[3,5],[3,2],[5,3],[5,2],[2,5],[2,3],[4,5],[5,4],[1,5],[5,1],[8,4],[4,8],[7,5],[5,7],[0,2],[2,0],[9,7],[7,9],[6,1],[1,6],[5,6],[6,5]],"edge_attributes":[[1.0],[1.0],[1.0],[1.0],[1.0],[1.0],[1.0],[1.0],[1.0],[1.0],[1.0],[1.0],[1.0],[1.0],[1.0],[1.0],[1.0],[1.0],[1.0],[1.0],[1.0],[1.0]],"seed_graph_indices":[-1,-1,0,0,-1,0,-1,-1,-1,-1],"graph_labels":1,"node_importances":[0,0,1,1,0,1,0,0,0,0],"edge_importances":[1,1,1,1,1,1,0,0,0,0,0,0,0,0,0,0,0,0,0,0,0,0],"multi_node_importances":[[0,0],[0,0],[0,1],[0,1],[0,0],[0,1],[0,0],[0,0],[0,0],[0,0]],"multi_edge_importances":[[0,1],[0,1],[0,1],[0,1],[0,1],[0,1],[0,0],[0,0],[0,0],[0,0],[0,0],[0,0],[0,0],[0,0],[0,0],[0,0],[0,0],[0,0],[0,0],[0,0],[0,0],[0,0]],"original_value":1.418992255879522,"class":1,"node_positions":[[0.05485051115882042,-0.9921590429029556],[0.4504168779924687,0.3639044122086935],[0.02522377606596199,-0.5020486331811262],[0.37936671450192566,-0.368443687449868],[-0.08075736243503509,0.5176711797034446],[0.08252928605637222,0.018887493646287532],[0.615641887836633,0.056969194680772835],[-0.4450778994031619,-0.02528407731712366],[-0.15104115196310042,1.0],[-0.9311526398108847,-0.06949683938812484]],"node_coordinates":[[548.4053770386579,130.5],[710.5633318723939,559.3412512865598],[536.2602323199231,285.49242353402485],[681.4371215364322,327.7436263737536],[492.8144641474741,607.9684248381908],[559.7519775234708,450.2331660316899],[778.2954545454545,462.2761159845037],[343.46538360867186,436.2643567611217],[464.00242014316484,760.5],[144.20454545454533,422.28252122245806]]},"label":"1","name":"4921","value":1.418992255879522,"input_type":"classification","classes":{"0":"low","1":"high"},"image_width":900,"image_height":900,"image_path":"./4921.png"}