{"graph":{"node_indices":[0,1,2,3,4,5,6,7,8,9,10,11,12,13,14,15,16,17,18,19,20,21,22],"node_attributes":[[0.0,0.0,1.0],[0.0,1.0,1.0],[0.0,0.0,1.0],[0.0,1.0,0.0],[1.0,0.0,0.0],[0.0,1.0,1.0],[1.0,0.0,1.0],[1.0,0.0,0.0],[0.0,1.0,0.0],[0.0,0.0,1.0],[0.0,0.0,1.0],[0.0,1.0,0.0],[1.0,0.0,1.0],[1.0,0.0,1.0],[0.0,0.0,1.0],[0.0,1.0,1.0],[0.800000011920929,0.800000011920929,0.800000011920929],[1.0,0.0,0.0],[1.0,1.0,0.0],[0.0,1.0,0.0],[0.0,1.0,0.0],[0.0,0.0,1.0],[1.0,1.0,0.0]],"node_adjacency":[[0,0,0,0,0,0,0,0,0,0,0,0,0,1,0,0,1,0,0,0,0,0,0],[0,0,0,0,0,0,0,0,0,0,0,0,0,0,0,0,0,0,0,0,0,1,0],[0,0,0,0,0,0,0,0,0,0,0,0,0,0,0,0,0,0,0,0,1,0,0],[0,0,0,0,1,0,0,0,0,0,0,0,0,0,0,1,0,0,0,0,0,0,0],[0,0,0,1,0,0,0,0,0,0,1,0,1,0,0,0,0,0,0,0,0,0,0],[0,0,0,0,0,0,0,0,0,0,0,0,0,0,0,0,0,0,1,0,1,0,0],[0,0,0,0,0,0,0,0,0,0,0,0,0,0,0,0,0,1,0,0,0,0,0],[0,0,0,0,0,0,0,0,1,0,0,0,0,0,0,0,0,1,0,0,0,0,0],[0,0,0,0,0,0,0,1,0,0,0,0,0,0,1,0,0,1,0,0,0,0,0],[0,0,0,0,0,0,0,0,0,0,0,0,0,0,0,1,0,0,0,0,0,0,0],[0,0,0,0,1,0,0,0,0,0,0,0,0,0,0,0,0,0,1,0,0,0,0],[0,0,0,0,0,0,0,0,0,0,0,0,0,0,0,0,0,0,1,0,0,0,1],[0,0,0,0,1,0,0,0,0,0,0,0,0,0,0,0,0,0,0,1,0,0,0],[1,0,0,0,0,0,0,0,0,0,0,0,0,0,0,0,0,0,0,0,0,0,0],[0,0,0,0,0,0,0,0,1,0,0,0,0,0,0,0,0,0,0,0,0,0,0],[0,0,0,1,0,0,0,0,0,1,0,0,0,0,0,0,0,0,0,0,0,0,0],[1,0,0,0,0,0,0,0,0,0,0,0,0,0,0,0,0,0,0,0,0,0,0],[0,0,0,0,0,0,1,1,1,0,0,0,0,0,0,0,0,0,0,0,1,0,0],[1,0,0,0,0,1,0,0,0,0,1,1,0,0,0,0,0,0,0,0,0,1,0],[0,0,0,0,0,0,0,0,0,0,0,0,1,0,0,0,0,0,0,0,0,0,1],[0,0,1,0,0,1,0,0,0,0,0,0,0,0,0,0,0,1,0,0,0,0,0],[0,1,0,0,0,0,0,0,0,0,0,0,0,0,0,0,0,0,1,0,0,0,0],[0,0,0,0,0,0,0,0,0,0,0,1,0,0,0,0,0,0,0,1,0,0,0]],"edge_indices":[[18,21],[18,10],[18,0],[21,18],[10,18],[10,18],[7,17],[7,8],[17,7],[17,8],[8,17],[8,7],[16,0],[0,16],[11,18],[18,11],[22,11],[11,22],[20,17],[17,20],[4,10],[10,4],[3,4],[4,3],[2,20],[20,2],[19,22],[22,19],[14,8],[8,14],[6,17],[17,6],[5,18],[18,5],[15,3],[3,15],[12,19],[19,12],[9,15],[15,9],[1,21],[21,1],[13,0],[0,13],[5,20],[20,5],[4,12],[12,4]],"edge_attributes":[[1.0],[1.0],[1.0],[1.0],[1.0],[1.0],[1.0],[1.0],[1.0],[1.0],[1.0],[1.0],[1.0],[1.0],[1.0],[1.0],[1.0],[1.0],[1.0],[1.0],[1.0],[1.0],[1.0],[1.0],[1.0],[1.0],[1.0],[1.0],[1.0],[1.0],[1.0],[1.0],[1.0],[1.0],[1.0],[1.0],[1.0],[1.0],[1.0],[1.0],[1.0],[1.0],[1.0],[1.0],[1.0],[1.0],[1.0],[1.0]],"seed_graph_indices":[0,-1,-1,-1,-1,-1,-1,1,1,-1,0,-1,-1,-1,-1,-1,-1,1,0,-1,-1,0,-1],"graph_labels":0,"node_importances":[1,0,0,0,0,0,0,1,1,0,1,0,0,0,0,0,0,1,1,0,0,1,0],"edge_importances":[1,1,1,1,1,1,1,1,1,1,1,1,0,0,0,0,0,0,0,0,0,0,0,0,0,0,0,0,0,0,0,0,0,0,0,0,0,0,0,0,0,0,0,0,0,0,0,0],"multi_node_importances":[[1,0],[0,0],[0,0],[0,0],[0,0],[0,0],[0,0],[0,1],[0,1],[0,0],[1,0],[0,0],[0,0],[0,0],[0,0],[0,0],[0,0],[0,1],[1,0],[0,0],[0,0],[1,0],[0,0]],"multi_edge_importances":[[1,0],[1,0],[1,0],[1,0],[1,0],[1,0],[0,1],[0,1],[0,1],[0,1],[0,1],[0,1],[0,0],[0,0],[0,0],[0,0],[0,0],[0,0],[0,0],[0,0],[0,0],[0,0],[0,0],[0,0],[0,0],[0,0],[0,0],[0,0],[0,0],[0,0],[0,0],[0,0],[0,0],[0,0],[0,0],[0,0],[0,0],[0,0],[0,0],[0,0],[0,0],[0,0],[0,0],[0,0],[0,0],[0,0],[0,0],[0,0]],"original_value":-0.9500096657353957,"class":0,"node_positions":[[0.12492033901932414,-0.40538378183236234],[0.4554684016638415,-0.3266106547992577],[0.5379183933584113,0.14949241852535794],[-0.5990384970048265,0.07910389929079052],[-0.42115736369308365,-0.05892938276578343],[0.15700604763832618,0.05425927566131062],[0.6446931784033361,0.4502977577763508],[0.49046977963105254,0.6205857378133539],[0.31926330723116536,0.6551058771842416],[-0.9999999999999999,0.2040017135011272],[-0.1811745342447725,-0.06270398061102059],[-0.10967915871727991,-0.3099263336479346],[-0.5560026589228982,-0.25128597019124904],[0.2986982466517395,-0.5608476859078195],[0.31905952483701755,0.8721835597241672],[-0.799281464853348,0.15441964114911],[0.09217708085290807,-0.6336100627930175],[0.40053207507994176,0.4418802908925335],[0.04257905346779457,-0.1632125028674098],[-0.4996907469188922,-0.45311832684451636],[0.3180513316021925,0.2260626023424066],[0.24685805658470955,-0.22042369457667133],[-0.28167039166665936,-0.46134039702370694]],"node_coordinates":[[577.9035294292271,225.9862305531991],[705.3422057080315,258.943648680589],[737.1297700237672,458.13756988547493],[298.7902440414928,428.6881377357705],[367.37009286245234,370.937217294049],[590.2737735660697,418.293544046094],[778.2954545454544,583.9897191403858],[718.8365497389403,655.235490020975],[652.8300330513218,669.6781649522877],[144.20454545454533,480.9433882401364],[459.89247484181664,369.3579858462997],[487.4566237416342,265.92410215585505],[315.38217380151696,290.45829357841853],[644.9014308478536,160.9426162736996],[652.7514672949493,760.5],[221.58906926347436,460.1990411299704],[565.279775278622,130.5],[684.1621912694009,580.467985446269],[546.1578754089613,327.30682553146545],[337.0925280147761,206.01485937194425],[652.362770987818,490.1733117583226],[624.9150931657335,303.3705767402248],[421.14755242754774,202.5748765380211]]},"label":"0","name":"4926","value":-0.9500096657353957,"input_type":"classification","classes":{"0":"low","1":"high"},"image_width":900,"image_height":900,"image_path":"./4926.png"}