{"graph":{"node_indices":[0,1,2,3,4,5,6,7,8,9,10,11,12,13,14,15,16],"node_attributes":[[0.0,1.0,1.0],[1.0,1.0,0.0],[1.0,0.0,0.0],[0.800000011920929,0.800000011920929,0.800000011920929],[0.0,1.0,0.0],[0.800000011920929,0.800000011920929,0.800000011920929],[1.0,1.0,0.0],[1.0,1.0,0.0],[1.0,0.0,0.0],[0.800000011920929,0.800000011920929,0.800000011920929],[0.800000011920929,0.800000011920929,0.800000011920929],[1.0,1.0,0.0],[1.0,0.0,1.0],[1.0,0.0,1.0],[0.800000011920929,0.800000011920929,0.800000011920929],[1.0,1.0,0.0],[0.0,1.0,0.0]],"node_adjacency":[[0,0,1,0,0,1,1,0,0,0,0,0,0,0,0,0,0],[0,0,0,0,0,0,0,0,0,0,0,0,0,1,0,0,1],[1,0,0,0,0,0,0,0,1,1,0,0,1,1,0,0,1],[0,0,0,0,0,0,0,0,0,1,0,1,0,0,0,1,0],[0,0,0,0,0,0,0,0,0,0,0,0,0,0,0,0,1],[1,0,0,0,0,0,0,1,0,0,0,1,0,0,0,0,0],[1,0,0,0,0,0,0,0,0,0,0,0,0,0,0,0,0],[0,0,0,0,0,1,0,0,0,0,0,0,0,0,0,0,0],[0,0,1,0,0,0,0,0,0,0,0,0,0,0,0,0,1],[0,0,1,1,0,0,0,0,0,0,0,0,0,0,0,0,0],[0,0,0,0,0,0,0,0,0,0,0,0,0,1,0,0,0],[0,0,0,1,0,1,0,0,0,0,0,0,0,1,0,0,0],[0,0,1,0,0,0,0,0,0,0,0,0,0,0,1,0,0],[0,1,1,0,0,0,0,0,0,0,1,1,0,0,0,0,0],[0,0,0,0,0,0,0,0,0,0,0,0,1,0,0,0,0],[0,0,0,1,0,0,0,0,0,0,0,0,0,0,0,0,0],[0,1,1,0,1,0,0,0,1,0,0,0,0,0,0,0,0]],"edge_indices":[[8,2],[8,16],[2,8],[2,16],[16,2],[16,8],[12,2],[2,12],[9,2],[2,9],[3,9],[9,3],[1,16],[16,1],[0,2],[2,0],[13,1],[1,13],[5,0],[0,5],[15,3],[3,15],[6,0],[0,6],[7,5],[5,7],[4,16],[16,4],[14,12],[12,14],[11,5],[5,11],[10,13],[13,10],[13,2],[2,13],[3,11],[11,3],[11,13],[13,11]],"edge_attributes":[[1.0],[1.0],[1.0],[1.0],[1.0],[1.0],[1.0],[1.0],[1.0],[1.0],[1.0],[1.0],[1.0],[1.0],[1.0],[1.0],[1.0],[1.0],[1.0],[1.0],[1.0],[1.0],[1.0],[1.0],[1.0],[1.0],[1.0],[1.0],[1.0],[1.0],[1.0],[1.0],[1.0],[1.0],[1.0],[1.0],[1.0],[1.0],[1.0],[1.0]],"seed_graph_indices":[-1,-1,0,-1,-1,-1,-1,-1,0,-1,-1,-1,-1,-1,-1,-1,0],"graph_labels":1,"node_importances":[0,0,1,0,0,0,0,0,1,0,0,0,0,0,0,0,1],"edge_importances":[1,1,1,1,1,1,0,0,0,0,0,0,0,0,0,0,0,0,0,0,0,0,0,0,0,0,0,0,0,0,0,0,0,0,0,0,0,0,0,0],"multi_node_importances":[[0,0],[0,0],[0,1],[0,0],[0,0],[0,0],[0,0],[0,0],[0,1],[0,0],[0,0],[0,0],[0,0],[0,0],[0,0],[0,0],[0,1]],"multi_edge_importances":[[0,1],[0,1],[0,1],[0,1],[0,1],[0,1],[0,0],[0,0],[0,0],[0,0],[0,0],[0,0],[0,0],[0,0],[0,0],[0,0],[0,0],[0,0],[0,0],[0,0],[0,0],[0,0],[0,0],[0,0],[0,0],[0,0],[0,0],[0,0],[0,0],[0,0],[0,0],[0,0],[0,0],[0,0],[0,0],[0,0],[0,0],[0,0],[0,0],[0,0]],"original_value":1.012192307586565,"class":1,"node_positions":[[-0.22799349112597148,0.3676517898047617],[-0.049403977276019605,-0.4471973129193782],[-0.14463941386643517,-0.05882916556515601],[0.6378374598767568,0.1552755046922704],[-0.8295154670385566,-0.3693464436503227],[0.10969682298388886,0.5760195943727366],[-0.5261499135566969,0.6301784587576863],[0.18398155265764152,0.9486253265901871],[-0.5032610244907701,0.012898310834042111],[0.24661678930024813,0.031434172999169965],[0.5095193850910471,-0.46690682638180747],[0.35237790159610266,0.2717304784169062],[-0.23584583679241125,-0.513463407907475],[0.20964658658685018,-0.18278551476931523],[-0.28932764091836877,-0.9075577206236277],[1.0,0.21868535756759247],[-0.4435397330273049,-0.26641260221827057]],"node_coordinates":[[352.68576543678284,563.3139903959285],[414.58302142146425,286.7491680381503],[381.5754160454701,418.5637179018718],[652.7737093387055,491.23216644989964],[144.20454545454544,313.1722342939942],[469.7256932881298,634.0353112672008],[249.3478705916405,652.4171646160576],[495.4720029635809,760.5],[257.2809199357861,442.90846676665853],[517.1807203039835,449.1996529627392],[608.3000078808151,280.059637336979],[553.8364146943118,530.7577043846663],[349.9642246289379,264.25804578317366],[504.3672350560232,376.4921667604909],[331.42799117858925,130.5],[778.2954545454546,512.7538624762783],[277.9796943809402,348.10861634938044]]},"label":"1","name":"4929","value":1.012192307586565,"input_type":"classification","classes":{"0":"low","1":"high"},"image_width":900,"image_height":900,"image_path":"./4929.png"}