{"graph": {"node_indices": [0, 1, 2, 3, 4, 5, 6, 7, 8, 9, 10, 11], "node_attributes": [[0.0, 0.0, 1.0], [1.0, 0.0, 1.0], [0.0, 0.0, 1.0], [0.0, 0.0, 1.0], [0.0, 0.0, 1.0], [0.0, 0.0, 1.0], [0.0, 0.0, 1.0], [0.0, 0.0, 1.0], [0.0, 1.0, 1.0], [0.0, 0.0, 1.0], [0.0, 0.0, 1.0], [0.0, 1.0, 1.0]], "node_adjacency": [[0, 0, 0, 0, 0, 0, 0, 1, 0, 0, 0, 0], [0, 0, 0, 0, 0, 0, 0, 0, 0, 0, 1, 0], [0, 0, 0, 0, 0, 0, 0, 1, 0, 1, 0, 1], [0, 0, 0, 0, 0, 0, 0, 0, 1, 0, 0, 0], [0, 0, 0, 0, 0, 0, 1, 0, 0, 0, 1, 0], [0, 0, 0, 0, 0, 0, 0, 0, 1, 0, 1, 0], [0, 0, 0, 0, 1, 0, 0, 0, 0, 0, 0, 0], [1, 0, 1, 0, 0, 0, 0, 0, 1, 0, 0, 0], [0, 0, 0, 1, 0, 1, 0, 1, 0, 0, 0, 0], [0, 0, 1, 0, 0, 0, 0, 0, 0, 0, 0, 1], [0, 1, 0, 0, 1, 1, 0, 0, 0, 0, 0, 0], [0, 0, 1, 0, 0, 0, 0, 0, 0, 1, 0, 0]], "edge_indices": [[6, 4], [4, 6], [4, 10], [10, 4], [10, 5], [5, 10], [0, 7], [7, 0], [7, 2], [2, 7], [2, 9], [9, 2], [8, 5], [5, 8], [1, 10], [10, 1], [11, 2], [2, 11], [3, 8], [8, 3], [8, 7], [7, 8], [11, 9], [9, 11]], "edge_attributes": [[1.0], [1.0], [1.0], [1.0], [1.0], [1.0], [1.0], [1.0], [1.0], [1.0], [1.0], [1.0], [1.0], [1.0], [1.0], [1.0], [1.0], [1.0], [1.0], [1.0], [1.0], [1.0], [1.0], [1.0]], "seed_graph_indices": [1, -1, 1, -1, 0, 0, 0, 1, -1, 1, 0, -1], "graph_labels": 0, "node_importances": [1, 0, 1, 0, 1, 1, 1, 1, 0, 1, 1, 0], "edge_importances": [1, 1, 1, 1, 1, 1, 1, 1, 1, 1, 1, 1, 0, 0, 0, 0, 0, 0, 0, 0, 0, 0, 0, 0], "multi_node_importances": [[1, 0], [0, 0], [1, 0], [0, 0], [1, 0], [1, 0], [1, 0], [1, 0], [0, 0], [1, 0], [1, 0], [0, 0]], "multi_edge_importances": [[1, 0], [1, 0], [1, 0], [1, 0], [1, 0], [1, 0], [1, 0], [1, 0], [1, 0], [1, 0], [1, 0], [1, 0], [0, 0], [0, 0], [0, 0], [0, 0], [0, 0], [0, 0], [0, 0], [0, 0], [0, 0], [0, 0], [0, 0], [0, 0]], "original_value": -3.92, "class": 0, "node_positions": [[0.5170231578394912, -0.2754800788736651], [0.1908698808979558, 0.7813737261150294], [0.16414544633987493, -0.657083349094344], [-0.3809342528427798, -0.17551411591139365], [-0.32868119790168454, 0.7759425499124826], [-0.05130771168624496, 0.24917604011817981], [-0.5377852929139945, 1.0], [0.18377387804134496, -0.32652303217185324], [-0.05644109198200948, -0.08151153928887071], [0.04430946819590817, -0.9439346596038184], [-0.07023106065613297, 0.5760789074145739], [0.3252587766682713, -0.9225244486163213]], "node_coordinates": [[778.2954545454545, 347.1360807342279], [582.2306356381873, 689.6465112435403], [566.1654239954771, 223.46419749921], [238.49447887284992, 379.53354654157465], [269.9060466193049, 687.8863486831887], [436.647226884239, 517.1692417419267], [144.20454545454544, 760.5], [577.9649218974167, 330.5938268992084], [433.5613303158853, 409.9983684838199], [494.1268427072573, 130.5], [425.2715846595399, 623.1135467005622], [663.0176041440341, 137.43872752125947]]}, "label": "0", "name": "4934", "value": -3.92, "input_type": "classification", "classes": {"0": "low", "1": "high"}, "image_width": 900, "image_height": 900, "image_path": "./4934.png"}