{"graph":{"node_indices":[0,1,2,3,4,5,6,7,8,9,10],"node_attributes":[[0.800000011920929,0.800000011920929,0.800000011920929],[0.0,1.0,1.0],[0.0,1.0,0.0],[0.0,0.0,1.0],[1.0,0.0,0.0],[0.0,1.0,0.0],[0.0,0.0,1.0],[0.0,1.0,1.0],[1.0,1.0,0.0],[1.0,0.0,0.0],[0.0,0.0,1.0]],"node_adjacency":[[0,0,0,0,0,0,0,1,1,0,0],[0,0,0,1,0,0,0,0,0,1,0],[0,0,0,0,0,1,0,0,0,0,0],[0,1,0,0,0,0,0,0,0,0,0],[0,0,0,0,0,1,0,0,0,1,0],[0,0,1,0,1,0,0,1,0,1,0],[0,0,0,0,0,0,0,0,1,0,0],[1,0,0,0,0,1,0,0,0,0,0],[1,0,0,1,0,0,1,0,0,0,1],[0,1,0,0,1,1,0,0,0,0,0],[0,0,0,0,0,0,0,0,1,0,0]],"edge_indices":[[8,6],[8,10],[8,3],[6,8],[10,8],[10,8],[4,9],[4,5],[9,4],[9,5],[5,9],[5,4],[0,8],[8,0],[1,9],[9,1],[2,5],[5,2],[7,5],[5,7],[0,7],[7,0],[1,3],[3,1]],"edge_attributes":[[1.0],[1.0],[1.0],[1.0],[1.0],[1.0],[1.0],[1.0],[1.0],[1.0],[1.0],[1.0],[1.0],[1.0],[1.0],[1.0],[1.0],[1.0],[1.0],[1.0],[1.0],[1.0],[1.0],[1.0]],"seed_graph_indices":[-1,-1,-1,0,1,1,0,-1,0,1,0],"graph_labels":0,"node_importances":[0,0,0,1,1,1,1,0,1,1,1],"edge_importances":[1,1,1,1,1,1,1,1,1,1,1,1,0,0,0,0,0,0,0,0,0,0,0,0],"multi_node_importances":[[0,0],[0,0],[0,0],[1,0],[0,1],[0,1],[1,0],[0,0],[1,0],[0,1],[1,0]],"multi_edge_importances":[[1,0],[1,0],[1,0],[1,0],[1,0],[1,0],[0,1],[0,1],[0,1],[0,1],[0,1],[0,1],[0,0],[0,0],[0,0],[0,0],[0,0],[0,0],[0,0],[0,0],[0,0],[0,0],[0,0],[0,0]],"original_value":-0.9425137497236004,"class":0,"node_positions":[[0.004641266271421238,-0.4341473113083453],[0.24157190499327413,0.4766074379085274],[-1.0,0.19029046556561852],[0.5104387843674881,0.10767201810529306],[-0.5647156353052021,0.6711902212295263],[-0.5497612764186479,0.23423255720220287],[0.5539818946254246,-0.8141724007208411],[-0.3887544762681749,-0.20628919509307214],[0.47149574003514444,-0.36335648592061837],[-0.20549702518088464,0.5345860514902654],[0.9265988228801572,-0.39661335845855683]],"node_coordinates":[[474.8566180474051,291.6834058510948],[552.8363003322908,677.96988130665],[144.2045454545455,556.5317288242727],[641.3269824307902,521.490035213011],[287.4673022072793,760.5],[292.38914836883316,575.1692772060261],[655.6580876096176,130.5],[345.38043387403684,388.3268860991246],[628.5098717328048,321.7085453929178],[405.6949541455209,702.5608640180188],[778.2954545454545,307.60301359261564]]},"label":"0","name":"4946","value":-0.9425137497236004,"input_type":"classification","classes":{"0":"low","1":"high"},"image_width":900,"image_height":900,"image_path":"./4946.png"}