{"graph":{"node_indices":[0,1,2,3,4,5,6,7,8,9,10,11,12,13,14,15,16],"node_attributes":[[0.0,1.0,0.0],[0.0,1.0,0.0],[0.0,1.0,1.0],[1.0,1.0,0.0],[0.0,1.0,0.0],[0.0,1.0,1.0],[1.0,0.0,0.0],[1.0,0.0,0.0],[0.800000011920929,0.800000011920929,0.800000011920929],[1.0,0.0,0.0],[0.0,1.0,0.0],[1.0,0.0,0.0],[1.0,0.0,0.0],[0.0,1.0,1.0],[1.0,0.0,1.0],[0.800000011920929,0.800000011920929,0.800000011920929],[0.0,1.0,1.0]],"node_adjacency":[[0,0,1,0,0,0,0,0,1,0,0,1,0,1,0,0,0],[0,0,0,0,0,0,0,1,1,0,0,0,1,0,0,0,0],[1,0,0,0,0,0,0,0,0,0,0,0,0,0,0,0,0],[0,0,0,0,0,1,1,0,0,1,0,1,0,0,1,0,0],[0,0,0,0,0,0,0,0,1,0,0,0,0,0,0,0,0],[0,0,0,1,0,0,0,0,0,0,0,0,0,0,0,0,0],[0,0,0,1,0,0,0,0,0,0,0,0,0,0,0,0,0],[0,1,0,0,0,0,0,0,0,0,0,0,1,0,0,0,0],[1,1,0,0,1,0,0,0,0,0,0,0,0,0,1,0,0],[0,0,0,0,0,0,0,0,0,0,0,0,0,0,0,0,1],[0,0,0,0,0,0,0,0,0,0,0,0,1,0,0,0,0],[1,0,0,1,0,0,0,0,0,0,0,0,0,0,1,1,0],[0,1,0,0,0,0,0,1,0,0,1,0,0,1,0,0,0],[1,0,0,0,0,0,0,0,0,0,0,0,1,0,0,0,0],[0,0,0,1,0,0,0,0,1,0,0,1,0,0,0,0,0],[0,0,0,0,0,0,0,0,0,0,0,1,0,0,0,0,0],[0,0,0,0,0,0,0,0,0,1,0,0,0,0,0,0,0]],"edge_indices":[[7,12],[7,1],[12,7],[12,1],[1,12],[1,7],[3,11],[3,6],[3,9],[11,3],[6,3],[6,3],[15,11],[11,15],[16,9],[9,16],[0,11],[11,0],[10,12],[12,10],[13,12],[12,13],[8,1],[1,8],[2,0],[0,2],[5,3],[3,5],[4,8],[8,4],[14,11],[11,14],[8,0],[0,8],[13,0],[0,13],[14,3],[3,14],[14,8],[8,14]],"edge_attributes":[[1.0],[1.0],[1.0],[1.0],[1.0],[1.0],[1.0],[1.0],[1.0],[1.0],[1.0],[1.0],[1.0],[1.0],[1.0],[1.0],[1.0],[1.0],[1.0],[1.0],[1.0],[1.0],[1.0],[1.0],[1.0],[1.0],[1.0],[1.0],[1.0],[1.0],[1.0],[1.0],[1.0],[1.0],[1.0],[1.0],[1.0],[1.0],[1.0],[1.0]],"seed_graph_indices":[-1,0,-1,1,-1,-1,1,0,-1,1,-1,1,0,-1,-1,-1,-1],"graph_labels":1,"node_importances":[0,1,0,1,0,0,1,1,0,1,0,1,1,0,0,0,0],"edge_importances":[1,1,1,1,1,1,1,1,1,1,1,1,0,0,0,0,0,0,0,0,0,0,0,0,0,0,0,0,0,0,0,0,0,0,0,0,0,0,0,0],"multi_node_importances":[[0,0],[0,1],[0,0],[0,1],[0,0],[0,0],[0,1],[0,1],[0,0],[0,1],[0,0],[0,1],[0,1],[0,0],[0,0],[0,0],[0,0]],"multi_edge_importances":[[0,1],[0,1],[0,1],[0,1],[0,1],[0,1],[0,1],[0,1],[0,1],[0,1],[0,1],[0,1],[0,0],[0,0],[0,0],[0,0],[0,0],[0,0],[0,0],[0,0],[0,0],[0,0],[0,0],[0,0],[0,0],[0,0],[0,0],[0,0],[0,0],[0,0],[0,0],[0,0],[0,0],[0,0],[0,0],[0,0],[0,0],[0,0],[0,0],[0,0]],"original_value":2.585661790463538,"class":1,"node_positions":[[-0.2493921141917404,-0.07793999573266339],[0.05342211700940179,-0.5624023549431514],[-0.617041400072605,-0.03249535610371327],[0.15870924899151004,0.4762061338731395],[0.4511131028382208,-0.3174122210574029],[0.2466484421612878,0.7993756499806267],[-0.04404867715000695,0.7887737667184063],[0.05581714879728048,-0.877000405336806],[0.09938915080152795,-0.2068822877829502],[0.5284554088354395,0.5412339723771599],[-0.45245906015787907,-1.0],[-0.14191306193653663,0.2786253321017338],[-0.24268438679888138,-0.7275750075265792],[-0.3880258304797669,-0.40808837991997865],[0.15225637922587568,0.14665255168288804],[-0.4439527638061338,0.48686989160220473],[0.8337062959330062,0.692058710067086]],"node_coordinates":[[304.8962153794304,453.33297970308564],[437.2498642438531,283.7123191668082],[144.20454545454544,469.24412253006943],[483.2686264434598,647.3514225198563],[611.0721211640395,369.4886184902337],[521.7049741938475,760.5],[394.6474567759502,756.788053328236],[438.29668161110385,173.56479563544536],[457.34107536603096,408.1875182800885],[644.8767953027561,670.1190632056541],[216.1399797303852,130.50000000000006],[351.8730192305584,578.1741469924667],[307.8280201116955,225.88183161481766],[244.30237164370618,337.7409508567199],[480.44821455019803,531.9676466073092],[219.85790063525766,651.0850327692689],[778.2954545454545,722.9260380836772]]},"label":"1","name":"495","value":2.585661790463538,"input_type":"classification","classes":{"0":"low","1":"high"},"image_width":900,"image_height":900,"image_path":"./495.png"}