{"graph": {"node_indices": [0, 1, 2, 3, 4, 5, 6, 7, 8, 9, 10, 11, 12, 13, 14], "node_attributes": [[1.0, 1.0, 0.0], [1.0, 0.0, 0.0], [0.0, 1.0, 1.0], [1.0, 0.0, 0.0], [0.0, 1.0, 1.0], [0.0, 1.0, 1.0], [0.0, 1.0, 0.0], [1.0, 0.0, 0.0], [1.0, 1.0, 0.0], [1.0, 0.0, 0.0], [1.0, 0.0, 0.0], [0.0, 0.0, 1.0], [1.0, 0.0, 0.0], [1.0, 0.0, 1.0], [1.0, 0.0, 0.0]], "node_adjacency": [[0, 0, 1, 0, 0, 0, 1, 0, 0, 0, 0, 0, 0, 0, 0], [0, 0, 1, 0, 1, 0, 1, 1, 0, 0, 0, 0, 0, 0, 0], [1, 1, 0, 0, 0, 0, 0, 0, 0, 0, 1, 0, 0, 0, 0], [0, 0, 0, 0, 0, 0, 1, 0, 0, 0, 0, 0, 0, 0, 0], [0, 1, 0, 0, 0, 0, 0, 0, 0, 0, 0, 0, 0, 0, 0], [0, 0, 0, 0, 0, 0, 1, 0, 0, 0, 0, 0, 0, 0, 1], [1, 1, 0, 1, 0, 1, 0, 1, 0, 0, 0, 0, 1, 0, 0], [0, 1, 0, 0, 0, 0, 1, 0, 0, 1, 0, 0, 0, 0, 0], [0, 0, 0, 0, 0, 0, 0, 0, 0, 0, 0, 0, 0, 1, 0], [0, 0, 0, 0, 0, 0, 0, 1, 0, 0, 0, 1, 0, 0, 0], [0, 0, 1, 0, 0, 0, 0, 0, 0, 0, 0, 0, 0, 1, 0], [0, 0, 0, 0, 0, 0, 0, 0, 0, 1, 0, 0, 0, 0, 0], [0, 0, 0, 0, 0, 0, 1, 0, 0, 0, 0, 0, 0, 0, 0], [0, 0, 0, 0, 0, 0, 0, 0, 1, 0, 1, 0, 0, 0, 0], [0, 0, 0, 0, 0, 1, 0, 0, 0, 0, 0, 0, 0, 0, 0]], "edge_indices": [[1, 7], [1, 6], [7, 1], [7, 6], [6, 7], [6, 1], [9, 7], [7, 9], [0, 6], [6, 0], [2, 1], [1, 2], [3, 6], [6, 3], [10, 2], [2, 10], [5, 6], [6, 5], [4, 1], [1, 4], [11, 9], [9, 11], [12, 6], [6, 12], [13, 10], [10, 13], [8, 13], [13, 8], [14, 5], [5, 14], [2, 0], [0, 2]], "edge_attributes": [[1.0], [1.0], [1.0], [1.0], [1.0], [1.0], [1.0], [1.0], [1.0], [1.0], [1.0], [1.0], [1.0], [1.0], [1.0], [1.0], [1.0], [1.0], [1.0], [1.0], [1.0], [1.0], [1.0], [1.0], [1.0], [1.0], [1.0], [1.0], [1.0], [1.0], [1.0], [1.0]], "seed_graph_indices": [-1, 0, -1, -1, -1, -1, 0, 0, -1, -1, -1, -1, -1, -1, -1], "graph_labels": 1, "node_importances": [0, 1, 0, 0, 0, 0, 1, 1, 0, 0, 0, 0, 0, 0, 0], "edge_importances": [1, 1, 1, 1, 1, 1, 0, 0, 0, 0, 0, 0, 0, 0, 0, 0, 0, 0, 0, 0, 0, 0, 0, 0, 0, 0, 0, 0, 0, 0, 0, 0], "multi_node_importances": [[0, 0], [0, 1], [0, 0], [0, 0], [0, 0], [0, 0], [0, 1], [0, 1], [0, 0], [0, 0], [0, 0], [0, 0], [0, 0], [0, 0], [0, 0]], "multi_edge_importances": [[0, 1], [0, 1], [0, 1], [0, 1], [0, 1], [0, 1], [0, 0], [0, 0], [0, 0], [0, 0], [0, 0], [0, 0], [0, 0], [0, 0], [0, 0], [0, 0], [0, 0], [0, 0], [0, 0], [0, 0], [0, 0], [0, 0], [0, 0], [0, 0], [0, 0], [0, 0], [0, 0], [0, 0], [0, 0], [0, 0], [0, 0], [0, 0]], "original_value": 1.59, "class": 1, "node_positions": [[0.11003109110799084, -0.2447040947840374], [-0.1058721801646816, 0.07075102019486607], [-0.22044748762809407, -0.2613691411015056], [0.46618942089016685, -0.18628261133511537], [-0.42848142464753586, 0.20345157618834997], [0.6160430040243174, 0.10557897773698115], [0.253109237576188, 0.08813603965626766], [0.027945032701484802, 0.3437839057142337], [-0.8304432828326761, -1.0], [-0.06119797828884157, 0.67855263430073], [-0.4318119591877002, -0.5159587111004421], [-0.143005905388625, 0.9911232980241184], [0.43078979341802415, 0.3811263413872548], [-0.6319658864043055, -0.760828234109276], [0.9491185248242878, 0.10663899922757479]], "node_coordinates": [[479.3130245097981, 369.47888230138756], [402.38268077689867, 469.2902413638447], [361.55737167201244, 364.2059897635806], [606.2188493820596, 387.96369165967525], [287.43101782533176, 511.27726967035704], [659.6144630388685, 480.30995735697593], [530.2944242986105, 474.7909365099222], [450.06423799689696, 555.6790240413894], [144.20454545454544, 130.5], [418.30092826820623, 661.6012937565711], [286.2442865383123, 283.6527516700413], [389.1512451033134, 760.5], [593.6053049304372, 567.4943317610815], [214.92572647436322, 206.17497837059156], [778.2954545454546, 480.6453527288932]]}, "label": "1", "name": "4961", "value": 1.59, "input_type": "classification", "classes": {"0": "low", "1": "high"}, "image_width": 900, "image_height": 900, "image_path": "./4961.png"}