{"graph":{"node_indices":[0,1,2,3,4,5,6,7,8,9,10,11,12,13,14,15],"node_attributes":[[0.800000011920929,0.800000011920929,0.800000011920929],[1.0,0.0,0.0],[0.0,0.0,1.0],[1.0,0.0,0.0],[1.0,0.0,0.0],[0.0,1.0,1.0],[0.0,1.0,0.0],[0.0,0.0,1.0],[0.0,0.0,1.0],[0.0,1.0,1.0],[1.0,0.0,0.0],[0.0,1.0,0.0],[0.800000011920929,0.800000011920929,0.800000011920929],[0.0,1.0,1.0],[1.0,0.0,0.0],[1.0,0.0,0.0]],"node_adjacency":[[0,0,0,0,0,0,0,0,0,0,0,0,0,1,1,0],[0,0,1,0,1,0,0,0,0,0,0,1,0,0,0,0],[0,1,0,0,0,0,0,0,0,0,0,0,0,0,0,0],[0,0,0,0,0,0,0,1,0,0,1,0,0,1,0,0],[0,1,0,0,0,0,0,0,0,1,0,1,0,0,0,0],[0,0,0,0,0,0,0,0,0,0,0,1,0,0,0,0],[0,0,0,0,0,0,0,0,0,0,1,0,0,0,1,0],[0,0,0,1,0,0,0,0,1,0,0,0,1,0,0,0],[0,0,0,0,0,0,0,1,0,0,0,0,0,0,0,0],[0,0,0,0,1,0,0,0,0,0,0,0,0,0,0,0],[0,0,0,1,0,0,1,0,0,0,0,0,0,0,1,0],[0,1,0,0,1,1,0,0,0,0,0,0,0,1,0,1],[0,0,0,0,0,0,0,1,0,0,0,0,0,0,0,0],[1,0,0,1,0,0,0,0,0,0,0,1,0,0,0,1],[1,0,0,0,0,0,1,0,0,0,1,0,0,0,0,0],[0,0,0,0,0,0,0,0,0,0,0,1,0,1,0,0]],"edge_indices":[[4,1],[4,11],[1,4],[1,11],[11,1],[11,4],[14,10],[14,6],[10,14],[10,6],[6,10],[6,14],[5,11],[11,5],[9,4],[4,9],[3,10],[10,3],[13,3],[3,13],[15,11],[11,15],[7,3],[3,7],[2,1],[1,2],[12,7],[7,12],[8,7],[7,8],[0,13],[13,0],[15,13],[13,15],[13,11],[11,13],[0,14],[14,0]],"edge_attributes":[[1.0],[1.0],[1.0],[1.0],[1.0],[1.0],[1.0],[1.0],[1.0],[1.0],[1.0],[1.0],[1.0],[1.0],[1.0],[1.0],[1.0],[1.0],[1.0],[1.0],[1.0],[1.0],[1.0],[1.0],[1.0],[1.0],[1.0],[1.0],[1.0],[1.0],[1.0],[1.0],[1.0],[1.0],[1.0],[1.0],[1.0],[1.0]],"seed_graph_indices":[-1,0,-1,-1,0,-1,1,-1,-1,-1,1,0,-1,-1,1,-1],"graph_labels":1,"node_importances":[0,1,0,0,1,0,1,0,0,0,1,1,0,0,1,0],"edge_importances":[1,1,1,1,1,1,1,1,1,1,1,1,0,0,0,0,0,0,0,0,0,0,0,0,0,0,0,0,0,0,0,0,0,0,0,0,0,0],"multi_node_importances":[[0,0],[0,1],[0,0],[0,0],[0,1],[0,0],[0,1],[0,0],[0,0],[0,0],[0,1],[0,1],[0,0],[0,0],[0,1],[0,0]],"multi_edge_importances":[[0,1],[0,1],[0,1],[0,1],[0,1],[0,1],[0,1],[0,1],[0,1],[0,1],[0,1],[0,1],[0,0],[0,0],[0,0],[0,0],[0,0],[0,0],[0,0],[0,0],[0,0],[0,0],[0,0],[0,0],[0,0],[0,0],[0,0],[0,0],[0,0],[0,0],[0,0],[0,0],[0,0],[0,0],[0,0],[0,0],[0,0],[0,0]],"original_value":2.010280654468545,"class":1,"node_positions":[[0.3181523319866977,0.29091343363800987],[-0.6629958880597602,0.24149221657133355],[-1.0,0.21686744991723791],[0.26368572315065636,-0.23198771179944125],[-0.49492508421724757,0.4793043139044129],[-0.5350065645516077,-0.150611686899763],[0.9056953215114939,0.05181154792675775],[0.28652713263311236,-0.5960388160740204],[0.12159341936190458,-0.9016011351023469],[-0.5917915456846207,0.8065068479069916],[0.6112815326410154,-0.10016467122596105],[-0.3397293063223793,0.1461778956589821],[0.547102831028302,-0.8284997194653632],[0.025632641324978646,0.04574598960869134],[0.6450860194539955,0.22582382437129875],[-0.1003085642565409,0.3042602210631798]],"node_coordinates":[[582.799530222002,570.3341239426884],[256.33749834340125,552.1061389079531],[144.2045454545455,543.0238073771628],[564.6766009572381,377.4729436763157],[312.26048225229357,639.8181704716045],[298.92398401144897,407.48679303288594],[778.2954545454545,482.14638083952576],[572.2767298656518,243.20028762976239],[517.3975647612688,130.5],[280.02965189922884,760.5],[680.3337788638917,426.0931224866612],[363.8994986163448,516.9514398069109],[658.9792995877383,157.46193233062598],[485.4680866880141,479.9092261757735],[691.5817037197878,546.3271792729591],[443.5630808679591,575.256808082975]]},"label":"1","name":"4973","value":2.010280654468545,"input_type":"classification","classes":{"0":"low","1":"high"},"image_width":900,"image_height":900,"image_path":"./4973.png"}