{"graph": {"node_indices": [0, 1, 2, 3, 4, 5, 6, 7, 8, 9], "node_attributes": [[1.0, 0.0, 0.0], [0.0, 1.0, 1.0], [0.0, 0.0, 1.0], [0.0, 0.0, 1.0], [0.0, 1.0, 1.0], [1.0, 0.0, 1.0], [0.0, 1.0, 1.0], [0.0, 0.0, 1.0], [1.0, 0.0, 1.0], [1.0, 0.0, 0.0]], "node_adjacency": [[0, 1, 0, 0, 1, 0, 0, 1, 0, 0], [1, 0, 0, 0, 0, 0, 0, 0, 0, 0], [0, 0, 0, 0, 1, 0, 0, 1, 0, 0], [0, 0, 0, 0, 1, 0, 0, 0, 0, 0], [1, 0, 1, 1, 0, 0, 0, 0, 0, 1], [0, 0, 0, 0, 0, 0, 1, 0, 1, 1], [0, 0, 0, 0, 0, 1, 0, 0, 0, 0], [1, 0, 1, 0, 0, 0, 0, 0, 0, 1], [0, 0, 0, 0, 0, 1, 0, 0, 0, 0], [0, 0, 0, 0, 1, 1, 0, 1, 0, 0]], "edge_indices": [[9, 5], [5, 9], [7, 9], [9, 7], [4, 9], [9, 4], [2, 4], [4, 2], [6, 5], [5, 6], [0, 4], [4, 0], [1, 0], [0, 1], [3, 4], [4, 3], [8, 5], [5, 8], [7, 0], [0, 7], [7, 2], [2, 7]], "edge_attributes": [[1.0], [1.0], [1.0], [1.0], [1.0], [1.0], [1.0], [1.0], [1.0], [1.0], [1.0], [1.0], [1.0], [1.0], [1.0], [1.0], [1.0], [1.0], [1.0], [1.0], [1.0], [1.0]], "seed_graph_indices": [-1, -1, -1, -1, -1, -1, -1, -1, -1, -1], "graph_labels": 0, "node_importances": [0, 0, 0, 0, 0, 0, 0, 0, 0, 0], "edge_importances": [0, 0, 0, 0, 0, 0, 0, 0, 0, 0, 0, 0, 0, 0, 0, 0, 0, 0, 0, 0, 0, 0], "multi_node_importances": [[0, 0], [0, 0], [0, 0], [0, 0], [0, 0], [0, 0], [0, 0], [0, 0], [0, 0], [0, 0]], "multi_edge_importances": [[0, 0], [0, 0], [0, 0], [0, 0], [0, 0], [0, 0], [0, 0], [0, 0], [0, 0], [0, 0], [0, 0], [0, 0], [0, 0], [0, 0], [0, 0], [0, 0], [0, 0], [0, 0], [0, 0], [0, 0], [0, 0], [0, 0]], "original_value": -0.13, "class": 0, "node_positions": [[0.04012729687951716, -0.6029571098654759], [0.2066695540435214, -0.9961253955081175], [-0.43729336553082837, 0.008118924387547532], [-0.6946304568995362, -0.4337263036006709], [-0.2508745443664697, -0.26326954794736357], [0.2492425510456074, 0.5829123494425696], [0.07313370259423012, 1.0], [0.09339088992168926, -0.17876694378446834], [0.6860582817670717, 0.7016308203276396], [0.03417609054519743, 0.18218320654833922]], "node_coordinates": [[481.64715580370904, 254.5884067264786], [558.13284608982, 130.5], [262.3883950355739, 447.4509906331414], [144.2045454545455, 307.99958429415244], [348.00253562595856, 361.7976855072517], [577.684791155909, 628.8623681946626], [496.8055772634783, 760.5], [506.1088314788334, 388.4676736464851], [778.2954545454545, 666.331275121001], [478.91402289037717, 502.38766846313536]]}, "label": "0", "name": "4974", "value": -0.13, "input_type": "classification", "classes": {"0": "low", "1": "high"}, "image_width": 900, "image_height": 900, "image_path": "./4974.png"}