{"graph":{"node_indices":[0,1,2,3,4,5,6,7,8,9,10,11,12,13,14,15,16,17,18,19,20,21,22,23],"node_attributes":[[0.800000011920929,0.800000011920929,0.800000011920929],[1.0,1.0,0.0],[1.0,0.0,1.0],[0.0,1.0,0.0],[1.0,1.0,0.0],[1.0,1.0,0.0],[0.800000011920929,0.800000011920929,0.800000011920929],[0.800000011920929,0.800000011920929,0.800000011920929],[1.0,0.0,0.0],[0.0,1.0,1.0],[1.0,0.0,0.0],[1.0,1.0,0.0],[0.0,1.0,0.0],[0.0,1.0,0.0],[0.800000011920929,0.800000011920929,0.800000011920929],[1.0,0.0,1.0],[0.0,1.0,0.0],[1.0,0.0,0.0],[0.0,1.0,1.0],[0.800000011920929,0.800000011920929,0.800000011920929],[0.0,1.0,0.0],[0.800000011920929,0.800000011920929,0.800000011920929],[0.0,0.0,1.0],[0.800000011920929,0.800000011920929,0.800000011920929]],"node_adjacency":[[0,0,0,1,0,0,0,0,0,0,0,0,0,0,0,0,1,0,1,0,1,0,0,0],[0,0,0,0,0,1,0,0,0,0,0,0,0,0,0,0,0,0,0,0,1,0,0,1],[0,0,0,0,0,0,0,0,0,0,0,0,0,0,0,1,0,0,0,0,0,0,0,0],[1,0,0,0,0,0,0,0,0,0,0,0,0,0,0,0,0,0,0,0,0,0,0,0],[0,0,0,0,0,0,0,0,0,0,0,0,0,0,0,0,0,0,1,0,0,1,0,0],[0,1,0,0,0,0,0,0,0,0,0,0,0,1,0,0,0,0,0,0,0,0,0,0],[0,0,0,0,0,0,0,0,0,0,0,0,0,1,1,0,0,0,0,0,1,0,0,0],[0,0,0,0,0,0,0,0,0,0,1,0,0,0,0,0,0,0,0,0,0,0,0,0],[0,0,0,0,0,0,0,0,0,0,0,0,0,1,0,0,0,0,0,0,0,0,0,0],[0,0,0,0,0,0,0,0,0,0,0,0,0,0,0,0,0,0,1,0,0,0,0,0],[0,0,0,0,0,0,0,1,0,0,0,0,0,0,0,1,1,1,1,1,1,0,0,1],[0,0,0,0,0,0,0,0,0,0,0,0,0,0,0,0,0,0,1,0,0,0,0,0],[0,0,0,0,0,0,0,0,0,0,0,0,0,0,0,0,0,0,0,0,1,0,0,0],[0,0,0,0,0,1,1,0,1,0,0,0,0,0,0,0,0,0,0,0,0,0,0,0],[0,0,0,0,0,0,1,0,0,0,0,0,0,0,0,0,0,0,0,0,0,0,0,0],[0,0,1,0,0,0,0,0,0,0,1,0,0,0,0,0,0,0,0,0,0,0,0,0],[1,0,0,0,0,0,0,0,0,0,1,0,0,0,0,0,0,0,0,0,0,0,0,0],[0,0,0,0,0,0,0,0,0,0,1,0,0,0,0,0,0,0,0,0,1,0,0,0],[1,0,0,0,1,0,0,0,0,1,1,1,0,0,0,0,0,0,0,0,0,0,1,0],[0,0,0,0,0,0,0,0,0,0,1,0,0,0,0,0,0,0,0,0,0,0,0,0],[1,1,0,0,0,0,1,0,0,0,1,0,1,0,0,0,0,1,0,0,0,0,0,0],[0,0,0,0,1,0,0,0,0,0,0,0,0,0,0,0,0,0,0,0,0,0,0,0],[0,0,0,0,0,0,0,0,0,0,0,0,0,0,0,0,0,0,1,0,0,0,0,0],[0,1,0,0,0,0,0,0,0,0,1,0,0,0,0,0,0,0,0,0,0,0,0,0]],"edge_indices":[[17,10],[17,20],[10,17],[10,20],[20,10],[20,17],[6,20],[20,6],[0,20],[20,0],[18,0],[0,18],[4,18],[18,4],[23,10],[10,23],[7,10],[10,7],[13,6],[6,13],[1,20],[20,1],[19,10],[10,19],[15,10],[10,15],[22,18],[18,22],[14,6],[6,14],[11,18],[18,11],[12,20],[20,12],[16,0],[0,16],[8,13],[13,8],[2,15],[15,2],[9,18],[18,9],[3,0],[0,3],[5,1],[1,5],[21,4],[4,21],[5,13],[13,5],[10,16],[16,10],[18,10],[10,18],[1,23],[23,1]],"edge_attributes":[[1.0],[1.0],[1.0],[1.0],[1.0],[1.0],[1.0],[1.0],[1.0],[1.0],[1.0],[1.0],[1.0],[1.0],[1.0],[1.0],[1.0],[1.0],[1.0],[1.0],[1.0],[1.0],[1.0],[1.0],[1.0],[1.0],[1.0],[1.0],[1.0],[1.0],[1.0],[1.0],[1.0],[1.0],[1.0],[1.0],[1.0],[1.0],[1.0],[1.0],[1.0],[1.0],[1.0],[1.0],[1.0],[1.0],[1.0],[1.0],[1.0],[1.0],[1.0],[1.0],[1.0],[1.0],[1.0],[1.0]],"seed_graph_indices":[-1,-1,-1,-1,-1,-1,-1,-1,-1,-1,0,-1,-1,-1,-1,-1,-1,0,-1,-1,0,-1,-1,-1],"graph_labels":1,"node_importances":[0,0,0,0,0,0,0,0,0,0,1,0,0,0,0,0,0,1,0,0,1,0,0,0],"edge_importances":[1,1,1,1,1,1,0,0,0,0,0,0,0,0,0,0,0,0,0,0,0,0,0,0,0,0,0,0,0,0,0,0,0,0,0,0,0,0,0,0,0,0,0,0,0,0,0,0,0,0,0,0,0,0,0,0],"multi_node_importances":[[0,0],[0,0],[0,0],[0,0],[0,0],[0,0],[0,0],[0,0],[0,0],[0,0],[0,1],[0,0],[0,0],[0,0],[0,0],[0,0],[0,0],[0,1],[0,0],[0,0],[0,1],[0,0],[0,0],[0,0]],"multi_edge_importances":[[0,1],[0,1],[0,1],[0,1],[0,1],[0,1],[0,0],[0,0],[0,0],[0,0],[0,0],[0,0],[0,0],[0,0],[0,0],[0,0],[0,0],[0,0],[0,0],[0,0],[0,0],[0,0],[0,0],[0,0],[0,0],[0,0],[0,0],[0,0],[0,0],[0,0],[0,0],[0,0],[0,0],[0,0],[0,0],[0,0],[0,0],[0,0],[0,0],[0,0],[0,0],[0,0],[0,0],[0,0],[0,0],[0,0],[0,0],[0,0],[0,0],[0,0],[0,0],[0,0],[0,0],[0,0],[0,0],[0,0]],"original_value":0.7277768034804033,"class":1,"node_positions":[[0.29254474903682176,0.009113163173094152],[0.012500574460606265,-0.40875186254121065],[-0.5657975795732737,0.4894325237741081],[0.5794151507140163,-0.07230913787607791],[0.08933469739924552,0.6190692944448958],[0.08615650510082977,-0.689989682487691],[-0.20237800400889175,-0.44467322332330206],[-0.3239180473673806,0.2292789641864733],[-0.20338546034839738,-1.0],[0.43989397363804045,0.464350712809285],[-0.09508763876712814,0.13051949382113576],[0.2818920128733998,0.5600121365792381],[0.29079491600646135,-0.34856113127463173],[-0.15562795206500174,-0.7355972738136847],[-0.48956122857646556,-0.5285315640303645],[-0.29401944504090277,0.36968494047569816],[0.11728123624883745,0.1341616317056871],[-0.09193821446580551,-0.05327672764835423],[0.1870501002766615,0.31876751978960216],[-0.3983966764432111,0.08689593527680213],[0.0440766470925453,-0.1891896953974995],[0.11724535816113672,0.9033983701265947],[0.4937413749291249,0.3046085570980841],[-0.21181704928126852,-0.1484129448678826]],"node_coordinates":[[619.4586646809774,464.50327686356394],[464.40147701061386,326.1954111367991],[144.2045454545455,623.4827117143528],[778.2954545454547,437.5535586826207],[506.9436332186945,666.3907896051437],[505.1839052742954,233.10936601504227],[345.4257185664113,314.3059098910812],[278.13041652693835,537.3752813873482],[344.8679017614704,130.5],[701.0442088425312,615.1809598815048],[404.831140313495,504.68718660557926],[613.5603691245917,646.8436417041555],[618.4898025755936,346.11775702775554],[371.31067614081064,218.0138489722989],[186.41572232228157,286.5498944007792],[294.6849233258524,583.8478256799697],[522.4173052766682,505.89268667497083],[406.5749397540039,443.8530378834295],[561.0475101701686,566.9948244713436],[236.89246975115398,490.24835849987784],[481.8847795195582,398.8676207338569],[522.3974399986766,760.5],[730.8588858312172,562.3083927523423],[340.199429476689,412.3641925691843]]},"label":"1","name":"4979","value":0.7277768034804033,"input_type":"classification","classes":{"0":"low","1":"high"},"image_width":900,"image_height":900,"image_path":"./4979.png"}