{"graph": {"node_indices": [0, 1, 2, 3, 4, 5, 6, 7, 8, 9, 10, 11], "node_attributes": [[1.0, 0.0, 1.0], [0.0, 1.0, 0.0], [0.0, 0.0, 1.0], [0.0, 0.0, 1.0], [0.0, 1.0, 0.0], [0.0, 1.0, 0.0], [0.0, 0.0, 1.0], [0.0, 0.0, 1.0], [0.0, 0.0, 1.0], [0.0, 1.0, 0.0], [0.0, 0.0, 1.0], [1.0, 0.0, 1.0]], "node_adjacency": [[0, 0, 0, 1, 0, 0, 0, 1, 1, 0, 0, 1], [0, 0, 0, 0, 0, 1, 1, 0, 0, 1, 1, 0], [0, 0, 0, 0, 0, 1, 0, 0, 0, 0, 0, 0], [1, 0, 0, 0, 0, 0, 0, 0, 0, 0, 0, 0], [0, 0, 0, 0, 0, 0, 0, 0, 0, 0, 1, 0], [0, 1, 1, 0, 0, 0, 1, 0, 0, 0, 0, 0], [0, 1, 0, 0, 0, 1, 0, 0, 0, 0, 0, 0], [1, 0, 0, 0, 0, 0, 0, 0, 0, 1, 0, 0], [1, 0, 0, 0, 0, 0, 0, 0, 0, 0, 0, 0], [0, 1, 0, 0, 0, 0, 0, 1, 0, 0, 0, 0], [0, 1, 0, 0, 1, 0, 0, 0, 0, 0, 0, 0], [1, 0, 0, 0, 0, 0, 0, 0, 0, 0, 0, 0]], "edge_indices": [[7, 9], [9, 7], [0, 7], [7, 0], [8, 0], [0, 8], [1, 9], [9, 1], [5, 1], [1, 5], [6, 5], [5, 6], [2, 5], [5, 2], [10, 1], [1, 10], [11, 0], [0, 11], [4, 10], [10, 4], [3, 0], [0, 3], [1, 6], [6, 1]], "edge_attributes": [[1.0], [1.0], [1.0], [1.0], [1.0], [1.0], [1.0], [1.0], [1.0], [1.0], [1.0], [1.0], [1.0], [1.0], [1.0], [1.0], [1.0], [1.0], [1.0], [1.0], [1.0], [1.0], [1.0], [1.0]], "seed_graph_indices": [-1, -1, -1, -1, -1, -1, -1, -1, -1, -1, -1, -1], "graph_labels": 0, "node_importances": [0, 0, 0, 0, 0, 0, 0, 0, 0, 0, 0, 0], "edge_importances": [0, 0, 0, 0, 0, 0, 0, 0, 0, 0, 0, 0, 0, 0, 0, 0, 0, 0, 0, 0, 0, 0, 0, 0], "multi_node_importances": [[0, 0], [0, 0], [0, 0], [0, 0], [0, 0], [0, 0], [0, 0], [0, 0], [0, 0], [0, 0], [0, 0], [0, 0]], "multi_edge_importances": [[0, 0], [0, 0], [0, 0], [0, 0], [0, 0], [0, 0], [0, 0], [0, 0], [0, 0], [0, 0], [0, 0], [0, 0], [0, 0], [0, 0], [0, 0], [0, 0], [0, 0], [0, 0], [0, 0], [0, 0], [0, 0], [0, 0], [0, 0], [0, 0]], "original_value": -0.6000000000000001, "class": 0, "node_positions": [[0.66480491037988, 0.10557758967775947], [-0.3653187215753537, -0.06126062250872654], [-0.9673919536143812, 0.2709786445511476], [0.8406082130268292, -0.21189028599809112], [-0.6039985006519877, -0.7118971069030323], [-0.679170498424635, 0.09896746302303247], [-0.45978479184275206, 0.26551151810474694], [0.3214671423952744, 0.045249445411460615], [0.9999999999999999, 0.16125842230269896], [-0.01042668673250572, -0.01921285174727983], [-0.4712662552760089, -0.4059277795187578], [0.7304771423156409, 0.4626455636050415]], "node_coordinates": [[670.2619949648374, 568.9762442245886], [338.2528957802465, 479.48773408640915], [144.2045454545455, 657.6938933885474], [726.9234425181794, 398.6931487715563], [261.32634445513906, 130.49999999999994], [237.09839113944685, 565.4307112294557], [307.80645816823164, 654.7614416797112], [559.6041481506109, 536.6174957158371], [778.2954545454545, 598.8422724537187], [452.6346856362052, 502.0412744939727], [304.1059796882252, 294.6155158447416], [691.4281714217824, 760.5]]}, "label": "0", "name": "500", "value": -0.6000000000000001, "input_type": "classification", "classes": {"0": "low", "1": "high"}, "image_width": 900, "image_height": 900, "image_path": "./500.png"}