{"graph":{"node_indices":[0,1,2,3,4,5,6,7,8,9,10,11,12,13,14],"node_attributes":[[0.0,0.0,1.0],[0.0,0.0,1.0],[1.0,0.0,0.0],[0.0,1.0,1.0],[0.0,1.0,1.0],[0.800000011920929,0.800000011920929,0.800000011920929],[0.0,0.0,1.0],[1.0,1.0,0.0],[0.0,1.0,0.0],[1.0,0.0,0.0],[0.0,0.0,1.0],[1.0,0.0,1.0],[0.800000011920929,0.800000011920929,0.800000011920929],[1.0,1.0,0.0],[1.0,0.0,0.0]],"node_adjacency":[[0,0,0,0,0,0,0,0,0,0,0,0,0,0,0],[0,0,0,1,0,0,0,0,0,0,0,0,0,1,0],[0,0,0,0,0,0,0,0,0,0,0,1,0,0,0],[0,1,0,0,1,0,1,0,0,0,0,0,0,0,0],[0,0,0,1,0,0,0,0,1,0,1,0,0,0,0],[0,0,0,0,0,0,0,0,0,0,0,1,0,0,0],[0,0,0,1,0,0,0,0,0,0,0,0,0,0,0],[0,0,0,0,0,0,0,0,0,0,0,1,0,0,0],[0,0,0,0,1,0,0,0,0,1,0,1,0,0,1],[0,0,0,0,0,0,0,0,1,0,0,0,0,0,1],[0,0,0,0,1,0,0,0,0,0,0,0,1,1,0],[0,0,1,0,0,1,0,1,1,0,0,0,0,0,0],[0,0,0,0,0,0,0,0,0,0,1,0,0,0,0],[1,1,0,0,0,0,0,0,0,0,1,0,0,0,0],[0,0,0,0,0,0,0,0,1,1,0,0,0,0,0]],"edge_indices":[[13,10],[13,1],[13,0],[10,13],[1,13],[1,13],[14,9],[14,8],[9,14],[9,8],[8,9],[8,14],[3,1],[1,3],[4,10],[10,4],[11,8],[8,11],[2,11],[11,2],[12,10],[10,12],[7,11],[11,7],[6,3],[3,6],[5,11],[11,5],[4,8],[8,4],[4,3],[3,4]],"edge_attributes":[[1.0],[1.0],[1.0],[1.0],[1.0],[1.0],[1.0],[1.0],[1.0],[1.0],[1.0],[1.0],[1.0],[1.0],[1.0],[1.0],[1.0],[1.0],[1.0],[1.0],[1.0],[1.0],[1.0],[1.0],[1.0],[1.0],[1.0],[1.0],[1.0],[1.0],[1.0],[1.0]],"seed_graph_indices":[0,0,-1,-1,-1,-1,-1,-1,1,1,0,-1,-1,0,1],"graph_labels":0,"node_importances":[1,1,0,0,0,0,0,0,1,1,1,0,0,1,1],"edge_importances":[1,1,1,1,1,1,1,1,1,1,1,1,0,0,0,0,0,0,0,0,0,0,0,0,0,0,0,0,0,0,0,0],"multi_node_importances":[[1,0],[1,0],[0,0],[0,0],[0,0],[0,0],[0,0],[0,0],[0,1],[0,1],[1,0],[0,0],[0,0],[1,0],[0,1]],"multi_edge_importances":[[1,0],[1,0],[1,0],[1,0],[1,0],[1,0],[0,1],[0,1],[0,1],[0,1],[0,1],[0,1],[0,0],[0,0],[0,0],[0,0],[0,0],[0,0],[0,0],[0,0],[0,0],[0,0],[0,0],[0,0],[0,0],[0,0],[0,0],[0,0],[0,0],[0,0],[0,0],[0,0]],"original_value":-0.5737255607236865,"class":0,"node_positions":[[-0.3784404705808955,-0.9999999999999999],[0.0953887546989563,-0.6852905311734043],[0.4667264109619781,0.8220756931747479],[0.22975108730999977,-0.3572435111425585],[-0.030623998583425013,-0.09326221312966099],[0.11910867312965998,0.9031936768563252],[0.5623793611165238,-0.4781978177339544],[0.6035832172079334,0.5054691457378613],[-0.025424131039728553,0.28664114845706273],[-0.38182305256539983,0.35825082071297265],[-0.3239532029997244,-0.33425898750783717],[0.24649240548554255,0.5541646537604124],[-0.680826636104224,-0.3461030194384793],[-0.24321397975577458,-0.6868930415969422],[-0.2591244382814222,0.5514539830234547]],"node_coordinates":[[293.48736051451505,130.5],[527.4086461826048,234.6759269021167],[710.7316185440457,733.6481192162181],[593.7410037343695,343.2668838460298],[465.1983313988749,430.6506429297777],[539.1187592765689,760.5],[757.9538241074147,303.2282823735576],[778.2954545454545,628.844216538952],[467.76541598595765,556.4072176337111],[291.8174383474608,580.111633043362],[320.3867812448444,350.8752791796002],[602.005902694725,644.9635271625986],[144.20454545454544,346.95463767734924],[360.2463380164068,234.14545983557173],[352.3916200815007,644.066234057304]]},"label":"0","name":"514","value":-0.5737255607236865,"input_type":"classification","classes":{"0":"low","1":"high"},"image_width":900,"image_height":900,"image_path":"./514.png"}