{"graph": {"node_indices": [0, 1, 2, 3, 4, 5, 6, 7, 8, 9, 10, 11, 12, 13, 14], "node_attributes": [[1.0, 1.0, 0.0], [0.0, 1.0, 0.0], [1.0, 0.0, 1.0], [0.0, 1.0, 1.0], [1.0, 0.0, 1.0], [1.0, 0.0, 1.0], [1.0, 0.0, 1.0], [1.0, 0.0, 0.0], [0.0, 1.0, 0.0], [1.0, 0.0, 0.0], [1.0, 0.0, 0.0], [1.0, 0.0, 1.0], [0.0, 1.0, 0.0], [1.0, 0.0, 1.0], [1.0, 0.0, 0.0]], "node_adjacency": [[0, 0, 0, 0, 0, 0, 1, 0, 0, 0, 0, 0, 0, 0, 0], [0, 0, 0, 0, 0, 0, 0, 1, 1, 0, 0, 0, 0, 0, 0], [0, 0, 0, 1, 0, 0, 0, 0, 0, 0, 1, 0, 0, 1, 0], [0, 0, 1, 0, 0, 0, 0, 0, 1, 0, 0, 0, 0, 0, 0], [0, 0, 0, 0, 0, 1, 0, 0, 0, 0, 0, 0, 0, 0, 0], [0, 0, 0, 0, 1, 0, 0, 0, 0, 0, 0, 0, 0, 0, 1], [1, 0, 0, 0, 0, 0, 0, 0, 0, 1, 0, 0, 0, 0, 0], [0, 1, 0, 0, 0, 0, 0, 0, 0, 0, 0, 0, 0, 0, 0], [0, 1, 0, 1, 0, 0, 0, 0, 0, 1, 0, 0, 0, 0, 0], [0, 0, 0, 0, 0, 0, 1, 0, 1, 0, 1, 1, 0, 0, 0], [0, 0, 1, 0, 0, 0, 0, 0, 0, 1, 0, 0, 0, 0, 0], [0, 0, 0, 0, 0, 0, 0, 0, 0, 1, 0, 0, 1, 0, 0], [0, 0, 0, 0, 0, 0, 0, 0, 0, 0, 0, 1, 0, 0, 1], [0, 0, 1, 0, 0, 0, 0, 0, 0, 0, 0, 0, 0, 0, 0], [0, 0, 0, 0, 0, 1, 0, 0, 0, 0, 0, 0, 1, 0, 0]], "edge_indices": [[8, 9], [9, 8], [1, 8], [8, 1], [11, 9], [9, 11], [3, 8], [8, 3], [2, 3], [3, 2], [12, 11], [11, 12], [6, 9], [9, 6], [14, 12], [12, 14], [7, 1], [1, 7], [5, 14], [14, 5], [13, 2], [2, 13], [10, 9], [9, 10], [0, 6], [6, 0], [4, 5], [5, 4], [2, 10], [10, 2]], "edge_attributes": [[1.0], [1.0], [1.0], [1.0], [1.0], [1.0], [1.0], [1.0], [1.0], [1.0], [1.0], [1.0], [1.0], [1.0], [1.0], [1.0], [1.0], [1.0], [1.0], [1.0], [1.0], [1.0], [1.0], [1.0], [1.0], [1.0], [1.0], [1.0], [1.0], [1.0]], "seed_graph_indices": [-1, -1, -1, -1, -1, -1, -1, -1, -1, -1, -1, -1, -1, -1, -1], "graph_labels": 1, "node_importances": [0, 0, 0, 0, 0, 0, 0, 0, 0, 0, 0, 0, 0, 0, 0], "edge_importances": [0, 0, 0, 0, 0, 0, 0, 0, 0, 0, 0, 0, 0, 0, 0, 0, 0, 0, 0, 0, 0, 0, 0, 0, 0, 0, 0, 0, 0, 0], "multi_node_importances": [[0, 0], [0, 0], [0, 0], [0, 0], [0, 0], [0, 0], [0, 0], [0, 0], [0, 0], [0, 0], [0, 0], [0, 0], [0, 0], [0, 0], [0, 0]], "multi_edge_importances": [[0, 0], [0, 0], [0, 0], [0, 0], [0, 0], [0, 0], [0, 0], [0, 0], [0, 0], [0, 0], [0, 0], [0, 0], [0, 0], [0, 0], [0, 0], [0, 0], [0, 0], [0, 0], [0, 0], [0, 0], [0, 0], [0, 0], [0, 0], [0, 0], [0, 0], [0, 0], [0, 0], [0, 0], [0, 0], [0, 0]], "original_value": 0.4, "class": 1, "node_positions": [[0.05634151561054349, -0.5077478146747968], [0.5137566712047292, -0.16578554918188634], [0.28195156317447884, 0.3420394570706413], [0.4217951608608713, 0.17635201646337198], [-1.0, 0.029750065782236605], [-0.7933674997884743, 0.02193549392388769], [0.06506479798158173, -0.28341051163074726], [0.70645992523226, -0.2633829380938495], [0.3217143103838352, -0.03792067870650654], [0.08141214209713196, -0.045263121618779836], [0.10951341247356783, 0.1938748765287056], [-0.15398767650414558, -0.021590370046103955], [-0.37313681679739596, -0.002155936303297324], [0.3473891068526485, 0.5515437928030105], [-0.5849066127816324, 0.011761217684113857]], "node_coordinates": [[536.7227300540413, 130.5], [706.6902678520357, 333.87764005653855], [620.5555104461082, 635.9000026247185], [672.5189657118033, 537.3595376142217], [144.20454545454533, 450.169921197809], [220.98559842244356, 445.52230553088043], [539.9641504748317, 263.9217130769746], [778.2954545454545, 275.8328537290636], [635.3306576107866, 409.92362005943113], [546.0385399979494, 405.5567969843894], [556.4804846437802, 547.7810322840844], [458.5680504953007, 419.6358601861605], [377.13603117839534, 431.19423860768], [644.8709666405566, 760.5], [298.44604820949303, 439.47128616491057]]}, "label": "1", "name": "545", "value": 0.4, "input_type": "classification", "classes": {"0": "low", "1": "high"}, "image_width": 900, "image_height": 900, "image_path": "./545.png"}