{"graph": {"node_indices": [0, 1, 2, 3, 4, 5, 6, 7, 8, 9, 10, 11, 12, 13, 14], "node_attributes": [[1.0, 1.0, 0.0], [1.0, 0.0, 1.0], [1.0, 0.0, 0.0], [1.0, 0.0, 0.0], [1.0, 0.0, 0.0], [1.0, 0.0, 0.0], [0.0, 0.0, 1.0], [0.0, 1.0, 1.0], [0.0, 1.0, 0.0], [1.0, 0.0, 0.0], [1.0, 0.0, 0.0], [1.0, 1.0, 0.0], [1.0, 0.0, 0.0], [0.0, 1.0, 0.0], [1.0, 1.0, 0.0]], "node_adjacency": [[0, 1, 0, 0, 0, 0, 0, 0, 0, 0, 0, 1, 0, 0, 0], [1, 0, 0, 0, 0, 0, 0, 0, 0, 0, 0, 0, 0, 0, 0], [0, 0, 0, 0, 0, 0, 1, 1, 0, 0, 1, 0, 0, 1, 0], [0, 0, 0, 0, 0, 0, 0, 0, 0, 0, 0, 0, 0, 0, 0], [0, 0, 0, 0, 0, 0, 1, 0, 1, 0, 0, 1, 0, 0, 0], [0, 0, 0, 0, 0, 0, 0, 0, 0, 0, 0, 1, 0, 0, 0], [0, 0, 1, 0, 1, 0, 0, 0, 0, 0, 0, 0, 0, 0, 0], [0, 0, 1, 0, 0, 0, 0, 0, 0, 0, 1, 0, 1, 0, 0], [0, 0, 0, 0, 1, 0, 0, 0, 0, 0, 0, 0, 0, 0, 0], [0, 0, 0, 0, 0, 0, 0, 0, 0, 0, 0, 0, 1, 0, 0], [0, 0, 1, 0, 0, 0, 0, 1, 0, 0, 0, 0, 0, 1, 1], [1, 0, 0, 1, 1, 1, 0, 0, 0, 0, 0, 0, 1, 0, 0], [0, 0, 0, 0, 0, 0, 0, 1, 0, 1, 0, 1, 0, 0, 0], [0, 0, 1, 0, 0, 0, 0, 0, 0, 0, 1, 0, 0, 0, 0], [0, 0, 0, 0, 0, 0, 0, 0, 0, 0, 1, 0, 0, 0, 0]], "edge_indices": [[10, 2], [10, 13], [2, 10], [2, 13], [13, 2], [13, 10], [11, 4], [11, 5], [11, 3], [4, 11], [5, 11], [5, 11], [0, 11], [11, 0], [7, 2], [2, 7], [1, 0], [0, 1], [6, 2], [2, 6], [12, 7], [7, 12], [9, 12], [12, 9], [8, 4], [4, 8], [14, 10], [10, 14], [12, 11], [11, 12], [10, 7], [7, 10], [6, 4], [4, 6]], "edge_attributes": [[1.0], [1.0], [1.0], [1.0], [1.0], [1.0], [1.0], [1.0], [1.0], [1.0], [1.0], [1.0], [1.0], [1.0], [1.0], [1.0], [1.0], [1.0], [1.0], [1.0], [1.0], [1.0], [1.0], [1.0], [1.0], [1.0], [1.0], [1.0], [1.0], [1.0], [1.0], [1.0], [1.0], [1.0]], "seed_graph_indices": [-1, -1, 0, 1, 1, 1, -1, -1, -1, -1, 0, 1, -1, 0, -1], "graph_labels": 1, "node_importances": [0, 0, 1, 1, 1, 1, 0, 0, 0, 0, 1, 1, 0, 1, 0], "edge_importances": [1, 1, 1, 1, 1, 1, 1, 1, 1, 1, 1, 1, 0, 0, 0, 0, 0, 0, 0, 0, 0, 0, 0, 0, 0, 0, 0, 0, 0, 0, 0, 0, 0, 0], "multi_node_importances": [[0, 0], [0, 0], [0, 1], [0, 1], [0, 1], [0, 1], [0, 0], [0, 0], [0, 0], [0, 0], [0, 1], [0, 1], [0, 0], [0, 1], [0, 0]], "multi_edge_importances": [[0, 1], [0, 1], [0, 1], [0, 1], [0, 1], [0, 1], [0, 1], [0, 1], [0, 1], [0, 1], [0, 1], [0, 1], [0, 0], [0, 0], [0, 0], [0, 0], [0, 0], [0, 0], [0, 0], [0, 0], [0, 0], [0, 0], [0, 0], [0, 0], [0, 0], [0, 0], [0, 0], [0, 0], [0, 0], [0, 0], [0, 0], [0, 0], [0, 0], [0, 0]], "original_value": 3.62, "class": 1, "node_positions": [[0.6625080563671764, -0.41706586709940063], [1.0, -0.5951752042831407], [-0.539902779855442, 0.20971645276263137], [0.3241269931532207, -0.6100645619176395], [-0.10530123055982185, -0.37909521070002955], [0.6471002555389945, -0.035498188726727074], [-0.45789317354903136, -0.17367478528866265], [-0.18094252935459837, 0.384693860440884], [-0.27465246008876043, -0.7521518922575061], [0.4398242091819142, 0.5302459692414742], [-0.5195607240268969, 0.5492526036708804], [0.2960818528652267, -0.21767904618834039], [0.18613209463122546, 0.20447596781990557], [-0.867896023656469, 0.3826404471573989], [-0.609624540646738, 0.9193794553682725]], "node_coordinates": [[663.7277427249209, 256.7938898211248], [778.2954545454545, 189.66449820957277], [255.54775273347437, 493.0280843362038], [548.858203267115, 184.05270078617545], [403.0810672194308, 271.10502647170676], [658.4972875440653, 400.60671015274943], [283.387388965059, 348.52796454162706], [377.4032675399246, 558.9770520261467], [345.5917456899273, 130.5], [588.1337046664444, 613.8356274723195], [262.4532295425371, 620.9992261134901], [539.337775858107, 331.9427629501798], [502.0133524052169, 491.0529460783382], [144.20454545454544, 558.2031207621993], [231.87944672304164, 760.5]]}, "label": "1", "name": "565", "value": 3.62, "input_type": "classification", "classes": {"0": "low", "1": "high"}, "image_width": 900, "image_height": 900, "image_path": "./565.png"}