{"graph": {"node_indices": [0, 1, 2, 3, 4, 5, 6, 7, 8, 9], "node_attributes": [[0.0, 0.0, 1.0], [0.0, 0.0, 1.0], [0.0, 0.0, 1.0], [0.0, 0.0, 1.0], [0.0, 0.0, 1.0], [0.0, 0.0, 1.0], [1.0, 0.0, 0.0], [1.0, 0.0, 0.0], [0.0, 0.0, 1.0], [0.0, 0.0, 1.0]], "node_adjacency": [[0, 0, 0, 1, 0, 1, 0, 0, 0, 0], [0, 0, 0, 0, 1, 0, 1, 0, 0, 0], [0, 0, 0, 0, 1, 0, 0, 0, 1, 0], [1, 0, 0, 0, 0, 0, 0, 0, 0, 0], [0, 1, 1, 0, 0, 0, 0, 1, 0, 0], [1, 0, 0, 0, 0, 0, 0, 0, 0, 1], [0, 1, 0, 0, 0, 0, 0, 0, 0, 0], [0, 0, 0, 0, 1, 0, 0, 0, 1, 1], [0, 0, 1, 0, 0, 0, 0, 1, 0, 0], [0, 0, 0, 0, 0, 1, 0, 1, 0, 0]], "edge_indices": [[3, 0], [0, 3], [0, 5], [5, 0], [5, 9], [9, 5], [8, 2], [2, 8], [2, 4], [4, 2], [4, 1], [1, 4], [6, 1], [1, 6], [7, 9], [9, 7], [7, 4], [4, 7], [7, 8], [8, 7]], "edge_attributes": [[1.0], [1.0], [1.0], [1.0], [1.0], [1.0], [1.0], [1.0], [1.0], [1.0], [1.0], [1.0], [1.0], [1.0], [1.0], [1.0], [1.0], [1.0], [1.0], [1.0]], "seed_graph_indices": [0, 1, 1, 0, 1, 0, -1, -1, 1, 0], "graph_labels": 0, "node_importances": [1, 1, 1, 1, 1, 1, 0, 0, 1, 1], "edge_importances": [1, 1, 1, 1, 1, 1, 1, 1, 1, 1, 1, 1, 0, 0, 0, 0, 0, 0, 0, 0], "multi_node_importances": [[1, 0], [1, 0], [1, 0], [1, 0], [1, 0], [1, 0], [0, 0], [0, 0], [1, 0], [1, 0]], "multi_edge_importances": [[1, 0], [1, 0], [1, 0], [1, 0], [1, 0], [1, 0], [1, 0], [1, 0], [1, 0], [1, 0], [1, 0], [1, 0], [0, 0], [0, 0], [0, 0], [0, 0], [0, 0], [0, 0], [0, 0], [0, 0]], "original_value": -3.6, "class": 0, "node_positions": [[0.11517292919703424, -0.7318029710444384], [-0.3444423033858095, 0.48201912734284164], [0.17302220175297522, 0.5257487106615065], [0.14850223427559497, -1.0], [-0.08367396468483126, 0.35598161272852735], [0.08662295397307027, -0.4612448326934491], [-0.5731052466946884, 0.6373410010653582], [0.07775971194799554, 0.10233745305231172], [0.3317150186572821, 0.2754038424607124], [0.06842646496137689, -0.18578394357337044]], "node_coordinates": [[626.5444652935929, 233.69422046602688], [304.449733532565, 700.7367739026164], [667.0847794641375, 717.5626137691031], [649.9013795514891, 130.49999999999994], [487.194129608518, 652.2412960789053], [606.5368677214451, 337.7969254310993], [144.2045454545455, 760.5], [600.3255775808709, 554.6465858187686], [778.2954545454546, 621.237372500559], [593.784911668384, 443.78606271693843]]}, "label": "0", "name": "566", "value": -3.6, "input_type": "classification", "classes": {"0": "low", "1": "high"}, "image_width": 900, "image_height": 900, "image_path": "./566.png"}