{"graph": {"node_indices": [0, 1, 2, 3, 4, 5, 6, 7, 8, 9, 10, 11, 12, 13, 14], "node_attributes": [[0.0, 1.0, 1.0], [0.0, 1.0, 1.0], [0.0, 1.0, 1.0], [0.0, 1.0, 1.0], [1.0, 1.0, 0.0], [1.0, 1.0, 0.0], [0.0, 0.0, 1.0], [1.0, 1.0, 0.0], [1.0, 0.0, 0.0], [1.0, 0.0, 1.0], [0.0, 0.0, 1.0], [1.0, 0.0, 0.0], [1.0, 0.0, 1.0], [0.0, 1.0, 0.0], [1.0, 0.0, 0.0]], "node_adjacency": [[0, 0, 0, 0, 0, 1, 0, 1, 0, 0, 0, 0, 0, 0, 0], [0, 0, 0, 0, 0, 0, 1, 1, 0, 0, 0, 0, 1, 0, 0], [0, 0, 0, 0, 0, 0, 0, 0, 1, 0, 0, 1, 0, 0, 0], [0, 0, 0, 0, 0, 0, 0, 0, 1, 0, 0, 0, 0, 0, 0], [0, 0, 0, 0, 0, 0, 0, 0, 0, 0, 0, 0, 0, 0, 1], [1, 0, 0, 0, 0, 0, 0, 0, 0, 0, 0, 0, 0, 0, 1], [0, 1, 0, 0, 0, 0, 0, 0, 0, 0, 0, 1, 0, 0, 0], [1, 1, 0, 0, 0, 0, 0, 0, 1, 0, 0, 1, 0, 1, 1], [0, 0, 1, 1, 0, 0, 0, 0, 0, 0, 0, 0, 0, 0, 0], [0, 0, 0, 0, 0, 0, 0, 0, 0, 0, 1, 0, 0, 0, 0], [0, 0, 0, 0, 0, 0, 0, 0, 0, 1, 0, 0, 0, 0, 1], [0, 0, 1, 0, 0, 0, 1, 1, 0, 0, 0, 0, 0, 0, 0], [0, 1, 0, 0, 0, 0, 0, 0, 0, 0, 0, 0, 0, 0, 0], [0, 0, 0, 0, 0, 0, 0, 1, 0, 0, 0, 0, 0, 0, 0], [0, 0, 0, 0, 1, 1, 0, 1, 0, 0, 1, 0, 0, 0, 0]], "edge_indices": [[7, 11], [7, 14], [7, 8], [11, 7], [14, 7], [14, 7], [0, 7], [7, 0], [10, 14], [14, 10], [4, 14], [14, 4], [2, 8], [8, 2], [6, 11], [11, 6], [9, 10], [10, 9], [5, 14], [14, 5], [1, 6], [6, 1], [13, 7], [7, 13], [12, 1], [1, 12], [3, 8], [8, 3], [2, 11], [11, 2], [1, 7], [7, 1], [0, 5], [5, 0]], "edge_attributes": [[1.0], [1.0], [1.0], [1.0], [1.0], [1.0], [1.0], [1.0], [1.0], [1.0], [1.0], [1.0], [1.0], [1.0], [1.0], [1.0], [1.0], [1.0], [1.0], [1.0], [1.0], [1.0], [1.0], [1.0], [1.0], [1.0], [1.0], [1.0], [1.0], [1.0], [1.0], [1.0], [1.0], [1.0]], "seed_graph_indices": [-1, -1, -1, -1, -1, -1, -1, 0, 0, -1, -1, 0, -1, -1, 0], "graph_labels": 1, "node_importances": [0, 0, 0, 0, 0, 0, 0, 1, 1, 0, 0, 1, 0, 0, 1], "edge_importances": [1, 1, 1, 1, 1, 1, 0, 0, 0, 0, 0, 0, 0, 0, 0, 0, 0, 0, 0, 0, 0, 0, 0, 0, 0, 0, 0, 0, 0, 0, 0, 0, 0, 0], "multi_node_importances": [[0, 0], [0, 0], [0, 0], [0, 0], [0, 0], [0, 0], [0, 0], [0, 1], [0, 1], [0, 0], [0, 0], [0, 1], [0, 0], [0, 0], [0, 1]], "multi_edge_importances": [[0, 1], [0, 1], [0, 1], [0, 1], [0, 1], [0, 1], [0, 0], [0, 0], [0, 0], [0, 0], [0, 0], [0, 0], [0, 0], [0, 0], [0, 0], [0, 0], [0, 0], [0, 0], [0, 0], [0, 0], [0, 0], [0, 0], [0, 0], [0, 0], [0, 0], [0, 0], [0, 0], [0, 0], [0, 0], [0, 0], [0, 0], [0, 0], [0, 0], [0, 0]], "original_value": 2.09, "class": 1, "node_positions": [[0.21663619032405118, -0.2817248366012573], [0.5049181740696039, 0.05640071552806099], [0.1539748326957579, 0.7979155860955057], [-0.43047963348405055, 0.7905663107047916], [-0.6566178101514472, -0.24977599263692063], [0.047594483776511924, -0.6168353772588037], [0.691016228878816, 0.4191461613150785], [0.045631117756725285, 0.07518378608882487], [-0.1260129030522179, 0.5032655179933365], [-0.6299114203988532, -1.0], [-0.4350967152041726, -0.6654728637997238], [0.28870377144304965, 0.416585590872031], [0.8826756397238267, -0.12142955894816107], [-0.3217925120428723, 0.177193962792378], [-0.2312394443347291, -0.3010190021451405]], "node_coordinates": [[503.9296018261223, 382.1877635639842], [622.6834269415087, 500.6689088907676], [478.1171115393517, 760.5], [237.35907816226853, 757.9247714787294], [144.20454545454544, 393.38282291671123], [434.29518001545773, 264.7630956613392], [699.3439784195812, 627.7770070757963], [433.48639820425365, 507.25060524225177], [362.77998858263106, 657.2529152425368], [155.20587788932625, 130.49999999999994], [235.45713441951017, 247.72023961306195], [533.6168573857632, 626.8797684114254], [778.2954545454545, 438.3561541727779], [282.131253114806, 542.9955600222503], [319.4333523530505, 375.42697658007256]]}, "label": "1", "name": "567", "value": 2.09, "input_type": "classification", "classes": {"0": "low", "1": "high"}, "image_width": 900, "image_height": 900, "image_path": "./567.png"}