{"graph": {"node_indices": [0, 1, 2, 3, 4, 5, 6, 7, 8, 9], "node_attributes": [[0.0, 0.0, 1.0], [0.0, 0.0, 1.0], [1.0, 0.0, 1.0], [0.0, 0.0, 1.0], [0.0, 0.0, 1.0], [0.0, 0.0, 1.0], [1.0, 0.0, 0.0], [0.0, 0.0, 1.0], [0.0, 0.0, 1.0], [0.0, 0.0, 1.0]], "node_adjacency": [[0, 0, 0, 1, 0, 0, 0, 0, 0, 0], [0, 0, 0, 1, 0, 0, 1, 1, 0, 0], [0, 0, 0, 0, 0, 0, 1, 0, 0, 1], [1, 1, 0, 0, 0, 0, 0, 0, 0, 0], [0, 0, 0, 0, 0, 1, 0, 0, 1, 0], [0, 0, 0, 0, 1, 0, 0, 0, 0, 0], [0, 1, 1, 0, 0, 0, 0, 0, 1, 0], [0, 1, 0, 0, 0, 0, 0, 0, 0, 0], [0, 0, 0, 0, 1, 0, 1, 0, 0, 1], [0, 0, 1, 0, 0, 0, 0, 0, 1, 0]], "edge_indices": [[7, 1], [1, 7], [1, 3], [3, 1], [3, 0], [0, 3], [9, 8], [8, 9], [8, 4], [4, 8], [4, 5], [5, 4], [6, 1], [1, 6], [2, 9], [9, 2], [6, 8], [8, 6], [2, 6], [6, 2]], "edge_attributes": [[1.0], [1.0], [1.0], [1.0], [1.0], [1.0], [1.0], [1.0], [1.0], [1.0], [1.0], [1.0], [1.0], [1.0], [1.0], [1.0], [1.0], [1.0], [1.0], [1.0]], "seed_graph_indices": [0, 0, -1, 0, 1, 1, -1, 0, 1, 1], "graph_labels": 0, "node_importances": [1, 1, 0, 1, 1, 1, 0, 1, 1, 1], "edge_importances": [1, 1, 1, 1, 1, 1, 1, 1, 1, 1, 1, 1, 0, 0, 0, 0, 0, 0, 0, 0], "multi_node_importances": [[1, 0], [1, 0], [0, 0], [1, 0], [1, 0], [1, 0], [0, 0], [1, 0], [1, 0], [1, 0]], "multi_edge_importances": [[1, 0], [1, 0], [1, 0], [1, 0], [1, 0], [1, 0], [1, 0], [1, 0], [1, 0], [1, 0], [1, 0], [1, 0], [0, 0], [0, 0], [0, 0], [0, 0], [0, 0], [0, 0], [0, 0], [0, 0]], "original_value": -3.7, "class": 0, "node_positions": [[-0.9252918689875242, 0.5569690158934251], [-0.4187605213605633, -0.03946143504377326], [0.12468113605732378, -0.5326091720782477], [-0.6478551844686397, 0.29460596310281845], [0.6819351713809161, 0.23213732106066393], [1.0, 0.4383198505769025], [-0.013043313714626359, -0.13175056349490993], [-0.7084729796075482, -0.3375755363495003], [0.39102553080265573, -0.03884787433904832], [0.515782029898006, -0.4417875693283304]], "node_coordinates": [[144.20454545454544, 760.5], [311.0296008518496, 415.64068816858156], [490.0109907079199, 130.50000000000006], [235.57774571340303, 608.8002641914309], [673.5414587603998, 572.6805575737535], [778.2954545454545, 691.896411038147], [444.6517270208685, 362.278615059857], [215.61339981558837, 243.26950279065727], [577.7309681906845, 415.9954522857821], [618.8192640488968, 183.01354181287581]]}, "label": "0", "name": "572", "value": -3.7, "input_type": "classification", "classes": {"0": "low", "1": "high"}, "image_width": 900, "image_height": 900, "image_path": "./572.png"}