{"graph":{"node_indices":[0,1,2,3,4,5,6,7,8,9,10,11,12,13,14,15,16,17,18,19,20],"node_attributes":[[0.0,1.0,1.0],[0.0,0.0,1.0],[0.0,1.0,1.0],[0.0,0.0,1.0],[1.0,0.0,0.0],[0.0,1.0,0.0],[0.0,1.0,1.0],[1.0,0.0,0.0],[0.0,0.0,1.0],[0.800000011920929,0.800000011920929,0.800000011920929],[0.800000011920929,0.800000011920929,0.800000011920929],[0.0,1.0,0.0],[0.800000011920929,0.800000011920929,0.800000011920929],[0.0,1.0,0.0],[1.0,0.0,0.0],[0.0,1.0,0.0],[0.0,1.0,0.0],[1.0,0.0,0.0],[1.0,0.0,0.0],[0.0,0.0,1.0],[0.800000011920929,0.800000011920929,0.800000011920929]],"node_adjacency":[[0,0,1,0,0,0,0,1,1,0,0,0,0,0,1,0,1,0,0,0,0],[0,0,0,1,1,0,0,0,0,0,0,1,0,0,0,0,0,0,0,0,0],[1,0,0,0,0,0,0,0,0,0,0,0,0,0,0,0,0,0,0,0,0],[0,1,0,0,0,0,0,0,0,0,1,1,0,0,0,0,0,0,0,0,1],[0,1,0,0,0,0,1,0,0,0,0,0,0,0,0,0,0,0,0,0,0],[0,0,0,0,0,0,0,0,0,0,0,0,0,0,0,0,0,1,0,0,0],[0,0,0,0,1,0,0,0,0,0,0,0,0,0,0,0,0,0,0,0,0],[1,0,0,0,0,0,0,0,0,0,0,0,0,0,0,0,0,0,0,0,0],[1,0,0,0,0,0,0,0,0,0,0,0,0,0,0,0,0,0,0,0,0],[0,0,0,0,0,0,0,0,0,0,1,0,0,0,0,1,0,0,0,0,1],[0,0,0,1,0,0,0,0,0,1,0,0,0,0,0,1,1,0,0,0,0],[0,1,0,1,0,0,0,0,0,0,0,0,0,0,0,0,0,0,1,0,0],[0,0,0,0,0,0,0,0,0,0,0,0,0,0,1,0,0,0,0,0,0],[0,0,0,0,0,0,0,0,0,0,0,0,0,0,0,0,0,0,0,1,0],[1,0,0,0,0,0,0,0,0,0,0,0,1,0,0,1,0,1,0,0,0],[0,0,0,0,0,0,0,0,0,1,1,0,0,0,1,0,0,1,0,1,0],[1,0,0,0,0,0,0,0,0,0,1,0,0,0,0,0,0,0,0,0,0],[0,0,0,0,0,1,0,0,0,0,0,0,0,0,1,1,0,0,0,0,0],[0,0,0,0,0,0,0,0,0,0,0,1,0,0,0,0,0,0,0,0,0],[0,0,0,0,0,0,0,0,0,0,0,0,0,1,0,1,0,0,0,0,0],[0,0,0,1,0,0,0,0,0,1,0,0,0,0,0,0,0,0,0,0,0]],"edge_indices":[[3,1],[3,11],[1,3],[1,11],[11,1],[11,3],[14,17],[14,15],[17,14],[17,15],[15,17],[15,14],[19,15],[15,19],[5,17],[17,5],[0,14],[14,0],[2,0],[0,2],[12,14],[14,12],[7,0],[0,7],[18,11],[11,18],[9,15],[15,9],[4,1],[1,4],[6,4],[4,6],[16,0],[0,16],[13,19],[19,13],[10,3],[3,10],[8,0],[0,8],[20,3],[3,20],[20,9],[9,20],[15,10],[10,15],[9,10],[10,9],[10,16],[16,10]],"edge_attributes":[[1.0],[1.0],[1.0],[1.0],[1.0],[1.0],[1.0],[1.0],[1.0],[1.0],[1.0],[1.0],[1.0],[1.0],[1.0],[1.0],[1.0],[1.0],[1.0],[1.0],[1.0],[1.0],[1.0],[1.0],[1.0],[1.0],[1.0],[1.0],[1.0],[1.0],[1.0],[1.0],[1.0],[1.0],[1.0],[1.0],[1.0],[1.0],[1.0],[1.0],[1.0],[1.0],[1.0],[1.0],[1.0],[1.0],[1.0],[1.0],[1.0],[1.0]],"seed_graph_indices":[-1,0,-1,0,-1,-1,-1,-1,-1,-1,-1,0,-1,-1,1,1,-1,1,-1,-1,-1],"graph_labels":0,"node_importances":[0,1,0,1,0,0,0,0,0,0,0,1,0,0,1,1,0,1,0,0,0],"edge_importances":[1,1,1,1,1,1,1,1,1,1,1,1,0,0,0,0,0,0,0,0,0,0,0,0,0,0,0,0,0,0,0,0,0,0,0,0,0,0,0,0,0,0,0,0,0,0,0,0,0,0],"multi_node_importances":[[0,0],[1,0],[0,0],[1,0],[0,0],[0,0],[0,0],[0,0],[0,0],[0,0],[0,0],[1,0],[0,0],[0,0],[0,1],[0,1],[0,0],[0,1],[0,0],[0,0],[0,0]],"multi_edge_importances":[[1,0],[1,0],[1,0],[1,0],[1,0],[1,0],[0,1],[0,1],[0,1],[0,1],[0,1],[0,1],[0,0],[0,0],[0,0],[0,0],[0,0],[0,0],[0,0],[0,0],[0,0],[0,0],[0,0],[0,0],[0,0],[0,0],[0,0],[0,0],[0,0],[0,0],[0,0],[0,0],[0,0],[0,0],[0,0],[0,0],[0,0],[0,0],[0,0],[0,0],[0,0],[0,0],[0,0],[0,0],[0,0],[0,0],[0,0],[0,0],[0,0],[0,0]],"original_value":-0.19964530368515976,"class":0,"node_positions":[[-0.30711191190941356,-0.3555313742645772],[-0.13589602008432594,0.580090653160514],[-0.5518960790617122,-0.4870843737913475],[0.020844967446345116,0.35604942561771225],[-0.3140814558005837,0.7827118713650997],[0.3906724479531076,-0.6524093736180914],[-0.4537398324831585,1.0],[-0.38205729902546504,-0.6348432271403512],[-0.5798988301088955,-0.26506657394278466],[0.2512226513482983,0.05157013648026953],[0.005045453139523957,0.05787709931259985],[0.10143194266478998,0.6167536584103638],[-0.00141125958112575,-0.6841848086288568],[0.7621109680451595,-0.23577108348847292],[-0.017628818088622787,-0.3951944228826494],[0.1838717054119909,-0.17721384907547744],[-0.2484201099654848,-0.07459132621853709],[0.22089238986202903,-0.4271762554903088],[0.271917738030239,0.8314575690692825],[0.4896588161002399,-0.2001174739553799],[0.2944725361070644,0.3126737290809926]],"node_coordinates":[[273.09459170244986,253.43880255223465],[353.99298800888107,603.4252614359774],[157.4356633591828,204.2290072392494],[428.05208609582434,519.6185600402582],[269.8015275027846,679.2194182380529],[602.7931674529768,142.3861801592189],[203.81385203676038,760.5],[237.6833832940207,148.95711716344587],[144.20454545454544,287.2788086553231],[536.904044718319,405.7225367690611],[420.5869182529462,408.08177107874644],[466.12890822293394,617.139726255435],[417.53616344891486,130.5],[778.2954545454545,298.23732038851114],[409.8734724377175,238.60211687417734],[505.0811604177504,320.1417203636072],[300.8260867347515,358.52954399711194],[522.573193255649,226.63872993493226],[546.6823386964384,697.453634219752],[649.5635831774805,311.57420235702585],[557.3393342240181,503.39309079357804]]},"label":"0","name":"578","value":-0.19964530368515976,"input_type":"classification","classes":{"0":"low","1":"high"},"image_width":900,"image_height":900,"image_path":"./578.png"}