{"graph":{"node_indices":[0,1,2,3,4,5,6,7,8,9,10,11,12,13],"node_attributes":[[0.0,1.0,0.0],[1.0,0.0,1.0],[1.0,0.0,0.0],[0.0,1.0,0.0],[0.0,0.0,1.0],[1.0,0.0,0.0],[1.0,0.0,0.0],[0.0,0.0,1.0],[0.0,0.0,1.0],[0.0,0.0,1.0],[1.0,0.0,0.0],[0.0,0.0,1.0],[1.0,1.0,0.0],[0.0,1.0,1.0]],"node_adjacency":[[0,0,0,0,0,0,0,1,0,0,0,0,0,0],[0,0,0,1,0,0,0,0,0,0,0,0,0,0],[0,0,0,1,0,0,0,1,0,0,0,0,0,0],[0,1,1,0,0,1,0,0,0,0,1,0,0,0],[0,0,0,0,0,0,1,0,0,0,0,0,0,1],[0,0,0,1,0,0,0,0,0,0,1,0,0,0],[0,0,0,0,1,0,0,1,0,0,0,0,0,0],[1,0,1,0,0,0,1,0,0,0,0,0,1,0],[0,0,0,0,0,0,0,0,0,0,0,0,1,0],[0,0,0,0,0,0,0,0,0,0,0,0,0,0],[0,0,0,1,0,1,0,0,0,0,0,0,0,1],[0,0,0,0,0,0,0,0,0,0,0,0,0,1],[0,0,0,0,0,0,0,1,1,1,0,0,0,0],[0,0,0,0,1,0,0,0,0,0,1,1,0,0]],"edge_indices":[[12,8],[12,7],[12,9],[8,12],[7,12],[7,12],[10,5],[10,3],[5,10],[5,3],[3,5],[3,10],[13,10],[10,13],[4,13],[13,4],[0,7],[7,0],[11,13],[13,11],[6,4],[4,6],[1,3],[3,1],[2,7],[7,2],[2,3],[3,2],[6,7],[7,6]],"edge_attributes":[[1.0],[1.0],[1.0],[1.0],[1.0],[1.0],[1.0],[1.0],[1.0],[1.0],[1.0],[1.0],[1.0],[1.0],[1.0],[1.0],[1.0],[1.0],[1.0],[1.0],[1.0],[1.0],[1.0],[1.0],[1.0],[1.0],[1.0],[1.0],[1.0],[1.0]],"seed_graph_indices":[-1,-1,-1,1,-1,1,-1,0,0,0,1,-1,0,-1],"graph_labels":0,"node_importances":[0,0,0,1,0,1,0,1,1,1,1,0,1,0],"edge_importances":[1,1,1,1,1,1,1,1,1,1,1,1,0,0,0,0,0,0,0,0,0,0,0,0,0,0,0,0,0,0],"multi_node_importances":[[0,0],[0,0],[0,0],[0,1],[0,0],[0,1],[0,0],[1,0],[1,0],[1,0],[0,1],[0,0],[1,0],[0,0]],"multi_edge_importances":[[1,0],[1,0],[1,0],[1,0],[1,0],[1,0],[0,1],[0,1],[0,1],[0,1],[0,1],[0,1],[0,0],[0,0],[0,0],[0,0],[0,0],[0,0],[0,0],[0,0],[0,0],[0,0],[0,0],[0,0],[0,0],[0,0],[0,0],[0,0],[0,0],[0,0]],"original_value":-1.3000879323362935,"class":0,"node_positions":[[-0.4492428359952295,0.42383166551393303],[0.48690323118764645,0.6551939528350214],[0.006679783456088675,0.2669372559479388],[0.38348358196197074,0.29312765418550213],[0.13644642420081776,-0.48862009513584526],[0.725858775208789,0.24158831820727797],[-0.1799141326002662,-0.2962309672069636],[-0.3196392176258341,0.0685219091885361],[-0.9348980356530171,-0.28846756927716244],[-1.0,0.20068759631213162],[0.5849132269864525,-0.029124128907589773],[0.7512520602015922,-0.6486806664740211],[-0.696061083723581,-0.01066125734217045],[0.5042182223945703,-0.38810366784658884]],"node_coordinates":[[343.6219330189117,648.7114592509464],[682.5803983774265,760.5],[508.70176065361335,572.9039570856262],[645.1343556942146,585.5585104033437],[555.6874853642108,207.83731330431726],[769.1010892500112,560.6559766892602],[441.14009517332437,300.79498638136914],[390.548630814694,477.0345639650933],[167.77657411593094,304.5460684435129],[144.20454545454544,540.8937584419282],[718.0677212753691,429.85441098906654],[778.2954545454545,130.5],[254.25432532897142,438.77521435003547],[688.8497862998228,256.4043674170734]]},"label":"0","name":"582","value":-1.3000879323362935,"input_type":"classification","classes":{"0":"low","1":"high"},"image_width":900,"image_height":900,"image_path":"./582.png"}