{"graph":{"node_indices":[0,1,2,3,4,5,6,7,8,9,10,11,12,13,14,15,16,17,18,19,20,21,22,23],"node_attributes":[[0.0,1.0,0.0],[0.0,0.0,1.0],[0.0,1.0,0.0],[0.800000011920929,0.800000011920929,0.800000011920929],[1.0,0.0,0.0],[1.0,0.0,1.0],[0.0,1.0,0.0],[1.0,0.0,0.0],[1.0,1.0,0.0],[1.0,0.0,0.0],[0.0,0.0,1.0],[0.0,1.0,0.0],[0.0,1.0,1.0],[0.800000011920929,0.800000011920929,0.800000011920929],[0.800000011920929,0.800000011920929,0.800000011920929],[0.800000011920929,0.800000011920929,0.800000011920929],[1.0,0.0,0.0],[0.0,1.0,0.0],[1.0,1.0,0.0],[0.0,0.0,1.0],[0.800000011920929,0.800000011920929,0.800000011920929],[1.0,0.0,1.0],[0.0,1.0,0.0],[1.0,0.0,0.0]],"node_adjacency":[[0,0,0,0,0,0,0,0,1,0,0,0,0,0,0,0,0,0,0,0,0,0,0,1],[0,0,0,0,1,0,0,0,0,0,0,0,0,0,0,0,0,0,0,0,0,0,0,0],[0,0,0,0,0,0,0,0,0,0,0,0,1,0,0,0,0,0,0,0,0,1,0,0],[0,0,0,0,0,0,0,0,0,0,0,0,0,0,0,1,0,1,0,0,0,0,0,0],[0,1,0,0,0,0,0,0,0,0,0,0,0,0,1,0,0,0,0,0,0,0,1,0],[0,0,0,0,0,0,0,0,1,0,0,0,0,0,0,0,0,0,0,0,0,0,0,0],[0,0,0,0,0,0,0,0,1,0,0,0,0,0,0,0,0,0,0,1,0,0,0,0],[0,0,0,0,0,0,0,0,0,0,0,0,1,0,0,0,0,1,0,1,0,0,0,0],[1,0,0,0,1,1,1,0,0,1,0,0,0,0,0,0,1,0,0,0,1,0,0,0],[0,0,0,0,0,0,0,0,1,0,0,1,0,0,0,0,0,0,0,0,0,0,0,0],[0,0,0,0,0,0,0,0,0,0,0,0,1,1,0,0,0,0,0,0,0,0,0,0],[0,0,0,0,0,0,0,0,0,1,0,0,0,0,0,0,0,0,0,0,0,0,0,0],[0,0,1,0,0,0,0,1,0,0,1,0,0,0,1,0,0,0,1,0,0,0,0,0],[0,0,0,0,0,0,0,0,0,0,1,0,0,0,0,0,0,0,0,0,0,0,0,0],[0,0,0,0,1,0,0,0,0,0,0,0,1,0,0,0,0,0,0,0,0,0,0,0],[0,0,0,1,0,0,0,0,0,0,0,0,0,0,0,0,1,0,0,0,0,0,0,0],[0,0,0,0,0,0,0,0,1,0,0,0,0,0,0,1,0,0,0,0,0,0,0,0],[0,0,0,1,0,0,0,1,0,0,0,0,0,0,0,0,0,0,0,0,0,0,0,0],[0,0,0,0,0,0,0,0,0,0,0,0,1,0,0,0,0,0,0,0,0,0,0,0],[0,0,0,0,0,0,1,1,0,0,0,0,0,0,0,0,0,0,0,0,0,0,0,0],[0,0,0,0,0,0,0,0,1,0,0,0,0,0,0,0,0,0,0,0,0,0,0,0],[0,0,1,0,0,0,0,0,0,0,0,0,0,0,0,0,0,0,0,0,0,0,0,0],[0,0,0,0,1,0,0,0,0,0,0,0,0,0,0,0,0,0,0,0,0,0,0,0],[1,0,0,0,0,0,0,0,0,0,0,0,0,0,0,0,0,0,0,0,0,0,0,0]],"edge_indices":[[8,16],[8,9],[8,4],[16,8],[9,8],[9,8],[22,4],[4,22],[14,4],[4,14],[12,14],[14,12],[7,12],[12,7],[10,12],[12,10],[20,8],[8,20],[2,12],[12,2],[19,7],[7,19],[13,10],[10,13],[6,8],[8,6],[18,12],[12,18],[11,9],[9,11],[1,4],[4,1],[5,8],[8,5],[17,7],[7,17],[0,8],[8,0],[15,16],[16,15],[3,15],[15,3],[23,0],[0,23],[21,2],[2,21],[19,6],[6,19],[17,3],[3,17]],"edge_attributes":[[1.0],[1.0],[1.0],[1.0],[1.0],[1.0],[1.0],[1.0],[1.0],[1.0],[1.0],[1.0],[1.0],[1.0],[1.0],[1.0],[1.0],[1.0],[1.0],[1.0],[1.0],[1.0],[1.0],[1.0],[1.0],[1.0],[1.0],[1.0],[1.0],[1.0],[1.0],[1.0],[1.0],[1.0],[1.0],[1.0],[1.0],[1.0],[1.0],[1.0],[1.0],[1.0],[1.0],[1.0],[1.0],[1.0],[1.0],[1.0],[1.0],[1.0]],"seed_graph_indices":[-1,-1,-1,-1,0,-1,-1,-1,0,0,-1,-1,-1,-1,-1,-1,0,-1,-1,-1,-1,-1,-1,-1],"graph_labels":1,"node_importances":[0,0,0,0,1,0,0,0,1,1,0,0,0,0,0,0,1,0,0,0,0,0,0,0],"edge_importances":[1,1,1,1,1,1,0,0,0,0,0,0,0,0,0,0,0,0,0,0,0,0,0,0,0,0,0,0,0,0,0,0,0,0,0,0,0,0,0,0,0,0,0,0,0,0,0,0,0,0],"multi_node_importances":[[0,0],[0,0],[0,0],[0,0],[0,1],[0,0],[0,0],[0,0],[0,1],[0,1],[0,0],[0,0],[0,0],[0,0],[0,0],[0,0],[0,1],[0,0],[0,0],[0,0],[0,0],[0,0],[0,0],[0,0]],"multi_edge_importances":[[0,1],[0,1],[0,1],[0,1],[0,1],[0,1],[0,0],[0,0],[0,0],[0,0],[0,0],[0,0],[0,0],[0,0],[0,0],[0,0],[0,0],[0,0],[0,0],[0,0],[0,0],[0,0],[0,0],[0,0],[0,0],[0,0],[0,0],[0,0],[0,0],[0,0],[0,0],[0,0],[0,0],[0,0],[0,0],[0,0],[0,0],[0,0],[0,0],[0,0],[0,0],[0,0],[0,0],[0,0],[0,0],[0,0],[0,0],[0,0],[0,0],[0,0]],"original_value":2.3023612042670374,"class":1,"node_positions":[[0.5369739772640368,0.47592159742736634],[0.35565147590480833,-0.03248827447845146],[-0.7090956459548438,-0.22710321972598904],[0.48421606136028755,-0.4804840851403264],[0.07171025860304822,0.08961359382826237],[0.18487823971150263,0.632530815086914],[-0.05246481972916144,0.27290716010715166],[-0.11679399412519832,-0.4032681138504458],[0.22658068730937547,0.35726086888743136],[-0.010101520665705847,0.6237046259693859],[-0.6114306568757562,-0.5691077736157716],[-0.11365480009596499,0.9111878315346917],[-0.4089302133537719,-0.348255233130388],[-0.7634113690922931,-0.8220140306009511],[-0.2729202187253322,-0.05178491624043497],[0.6424846417814337,-0.1691795238768003],[0.5194268906552624,0.1576253544208021],[0.16663165710939795,-0.5958134941442089],[-0.36751774128163084,-0.6602005925645128],[-0.11443890869648649,-0.06470024333524504],[0.36538056494601795,0.5960490949434633],[-1.0,-0.1703041244535292],[0.20376390642274606,-0.17223204843507314],[0.7830615275282277,0.6501347313866592]],"node_coordinates":[[690.781997463977,602.2854645334126],[626.3002350848093,417.48401335911296],[247.6557183205231,346.7436003786697],[672.0202697609935,254.6424154570603],[525.3252873179538,461.8667126359555],[565.5699939156663,659.2112094688248],[481.1662456413287,528.4919276662536],[458.2895562819904,282.709580035734],[580.4001848543425,559.1535820831799],[496.2314480477058,656.0029858536072],[282.38726333757074,222.42866992673103],[459.4059139427205,760.5],[354.4003085083491,302.7061630136284],[228.3400044596002,130.5],[402.7680736179194,410.46989424486856],[728.3036152823855,367.7982329533334],[684.5419166098525,486.5882468723102],[559.0811588579048,212.72143137565752],[369.12737858333844,189.31742236149177],[459.1270698716357,405.7753135110904],[629.7600859197487,645.9505015314044],[144.2045454545455,367.3894528920968],[572.2860995513036,366.68867352247617],[778.2954545454545,665.6100413135898]]},"label":"1","name":"603","value":2.3023612042670374,"input_type":"classification","classes":{"0":"low","1":"high"},"image_width":900,"image_height":900,"image_path":"./603.png"}