{"graph":{"node_indices":[0,1,2,3,4,5,6,7,8,9,10,11,12,13,14,15,16,17],"node_attributes":[[1.0,1.0,0.0],[1.0,1.0,0.0],[0.0,1.0,0.0],[0.0,0.0,1.0],[1.0,0.0,1.0],[0.0,1.0,0.0],[1.0,0.0,0.0],[0.0,0.0,1.0],[1.0,1.0,0.0],[0.0,1.0,1.0],[0.0,0.0,1.0],[0.0,1.0,1.0],[0.0,1.0,0.0],[1.0,0.0,0.0],[0.800000011920929,0.800000011920929,0.800000011920929],[0.0,1.0,1.0],[1.0,0.0,1.0],[0.0,0.0,1.0]],"node_adjacency":[[0,0,0,0,0,0,0,0,0,0,0,0,0,0,0,1,0,0],[0,0,0,1,0,0,0,1,0,0,0,0,0,0,0,0,0,1],[0,0,0,0,0,1,0,0,1,0,0,0,0,0,0,0,0,0],[0,1,0,0,0,0,0,0,0,0,0,0,1,0,0,0,1,0],[0,0,0,0,0,0,0,0,1,0,0,0,0,0,0,1,0,0],[0,0,1,0,0,0,1,0,0,0,0,0,0,1,0,0,0,0],[0,0,0,0,0,1,0,0,0,0,0,0,0,1,0,0,0,0],[0,1,0,0,0,0,0,0,0,1,0,1,0,0,0,1,0,0],[0,0,1,0,1,0,0,0,0,0,0,0,0,0,0,0,0,0],[0,0,0,0,0,0,0,1,0,0,0,0,0,0,0,0,0,0],[0,0,0,0,0,0,0,0,0,0,0,0,0,1,0,0,1,0],[0,0,0,0,0,0,0,1,0,0,0,0,0,0,0,0,0,0],[0,0,0,1,0,0,0,0,0,0,0,0,0,0,0,1,0,0],[0,0,0,0,0,1,1,0,0,0,1,0,0,0,0,0,0,0],[0,0,0,0,0,0,0,0,0,0,0,0,0,0,0,0,0,1],[1,0,0,0,1,0,0,1,0,0,0,0,1,0,0,0,0,0],[0,0,0,1,0,0,0,0,0,0,1,0,0,0,0,0,0,0],[0,0,0,0,0,0,0,0,0,0,0,0,0,0,1,0,0,0]],"edge_indices":[[1,7],[1,3],[1,17],[7,1],[3,1],[3,1],[13,6],[13,5],[6,13],[6,5],[5,6],[5,13],[9,7],[7,9],[14,17],[17,14],[16,3],[3,16],[11,7],[7,11],[12,3],[3,12],[15,12],[12,15],[0,15],[15,0],[2,5],[5,2],[4,15],[15,4],[8,4],[4,8],[10,16],[16,10],[8,2],[2,8],[10,13],[13,10],[15,7],[7,15]],"edge_attributes":[[1.0],[1.0],[1.0],[1.0],[1.0],[1.0],[1.0],[1.0],[1.0],[1.0],[1.0],[1.0],[1.0],[1.0],[1.0],[1.0],[1.0],[1.0],[1.0],[1.0],[1.0],[1.0],[1.0],[1.0],[1.0],[1.0],[1.0],[1.0],[1.0],[1.0],[1.0],[1.0],[1.0],[1.0],[1.0],[1.0],[1.0],[1.0],[1.0],[1.0]],"seed_graph_indices":[-1,0,-1,0,-1,1,1,0,-1,-1,-1,-1,-1,1,-1,-1,-1,0],"graph_labels":0,"node_importances":[0,1,0,1,0,1,1,1,0,0,0,0,0,1,0,0,0,1],"edge_importances":[1,1,1,1,1,1,1,1,1,1,1,1,0,0,0,0,0,0,0,0,0,0,0,0,0,0,0,0,0,0,0,0,0,0,0,0,0,0,0,0],"multi_node_importances":[[0,0],[1,0],[0,0],[1,0],[0,0],[0,1],[0,1],[1,0],[0,0],[0,0],[0,0],[0,0],[0,0],[0,1],[0,0],[0,0],[0,0],[1,0]],"multi_edge_importances":[[1,0],[1,0],[1,0],[1,0],[1,0],[1,0],[0,1],[0,1],[0,1],[0,1],[0,1],[0,1],[0,0],[0,0],[0,0],[0,0],[0,0],[0,0],[0,0],[0,0],[0,0],[0,0],[0,0],[0,0],[0,0],[0,0],[0,0],[0,0],[0,0],[0,0],[0,0],[0,0],[0,0],[0,0],[0,0],[0,0],[0,0],[0,0],[0,0],[0,0]],"original_value":-0.7801555404854671,"class":0,"node_positions":[[0.022344802067581045,-0.6705650035429634],[-0.4606904309816988,-0.005720491192193925],[0.7615851199298019,0.02179057600272821],[-0.2136762557144149,0.1851231838328044],[0.2908698650231427,-0.3589839270818338],[0.7572679574139605,0.3331974551518186],[0.8133321018599613,0.5994990712985383],[-0.3653244207493111,-0.3315757280683444],[0.5788359379699268,-0.2345148712683435],[-0.643205975742286,-0.45239574738288435],[0.23469105135815266,0.5950323669133372],[-0.44488229492807624,-0.6345762736307076],[-0.060502890876842,-0.07319014543122442],[0.5440190489589369,0.5626906854407934],[-1.0,0.24719993202847973],[-0.03563796404982012,-0.3652413760073657],[-0.04242909756794551,0.4511490774792472],[-0.7365965539710687,0.13108121545811427]],"node_coordinates":[[501.70086081920954,130.50000000000006],[332.7917846863861,460.2881194169323],[760.200428939748,473.9346532226885],[419.1683743871453,554.9538277440915],[595.5994363247873,285.05604332010466],[758.6907917907915,628.4042880624977],[778.2954545454545,760.5],[366.1396309317605,298.65155060240704],[696.296197163507,346.79742055911106],[268.96925180244506,238.72023400512498],[575.954675725257,758.2843450433571],[338.319616764687,148.35177637399966],[472.7304538643391,426.82060938135106],[684.1213325691776,742.2416431582217],[144.20454545454538,585.7462516366861],[481.4252892119586,281.9521110845778],[479.0505471435593,686.9127708534573],[236.31218000138136,528.14695968879]]},"label":"0","name":"648","value":-0.7801555404854671,"input_type":"classification","classes":{"0":"low","1":"high"},"image_width":900,"image_height":900,"image_path":"./648.png"}