{"graph": {"node_indices": [0, 1, 2, 3, 4, 5, 6, 7, 8, 9], "node_attributes": [[0.0, 1.0, 1.0], [1.0, 0.0, 0.0], [1.0, 0.0, 1.0], [0.0, 1.0, 0.0], [1.0, 1.0, 0.0], [1.0, 0.0, 0.0], [0.0, 0.0, 1.0], [1.0, 0.0, 1.0], [1.0, 1.0, 0.0], [1.0, 0.0, 0.0]], "node_adjacency": [[0, 0, 0, 0, 0, 1, 0, 0, 0, 0], [0, 0, 0, 0, 1, 0, 1, 0, 0, 0], [0, 0, 0, 0, 0, 0, 1, 0, 0, 0], [0, 0, 0, 0, 0, 0, 0, 1, 0, 1], [0, 1, 0, 0, 0, 1, 0, 0, 0, 1], [1, 0, 0, 0, 0, 0, 0, 1, 1, 0], [0, 1, 1, 0, 0, 0, 0, 0, 0, 0], [0, 0, 0, 1, 0, 1, 0, 0, 0, 0], [0, 0, 0, 0, 0, 1, 0, 0, 0, 0], [0, 0, 0, 1, 1, 0, 0, 0, 0, 0]], "edge_indices": [[4, 9], [4, 1], [4, 5], [9, 4], [1, 4], [1, 4], [7, 5], [5, 7], [6, 1], [1, 6], [0, 5], [5, 0], [3, 9], [9, 3], [2, 6], [6, 2], [8, 5], [5, 8], [7, 3], [3, 7]], "edge_attributes": [[1.0], [1.0], [1.0], [1.0], [1.0], [1.0], [1.0], [1.0], [1.0], [1.0], [1.0], [1.0], [1.0], [1.0], [1.0], [1.0], [1.0], [1.0], [1.0], [1.0]], "seed_graph_indices": [-1, 0, -1, -1, 0, 0, -1, -1, -1, 0], "graph_labels": 1, "node_importances": [0, 1, 0, 0, 1, 1, 0, 0, 0, 1], "edge_importances": [1, 1, 1, 1, 1, 1, 0, 0, 0, 0, 0, 0, 0, 0, 0, 0, 0, 0, 0, 0], "multi_node_importances": [[0, 0], [0, 1], [0, 0], [0, 0], [0, 1], [0, 1], [0, 0], [0, 0], [0, 0], [0, 1]], "multi_edge_importances": [[0, 1], [0, 1], [0, 1], [0, 1], [0, 1], [0, 1], [0, 0], [0, 0], [0, 0], [0, 0], [0, 0], [0, 0], [0, 0], [0, 0], [0, 0], [0, 0], [0, 0], [0, 0], [0, 0], [0, 0]], "original_value": 2.21, "class": 1, "node_positions": [[0.16500713576160736, 0.6640563347542602], [0.3561564922785514, -0.2831949052446835], [1.0, -0.7603750127740845], [-0.7413679686862513, -0.12619852998667902], [-0.010548490249262087, -0.061201410352991745], [-0.15964244442161452, 0.36876894859219306], [0.6839819071207145, -0.520917198572158], [-0.6025929519138397, 0.27209537964535874], [-0.3167225383247964, 0.7772762950719778], [-0.37427114156510916, -0.33030990113319286]], "node_coordinates": [[474.24634264592396, 714.1119960122305], [543.8502812881475, 326.0082184169798], [778.2954545454546, 130.5], [144.20454545454544, 390.33211025634125], [410.3206081113452, 416.96245561505793], [356.0304622943018, 593.1280952196028], [663.2225903338898, 228.6096443500807], [194.73721754148633, 553.5194088251429], [298.8322931914797, 760.5], [277.87690248615274, 306.70446127886765]]}, "label": "1", "name": "655", "value": 2.21, "input_type": "classification", "classes": {"0": "low", "1": "high"}, "image_width": 900, "image_height": 900, "image_path": "./655.png"}