{"graph": {"node_indices": [0, 1, 2, 3, 4, 5, 6, 7, 8, 9, 10], "node_attributes": [[0.0, 0.0, 1.0], [1.0, 0.0, 0.0], [1.0, 0.0, 0.0], [1.0, 0.0, 1.0], [0.0, 1.0, 0.0], [1.0, 0.0, 0.0], [1.0, 0.0, 1.0], [0.0, 1.0, 0.0], [1.0, 0.0, 0.0], [1.0, 0.0, 0.0], [1.0, 0.0, 0.0]], "node_adjacency": [[0, 0, 0, 1, 0, 0, 0, 0, 0, 0, 0], [0, 0, 1, 0, 0, 0, 1, 1, 0, 0, 0], [0, 1, 0, 0, 0, 0, 0, 0, 0, 0, 0], [1, 0, 0, 0, 0, 0, 1, 1, 0, 0, 0], [0, 0, 0, 0, 0, 0, 0, 0, 1, 0, 0], [0, 0, 0, 0, 0, 0, 1, 0, 0, 0, 1], [0, 1, 0, 1, 0, 1, 0, 0, 0, 0, 0], [0, 1, 0, 1, 0, 0, 0, 0, 0, 0, 0], [0, 0, 0, 0, 1, 0, 0, 0, 0, 1, 0], [0, 0, 0, 0, 0, 0, 0, 0, 1, 0, 1], [0, 0, 0, 0, 0, 1, 0, 0, 0, 1, 0]], "edge_indices": [[8, 9], [9, 8], [9, 10], [10, 9], [10, 5], [5, 10], [6, 5], [5, 6], [3, 6], [6, 3], [4, 8], [8, 4], [0, 3], [3, 0], [1, 6], [6, 1], [7, 1], [1, 7], [2, 1], [1, 2], [7, 3], [3, 7]], "edge_attributes": [[1.0], [1.0], [1.0], [1.0], [1.0], [1.0], [1.0], [1.0], [1.0], [1.0], [1.0], [1.0], [1.0], [1.0], [1.0], [1.0], [1.0], [1.0], [1.0], [1.0], [1.0], [1.0]], "seed_graph_indices": [-1, -1, -1, -1, -1, 0, -1, -1, 0, 0, 0], "graph_labels": 1, "node_importances": [0, 0, 0, 0, 0, 1, 0, 0, 1, 1, 1], "edge_importances": [1, 1, 1, 1, 1, 1, 0, 0, 0, 0, 0, 0, 0, 0, 0, 0, 0, 0, 0, 0, 0, 0], "multi_node_importances": [[0, 0], [0, 0], [0, 0], [0, 0], [0, 0], [0, 1], [0, 0], [0, 0], [0, 1], [0, 1], [0, 1]], "multi_edge_importances": [[0, 1], [0, 1], [0, 1], [0, 1], [0, 1], [0, 1], [0, 0], [0, 0], [0, 0], [0, 0], [0, 0], [0, 0], [0, 0], [0, 0], [0, 0], [0, 0], [0, 0], [0, 0], [0, 0], [0, 0], [0, 0], [0, 0]], "original_value": 3.5, "class": 1, "node_positions": [[0.46622484328221314, 0.4632548575651656], [-0.16453868342013767, 0.41963522925662433], [-0.3991563497111065, 0.5220823767527242], [0.2199001139879789, 0.3935053830098679], [-0.06839171890934682, -1.0], [-0.002616894935153301, -0.03937411929675729], [0.014797486966053857, 0.21701877038605344], [0.04043952758417728, 0.5942857696122757], [-0.05190107714548355, -0.7625504374008042], [-0.03553258256037307, -0.524089506631191], [-0.019224665138822303, -0.2837683232539586]], "node_coordinates": [[778.2954545454545, 708.7216575201852], [316.11598807862424, 691.4848695125596], [144.20454545454544, 731.9680151020979], [597.8058936509195, 681.159366112087], [386.5657697778313, 130.49999999999994], [434.76096776315757, 510.10214936261], [447.5210107828098, 611.4186909632125], [466.3097075769374, 760.4999999999999], [398.6489605291483, 224.33087228701396], [410.64265035735156, 318.5613981113721], [422.5919534701711, 413.52702373097287]]}, "label": "1", "name": "659", "value": 3.5, "input_type": "classification", "classes": {"0": "low", "1": "high"}, "image_width": 900, "image_height": 900, "image_path": "./659.png"}