{"graph":{"node_indices":[0,1,2,3,4,5,6,7,8,9,10,11,12,13,14,15,16,17,18,19,20,21,22,23,24,25,26],"node_attributes":[[0.0,1.0,0.0],[0.0,1.0,1.0],[0.0,0.0,1.0],[1.0,1.0,0.0],[1.0,0.0,0.0],[1.0,0.0,1.0],[0.0,1.0,1.0],[0.0,0.0,1.0],[0.800000011920929,0.800000011920929,0.800000011920929],[1.0,0.0,0.0],[1.0,0.0,1.0],[1.0,1.0,0.0],[0.0,1.0,0.0],[1.0,0.0,0.0],[1.0,0.0,1.0],[0.800000011920929,0.800000011920929,0.800000011920929],[0.800000011920929,0.800000011920929,0.800000011920929],[1.0,0.0,1.0],[1.0,0.0,0.0],[1.0,1.0,0.0],[1.0,0.0,0.0],[1.0,0.0,0.0],[0.800000011920929,0.800000011920929,0.800000011920929],[0.800000011920929,0.800000011920929,0.800000011920929],[1.0,0.0,0.0],[0.0,1.0,0.0],[0.800000011920929,0.800000011920929,0.800000011920929]],"node_adjacency":[[0,0,0,0,0,0,1,0,0,0,0,0,0,0,0,0,0,0,0,1,0,0,0,0,0,0,0],[0,0,0,0,0,0,0,0,1,0,1,0,0,0,0,0,0,0,0,0,0,0,0,1,1,0,0],[0,0,0,0,1,0,0,0,0,0,0,0,0,0,0,0,0,0,0,0,0,0,0,0,0,0,0],[0,0,0,0,0,0,0,0,1,0,0,0,1,0,0,0,0,0,0,0,0,0,0,0,0,0,0],[0,0,1,0,0,1,0,0,0,0,0,0,0,0,0,0,0,0,0,0,0,0,0,0,0,0,0],[0,0,0,0,1,0,0,0,0,0,0,0,0,0,0,0,1,0,0,0,1,0,0,0,0,0,0],[1,0,0,0,0,0,0,0,0,0,0,0,0,0,0,0,0,0,0,0,0,0,0,0,0,1,0],[0,0,0,0,0,0,0,0,1,0,0,0,0,0,0,0,0,0,0,0,0,0,1,0,0,0,1],[0,1,0,1,0,0,0,1,0,0,0,0,0,1,0,0,0,0,0,0,0,0,0,0,0,0,0],[0,0,0,0,0,0,0,0,0,0,0,0,0,0,0,0,0,0,0,0,0,1,0,0,0,0,0],[0,1,0,0,0,0,0,0,0,0,0,0,0,0,0,0,0,0,0,0,0,0,0,0,0,0,0],[0,0,0,0,0,0,0,0,0,0,0,0,0,0,0,0,0,0,0,0,0,1,0,0,0,0,0],[0,0,0,1,0,0,0,0,0,0,0,0,0,0,0,0,0,0,0,0,0,0,0,0,0,0,0],[0,0,0,0,0,0,0,0,1,0,0,0,0,0,0,0,0,0,0,0,0,0,0,0,0,0,0],[0,0,0,0,0,0,0,0,0,0,0,0,0,0,0,0,1,0,0,0,0,0,0,0,0,0,0],[0,0,0,0,0,0,0,0,0,0,0,0,0,0,0,0,0,0,0,1,0,0,0,0,0,0,0],[0,0,0,0,0,1,0,0,0,0,0,0,0,0,1,0,0,0,0,0,0,0,0,0,0,0,0],[0,0,0,0,0,0,0,0,0,0,0,0,0,0,0,0,0,0,0,1,0,0,0,0,0,0,0],[0,0,0,0,0,0,0,0,0,0,0,0,0,0,0,0,0,0,0,0,0,0,0,1,0,0,0],[1,0,0,0,0,0,0,0,0,0,0,0,0,1,0,1,0,1,0,0,1,0,0,0,1,0,0],[0,0,0,0,0,1,0,0,0,0,0,0,0,0,0,0,0,0,0,1,0,0,0,0,0,0,0],[0,0,0,0,0,0,0,0,0,1,0,1,0,0,0,0,0,0,0,0,0,0,0,1,0,0,0],[0,0,0,0,0,0,0,1,0,0,0,0,0,0,0,0,0,0,0,0,0,0,0,0,0,0,0],[0,1,0,0,0,0,0,0,0,0,0,0,0,0,0,0,0,0,1,0,0,1,0,0,0,0,0],[0,1,0,0,0,0,0,0,0,0,0,0,0,0,0,0,0,0,0,1,0,0,0,0,0,1,0],[0,0,0,0,0,0,1,0,0,0,0,0,0,0,0,0,0,0,0,0,0,0,0,0,1,0,0],[0,0,0,0,0,0,0,1,0,0,0,0,0,0,0,0,0,0,0,0,0,0,0,0,0,0,0]],"edge_indices":[[19,20],[19,24],[19,13],[20,19],[24,19],[24,19],[0,19],[19,0],[5,20],[20,5],[16,5],[5,16],[1,24],[24,1],[8,13],[13,8],[4,5],[5,4],[23,1],[1,23],[21,23],[23,21],[11,21],[21,11],[3,8],[8,3],[18,23],[23,18],[2,4],[4,2],[14,16],[16,14],[9,21],[21,9],[7,8],[8,7],[25,24],[24,25],[17,19],[19,17],[26,7],[7,26],[10,1],[1,10],[6,25],[25,6],[15,19],[19,15],[12,3],[3,12],[22,7],[7,22],[1,8],[8,1],[6,0],[0,6]],"edge_attributes":[[1.0],[1.0],[1.0],[1.0],[1.0],[1.0],[1.0],[1.0],[1.0],[1.0],[1.0],[1.0],[1.0],[1.0],[1.0],[1.0],[1.0],[1.0],[1.0],[1.0],[1.0],[1.0],[1.0],[1.0],[1.0],[1.0],[1.0],[1.0],[1.0],[1.0],[1.0],[1.0],[1.0],[1.0],[1.0],[1.0],[1.0],[1.0],[1.0],[1.0],[1.0],[1.0],[1.0],[1.0],[1.0],[1.0],[1.0],[1.0],[1.0],[1.0],[1.0],[1.0],[1.0],[1.0],[1.0],[1.0]],"seed_graph_indices":[-1,-1,-1,-1,-1,-1,-1,-1,-1,-1,-1,-1,-1,0,-1,-1,-1,-1,-1,0,0,-1,-1,-1,0,-1,-1],"graph_labels":1,"node_importances":[0,0,0,0,0,0,0,0,0,0,0,0,0,1,0,0,0,0,0,1,1,0,0,0,1,0,0],"edge_importances":[1,1,1,1,1,1,0,0,0,0,0,0,0,0,0,0,0,0,0,0,0,0,0,0,0,0,0,0,0,0,0,0,0,0,0,0,0,0,0,0,0,0,0,0,0,0,0,0,0,0,0,0,0,0,0,0],"multi_node_importances":[[0,0],[0,0],[0,0],[0,0],[0,0],[0,0],[0,0],[0,0],[0,0],[0,0],[0,0],[0,0],[0,0],[0,1],[0,0],[0,0],[0,0],[0,0],[0,0],[0,1],[0,1],[0,0],[0,0],[0,0],[0,1],[0,0],[0,0]],"multi_edge_importances":[[0,1],[0,1],[0,1],[0,1],[0,1],[0,1],[0,0],[0,0],[0,0],[0,0],[0,0],[0,0],[0,0],[0,0],[0,0],[0,0],[0,0],[0,0],[0,0],[0,0],[0,0],[0,0],[0,0],[0,0],[0,0],[0,0],[0,0],[0,0],[0,0],[0,0],[0,0],[0,0],[0,0],[0,0],[0,0],[0,0],[0,0],[0,0],[0,0],[0,0],[0,0],[0,0],[0,0],[0,0],[0,0],[0,0],[0,0],[0,0],[0,0],[0,0],[0,0],[0,0],[0,0],[0,0],[0,0],[0,0]],"original_value":1.8323375655893108,"class":1,"node_positions":[[-0.2828521993728649,-0.2622610482648361],[-0.01662644944489248,0.2733914709667554],[-0.06951917598335648,-0.9999999999999999],[0.25885478283761515,0.17401842201933035],[0.009628950584938907,-0.812879680705725],[0.12219611908648581,-0.6239148142674692],[-0.46870926091166276,-0.189400008138195],[-0.2648808155505593,0.2947196030171037],[-0.00829171326202727,0.16576972532629142],[0.1434686702980485,0.8860673489510238],[0.18651091031831937,0.3159916973757018],[0.37973891508191976,0.7567715572804532],[0.48479137128541916,0.2020411522821458],[0.03237998550876332,-0.039658010300839604],[0.4918725412109605,-0.8235383455430589],[0.1522462984766888,-0.24075712955520837],[0.3241313114642871,-0.7086989477639807],[-0.16668426445064868,-0.36031058033551877],[-0.12039187709482145,0.6594023111041845],[-0.05642939991255377,-0.2052824081784077],[0.04622632332352434,-0.4167196734632855],[0.1797174911105179,0.6742612893770411],[-0.39968366527785903,0.4758051707926807],[0.027405908421538464,0.5019222163018943],[-0.12850866553317844,0.01698272466188954],[-0.35786425462005506,-0.015938583663961184],[-0.49872783759454753,0.3022145407239901]],"node_coordinates":[[282.3881991450743,376.9257386416492],[452.8013459669988,555.8488758793458],[418.9443055573096,130.5],[629.1389981150154,522.6554584376532],[469.6076291359354,193.0034950215101],[541.6627380740166,256.1231211166823],[163.4196668957647,401.26339302356376],[293.89181992830913,562.9730770374819],[458.1364745983836,519.900159736626],[555.2794614521035,760.5],[582.831129801628,570.0785600168517],[706.5178594090977,717.3115376167435],[773.7627433012615,532.0158453164106],[484.17074129121477,451.281468300675],[778.2954545454546,189.4431985924059],[560.8980886508609,384.10865753083954],[670.9230053340474,227.80281530548757],[356.7481863185741,344.1744133833622],[386.38029893480416,684.7874471460791],[427.32317173394097,395.95822084564605],[493.0338884496366,325.3321760209169],[578.4826100014391,689.7507674204617],[207.60348069437973,623.4607938531426],[480.98679635276255,632.1846279622245],[381.18468032825524,470.2010806073965],[234.37240657913281,459.20442968884834],[144.2045454545455,565.4765988539029]]},"label":"1","name":"667","value":1.8323375655893108,"input_type":"classification","classes":{"0":"low","1":"high"},"image_width":900,"image_height":900,"image_path":"./667.png"}