{"graph": {"node_indices": [0, 1, 2, 3, 4, 5, 6, 7, 8, 9, 10, 11, 12], "node_attributes": [[0.0, 0.0, 1.0], [0.0, 0.0, 1.0], [1.0, 0.0, 0.0], [0.0, 0.0, 1.0], [0.0, 1.0, 0.0], [0.0, 1.0, 0.0], [0.0, 1.0, 0.0], [0.0, 1.0, 0.0], [0.0, 1.0, 1.0], [0.0, 0.0, 1.0], [1.0, 0.0, 1.0], [1.0, 0.0, 1.0], [1.0, 0.0, 1.0]], "node_adjacency": [[0, 1, 0, 0, 0, 0, 1, 0, 0, 1, 0, 0, 0], [1, 0, 0, 1, 0, 0, 0, 0, 1, 0, 1, 0, 0], [0, 0, 0, 0, 0, 0, 1, 1, 0, 1, 0, 0, 0], [0, 1, 0, 0, 1, 0, 0, 0, 0, 0, 0, 0, 1], [0, 0, 0, 1, 0, 0, 0, 0, 0, 0, 0, 1, 0], [0, 0, 0, 0, 0, 0, 0, 0, 0, 0, 1, 0, 0], [1, 0, 1, 0, 0, 0, 0, 0, 0, 0, 0, 0, 0], [0, 0, 1, 0, 0, 0, 0, 0, 0, 0, 0, 0, 0], [0, 1, 0, 0, 0, 0, 0, 0, 0, 0, 0, 0, 0], [1, 0, 1, 0, 0, 0, 0, 0, 0, 0, 0, 0, 0], [0, 1, 0, 0, 0, 1, 0, 0, 0, 0, 0, 1, 0], [0, 0, 0, 0, 1, 0, 0, 0, 0, 0, 1, 0, 0], [0, 0, 0, 1, 0, 0, 0, 0, 0, 0, 0, 0, 0]], "edge_indices": [[3, 1], [1, 3], [1, 0], [0, 1], [0, 9], [9, 0], [12, 3], [3, 12], [8, 1], [1, 8], [6, 0], [0, 6], [2, 9], [9, 2], [10, 1], [1, 10], [4, 3], [3, 4], [11, 4], [4, 11], [5, 10], [10, 5], [7, 2], [2, 7], [6, 2], [2, 6], [11, 10], [10, 11]], "edge_attributes": [[1.0], [1.0], [1.0], [1.0], [1.0], [1.0], [1.0], [1.0], [1.0], [1.0], [1.0], [1.0], [1.0], [1.0], [1.0], [1.0], [1.0], [1.0], [1.0], [1.0], [1.0], [1.0], [1.0], [1.0], [1.0], [1.0], [1.0], [1.0]], "seed_graph_indices": [0, 0, -1, 0, -1, -1, -1, -1, -1, 0, -1, -1, -1], "graph_labels": 0, "node_importances": [1, 1, 0, 1, 0, 0, 0, 0, 0, 1, 0, 0, 0], "edge_importances": [1, 1, 1, 1, 1, 1, 0, 0, 0, 0, 0, 0, 0, 0, 0, 0, 0, 0, 0, 0, 0, 0, 0, 0, 0, 0, 0, 0], "multi_node_importances": [[1, 0], [1, 0], [0, 0], [1, 0], [0, 0], [0, 0], [0, 0], [0, 0], [0, 0], [1, 0], [0, 0], [0, 0], [0, 0]], "multi_edge_importances": [[1, 0], [1, 0], [1, 0], [1, 0], [1, 0], [1, 0], [0, 0], [0, 0], [0, 0], [0, 0], [0, 0], [0, 0], [0, 0], [0, 0], [0, 0], [0, 0], [0, 0], [0, 0], [0, 0], [0, 0], [0, 0], [0, 0], [0, 0], [0, 0], [0, 0], [0, 0], [0, 0], [0, 0]], "original_value": -3.31, "class": 0, "node_positions": [[0.13660837473500223, -0.20330547627500012], [-0.037248613852053684, 0.13313793095356138], [0.4549563823772529, -0.7162398248524577], [-0.059975364784095576, 0.5164480414445002], [-0.39132068883866994, 0.6664565464597844], [-0.7339554483669998, -0.08733306396556781], [0.1291760062826087, -0.5675719575838442], [0.6381803606336729, -1.0], [0.30083200133909505, 0.2745350023181191], [0.47202403088310624, -0.36049030615725547], [-0.4239148159050617, 0.10074843597524508], [-0.6148061126580658, 0.4141077803012547], [0.1294438881542083, 0.82950689138166]], "node_coordinates": [[546.5091878896408, 404.8458099617746], [466.16645853163146, 520.7018078552398], [693.6240552730452, 228.21425906351396], [455.6639805227844, 652.6965933063728], [302.54279792949205, 704.3527847122755], [144.20454545454544, 444.78149979116074], [543.0745444397994, 279.4087950450063], [778.2954545454545, 130.5], [622.4001514550002, 569.3926082995044], [701.5113508935877, 350.7184146005933], [287.48041159208924, 509.5483205781687], [199.26579383948484, 617.4552040424313], [543.1983379144522, 760.5]]}, "label": "0", "name": "682", "value": -3.31, "input_type": "classification", "classes": {"0": "low", "1": "high"}, "image_width": 900, "image_height": 900, "image_path": "./682.png"}