{"graph":{"node_indices":[0,1,2,3,4,5,6,7,8,9,10,11,12,13,14,15,16,17,18,19,20,21,22],"node_attributes":[[0.0,0.0,1.0],[0.800000011920929,0.800000011920929,0.800000011920929],[0.0,0.0,1.0],[1.0,0.0,0.0],[0.0,1.0,0.0],[0.0,1.0,0.0],[0.800000011920929,0.800000011920929,0.800000011920929],[0.0,0.0,1.0],[0.0,0.0,1.0],[1.0,0.0,0.0],[0.0,1.0,1.0],[0.0,1.0,0.0],[0.0,1.0,0.0],[1.0,0.0,1.0],[0.0,1.0,1.0],[1.0,0.0,1.0],[0.800000011920929,0.800000011920929,0.800000011920929],[0.0,0.0,1.0],[0.800000011920929,0.800000011920929,0.800000011920929],[0.0,1.0,0.0],[0.0,1.0,0.0],[0.800000011920929,0.800000011920929,0.800000011920929],[0.0,1.0,0.0]],"node_adjacency":[[0,0,0,0,1,0,1,1,0,0,1,0,1,0,0,0,0,0,0,0,0,0,0],[0,0,0,0,0,0,0,0,0,0,0,0,0,0,0,0,0,1,0,0,0,0,0],[0,0,0,0,0,0,0,0,0,0,1,0,0,0,0,0,0,0,0,0,1,0,0],[0,0,0,0,0,0,0,0,0,0,0,0,0,0,0,0,0,0,0,0,0,0,1],[1,0,0,0,0,0,0,0,0,0,0,1,0,0,0,0,0,0,0,1,0,0,0],[0,0,0,0,0,0,0,0,0,0,0,0,0,0,0,0,0,0,0,0,0,0,1],[1,0,0,0,0,0,0,0,0,0,0,0,0,0,0,0,0,0,0,0,0,0,0],[1,0,0,0,0,0,0,0,0,0,0,0,0,0,0,0,0,0,0,0,0,0,0],[0,0,0,0,0,0,0,0,0,0,0,0,0,1,1,0,0,1,0,0,0,0,1],[0,0,0,0,0,0,0,0,0,0,0,0,1,0,1,0,0,0,0,0,0,0,0],[1,0,1,0,0,0,0,0,0,0,0,0,0,0,0,0,0,0,0,0,1,0,0],[0,0,0,0,1,0,0,0,0,0,0,0,0,0,0,0,0,0,0,0,0,0,0],[1,0,0,0,0,0,0,0,0,1,0,0,0,0,0,0,0,1,0,0,0,0,0],[0,0,0,0,0,0,0,0,1,0,0,0,0,0,0,0,0,0,1,0,0,0,0],[0,0,0,0,0,0,0,0,1,1,0,0,0,0,0,0,0,0,0,0,0,0,0],[0,0,0,0,0,0,0,0,0,0,0,0,0,0,0,0,0,0,0,0,0,0,1],[0,0,0,0,0,0,0,0,0,0,0,0,0,0,0,0,0,0,0,0,1,0,1],[0,1,0,0,0,0,0,0,1,0,0,0,1,0,0,0,0,0,0,0,0,1,1],[0,0,0,0,0,0,0,0,0,0,0,0,0,1,0,0,0,0,0,0,0,0,0],[0,0,0,0,1,0,0,0,0,0,0,0,0,0,0,0,0,0,0,0,0,0,0],[0,0,1,0,0,0,0,0,0,0,1,0,0,0,0,0,1,0,0,0,0,0,0],[0,0,0,0,0,0,0,0,0,0,0,0,0,0,0,0,0,1,0,0,0,0,0],[0,0,0,1,0,1,0,0,1,0,0,0,0,0,0,1,1,1,0,0,0,0,0]],"edge_indices":[[8,17],[8,22],[17,8],[17,22],[22,17],[22,8],[12,17],[17,12],[13,8],[8,13],[15,22],[22,15],[14,8],[8,14],[5,22],[22,5],[1,17],[17,1],[0,12],[12,0],[10,0],[0,10],[4,0],[0,4],[21,17],[17,21],[16,22],[22,16],[20,16],[16,20],[19,4],[4,19],[9,14],[14,9],[11,4],[4,11],[3,22],[22,3],[18,13],[13,18],[2,20],[20,2],[7,0],[0,7],[6,0],[0,6],[20,10],[10,20],[9,12],[12,9],[2,10],[10,2]],"edge_attributes":[[1.0],[1.0],[1.0],[1.0],[1.0],[1.0],[1.0],[1.0],[1.0],[1.0],[1.0],[1.0],[1.0],[1.0],[1.0],[1.0],[1.0],[1.0],[1.0],[1.0],[1.0],[1.0],[1.0],[1.0],[1.0],[1.0],[1.0],[1.0],[1.0],[1.0],[1.0],[1.0],[1.0],[1.0],[1.0],[1.0],[1.0],[1.0],[1.0],[1.0],[1.0],[1.0],[1.0],[1.0],[1.0],[1.0],[1.0],[1.0],[1.0],[1.0],[1.0],[1.0]],"seed_graph_indices":[-1,-1,-1,-1,-1,-1,-1,-1,0,-1,-1,-1,-1,-1,-1,-1,-1,0,-1,-1,-1,-1,0],"graph_labels":0,"node_importances":[0,0,0,0,0,0,0,0,1,0,0,0,0,0,0,0,0,1,0,0,0,0,1],"edge_importances":[1,1,1,1,1,1,0,0,0,0,0,0,0,0,0,0,0,0,0,0,0,0,0,0,0,0,0,0,0,0,0,0,0,0,0,0,0,0,0,0,0,0,0,0,0,0,0,0,0,0,0,0],"multi_node_importances":[[0,0],[0,0],[0,0],[0,0],[0,0],[0,0],[0,0],[0,0],[1,0],[0,0],[0,0],[0,0],[0,0],[0,0],[0,0],[0,0],[0,0],[1,0],[0,0],[0,0],[0,0],[0,0],[1,0]],"multi_edge_importances":[[1,0],[1,0],[1,0],[1,0],[1,0],[1,0],[0,0],[0,0],[0,0],[0,0],[0,0],[0,0],[0,0],[0,0],[0,0],[0,0],[0,0],[0,0],[0,0],[0,0],[0,0],[0,0],[0,0],[0,0],[0,0],[0,0],[0,0],[0,0],[0,0],[0,0],[0,0],[0,0],[0,0],[0,0],[0,0],[0,0],[0,0],[0,0],[0,0],[0,0],[0,0],[0,0],[0,0],[0,0],[0,0],[0,0],[0,0],[0,0],[0,0],[0,0],[0,0],[0,0]],"original_value":-0.9045009773297435,"class":0,"node_positions":[[-0.338415671676051,-0.3598923412819963],[0.006440433204540184,0.5845781510242415],[-0.7166097220668453,0.13916140086417542],[0.7016233420966517,0.1929696587781243],[-0.28098697450270593,-0.7163838412342395],[0.6069046205263117,0.4305983053175065],[-0.6953229128575691,-0.37953283680867034],[-0.5561216372049865,-0.5548868624652115],[0.3383911594524687,0.3588637932182905],[0.23897714007990883,-0.314608031709514],[-0.5424342470483736,-0.10366438026047924],[-0.4969005863073094,-0.9763409268454109],[-0.04650284545473396,-0.15480115516088924],[0.4596520631681825,0.6946410473834908],[0.4350009822421365,-0.06138163267408021],[0.6371626218679889,-0.03935496936586995],[-0.0655544671710726,0.218057264479236],[0.0823426919517194,0.2239456621652881],[0.6037870542840966,0.9743274730206862],[-0.12119420129016148,-1.0],[-0.41755769557488304,0.17480370750015897],[-0.1785911277377063,0.4851852341161941],[0.3459099800183935,0.1837152799389687]],"node_coordinates":[[313.2948136796176,334.7557936831775],[467.47971218095114,636.1325502161579],[144.20454545454544,494.00184675615424],[778.2954545454545,511.17184664169633],[338.97113989052235,221.0007818936211],[735.9467871888022,586.9981973183463],[153.72186143329532,328.4885901159428],[215.95864441030307,272.53382188562534],[615.8946258496619,564.108001421228],[571.4466944671648,349.2058357458627],[222.07826599211108,416.51711122012114],[242.43633058889725,138.04951561535358],[443.8088131280418,400.1995708791724],[670.1102823712744,671.2531802301032],[659.0888031028513,430.009366858278],[749.4751162503832,437.0379870207383],[435.290847753363,519.1772012789991],[501.41555352268415,521.0561654290228],[734.5529257265162,760.5000000000002],[410.4143655441721,130.50000000000006],[277.9104758374422,505.3751642465473],[384.7522440002676,604.4166679687888],[619.2562847253494,508.21881136850135]]},"label":"0","name":"686","value":-0.9045009773297435,"input_type":"classification","classes":{"0":"low","1":"high"},"image_width":900,"image_height":900,"image_path":"./686.png"}