{"graph":{"node_indices":[0,1,2,3,4,5,6,7,8,9,10,11,12,13,14,15,16,17],"node_attributes":[[0.800000011920929,0.800000011920929,0.800000011920929],[0.0,1.0,1.0],[1.0,0.0,1.0],[0.0,1.0,0.0],[0.0,1.0,0.0],[0.0,1.0,1.0],[1.0,0.0,0.0],[0.0,1.0,0.0],[1.0,0.0,0.0],[0.0,1.0,1.0],[0.0,1.0,1.0],[0.0,1.0,0.0],[0.800000011920929,0.800000011920929,0.800000011920929],[1.0,0.0,0.0],[0.0,1.0,0.0],[0.0,1.0,1.0],[0.0,0.0,1.0],[1.0,0.0,0.0]],"node_adjacency":[[0,0,0,0,0,0,0,0,0,0,0,0,0,1,0,0,1,0],[0,0,0,0,0,0,0,0,0,0,0,0,0,1,0,0,0,0],[0,0,0,0,0,0,1,0,0,0,0,0,0,0,0,0,0,0],[0,0,0,0,0,0,0,0,0,1,0,0,0,0,0,0,0,0],[0,0,0,0,0,0,0,1,0,0,1,0,0,0,0,0,0,0],[0,0,0,0,0,0,0,0,0,0,0,0,0,0,0,0,1,0],[0,0,1,0,0,0,0,0,0,0,0,0,0,0,0,0,1,0],[0,0,0,0,1,0,0,0,1,0,0,0,1,1,0,0,0,0],[0,0,0,0,0,0,0,1,0,0,0,1,0,1,0,0,0,0],[0,0,0,1,0,0,0,0,0,0,0,0,0,1,0,0,0,0],[0,0,0,0,1,0,0,0,0,0,0,0,0,0,0,0,0,0],[0,0,0,0,0,0,0,0,1,0,0,0,0,0,0,0,0,0],[0,0,0,0,0,0,0,1,0,0,0,0,0,0,0,0,0,0],[1,1,0,0,0,0,0,1,1,1,0,0,0,0,0,1,1,0],[0,0,0,0,0,0,0,0,0,0,0,0,0,0,0,0,1,0],[0,0,0,0,0,0,0,0,0,0,0,0,0,1,0,0,0,0],[1,0,0,0,0,1,1,0,0,0,0,0,0,1,1,0,0,1],[0,0,0,0,0,0,0,0,0,0,0,0,0,0,0,0,1,0]],"edge_indices":[[13,8],[13,7],[8,13],[8,7],[7,8],[7,13],[0,13],[13,0],[4,7],[7,4],[10,4],[4,10],[9,13],[13,9],[3,9],[9,3],[12,7],[7,12],[16,0],[0,16],[15,13],[13,15],[5,16],[16,5],[14,16],[16,14],[17,16],[16,17],[6,16],[16,6],[11,8],[8,11],[2,6],[6,2],[1,13],[13,1],[16,13],[13,16]],"edge_attributes":[[1.0],[1.0],[1.0],[1.0],[1.0],[1.0],[1.0],[1.0],[1.0],[1.0],[1.0],[1.0],[1.0],[1.0],[1.0],[1.0],[1.0],[1.0],[1.0],[1.0],[1.0],[1.0],[1.0],[1.0],[1.0],[1.0],[1.0],[1.0],[1.0],[1.0],[1.0],[1.0],[1.0],[1.0],[1.0],[1.0],[1.0],[1.0]],"seed_graph_indices":[-1,-1,-1,-1,-1,-1,-1,0,0,-1,-1,-1,-1,0,-1,-1,-1,-1],"graph_labels":1,"node_importances":[0,0,0,0,0,0,0,1,1,0,0,0,0,1,0,0,0,0],"edge_importances":[1,1,1,1,1,1,0,0,0,0,0,0,0,0,0,0,0,0,0,0,0,0,0,0,0,0,0,0,0,0,0,0,0,0,0,0,0,0],"multi_node_importances":[[0,0],[0,0],[0,0],[0,0],[0,0],[0,0],[0,0],[0,1],[0,1],[0,0],[0,0],[0,0],[0,0],[0,1],[0,0],[0,0],[0,0],[0,0]],"multi_edge_importances":[[0,1],[0,1],[0,1],[0,1],[0,1],[0,1],[0,0],[0,0],[0,0],[0,0],[0,0],[0,0],[0,0],[0,0],[0,0],[0,0],[0,0],[0,0],[0,0],[0,0],[0,0],[0,0],[0,0],[0,0],[0,0],[0,0],[0,0],[0,0],[0,0],[0,0],[0,0],[0,0],[0,0],[0,0],[0,0],[0,0],[0,0],[0,0]],"original_value":1.280584353306562,"class":1,"node_positions":[[-0.07891142534670788,-0.15403194530397932],[0.11626662280213694,0.3862487211157543],[-0.3978418859266991,-0.8266343499462965],[-0.19195959600710927,0.8091407477871069],[0.6857929084920413,-0.0892281159539216],[-0.6643087085282111,-0.1290039446536896],[-0.29976745217264844,-0.5087864061379109],[0.33586362583683294,-0.07155565248691577],[0.3190580469864852,0.19057660290292774],[-0.10863876425125503,0.48331590146571907],[1.0,-0.15369016226707552],[0.5558431198176315,0.44918153426117335],[0.450085424050952,-0.38719943211975594],[-0.0010468993292438201,0.10405584501251341],[-0.6052282423248617,0.09173592621937776],[-0.24429907878832624,0.28677030373589635],[-0.32190465788262757,-0.13004267596096775],[-0.5490030374283897,-0.3508528976699558]],"node_coordinates":[[367.2371436557317,389.5450945926555],[441.5987241432452,597.6279907781227],[245.7266903067333,130.5],[324.16651803333195,760.5],[658.5845744207684,414.5035455111877],[144.20454545454544,399.18434171870047],[283.0924185150995,252.91548662572833],[525.2637693204989,421.3098919335296],[518.8609519126397,522.2671207875638],[355.9112188112314,635.0123009471753],[778.2954545454545,389.67672840560925],[609.0745410871109,621.8658412849262],[568.7815394892544,299.74331383594654],[396.9030270554577,488.9446441546272],[166.7138229295912,484.1997688655791],[304.22551186781186,559.3150203482937],[274.65828557963806,398.7842862804608],[188.13526421866212,313.74176431676324]]},"label":"1","name":"689","value":1.280584353306562,"input_type":"classification","classes":{"0":"low","1":"high"},"image_width":900,"image_height":900,"image_path":"./689.png"}