{"graph":{"node_indices":[0,1,2,3,4,5,6,7,8,9,10,11,12,13,14,15,16,17,18,19,20,21,22,23,24,25],"node_attributes":[[0.0,1.0,0.0],[0.0,1.0,1.0],[0.800000011920929,0.800000011920929,0.800000011920929],[0.0,1.0,0.0],[0.800000011920929,0.800000011920929,0.800000011920929],[0.0,1.0,0.0],[0.0,0.0,1.0],[0.0,0.0,1.0],[1.0,0.0,0.0],[0.0,1.0,0.0],[0.0,0.0,1.0],[1.0,0.0,0.0],[0.800000011920929,0.800000011920929,0.800000011920929],[0.0,1.0,1.0],[0.0,0.0,1.0],[1.0,0.0,1.0],[1.0,1.0,0.0],[1.0,0.0,1.0],[1.0,1.0,0.0],[0.0,0.0,1.0],[0.800000011920929,0.800000011920929,0.800000011920929],[0.0,1.0,0.0],[0.800000011920929,0.800000011920929,0.800000011920929],[0.800000011920929,0.800000011920929,0.800000011920929],[1.0,0.0,0.0],[0.0,1.0,0.0]],"node_adjacency":[[0,0,1,0,1,0,1,0,0,0,1,0,0,0,0,0,1,0,0,0,0,0,0,0,0,0],[0,0,0,0,0,0,0,0,0,0,0,0,0,1,0,0,0,0,0,0,0,0,0,0,0,0],[1,0,0,0,0,0,0,0,0,0,0,0,0,0,0,0,0,0,0,0,0,0,0,0,0,0],[0,0,0,0,0,0,0,0,0,1,0,0,0,0,0,0,0,0,0,1,0,0,0,0,0,0],[1,0,0,0,0,0,0,0,0,0,0,0,0,0,0,0,0,0,0,0,0,0,0,0,0,0],[0,0,0,0,0,0,1,0,0,0,0,0,0,0,0,0,0,1,0,0,0,0,0,0,0,0],[1,0,0,0,0,1,0,0,0,0,1,0,0,0,0,0,0,0,0,0,0,0,1,0,0,1],[0,0,0,0,0,0,0,0,0,0,0,0,1,0,0,0,0,1,0,0,0,0,0,0,0,0],[0,0,0,0,0,0,0,0,0,0,1,0,0,0,0,0,0,0,0,0,0,0,0,0,0,0],[0,0,0,1,0,0,0,0,0,0,0,0,0,0,0,0,0,0,0,0,0,0,0,0,0,0],[1,0,0,0,0,0,1,0,1,0,0,0,0,0,0,1,0,0,0,0,1,0,0,0,0,0],[0,0,0,0,0,0,0,0,0,0,0,0,0,0,0,0,0,1,0,0,0,0,0,0,0,0],[0,0,0,0,0,0,0,1,0,0,0,0,0,0,1,0,0,0,0,0,0,0,0,0,0,0],[0,1,0,0,0,0,0,0,0,0,0,0,0,0,1,0,0,0,1,0,0,0,0,0,0,0],[0,0,0,0,0,0,0,0,0,0,0,0,1,1,0,0,0,0,0,1,1,1,0,0,1,0],[0,0,0,0,0,0,0,0,0,0,1,0,0,0,0,0,0,0,0,0,0,0,0,0,0,0],[1,0,0,0,0,0,0,0,0,0,0,0,0,0,0,0,0,0,1,0,0,0,0,0,0,0],[0,0,0,0,0,1,0,1,0,0,0,1,0,0,0,0,0,0,0,0,0,0,0,1,0,0],[0,0,0,0,0,0,0,0,0,0,0,0,0,1,0,0,1,0,0,0,0,0,0,0,0,0],[0,0,0,1,0,0,0,0,0,0,0,0,0,0,1,0,0,0,0,0,0,1,0,0,0,0],[0,0,0,0,0,0,0,0,0,0,1,0,0,0,1,0,0,0,0,0,0,0,0,0,0,0],[0,0,0,0,0,0,0,0,0,0,0,0,0,0,1,0,0,0,0,1,0,0,0,0,0,0],[0,0,0,0,0,0,1,0,0,0,0,0,0,0,0,0,0,0,0,0,0,0,0,0,0,0],[0,0,0,0,0,0,0,0,0,0,0,0,0,0,0,0,0,1,0,0,0,0,0,0,0,1],[0,0,0,0,0,0,0,0,0,0,0,0,0,0,1,0,0,0,0,0,0,0,0,0,0,0],[0,0,0,0,0,0,1,0,0,0,0,0,0,0,0,0,0,0,0,0,0,0,0,1,0,0]],"edge_indices":[[19,14],[19,21],[14,19],[14,21],[21,14],[21,19],[10,6],[10,0],[6,10],[6,0],[0,6],[0,10],[15,10],[10,15],[8,10],[10,8],[3,19],[19,3],[4,0],[0,4],[12,14],[14,12],[9,3],[3,9],[16,0],[0,16],[5,6],[6,5],[24,14],[14,24],[7,12],[12,7],[2,0],[0,2],[17,5],[5,17],[13,14],[14,13],[11,17],[17,11],[22,6],[6,22],[20,14],[14,20],[18,16],[16,18],[25,6],[6,25],[23,17],[17,23],[1,13],[13,1],[7,17],[17,7],[10,20],[20,10],[23,25],[25,23],[18,13],[13,18]],"edge_attributes":[[1.0],[1.0],[1.0],[1.0],[1.0],[1.0],[1.0],[1.0],[1.0],[1.0],[1.0],[1.0],[1.0],[1.0],[1.0],[1.0],[1.0],[1.0],[1.0],[1.0],[1.0],[1.0],[1.0],[1.0],[1.0],[1.0],[1.0],[1.0],[1.0],[1.0],[1.0],[1.0],[1.0],[1.0],[1.0],[1.0],[1.0],[1.0],[1.0],[1.0],[1.0],[1.0],[1.0],[1.0],[1.0],[1.0],[1.0],[1.0],[1.0],[1.0],[1.0],[1.0],[1.0],[1.0],[1.0],[1.0],[1.0],[1.0],[1.0],[1.0]],"seed_graph_indices":[1,-1,-1,-1,-1,-1,1,-1,-1,-1,1,-1,-1,-1,0,-1,-1,-1,-1,0,-1,0,-1,-1,-1,-1],"graph_labels":0,"node_importances":[1,0,0,0,0,0,1,0,0,0,1,0,0,0,1,0,0,0,0,1,0,1,0,0,0,0],"edge_importances":[1,1,1,1,1,1,1,1,1,1,1,1,0,0,0,0,0,0,0,0,0,0,0,0,0,0,0,0,0,0,0,0,0,0,0,0,0,0,0,0,0,0,0,0,0,0,0,0,0,0,0,0,0,0,0,0,0,0,0,0],"multi_node_importances":[[1,0],[0,0],[0,0],[0,0],[0,0],[0,0],[1,0],[0,0],[0,0],[0,0],[1,0],[0,0],[0,0],[0,0],[1,0],[0,0],[0,0],[0,0],[0,0],[1,0],[0,0],[1,0],[0,0],[0,0],[0,0],[0,0]],"multi_edge_importances":[[1,0],[1,0],[1,0],[1,0],[1,0],[1,0],[1,0],[1,0],[1,0],[1,0],[1,0],[1,0],[0,0],[0,0],[0,0],[0,0],[0,0],[0,0],[0,0],[0,0],[0,0],[0,0],[0,0],[0,0],[0,0],[0,0],[0,0],[0,0],[0,0],[0,0],[0,0],[0,0],[0,0],[0,0],[0,0],[0,0],[0,0],[0,0],[0,0],[0,0],[0,0],[0,0],[0,0],[0,0],[0,0],[0,0],[0,0],[0,0],[0,0],[0,0],[0,0],[0,0],[0,0],[0,0],[0,0],[0,0],[0,0],[0,0],[0,0],[0,0]],"original_value":-2.331159334054668,"class":0,"node_positions":[[0.42000613110649615,-0.09196397249724957],[-0.6996761962505713,0.09289937918592886],[0.6834743579241723,0.012378407419418093],[-0.4188690895885687,0.7743874602054465],[0.6793409813230411,-0.18688223563167203],[0.10965121360377111,-0.4419616715266084],[0.32041077738566526,-0.2738789372422131],[-0.3532351930952722,-0.3471474897021988],[0.4074596945597938,0.3234579807779071],[-0.5090739051091456,1.0],[0.3002294031701721,0.06785805683517848],[-0.27735364298203075,-0.7734264563198417],[-0.37921171435929324,-0.05612866741920429],[-0.4083691447951238,0.12337540080874931],[-0.24890343540587376,0.25782602523004244],[0.5365830283497633,0.22313381494669204],[0.13750879629943638,-0.05701828362962903],[-0.13766472675424238,-0.5438118687547328],[-0.1416252408530453,-0.0029229001896617216],[-0.3415583477166166,0.5278529947461211],[0.045702299172403274,0.222365686318504],[-0.16453856995181151,0.5017987456551807],[0.5560495305266282,-0.4355167560233764],[0.07926298356892003,-0.70352392821504],[-0.5057453283232329,0.33796090124718386],[0.3101453381945643,-0.5511116862249248]],"node_coordinates":[[657.5112008319691,372.5858013470415],[144.20454545454544,438.25749083005775],[778.2954545454545,409.6528582375276],[272.9376273342218,680.352385440598],[776.4005512619937,338.86661013864034],[515.2322340295782,248.25104272047426],[611.8527523055524,307.9615101164062],[303.0268009017691,281.93325961563323],[651.7594181849263,520.1621666542633],[231.5841728565583,760.5],[602.6008123165313,429.36169871826604],[337.81390412007414,130.5],[291.1181363434483,385.3160964876802],[277.7512172354689,449.0839299834579],[350.85660430288544,496.8467752277933],[710.9546604241791,484.5225582293248],[528.0032515325202,385.00006521918846],[401.85282715231824,212.06932003044923],[400.03717087556845,404.2171528214008],[308.3799285704222,592.7723717975833],[485.91552286984717,484.2496847565997],[389.5327947361216,583.5167430294445],[719.8788748019214,250.54056352499748],[501.3010677148893,155.33248885178617],[233.11012407986354,525.3142494277463],[607.1466690456672,209.4761000015993]]},"label":"0","name":"690","value":-2.331159334054668,"input_type":"classification","classes":{"0":"low","1":"high"},"image_width":900,"image_height":900,"image_path":"./690.png"}