{"graph": {"node_indices": [0, 1, 2, 3, 4, 5, 6, 7, 8, 9, 10, 11, 12], "node_attributes": [[0.0, 0.0, 1.0], [1.0, 0.0, 0.0], [0.0, 1.0, 1.0], [0.0, 1.0, 0.0], [0.0, 0.0, 1.0], [1.0, 0.0, 0.0], [0.0, 0.0, 1.0], [0.0, 0.0, 1.0], [0.0, 0.0, 1.0], [0.0, 0.0, 1.0], [0.0, 0.0, 1.0], [0.0, 0.0, 1.0], [1.0, 0.0, 0.0]], "node_adjacency": [[0, 0, 0, 0, 0, 0, 0, 0, 0, 0, 1, 0, 0], [0, 0, 0, 0, 1, 0, 0, 0, 0, 0, 1, 0, 0], [0, 0, 0, 0, 0, 0, 0, 0, 1, 0, 0, 0, 0], [0, 0, 0, 0, 0, 0, 0, 0, 0, 0, 0, 1, 0], [0, 1, 0, 0, 0, 0, 1, 0, 0, 0, 0, 0, 1], [0, 0, 0, 0, 0, 0, 0, 0, 1, 1, 0, 0, 0], [0, 0, 0, 0, 1, 0, 0, 0, 0, 1, 0, 0, 0], [0, 0, 0, 0, 0, 0, 0, 0, 0, 1, 0, 0, 0], [0, 0, 1, 0, 0, 1, 0, 0, 0, 0, 1, 1, 0], [0, 0, 0, 0, 0, 1, 1, 1, 0, 0, 0, 0, 0], [1, 1, 0, 0, 0, 0, 0, 0, 1, 0, 0, 0, 0], [0, 0, 0, 1, 0, 0, 0, 0, 1, 0, 0, 0, 0], [0, 0, 0, 0, 1, 0, 0, 0, 0, 0, 0, 0, 0]], "edge_indices": [[11, 8], [8, 11], [8, 10], [10, 8], [10, 0], [0, 10], [7, 9], [9, 7], [9, 6], [6, 9], [6, 4], [4, 6], [1, 10], [10, 1], [12, 4], [4, 12], [2, 8], [8, 2], [5, 9], [9, 5], [3, 11], [11, 3], [1, 4], [4, 1], [5, 8], [8, 5]], "edge_attributes": [[1.0], [1.0], [1.0], [1.0], [1.0], [1.0], [1.0], [1.0], [1.0], [1.0], [1.0], [1.0], [1.0], [1.0], [1.0], [1.0], [1.0], [1.0], [1.0], [1.0], [1.0], [1.0], [1.0], [1.0], [1.0], [1.0]], "seed_graph_indices": [0, -1, -1, -1, 1, -1, 1, 1, 0, 1, 0, 0, -1], "graph_labels": 0, "node_importances": [1, 0, 0, 0, 1, 0, 1, 1, 1, 1, 1, 1, 0], "edge_importances": [1, 1, 1, 1, 1, 1, 1, 1, 1, 1, 1, 1, 0, 0, 0, 0, 0, 0, 0, 0, 0, 0, 0, 0, 0, 0], "multi_node_importances": [[1, 0], [0, 0], [0, 0], [0, 0], [1, 0], [0, 0], [1, 0], [1, 0], [1, 0], [1, 0], [1, 0], [1, 0], [0, 0]], "multi_edge_importances": [[1, 0], [1, 0], [1, 0], [1, 0], [1, 0], [1, 0], [1, 0], [1, 0], [1, 0], [1, 0], [1, 0], [1, 0], [0, 0], [0, 0], [0, 0], [0, 0], [0, 0], [0, 0], [0, 0], [0, 0], [0, 0], [0, 0], [0, 0], [0, 0], [0, 0], [0, 0]], "original_value": -3.51, "class": 0, "node_positions": [[0.6459197909489799, 0.23443206344731923], [0.3652302683058951, -0.2369863823340509], [-0.33364986312039224, 0.5142890967720636], [0.07656307412848117, 0.9999999999999999], [0.19350428064907718, -0.5580531622981172], [-0.30763695327549073, 0.05854801880381018], [-0.16907348630323862, -0.563833249935043], [-0.745668842250117, -0.3952328440105511], [-0.03423362721600347, 0.31086409315936936], [-0.4116972129841535, -0.2896484506129827], [0.30325772844351057, 0.12465951647018489], [0.05589252185977644, 0.6617627406904993], [0.36159232081367515, -0.8608014401525015]], "node_coordinates": [[778.2954545454545, 501.30641296759666], [650.396540786806, 341.7011942517711], [331.9450046723501, 596.0558726306006], [518.8625233236938, 760.5], [572.1479226031973, 232.99960631620684], [343.79804030237995, 441.75844307977803], [406.9358330689388, 231.04267790209036], [144.2045454545455, 288.1246714132975], [468.37692764999974, 527.1835311165622], [296.38196984539906, 323.8717244868466], [622.1581496397939, 464.14140271807383], [509.4437849359401, 645.9851093905422], [648.7388745932674, 130.5]]}, "label": "0", "name": "708", "value": -3.51, "input_type": "classification", "classes": {"0": "low", "1": "high"}, "image_width": 900, "image_height": 900, "image_path": "./708.png"}