{"graph":{"node_indices":[0,1,2,3,4,5,6,7,8,9,10,11,12,13,14,15,16,17,18,19,20,21,22,23,24,25],"node_attributes":[[1.0,1.0,0.0],[1.0,0.0,0.0],[1.0,0.0,0.0],[0.0,1.0,1.0],[1.0,0.0,1.0],[1.0,0.0,1.0],[1.0,0.0,0.0],[0.0,1.0,0.0],[0.800000011920929,0.800000011920929,0.800000011920929],[1.0,0.0,0.0],[0.0,1.0,0.0],[1.0,0.0,0.0],[0.800000011920929,0.800000011920929,0.800000011920929],[1.0,0.0,1.0],[1.0,0.0,0.0],[0.0,1.0,1.0],[1.0,0.0,1.0],[1.0,0.0,1.0],[0.0,1.0,1.0],[0.800000011920929,0.800000011920929,0.800000011920929],[0.0,1.0,1.0],[0.800000011920929,0.800000011920929,0.800000011920929],[1.0,0.0,0.0],[0.800000011920929,0.800000011920929,0.800000011920929],[1.0,0.0,1.0],[0.0,0.0,1.0]],"node_adjacency":[[0,1,0,1,0,1,0,0,0,0,0,1,0,0,0,0,0,0,0,1,0,0,1,0,0,0],[0,0,0,0,0,0,0,0,0,0,0,0,0,0,0,0,1,0,0,0,0,0,0,0,0,0],[0,0,0,0,0,0,0,0,0,0,0,0,0,1,0,0,0,0,0,0,0,0,0,0,0,0],[1,0,0,0,0,0,0,0,0,0,0,0,0,0,0,0,0,0,0,0,0,0,0,0,0,0],[0,0,0,0,0,0,0,0,0,0,0,0,0,0,0,0,0,1,0,0,1,0,0,0,0,0],[1,0,0,0,0,0,0,1,0,0,0,0,0,0,0,0,0,1,0,0,0,1,0,0,0,0],[0,0,0,0,0,0,0,0,0,0,1,0,0,0,0,0,0,0,1,0,0,0,0,0,0,1],[0,0,0,0,0,1,0,0,0,0,0,1,0,0,0,0,0,0,0,0,0,0,0,0,0,0],[0,0,0,0,0,0,0,0,0,0,0,0,0,0,0,0,0,0,0,0,0,0,1,0,0,0],[0,0,0,0,0,0,0,0,0,0,0,0,0,0,0,0,0,0,0,1,0,0,0,0,0,0],[0,0,0,0,0,0,1,0,0,0,0,1,0,0,0,0,0,0,0,0,0,0,0,0,0,1],[1,0,0,0,0,0,0,1,0,0,1,0,0,0,0,0,0,0,0,0,0,0,0,0,0,0],[0,0,0,0,0,0,0,0,0,0,0,0,0,0,1,0,0,0,0,0,0,0,0,0,0,0],[0,0,1,0,0,0,0,0,0,0,0,0,0,0,1,0,0,0,0,1,0,0,0,0,0,0],[0,0,0,0,0,0,0,0,0,0,0,0,1,1,0,0,0,0,0,0,0,0,0,0,0,0],[0,0,0,0,0,0,0,0,0,0,0,0,0,0,0,0,0,0,0,0,0,1,0,0,0,0],[0,1,0,0,0,0,0,0,0,0,0,0,0,0,0,0,0,0,0,0,0,0,0,1,0,0],[0,0,0,0,1,1,0,0,0,0,0,0,0,0,0,0,0,0,0,0,0,0,0,0,1,0],[0,0,0,0,0,0,1,0,0,0,0,0,0,0,0,0,0,0,0,1,0,0,0,0,0,0],[1,0,0,0,0,0,0,0,0,1,0,0,0,1,0,0,0,0,1,0,0,0,0,0,0,0],[0,0,0,0,1,0,0,0,0,0,0,0,0,0,0,0,0,0,0,0,0,0,0,0,0,0],[0,0,0,0,0,1,0,0,0,0,0,0,0,0,0,1,0,0,0,0,0,0,0,0,0,0],[1,0,0,0,0,0,0,0,1,0,0,0,0,0,0,0,0,0,0,0,0,0,0,0,0,0],[0,0,0,0,0,0,0,0,0,0,0,0,0,0,0,0,1,0,0,0,0,0,0,0,0,0],[0,0,0,0,0,0,0,0,0,0,0,0,0,0,0,0,0,1,0,0,0,0,0,0,0,0],[0,0,0,0,0,0,1,0,0,0,1,0,0,0,0,0,0,0,0,0,0,0,0,0,0,0]],"edge_indices":[[0,11],[0,22],[0,1],[11,0],[22,0],[22,0],[5,0],[0,5],[19,0],[0,19],[3,0],[0,3],[13,19],[19,13],[17,5],[5,17],[24,17],[17,24],[7,5],[5,7],[21,5],[5,21],[8,22],[22,8],[15,21],[21,15],[14,13],[13,14],[10,11],[11,10],[16,1],[1,16],[18,19],[19,18],[2,13],[13,2],[4,17],[17,4],[12,14],[14,12],[23,16],[16,23],[6,18],[18,6],[9,19],[19,9],[20,4],[4,20],[25,6],[6,25],[7,11],[11,7],[6,10],[10,6],[10,25],[25,10]],"edge_attributes":[[1.0],[1.0],[1.0],[1.0],[1.0],[1.0],[1.0],[1.0],[1.0],[1.0],[1.0],[1.0],[1.0],[1.0],[1.0],[1.0],[1.0],[1.0],[1.0],[1.0],[1.0],[1.0],[1.0],[1.0],[1.0],[1.0],[1.0],[1.0],[1.0],[1.0],[1.0],[1.0],[1.0],[1.0],[1.0],[1.0],[1.0],[1.0],[1.0],[1.0],[1.0],[1.0],[1.0],[1.0],[1.0],[1.0],[1.0],[1.0],[1.0],[1.0],[1.0],[1.0],[1.0],[1.0],[1.0],[1.0]],"seed_graph_indices":[0,0,-1,-1,-1,-1,-1,-1,-1,-1,-1,0,-1,-1,-1,-1,-1,-1,-1,-1,-1,-1,0,-1,-1,-1],"graph_labels":1,"node_importances":[1,1,0,0,0,0,0,0,0,0,0,1,0,0,0,0,0,0,0,0,0,0,1,0,0,0],"edge_importances":[1,1,1,1,1,1,0,0,0,0,0,0,0,0,0,0,0,0,0,0,0,0,0,0,0,0,0,0,0,0,0,0,0,0,0,0,0,0,0,0,0,0,0,0,0,0,0,0,0,0,0,0,0,0,0,0],"multi_node_importances":[[0,1],[0,1],[0,0],[0,0],[0,0],[0,0],[0,0],[0,0],[0,0],[0,0],[0,0],[0,1],[0,0],[0,0],[0,0],[0,0],[0,0],[0,0],[0,0],[0,0],[0,0],[0,0],[0,1],[0,0],[0,0],[0,0]],"multi_edge_importances":[[0,1],[0,1],[0,1],[0,1],[0,1],[0,1],[0,0],[0,0],[0,0],[0,0],[0,0],[0,0],[0,0],[0,0],[0,0],[0,0],[0,0],[0,0],[0,0],[0,0],[0,0],[0,0],[0,0],[0,0],[0,0],[0,0],[0,0],[0,0],[0,0],[0,0],[0,0],[0,0],[0,0],[0,0],[0,0],[0,0],[0,0],[0,0],[0,0],[0,0],[0,0],[0,0],[0,0],[0,0],[0,0],[0,0],[0,0],[0,0],[0,0],[0,0],[0,0],[0,0],[0,0],[0,0],[0,0],[0,0]],"original_value":1.5247575575036871,"class":1,"node_positions":[[-0.03626493191794285,0.10350150330748632],[0.0008948155905921662,0.4432871576749399],[0.28535245103380397,-0.6698162947844687],[-0.09889953869993127,0.27916931893372854],[-0.5481149146074785,-0.5888823285365546],[-0.3038663236176646,-0.07486308963651758],[0.6810463387141472,0.2360399136435701],[-0.06951692672396165,-0.08967933023771264],[-0.45221968142916535,0.5180676031008159],[0.4498492712538765,-0.18499655110002353],[0.431880260495376,0.35689193002215963],[0.17432221049288604,0.17680493006727166],[0.8146503287634347,-0.7094104737487235],[0.34070235991488085,-0.4023910923077796],[0.6037991318638531,-0.5452906920415679],[-0.8430082981873249,0.13426560827240452],[-0.018461881763611857,0.7331569212061203],[-0.46954673447302964,-0.3190904980052777],[0.5112619362891393,0.03884611350445326],[0.23184995875794684,-0.10210146462322153],[-0.7121537685656146,-0.8012696562911445],[-0.5747007995947346,0.03927363300877958],[-0.2725013928285275,0.2885242228477705],[-0.041649341045219355,1.0],[-0.7545169518884131,-0.3296765120753881],[0.6698124221726829,0.4696391277988797]],"node_coordinates":[[452.8016390924554,446.94669556072597],[467.0160603829347,565.7878482464712],[575.8273667179601,176.4762465103226],[428.8425234402781,508.3870931480623],[257.0077551377135,204.78316799656588],[350.4382169872662,384.56309121683546],[727.188987790981,493.30244147589315],[440.082019218477,379.3810622262554],[293.68979243713846,591.9425555407172],[638.7510209493375,346.0435500256114],[631.8774788447844,535.570832581353],[533.3558559879862,472.58481070765674],[778.2954545454546,162.6280518991718],[596.9999250902838,270.0090926180031],[697.6402309962616,220.02948655632449],[144.2045454545455,457.7065426831192],[459.6116976131994,667.1707535692967],[287.06181328761926,299.14375006770024],[662.2427169890325,424.3332598468414],[555.3614858578984,375.03637977655245],[194.2592830811475,130.49999999999994],[246.83806898733565,424.4827862027564],[362.43599334140094,511.6590016295395],[450.7419840929743,760.5],[178.05443306655155,295.4412567509019],[722.8917674606819,575.0045366640541]]},"label":"1","name":"719","value":1.5247575575036871,"input_type":"classification","classes":{"0":"low","1":"high"},"image_width":900,"image_height":900,"image_path":"./719.png"}