{"graph":{"node_indices":[0,1,2,3,4,5,6,7,8,9,10,11,12,13,14,15,16],"node_attributes":[[1.0,0.0,0.0],[0.0,1.0,1.0],[0.800000011920929,0.800000011920929,0.800000011920929],[0.0,0.0,1.0],[0.0,1.0,0.0],[0.0,1.0,1.0],[1.0,1.0,0.0],[1.0,0.0,1.0],[1.0,0.0,0.0],[1.0,0.0,1.0],[0.800000011920929,0.800000011920929,0.800000011920929],[0.0,1.0,1.0],[0.0,0.0,1.0],[0.0,1.0,1.0],[1.0,0.0,0.0],[0.0,0.0,1.0],[1.0,0.0,0.0]],"node_adjacency":[[0,0,0,0,0,0,1,0,0,0,0,0,0,0,0,0,0],[0,0,0,0,0,0,0,0,1,0,0,0,0,0,0,1,0],[0,0,0,0,0,0,0,0,0,0,1,0,0,0,0,0,0],[0,0,0,0,1,0,0,0,0,0,0,0,1,0,0,0,0],[0,0,0,1,0,0,0,0,0,0,0,0,1,0,0,0,0],[0,0,0,0,0,0,0,0,0,0,0,0,0,0,0,1,0],[1,0,0,0,0,0,0,0,1,0,0,0,0,1,1,0,1],[0,0,0,0,0,0,0,0,0,1,0,0,0,0,0,0,1],[0,1,0,0,0,0,0,0,0,0,1,0,0,0,0,0,0],[0,0,0,0,0,0,0,1,0,0,0,0,0,0,0,0,1],[0,0,1,0,0,0,0,0,1,0,0,1,0,0,0,0,0],[0,0,0,0,0,0,0,0,0,0,1,0,0,0,0,0,0],[0,0,0,1,1,0,0,0,0,0,0,0,0,0,0,0,1],[0,0,0,0,0,0,1,0,0,0,0,0,0,0,0,0,0],[0,0,0,0,0,0,1,0,0,0,0,0,0,0,0,0,0],[0,1,0,0,0,1,0,0,0,0,0,0,0,0,0,0,0],[0,0,0,0,0,0,1,1,0,1,0,0,1,0,0,0,0]],"edge_indices":[[12,3],[12,4],[3,12],[3,4],[4,3],[4,12],[6,0],[6,14],[6,8],[0,6],[14,6],[14,6],[10,8],[8,10],[13,6],[6,13],[1,8],[8,1],[16,12],[12,16],[11,10],[10,11],[7,16],[16,7],[2,10],[10,2],[9,7],[7,9],[15,1],[1,15],[5,15],[15,5],[16,6],[6,16],[16,9],[9,16]],"edge_attributes":[[1.0],[1.0],[1.0],[1.0],[1.0],[1.0],[1.0],[1.0],[1.0],[1.0],[1.0],[1.0],[1.0],[1.0],[1.0],[1.0],[1.0],[1.0],[1.0],[1.0],[1.0],[1.0],[1.0],[1.0],[1.0],[1.0],[1.0],[1.0],[1.0],[1.0],[1.0],[1.0],[1.0],[1.0],[1.0],[1.0]],"seed_graph_indices":[1,-1,-1,0,0,-1,1,-1,1,-1,-1,-1,0,-1,1,-1,-1],"graph_labels":1,"node_importances":[1,0,0,1,1,0,1,0,1,0,0,0,1,0,1,0,0],"edge_importances":[1,1,1,1,1,1,1,1,1,1,1,1,0,0,0,0,0,0,0,0,0,0,0,0,0,0,0,0,0,0,0,0,0,0,0,0],"multi_node_importances":[[0,1],[0,0],[0,0],[1,0],[1,0],[0,0],[0,1],[0,0],[0,1],[0,0],[0,0],[0,0],[1,0],[0,0],[0,1],[0,0],[0,0]],"multi_edge_importances":[[1,0],[1,0],[1,0],[1,0],[1,0],[1,0],[0,1],[0,1],[0,1],[0,1],[0,1],[0,1],[0,0],[0,0],[0,0],[0,0],[0,0],[0,0],[0,0],[0,0],[0,0],[0,0],[0,0],[0,0],[0,0],[0,0],[0,0],[0,0],[0,0],[0,0],[0,0],[0,0],[0,0],[0,0],[0,0],[0,0]],"original_value":1.0905227890137759,"class":1,"node_positions":[[0.2566274229467061,-0.36431218249781694],[-0.16323828719633052,0.5049860162092443],[0.716399104787456,0.5388344948701972],[-0.06517899563075231,-1.0],[-0.33414538226144036,-0.9675622656643593],[-0.5710888995679291,0.9891680427219564],[0.09919383405339248,-0.09671300874568578],[-0.48964546179762414,-0.42464613295889014],[0.09283908444413307,0.2757060397317822],[-0.4825101079681886,-0.20662436714463397],[0.3789466248660571,0.4966801230122063],[0.44242373031479176,0.815106145040635],[-0.16482567139235094,-0.696386734940325],[0.44615361269135706,-0.24608108998236058],[0.3916309495037207,-0.026093644650187885],[-0.3774165934399732,0.7478581680385413],[-0.17616496435302503,-0.339919603040303]],"node_coordinates":[[551.8568060093673,331.8320727183804],[345.071943595061,607.1521328758115],[778.2954545454545,617.8724647424044],[393.3663782797238,130.5],[260.8997921549545,140.77352752132975],[144.20454545454544,760.5],[474.3203884543263,416.5848315819047],[184.3156325641436,312.72338608451355],[471.19065913401477,534.5356509705713],[187.82981132238174,381.7742201583548],[612.099304333186,604.5215292255671],[643.3619299765215,705.3719297796599],[344.2901530971875,226.65897343989838],[645.1989059319927,369.27767142346124],[618.346364432769,438.95106632157194],[239.588617572479,684.0734649936755],[338.7055243025434,339.5575764104693]]},"label":"1","name":"725","value":1.0905227890137759,"input_type":"classification","classes":{"0":"low","1":"high"},"image_width":900,"image_height":900,"image_path":"./725.png"}