{"graph":{"node_indices":[0,1,2,3,4,5,6,7,8,9,10,11,12,13,14,15],"node_attributes":[[1.0,0.0,1.0],[0.0,0.0,1.0],[1.0,1.0,0.0],[0.800000011920929,0.800000011920929,0.800000011920929],[1.0,0.0,1.0],[1.0,0.0,1.0],[1.0,0.0,1.0],[0.800000011920929,0.800000011920929,0.800000011920929],[0.0,0.0,1.0],[0.800000011920929,0.800000011920929,0.800000011920929],[0.0,1.0,0.0],[1.0,0.0,1.0],[0.800000011920929,0.800000011920929,0.800000011920929],[0.0,1.0,0.0],[0.0,1.0,0.0],[0.0,1.0,1.0]],"node_adjacency":[[0,0,0,0,0,1,0,0,0,0,1,0,0,0,0,0],[0,0,0,1,0,0,0,0,1,0,0,0,0,1,0,0],[0,0,0,1,0,0,0,0,0,0,0,0,0,0,0,0],[0,1,1,0,1,0,0,0,0,0,0,0,0,0,0,0],[0,0,0,1,0,0,0,0,0,0,0,0,0,0,0,0],[1,0,0,0,0,0,0,0,0,0,1,0,0,0,0,0],[0,0,0,0,0,0,0,1,0,0,0,0,0,0,0,0],[0,0,0,0,0,0,1,0,1,0,0,1,0,0,0,0],[0,1,0,0,0,0,0,1,0,0,1,0,0,1,1,0],[0,0,0,0,0,0,0,0,0,0,0,1,1,1,0,1],[1,0,0,0,0,1,0,0,1,0,0,0,1,0,0,0],[0,0,0,0,0,0,0,1,0,1,0,0,0,0,0,0],[0,0,0,0,0,0,0,0,0,1,1,0,0,0,0,0],[0,1,0,0,0,0,0,0,1,1,0,0,0,0,0,0],[0,0,0,0,0,0,0,0,1,0,0,0,0,0,0,0],[0,0,0,0,0,0,0,0,0,1,0,0,0,0,0,0]],"edge_indices":[[1,8],[1,13],[8,1],[8,13],[13,8],[13,1],[10,8],[8,10],[3,1],[1,3],[0,10],[10,0],[2,3],[3,2],[14,8],[8,14],[4,3],[3,4],[7,8],[8,7],[9,13],[13,9],[11,9],[9,11],[6,7],[7,6],[15,9],[9,15],[5,0],[0,5],[12,9],[9,12],[12,10],[10,12],[10,5],[5,10],[7,11],[11,7]],"edge_attributes":[[1.0],[1.0],[1.0],[1.0],[1.0],[1.0],[1.0],[1.0],[1.0],[1.0],[1.0],[1.0],[1.0],[1.0],[1.0],[1.0],[1.0],[1.0],[1.0],[1.0],[1.0],[1.0],[1.0],[1.0],[1.0],[1.0],[1.0],[1.0],[1.0],[1.0],[1.0],[1.0],[1.0],[1.0],[1.0],[1.0],[1.0],[1.0]],"seed_graph_indices":[-1,0,-1,-1,-1,-1,-1,-1,0,-1,-1,-1,-1,0,-1,-1],"graph_labels":0,"node_importances":[0,1,0,0,0,0,0,0,1,0,0,0,0,1,0,0],"edge_importances":[1,1,1,1,1,1,0,0,0,0,0,0,0,0,0,0,0,0,0,0,0,0,0,0,0,0,0,0,0,0,0,0,0,0,0,0,0,0],"multi_node_importances":[[0,0],[1,0],[0,0],[0,0],[0,0],[0,0],[0,0],[0,0],[1,0],[0,0],[0,0],[0,0],[0,0],[1,0],[0,0],[0,0]],"multi_edge_importances":[[1,0],[1,0],[1,0],[1,0],[1,0],[1,0],[0,0],[0,0],[0,0],[0,0],[0,0],[0,0],[0,0],[0,0],[0,0],[0,0],[0,0],[0,0],[0,0],[0,0],[0,0],[0,0],[0,0],[0,0],[0,0],[0,0],[0,0],[0,0],[0,0],[0,0],[0,0],[0,0],[0,0],[0,0],[0,0],[0,0],[0,0],[0,0]],"original_value":-0.6972461476535233,"class":0,"node_positions":[[0.6268917364648983,-0.5501997221387701],[-0.017348218134364827,0.3331870302442534],[0.2672006981444493,0.988762045873997],[0.005123649781674617,0.7176473177488325],[-0.23853118166924397,0.9999999999999999],[0.7300656677484387,-0.28969226493245426],[-0.7426891463789559,0.1256519003151246],[-0.38028869083900557,-0.003831806756256707],[0.10135370457820911,0.02184281885491428],[-0.20923104135876447,-0.45257912214976953],[0.3539354275034809,-0.29963805730590337],[-0.5421346884037305,-0.3459840779608727],[0.12820253640373205,-0.608825506859919],[-0.11999164276059543,-0.05334072086630501],[0.41699068163934844,0.2119367330533637],[-0.3795494927195708,-0.794936567120235]],"node_coordinates":[[733.87417596296,216.39953269807938],[456.49827159250134,526.4570936146737],[579.0100972360459,756.5556204441583],[466.1734782319004,661.3977848706785],[361.2684987356046,760.5],[778.2954545454546,307.83435053305715],[144.2045454545455,453.6148916949035],[300.23515700236095,408.16775058180707],[507.6050881254698,417.1792189709038],[373.88360101043315,250.66312681034455],[616.3535184637051,304.34350338555834],[230.5527667333828,288.0766371644999],[519.164785650792,195.8226248279698],[412.3054013271179,390.79074881991636],[643.5018007401819,483.89977508345913],[300.553416907577,130.50000000000006]]},"label":"0","name":"740","value":-0.6972461476535233,"input_type":"classification","classes":{"0":"low","1":"high"},"image_width":900,"image_height":900,"image_path":"./740.png"}