{"graph":{"node_indices":[0,1,2,3,4,5,6,7,8,9,10,11,12,13,14,15,16,17,18],"node_attributes":[[0.800000011920929,0.800000011920929,0.800000011920929],[0.0,1.0,0.0],[1.0,0.0,0.0],[0.0,0.0,1.0],[1.0,1.0,0.0],[0.0,1.0,0.0],[1.0,0.0,0.0],[1.0,0.0,1.0],[0.0,1.0,0.0],[0.0,1.0,0.0],[1.0,0.0,1.0],[1.0,1.0,0.0],[1.0,0.0,0.0],[0.0,1.0,0.0],[1.0,0.0,0.0],[0.0,1.0,0.0],[1.0,0.0,1.0],[0.0,1.0,0.0],[0.800000011920929,0.800000011920929,0.800000011920929]],"node_adjacency":[[0,0,0,0,0,0,0,0,0,0,1,0,0,1,0,0,0,0,0],[0,0,0,0,0,0,0,0,0,0,0,0,1,1,0,0,0,0,0],[0,0,0,0,0,1,0,0,0,0,0,0,1,0,0,0,1,0,0],[0,0,0,0,0,0,1,0,0,0,0,0,1,0,0,0,0,0,1],[0,0,0,0,0,0,0,0,0,0,0,0,0,1,0,0,0,0,0],[0,0,1,0,0,0,0,0,0,0,0,0,1,0,0,0,0,0,0],[0,0,0,1,0,0,0,0,0,0,0,0,0,0,0,0,1,0,0],[0,0,0,0,0,0,0,0,0,0,1,0,0,0,1,0,0,0,0],[0,0,0,0,0,0,0,0,0,1,0,0,0,0,0,0,0,0,0],[0,0,0,0,0,0,0,0,1,0,0,0,0,0,0,0,0,1,0],[1,0,0,0,0,0,0,1,0,0,0,0,0,0,0,0,0,0,0],[0,0,0,0,0,0,0,0,0,0,0,0,0,0,0,0,1,0,0],[0,1,1,1,0,1,0,0,0,0,0,0,0,0,0,1,0,0,0],[1,1,0,0,1,0,0,0,0,0,0,0,0,0,0,0,0,0,1],[0,0,0,0,0,0,0,1,0,0,0,0,0,0,0,1,0,0,0],[0,0,0,0,0,0,0,0,0,0,0,0,1,0,1,0,0,0,0],[0,0,1,0,0,0,1,0,0,0,0,1,0,0,0,0,0,1,0],[0,0,0,0,0,0,0,0,0,1,0,0,0,0,0,0,1,0,0],[0,0,0,1,0,0,0,0,0,0,0,0,0,1,0,0,0,0,0]],"edge_indices":[[12,2],[12,5],[2,12],[2,5],[5,2],[5,12],[16,2],[2,16],[15,12],[12,15],[1,12],[12,1],[13,1],[1,13],[17,16],[16,17],[3,12],[12,3],[14,15],[15,14],[0,13],[13,0],[4,13],[13,4],[6,16],[16,6],[7,14],[14,7],[18,13],[13,18],[10,7],[7,10],[11,16],[16,11],[9,17],[17,9],[8,9],[9,8],[3,6],[6,3],[18,3],[3,18],[0,10],[10,0]],"edge_attributes":[[1.0],[1.0],[1.0],[1.0],[1.0],[1.0],[1.0],[1.0],[1.0],[1.0],[1.0],[1.0],[1.0],[1.0],[1.0],[1.0],[1.0],[1.0],[1.0],[1.0],[1.0],[1.0],[1.0],[1.0],[1.0],[1.0],[1.0],[1.0],[1.0],[1.0],[1.0],[1.0],[1.0],[1.0],[1.0],[1.0],[1.0],[1.0],[1.0],[1.0],[1.0],[1.0],[1.0],[1.0]],"seed_graph_indices":[-1,-1,0,-1,-1,0,-1,-1,-1,-1,-1,-1,0,-1,-1,-1,-1,-1,-1],"graph_labels":1,"node_importances":[0,0,1,0,0,1,0,0,0,0,0,0,1,0,0,0,0,0,0],"edge_importances":[1,1,1,1,1,1,0,0,0,0,0,0,0,0,0,0,0,0,0,0,0,0,0,0,0,0,0,0,0,0,0,0,0,0,0,0,0,0,0,0,0,0,0,0],"multi_node_importances":[[0,0],[0,0],[0,1],[0,0],[0,0],[0,1],[0,0],[0,0],[0,0],[0,0],[0,0],[0,0],[0,1],[0,0],[0,0],[0,0],[0,0],[0,0],[0,0]],"multi_edge_importances":[[0,1],[0,1],[0,1],[0,1],[0,1],[0,1],[0,0],[0,0],[0,0],[0,0],[0,0],[0,0],[0,0],[0,0],[0,0],[0,0],[0,0],[0,0],[0,0],[0,0],[0,0],[0,0],[0,0],[0,0],[0,0],[0,0],[0,0],[0,0],[0,0],[0,0],[0,0],[0,0],[0,0],[0,0],[0,0],[0,0],[0,0],[0,0],[0,0],[0,0],[0,0],[0,0],[0,0],[0,0]],"original_value":1.1674468962054978,"class":1,"node_positions":[[-0.5953900449032918,-0.5476597913924809],[-0.24656000670002462,-0.20003232771583246],[0.23932512300109499,0.14596065373584305],[-0.17120510440960102,0.1451109923040171],[-0.8470327910803135,-0.1711884330873699],[0.32470677459657216,-0.08070425049577148],[-0.05277563416950481,0.4236584641881745],[-0.15775612967469163,-0.8854843993350717],[1.0,0.8746017624766776],[0.7767384628587636,0.7136981322912885],[-0.46705227393589355,-0.8316402831299007],[0.15477181020858574,0.7517969021709969],[0.03661087648151242,-0.0910457771542657],[-0.5470182376406922,-0.23063274279452142],[0.09739407728699404,-0.7046083340148798],[0.1431736115870542,-0.40138012920210947],[0.2503576920792359,0.45472123655869523],[0.5335639375794378,0.5673501661740886],[-0.4718521431652375,0.0674781584224224]],"node_coordinates":[[230.5941203771394,251.41993427455597],[350.34833216520093,375.8486735419875],[517.1538946293816,499.6923711085782],[376.2178558296098,499.38824582558675],[144.2045454545455,386.1729713009259],[546.4656260406001,418.56061019584723],[416.8749848260988,599.0906985205066],[380.83492200037955,130.5],[778.2954545454545,760.5],[701.6492186288099,702.9066337113575],[274.65279343178577,149.7728026304918],[488.1265339706185,716.5435939607975],[447.5615942208441,414.85899493620275],[247.20028102010892,364.895652083237],[468.4286168542973,195.2422402517069],[484.14484380070957,303.7788410027771],[520.9414027830809,610.2092147715998],[618.1668048098702,650.5232784789463],[273.00498649633226,471.60058042228604]]},"label":"1","name":"745","value":1.1674468962054978,"input_type":"classification","classes":{"0":"low","1":"high"},"image_width":900,"image_height":900,"image_path":"./745.png"}