{"graph": {"node_indices": [0, 1, 2, 3, 4, 5, 6, 7, 8, 9, 10, 11, 12, 13], "node_attributes": [[1.0, 1.0, 0.0], [1.0, 0.0, 0.0], [0.0, 1.0, 1.0], [1.0, 0.0, 1.0], [0.0, 1.0, 0.0], [1.0, 0.0, 0.0], [1.0, 1.0, 0.0], [0.0, 1.0, 1.0], [0.0, 1.0, 0.0], [1.0, 0.0, 1.0], [1.0, 0.0, 0.0], [1.0, 0.0, 0.0], [0.0, 1.0, 0.0], [0.0, 0.0, 1.0]], "node_adjacency": [[0, 0, 0, 0, 0, 0, 0, 0, 1, 0, 0, 0, 0, 0], [0, 0, 0, 0, 1, 0, 0, 0, 1, 0, 0, 1, 0, 0], [0, 0, 0, 0, 0, 0, 0, 0, 1, 0, 0, 0, 0, 0], [0, 0, 0, 0, 0, 0, 0, 0, 1, 0, 0, 0, 0, 0], [0, 1, 0, 0, 0, 0, 1, 1, 0, 1, 0, 0, 1, 0], [0, 0, 0, 0, 0, 0, 0, 0, 1, 0, 0, 0, 0, 0], [0, 0, 0, 0, 1, 0, 0, 0, 0, 0, 0, 0, 0, 0], [0, 0, 0, 0, 1, 0, 0, 0, 0, 0, 0, 0, 0, 0], [1, 1, 1, 1, 0, 1, 0, 0, 0, 0, 0, 1, 0, 0], [0, 0, 0, 0, 1, 0, 0, 0, 0, 0, 0, 0, 1, 0], [0, 0, 0, 0, 0, 0, 0, 0, 0, 0, 0, 1, 0, 0], [0, 1, 0, 0, 0, 0, 0, 0, 1, 0, 1, 0, 0, 1], [0, 0, 0, 0, 1, 0, 0, 0, 0, 1, 0, 0, 0, 0], [0, 0, 0, 0, 0, 0, 0, 0, 0, 0, 0, 1, 0, 0]], "edge_indices": [[1, 11], [1, 8], [11, 1], [11, 8], [8, 11], [8, 1], [4, 1], [1, 4], [0, 8], [8, 0], [5, 8], [8, 5], [12, 4], [4, 12], [9, 4], [4, 9], [3, 8], [8, 3], [13, 11], [11, 13], [10, 11], [11, 10], [2, 8], [8, 2], [6, 4], [4, 6], [7, 4], [4, 7], [9, 12], [12, 9]], "edge_attributes": [[1.0], [1.0], [1.0], [1.0], [1.0], [1.0], [1.0], [1.0], [1.0], [1.0], [1.0], [1.0], [1.0], [1.0], [1.0], [1.0], [1.0], [1.0], [1.0], [1.0], [1.0], [1.0], [1.0], [1.0], [1.0], [1.0], [1.0], [1.0], [1.0], [1.0]], "seed_graph_indices": [-1, 0, -1, -1, -1, -1, -1, -1, 0, -1, -1, 0, -1, -1], "graph_labels": 1, "node_importances": [0, 1, 0, 0, 0, 0, 0, 0, 1, 0, 0, 1, 0, 0], "edge_importances": [1, 1, 1, 1, 1, 1, 0, 0, 0, 0, 0, 0, 0, 0, 0, 0, 0, 0, 0, 0, 0, 0, 0, 0, 0, 0, 0, 0, 0, 0], "multi_node_importances": [[0, 0], [0, 1], [0, 0], [0, 0], [0, 0], [0, 0], [0, 0], [0, 0], [0, 1], [0, 0], [0, 0], [0, 1], [0, 0], [0, 0]], "multi_edge_importances": [[0, 1], [0, 1], [0, 1], [0, 1], [0, 1], [0, 1], [0, 0], [0, 0], [0, 0], [0, 0], [0, 0], [0, 0], [0, 0], [0, 0], [0, 0], [0, 0], [0, 0], [0, 0], [0, 0], [0, 0], [0, 0], [0, 0], [0, 0], [0, 0], [0, 0], [0, 0], [0, 0], [0, 0], [0, 0], [0, 0]], "original_value": 1.3, "class": 1, "node_positions": [[0.8280840333220542, 0.6635092815371417], [-0.07093533796738456, -0.046151911120824674], [0.02778345112711178, 0.887237990855682], [0.45327369509237625, 0.9413585938299669], [-0.4801931216783718, -0.4179845817400153], [0.8973817059004078, 0.23601344168118502], [-0.5983786054034147, -0.9984458952289339], [-1.0, -0.17958175129944148], [0.3548971855033164, 0.4205841374458317], [-0.3207703151777642, -0.8761512271401967], [0.6874198673191744, -0.37479952809826705], [0.2800908244901313, 0.023809309409416404], [-0.8267162055537748, -0.7112914087218694], [-0.23193717697386204, 0.4318935485903247]], "node_coordinates": [[755.1366857713875, 670.2614900203664], [454.6910723987561, 439.78127724829284], [487.6821603420108, 742.9229812508884], [629.8778475704871, 760.5], [317.92015312677916, 319.0193222103709], [778.2954545454545, 531.4215292777686], [278.4234400597592, 130.50000000000006], [144.20454545454544, 396.4466011061055], [597.0011469021231, 591.3654767155542], [371.1980739528485, 170.21825064353953], [708.1277636236148, 333.04474794154896], [572.0014152650336, 462.50293254018015], [202.11470576094854, 223.76059792098854], [400.88545060771094, 595.0384907029006]]}, "label": "1", "name": "777", "value": 1.3, "input_type": "classification", "classes": {"0": "low", "1": "high"}, "image_width": 900, "image_height": 900, "image_path": "./777.png"}