{"graph":{"node_indices":[0,1,2,3,4,5,6,7,8,9,10,11,12,13,14,15,16,17,18,19,20,21,22,23],"node_attributes":[[0.800000011920929,0.800000011920929,0.800000011920929],[0.0,1.0,1.0],[0.0,0.0,1.0],[1.0,0.0,1.0],[0.800000011920929,0.800000011920929,0.800000011920929],[0.0,1.0,1.0],[1.0,1.0,0.0],[1.0,1.0,0.0],[0.800000011920929,0.800000011920929,0.800000011920929],[1.0,0.0,0.0],[0.800000011920929,0.800000011920929,0.800000011920929],[0.0,0.0,1.0],[0.0,0.0,1.0],[1.0,0.0,0.0],[0.0,0.0,1.0],[0.0,1.0,0.0],[0.800000011920929,0.800000011920929,0.800000011920929],[0.0,0.0,1.0],[0.800000011920929,0.800000011920929,0.800000011920929],[0.800000011920929,0.800000011920929,0.800000011920929],[0.0,1.0,0.0],[0.0,1.0,0.0],[1.0,0.0,0.0],[0.0,1.0,0.0]],"node_adjacency":[[0,0,0,0,0,0,1,0,0,0,0,0,0,0,0,1,1,0,0,0,0,0,0,0],[0,0,0,0,0,0,0,0,1,0,0,0,0,0,0,0,0,0,0,0,0,0,0,0],[0,0,0,0,0,0,0,0,0,0,0,0,0,0,0,0,0,0,1,0,0,0,0,0],[0,0,0,0,0,0,0,0,0,0,1,0,0,0,0,0,0,0,1,0,0,0,0,0],[0,0,0,0,0,0,0,0,0,0,0,0,0,0,0,1,0,0,0,0,0,0,0,0],[0,0,0,0,0,0,0,0,0,0,0,0,0,0,0,0,0,0,0,0,1,0,0,0],[1,0,0,0,0,0,0,0,0,1,0,0,0,1,0,0,0,0,0,0,0,0,1,0],[0,0,0,0,0,0,0,0,0,0,1,0,1,0,1,0,1,1,0,0,0,0,0,0],[0,1,0,0,0,0,0,0,0,0,0,0,1,0,0,0,0,0,0,0,0,0,0,0],[0,0,0,0,0,0,0,0,0,0,0,0,0,0,0,0,0,0,0,0,0,0,0,0],[0,0,0,1,0,0,0,1,0,0,0,0,0,0,0,0,0,0,0,0,0,0,0,0],[0,0,0,0,0,0,0,0,0,0,0,0,0,0,0,0,0,0,0,0,1,0,0,0],[0,0,0,0,0,0,0,0,1,0,0,0,0,0,0,0,0,0,0,0,0,0,0,1],[0,0,0,0,0,0,1,0,0,0,0,0,0,0,0,0,0,0,1,0,1,0,0,0],[0,0,0,0,0,0,0,1,0,0,0,0,0,0,0,0,0,0,0,0,0,0,0,0],[1,0,0,0,1,0,0,0,0,0,0,0,0,0,0,0,0,0,0,1,0,0,0,0],[1,0,0,0,0,0,0,1,0,0,0,0,0,0,0,0,0,0,0,0,0,0,0,0],[0,0,0,0,0,0,0,1,0,0,0,0,0,0,0,0,0,0,0,1,0,0,0,0],[0,0,1,1,0,0,0,0,0,0,0,0,0,1,0,0,0,0,0,0,0,1,0,0],[0,0,0,0,0,0,0,0,0,0,0,0,0,0,0,1,0,1,0,0,0,0,0,0],[0,0,0,0,0,1,0,0,0,0,0,1,0,1,0,0,0,0,0,0,0,0,0,0],[0,0,0,0,0,0,0,0,0,0,0,0,0,0,0,0,0,0,1,0,0,0,0,0],[0,0,0,0,0,0,1,0,0,0,0,0,0,0,0,0,0,0,0,0,0,0,0,0],[0,0,0,0,0,0,0,0,0,0,0,0,1,0,0,0,0,0,0,0,0,0,0,0]],"edge_indices":[[7,14],[7,17],[7,12],[14,7],[17,7],[17,7],[6,13],[6,22],[6,9],[13,6],[22,6],[22,6],[20,13],[13,20],[8,12],[12,8],[5,20],[20,5],[0,6],[6,0],[11,20],[20,11],[15,0],[0,15],[10,7],[7,10],[1,8],[8,1],[4,15],[15,4],[18,13],[13,18],[23,12],[12,23],[16,7],[7,16],[21,18],[18,21],[19,17],[17,19],[2,18],[18,2],[3,18],[18,3],[10,3],[3,10],[15,19],[19,15],[0,16],[16,0]],"edge_attributes":[[1.0],[1.0],[1.0],[1.0],[1.0],[1.0],[1.0],[1.0],[1.0],[1.0],[1.0],[1.0],[1.0],[1.0],[1.0],[1.0],[1.0],[1.0],[1.0],[1.0],[1.0],[1.0],[1.0],[1.0],[1.0],[1.0],[1.0],[1.0],[1.0],[1.0],[1.0],[1.0],[1.0],[1.0],[1.0],[1.0],[1.0],[1.0],[1.0],[1.0],[1.0],[1.0],[1.0],[1.0],[1.0],[1.0],[1.0],[1.0],[1.0],[1.0]],"seed_graph_indices":[-1,-1,-1,-1,-1,-1,1,0,-1,1,-1,-1,0,1,0,-1,-1,0,-1,-1,-1,-1,1,-1],"graph_labels":1,"node_importances":[0,0,0,0,0,0,1,1,0,1,0,0,1,1,1,0,0,1,0,0,0,0,1,0],"edge_importances":[1,1,1,1,1,1,1,1,1,1,1,1,0,0,0,0,0,0,0,0,0,0,0,0,0,0,0,0,0,0,0,0,0,0,0,0,0,0,0,0,0,0,0,0,0,0,0,0,0,0],"multi_node_importances":[[0,0],[0,0],[0,0],[0,0],[0,0],[0,0],[0,1],[1,0],[0,0],[0,1],[0,0],[0,0],[1,0],[0,1],[1,0],[0,0],[0,0],[1,0],[0,0],[0,0],[0,0],[0,0],[0,1],[0,0]],"multi_edge_importances":[[1,0],[1,0],[1,0],[1,0],[1,0],[1,0],[0,1],[0,1],[0,1],[0,1],[0,1],[0,1],[0,0],[0,0],[0,0],[0,0],[0,0],[0,0],[0,0],[0,0],[0,0],[0,0],[0,0],[0,0],[0,0],[0,0],[0,0],[0,0],[0,0],[0,0],[0,0],[0,0],[0,0],[0,0],[0,0],[0,0],[0,0],[0,0],[0,0],[0,0],[0,0],[0,0],[0,0],[0,0],[0,0],[0,0],[0,0],[0,0],[0,0],[0,0]],"original_value":0.041912495197014565,"class":1,"node_positions":[[0.1905331597004996,-0.18593466234141146],[0.41526803638768195,1.0],[-0.6562726343478736,-0.11256268144916004],[-0.29502863958936537,0.15189744274012826],[0.6525121645006688,-0.37328693402212393],[-0.475253343046162,-0.7876392738328997],[-0.020713080359942588,-0.3541161931761777],[0.1786787729384711,0.32063270761763546],[0.310032657207674,0.7935893347881792],[0.13386264189435684,-0.5567108799394853],[-0.08549599656636138,0.2937286741026303],[-0.6921303767402288,-0.6103473240938581],[0.15863830236220877,0.5899346185165739],[-0.29560913135079664,-0.3266698255702806],[0.37253934603219857,0.4399025762294377],[0.45377631114657585,-0.2250829816498663],[0.18345908450053441,0.07254931785224882],[0.43881268780908217,0.22737508268373094],[-0.4144821214261215,-0.0790952749710328],[0.5583940497917289,0.008567557575456377],[-0.4561388157266572,-0.538804578646449],[-0.6209871999732012,0.07365407562874862],[-0.02689159236741675,-0.5944490049700875],[-0.007504282777554154,0.7728682269280633]],"node_coordinates":[[560.4407622014822,342.5527954316312],[666.4186246388116,760.5],[161.11392305800376,368.4105557967904],[331.46516958978884,461.6116174863903],[778.2954545454545,276.52609033146007],[246.47689757654584,130.5],[460.8237143291551,283.2822446125475],[554.8506082028492,521.077315308582],[616.7929470284652,687.7567340699393],[533.71673774723,211.8838061640451],[430.2741392777965,511.5957933021252],[144.20454545454544,192.98124550100752],[545.4001558955879,615.9847199230269],[331.19142802841736,292.9548960500161],[646.2691252136566,563.1104135545871],[684.5779095048517,328.756141081201],[557.1048519971362,433.6477438956175],[677.5215378414882,488.21145441127237],[275.13468429810473,380.20514231648167],[733.9123273668073,411.0992859575945],[255.49070431932716,218.194346539691],[177.75341829489832,434.0370827344888],[457.9101234115028,198.58413261284645],[467.0525656484694,680.4541993007837]]},"label":"1","name":"793","value":0.041912495197014565,"input_type":"classification","classes":{"0":"low","1":"high"},"image_width":900,"image_height":900,"image_path":"./793.png"}