{"graph":{"node_indices":[0,1,2,3,4,5,6,7,8,9,10,11,12,13,14,15,16,17,18,19,20,21,22,23,24,25],"node_attributes":[[0.800000011920929,0.800000011920929,0.800000011920929],[0.0,1.0,1.0],[0.0,0.0,1.0],[1.0,0.0,0.0],[0.0,0.0,1.0],[0.0,0.0,1.0],[1.0,0.0,0.0],[0.0,0.0,1.0],[0.0,1.0,1.0],[0.0,0.0,1.0],[0.0,1.0,0.0],[0.800000011920929,0.800000011920929,0.800000011920929],[1.0,0.0,0.0],[0.0,0.0,1.0],[0.0,0.0,1.0],[0.800000011920929,0.800000011920929,0.800000011920929],[0.0,1.0,0.0],[1.0,1.0,0.0],[0.0,1.0,1.0],[0.0,0.0,1.0],[0.0,1.0,0.0],[1.0,0.0,1.0],[1.0,0.0,0.0],[0.800000011920929,0.800000011920929,0.800000011920929],[0.0,1.0,0.0],[0.800000011920929,0.800000011920929,0.800000011920929]],"node_adjacency":[[0,0,0,0,0,0,0,0,0,0,0,0,0,0,0,0,0,1,0,0,0,0,0,0,0,0],[0,0,0,0,0,0,0,0,0,0,0,0,0,0,0,0,0,0,0,1,0,0,0,0,0,0],[0,0,0,0,0,0,0,0,1,0,0,0,0,0,1,0,0,0,1,0,0,1,0,0,0,0],[0,0,0,0,0,0,0,0,0,0,0,1,0,0,0,1,0,0,0,0,0,0,0,0,0,0],[0,0,0,0,0,0,0,0,0,0,0,0,0,0,0,0,0,0,0,0,0,0,1,0,0,0],[0,0,0,0,0,0,0,0,0,0,1,0,0,0,0,0,0,0,0,0,0,0,0,0,0,0],[0,0,0,0,0,0,0,1,0,0,0,0,0,0,0,0,0,0,0,0,0,0,0,0,0,0],[0,0,0,0,0,0,1,0,0,0,0,1,1,0,0,0,0,0,0,0,0,0,0,0,0,0],[0,0,1,0,0,0,0,0,0,0,0,0,0,0,0,0,0,0,0,0,0,0,0,0,0,1],[0,0,0,0,0,0,0,0,0,0,0,0,0,0,0,0,0,0,0,0,1,0,0,0,0,0],[0,0,0,0,0,1,0,0,0,0,0,0,1,0,0,0,0,0,0,0,0,0,1,0,0,0],[0,0,0,1,0,0,0,1,0,0,0,0,0,0,0,0,0,0,0,0,0,0,0,0,0,0],[0,0,0,0,0,0,0,1,0,0,1,0,0,0,0,0,0,0,0,0,0,1,1,0,0,0],[0,0,0,0,0,0,0,0,0,0,0,0,0,0,0,0,0,0,1,1,1,0,0,0,0,0],[0,0,1,0,0,0,0,0,0,0,0,0,0,0,0,0,1,0,0,0,0,0,0,0,0,0],[0,0,0,1,0,0,0,0,0,0,0,0,0,0,0,0,0,0,0,0,0,0,0,0,0,0],[0,0,0,0,0,0,0,0,0,0,0,0,0,0,1,0,0,0,0,0,0,0,0,0,0,0],[1,0,0,0,0,0,0,0,0,0,0,0,0,0,0,0,0,0,0,0,0,0,0,0,1,1],[0,0,1,0,0,0,0,0,0,0,0,0,0,1,0,0,0,0,0,0,0,0,0,0,0,0],[0,1,0,0,0,0,0,0,0,0,0,0,0,1,0,0,0,0,0,0,1,0,0,0,0,0],[0,0,0,0,0,0,0,0,0,1,0,0,0,1,0,0,0,0,0,1,0,0,0,0,0,0],[0,0,1,0,0,0,0,0,0,0,0,0,1,0,0,0,0,0,0,0,0,0,0,0,0,0],[0,0,0,0,1,0,0,0,0,0,1,0,1,0,0,0,0,0,0,0,0,0,0,1,1,0],[0,0,0,0,0,0,0,0,0,0,0,0,0,0,0,0,0,0,0,0,0,0,1,0,0,1],[0,0,0,0,0,0,0,0,0,0,0,0,0,0,0,0,0,1,0,0,0,0,1,0,0,0],[0,0,0,0,0,0,0,0,1,0,0,0,0,0,0,0,0,1,0,0,0,0,0,1,0,0]],"edge_indices":[[19,13],[19,20],[13,19],[13,20],[20,13],[20,19],[22,12],[22,10],[12,22],[12,10],[10,12],[10,22],[24,22],[22,24],[21,12],[12,21],[23,22],[22,23],[5,10],[10,5],[18,13],[13,18],[1,19],[19,1],[7,12],[12,7],[2,18],[18,2],[6,7],[7,6],[9,20],[20,9],[11,7],[7,11],[14,2],[2,14],[17,24],[24,17],[25,17],[17,25],[3,11],[11,3],[4,22],[22,4],[15,3],[3,15],[16,14],[14,16],[0,17],[17,0],[8,25],[25,8],[2,8],[8,2],[2,21],[21,2],[25,23],[23,25]],"edge_attributes":[[1.0],[1.0],[1.0],[1.0],[1.0],[1.0],[1.0],[1.0],[1.0],[1.0],[1.0],[1.0],[1.0],[1.0],[1.0],[1.0],[1.0],[1.0],[1.0],[1.0],[1.0],[1.0],[1.0],[1.0],[1.0],[1.0],[1.0],[1.0],[1.0],[1.0],[1.0],[1.0],[1.0],[1.0],[1.0],[1.0],[1.0],[1.0],[1.0],[1.0],[1.0],[1.0],[1.0],[1.0],[1.0],[1.0],[1.0],[1.0],[1.0],[1.0],[1.0],[1.0],[1.0],[1.0],[1.0],[1.0],[1.0],[1.0]],"seed_graph_indices":[-1,-1,-1,-1,-1,-1,-1,-1,-1,-1,1,-1,1,0,-1,-1,-1,-1,-1,0,0,-1,1,-1,-1,-1],"graph_labels":1,"node_importances":[0,0,0,0,0,0,0,0,0,0,1,0,1,1,0,0,0,0,0,1,1,0,1,0,0,0],"edge_importances":[1,1,1,1,1,1,1,1,1,1,1,1,0,0,0,0,0,0,0,0,0,0,0,0,0,0,0,0,0,0,0,0,0,0,0,0,0,0,0,0,0,0,0,0,0,0,0,0,0,0,0,0,0,0,0,0,0,0],"multi_node_importances":[[0,0],[0,0],[0,0],[0,0],[0,0],[0,0],[0,0],[0,0],[0,0],[0,0],[0,1],[0,0],[0,1],[1,0],[0,0],[0,0],[0,0],[0,0],[0,0],[1,0],[1,0],[0,0],[0,1],[0,0],[0,0],[0,0]],"multi_edge_importances":[[1,0],[1,0],[1,0],[1,0],[1,0],[1,0],[0,1],[0,1],[0,1],[0,1],[0,1],[0,1],[0,0],[0,0],[0,0],[0,0],[0,0],[0,0],[0,0],[0,0],[0,0],[0,0],[0,0],[0,0],[0,0],[0,0],[0,0],[0,0],[0,0],[0,0],[0,0],[0,0],[0,0],[0,0],[0,0],[0,0],[0,0],[0,0],[0,0],[0,0],[0,0],[0,0],[0,0],[0,0],[0,0],[0,0],[0,0],[0,0],[0,0],[0,0],[0,0],[0,0],[0,0],[0,0],[0,0],[0,0],[0,0],[0,0]],"original_value":0.2629747076051311,"class":1,"node_positions":[[-0.590964839418158,0.5321613815614551],[0.09765057400710078,-0.9539176557600074],[-0.1585143355046454,-0.15657145317943102],[0.798914831721325,0.10992628775645631],[0.00762991802617217,0.6259683519744899],[0.265517479522129,0.604351283782588],[0.519650327422505,0.35048178502254185],[0.37911283269381796,0.18080923932974252],[-0.3187413512906044,0.001262824415905469],[-0.34638864877762504,-0.9413000018958949],[0.16495133914554283,0.4008965106032718],[0.5857089568712224,0.10209852288430794],[0.14281715753947913,0.20005560294233687],[-0.10825093557391567,-0.5966352296758242],[-0.3770102705168233,-0.2316397242329044],[1.0,0.14361198880581974],[-0.5952745022406258,-0.27631094965113784],[-0.412201933930694,0.42172679199399116],[-0.1063100612859255,-0.37796174936644733],[-0.019207172794453383,-0.7816889457873076],[-0.212262998038541,-0.7793159737270459],[0.03738426176606338,-0.016235746170714237],[-0.008642606902577928,0.39546274261319364],[-0.17651444427148968,0.3071264765004236],[-0.20545093845635864,0.5216246669853842],[-0.36360263971291984,0.21401297227480673]],"node_coordinates":[[145.91755347488038,723.0932560508229],[419.62892596879897,130.5],[317.8083050528678,448.4521213344275],[698.3679706049567,554.7215458167436],[383.8474479173827,760.5],[486.35278983974956,751.8799141873362],[587.3657053779086,650.6461647675446],[531.5047562630645,582.9870404616427],[254.12115029803212,511.39058296916863],[243.13188169703028,135.53145283613827],[446.3796847186004,670.749689300561],[613.6227390994434,551.6001232297273],[437.5817735648401,590.6617771303479],[337.78703906467047,272.97099305335576],[230.96037645503316,418.51767636044815],[778.2954545454545,568.1541552310966],[144.2045454545455,400.704446876985],[216.97236761067398,679.056033689908],[338.5584992365558,360.1698744412963],[373.18022087156425,199.1784279065754],[296.4442462399992,200.12468123792087],[395.6742268478624,504.4128013978396],[377.37943246876665,668.5829039647898],[310.65360828082476,633.3576741832767],[299.15190880664875,718.8916046972272],[236.289651631977,596.2274588544776]]},"label":"1","name":"801","value":0.2629747076051311,"input_type":"classification","classes":{"0":"low","1":"high"},"image_width":900,"image_height":900,"image_path":"./801.png"}