{"graph":{"node_indices":[0,1,2,3,4,5,6,7,8,9,10,11,12,13,14,15,16,17],"node_attributes":[[0.800000011920929,0.800000011920929,0.800000011920929],[1.0,0.0,1.0],[0.800000011920929,0.800000011920929,0.800000011920929],[0.800000011920929,0.800000011920929,0.800000011920929],[1.0,1.0,0.0],[0.0,1.0,0.0],[0.800000011920929,0.800000011920929,0.800000011920929],[0.0,0.0,1.0],[1.0,0.0,1.0],[0.0,0.0,1.0],[1.0,0.0,0.0],[0.0,1.0,0.0],[1.0,0.0,1.0],[0.800000011920929,0.800000011920929,0.800000011920929],[1.0,0.0,0.0],[0.0,1.0,1.0],[1.0,0.0,0.0],[1.0,0.0,0.0]],"node_adjacency":[[0,0,0,0,0,0,0,0,0,0,0,0,0,0,0,0,1,0],[0,0,1,0,0,0,0,1,0,0,1,0,0,0,1,0,0,0],[0,1,0,0,0,0,0,0,0,0,0,0,0,1,0,0,0,0],[0,0,0,0,1,0,0,0,0,0,0,0,1,0,0,0,0,0],[0,0,0,1,0,0,0,0,0,0,0,0,0,0,0,0,0,0],[0,0,0,0,0,0,1,0,0,0,1,0,0,0,1,0,0,0],[0,0,0,0,0,1,0,0,0,1,0,0,0,0,0,0,0,0],[0,1,0,0,0,0,0,0,1,0,0,0,0,0,0,0,0,0],[0,0,0,0,0,0,0,1,0,0,0,0,0,0,0,0,0,0],[0,0,0,0,0,0,1,0,0,0,0,1,0,0,0,0,0,0],[0,1,0,0,0,1,0,0,0,0,0,0,0,0,1,0,1,0],[0,0,0,0,0,0,0,0,0,1,0,0,0,0,0,0,1,0],[0,0,0,1,0,0,0,0,0,0,0,0,0,0,1,1,0,0],[0,0,1,0,0,0,0,0,0,0,0,0,0,0,0,0,0,0],[0,1,0,0,0,1,0,0,0,0,1,0,1,0,0,0,0,0],[0,0,0,0,0,0,0,0,0,0,0,0,1,0,0,0,0,1],[1,0,0,0,0,0,0,0,0,0,1,1,0,0,0,0,0,0],[0,0,0,0,0,0,0,0,0,0,0,0,0,0,0,1,0,0]],"edge_indices":[[10,14],[10,5],[14,10],[14,5],[5,14],[5,10],[16,10],[10,16],[1,10],[10,1],[11,16],[16,11],[12,14],[14,12],[15,12],[12,15],[0,16],[16,0],[2,1],[1,2],[7,1],[1,7],[3,12],[12,3],[9,11],[11,9],[6,9],[9,6],[13,2],[2,13],[17,15],[15,17],[8,7],[7,8],[4,3],[3,4],[6,5],[5,6],[14,1],[1,14]],"edge_attributes":[[1.0],[1.0],[1.0],[1.0],[1.0],[1.0],[1.0],[1.0],[1.0],[1.0],[1.0],[1.0],[1.0],[1.0],[1.0],[1.0],[1.0],[1.0],[1.0],[1.0],[1.0],[1.0],[1.0],[1.0],[1.0],[1.0],[1.0],[1.0],[1.0],[1.0],[1.0],[1.0],[1.0],[1.0],[1.0],[1.0],[1.0],[1.0],[1.0],[1.0]],"seed_graph_indices":[-1,-1,-1,-1,-1,0,-1,-1,-1,-1,0,-1,-1,-1,0,-1,-1,-1],"graph_labels":1,"node_importances":[0,0,0,0,0,1,0,0,0,0,1,0,0,0,1,0,0,0],"edge_importances":[1,1,1,1,1,1,0,0,0,0,0,0,0,0,0,0,0,0,0,0,0,0,0,0,0,0,0,0,0,0,0,0,0,0,0,0,0,0,0,0],"multi_node_importances":[[0,0],[0,0],[0,0],[0,0],[0,0],[0,1],[0,0],[0,0],[0,0],[0,0],[0,1],[0,0],[0,0],[0,0],[0,1],[0,0],[0,0],[0,0]],"multi_edge_importances":[[0,1],[0,1],[0,1],[0,1],[0,1],[0,1],[0,0],[0,0],[0,0],[0,0],[0,0],[0,0],[0,0],[0,0],[0,0],[0,0],[0,0],[0,0],[0,0],[0,0],[0,0],[0,0],[0,0],[0,0],[0,0],[0,0],[0,0],[0,0],[0,0],[0,0],[0,0],[0,0],[0,0],[0,0],[0,0],[0,0],[0,0],[0,0],[0,0],[0,0]],"original_value":1.3899022161536547,"class":1,"node_positions":[[-0.8436996594516759,-0.06297527264502599],[-0.09020194660982372,0.2839475885227789],[0.06324595127476142,0.576281555076185],[0.7070575410603305,0.09960619466591424],[1.0,0.21032150034729982],[-0.06302223603283616,-0.290638747239357],[-0.17204324353118436,-0.6080322914731288],[-0.3360635407380702,0.5138160459042911],[-0.5310689530454648,0.7666308164895791],[-0.4734490210462734,-0.7328984052135642],[-0.20851251057729794,-0.01523630151403399],[-0.6456528639331052,-0.4663373729594831],[0.4277891335899643,-0.07779842493619193],[0.1440522613420795,0.8849406391601663],[0.08606927510447508,-0.006177227819015683],[0.6211999439919272,-0.3530565274218815],[-0.5288298094291748,-0.14686525235335302],[0.843129678031368,-0.5755285165911794]],"node_coordinates":[[144.20454545454544,391.373648083797],[403.34981745394816,526.468299987394],[456.12409474413494,640.305581618793],[677.5457748738615,454.684225710227],[778.2954545454545,497.79768796831803],[412.69754787209854,302.71959470733776],[375.20270460939827,179.12390478833197],[318.79233493117937,615.9809920280362],[251.7254683004084,714.4291695662329],[271.54229414610484,130.49999999999994],[362.6600810987844,409.96360109371915],[212.31741403871592,234.3010863343198],[581.4989174231639,385.6013891091414],[483.9152516975978,760.5],[463.9735631114304,413.4912798499645],[648.0173636175207,278.41359118260976],[252.49556152245776,358.7061912066485],[724.3441265422503,191.78114547419693]]},"label":"1","name":"807","value":1.3899022161536547,"input_type":"classification","classes":{"0":"low","1":"high"},"image_width":900,"image_height":900,"image_path":"./807.png"}