{"graph":{"node_indices":[0,1,2,3,4,5,6,7,8,9,10,11,12,13,14,15,16,17],"node_attributes":[[1.0,0.0,0.0],[1.0,0.0,0.0],[0.0,0.0,1.0],[0.0,1.0,0.0],[1.0,1.0,0.0],[0.0,0.0,1.0],[1.0,0.0,0.0],[0.0,1.0,0.0],[0.800000011920929,0.800000011920929,0.800000011920929],[1.0,0.0,0.0],[0.0,0.0,1.0],[1.0,0.0,0.0],[0.800000011920929,0.800000011920929,0.800000011920929],[1.0,1.0,0.0],[0.800000011920929,0.800000011920929,0.800000011920929],[0.800000011920929,0.800000011920929,0.800000011920929],[0.0,1.0,0.0],[0.0,1.0,0.0]],"node_adjacency":[[0,0,0,0,0,0,0,0,1,0,0,0,0,0,0,0,0,0],[0,0,1,1,0,1,0,0,1,1,0,0,0,1,0,0,1,0],[0,1,0,0,0,0,0,0,1,0,0,0,0,0,0,0,0,0],[0,1,0,0,0,0,0,0,0,0,1,0,0,0,0,0,0,0],[0,0,0,0,0,0,0,0,0,0,0,0,0,0,0,0,0,1],[0,1,0,0,0,0,0,0,0,0,0,0,0,0,0,0,0,0],[0,0,0,0,0,0,0,0,0,0,0,0,0,1,1,0,0,0],[0,0,0,0,0,0,0,0,0,0,0,0,0,0,1,0,0,0],[1,1,1,0,0,0,0,0,0,0,0,0,0,0,0,0,0,0],[0,1,0,0,0,0,0,0,0,0,0,0,0,0,1,1,0,0],[0,0,0,1,0,0,0,0,0,0,0,0,0,0,0,0,0,0],[0,0,0,0,0,0,0,0,0,0,0,0,0,0,0,0,0,0],[0,0,0,0,0,0,0,0,0,0,0,0,0,1,0,1,0,0],[0,1,0,0,0,0,1,0,0,0,0,1,1,0,0,0,0,0],[0,0,0,0,0,0,1,1,0,1,0,0,0,0,0,0,0,1],[0,0,0,0,0,0,0,0,0,1,0,0,1,0,0,0,0,0],[0,1,0,0,0,0,0,0,0,0,0,0,0,0,0,0,0,0],[0,0,0,0,1,0,0,0,0,0,0,0,0,0,1,0,0,0]],"edge_indices":[[13,1],[13,6],[13,11],[1,13],[6,13],[6,13],[14,6],[6,14],[8,1],[1,8],[9,14],[14,9],[0,8],[8,0],[12,13],[13,12],[16,1],[1,16],[3,1],[1,3],[2,8],[8,2],[17,14],[14,17],[7,14],[14,7],[5,1],[1,5],[10,3],[3,10],[4,17],[17,4],[15,9],[9,15],[1,2],[2,1],[15,12],[12,15],[1,9],[9,1]],"edge_attributes":[[1.0],[1.0],[1.0],[1.0],[1.0],[1.0],[1.0],[1.0],[1.0],[1.0],[1.0],[1.0],[1.0],[1.0],[1.0],[1.0],[1.0],[1.0],[1.0],[1.0],[1.0],[1.0],[1.0],[1.0],[1.0],[1.0],[1.0],[1.0],[1.0],[1.0],[1.0],[1.0],[1.0],[1.0],[1.0],[1.0],[1.0],[1.0],[1.0],[1.0]],"seed_graph_indices":[-1,0,-1,-1,-1,-1,0,-1,-1,-1,-1,0,-1,0,-1,-1,-1,-1],"graph_labels":1,"node_importances":[0,1,0,0,0,0,1,0,0,0,0,1,0,1,0,0,0,0],"edge_importances":[1,1,1,1,1,1,0,0,0,0,0,0,0,0,0,0,0,0,0,0,0,0,0,0,0,0,0,0,0,0,0,0,0,0,0,0,0,0,0,0],"multi_node_importances":[[0,0],[0,1],[0,0],[0,0],[0,0],[0,0],[0,1],[0,0],[0,0],[0,0],[0,0],[0,1],[0,0],[0,1],[0,0],[0,0],[0,0],[0,0]],"multi_edge_importances":[[0,1],[0,1],[0,1],[0,1],[0,1],[0,1],[0,0],[0,0],[0,0],[0,0],[0,0],[0,0],[0,0],[0,0],[0,0],[0,0],[0,0],[0,0],[0,0],[0,0],[0,0],[0,0],[0,0],[0,0],[0,0],[0,0],[0,0],[0,0],[0,0],[0,0],[0,0],[0,0],[0,0],[0,0],[0,0],[0,0],[0,0],[0,0],[0,0],[0,0]],"original_value":2.4572973345728375,"class":1,"node_positions":[[-0.44920253212165756,0.6998036681623759],[0.03365811580667174,0.24058229198340328],[-0.08573644553731824,0.5072983230701922],[0.3990920578028326,0.264993383620897],[0.1961267874644968,-1.0],[0.11993407948178451,0.5574989672648398],[-0.32107693025673295,-0.2681396870707726],[-0.3192302328265675,-0.652982172460557],[-0.2675427928992809,0.4369767426172094],[0.11506544789910514,-0.08701143518522379],[0.6909579610817028,0.40012808246352083],[-0.5408869182647503,0.05780420428591342],[0.013215678954257955,-0.2072140465008901],[-0.2060488355774305,0.02478114000086055],[-0.06687215831116616,-0.4364154253791082],[0.3346525688968981,-0.23442880994180695],[0.2617612051954185,0.4164916469860819],[0.09213294321173575,-0.7201668739169358]],"node_coordinates":[[191.39899074035083,760.5],[439.9510222035494,590.2983041150161],[378.49279218412784,689.1515438931913],[628.0577752356006,599.3458123771009],[523.581607058486,130.5],[484.36148747939717,707.7574608205377],[257.3515150609885,401.75014834440793],[258.3021007004163,259.1155780486085],[284.90815826625465,663.0881834503504],[481.85536428316504,468.8819005727454],[778.2954545454545,649.4309262437456],[144.2045454545455,522.5550715251576],[429.42829845390196,424.3310818239322],[316.56211076918424,510.31569889097875],[388.2031650055248,339.3819365797747],[594.8876133208993,414.2444457677146],[557.3668573805338,655.4957711680763],[470.05088062718687,234.2148423281845]]},"label":"1","name":"813","value":2.4572973345728375,"input_type":"classification","classes":{"0":"low","1":"high"},"image_width":900,"image_height":900,"image_path":"./813.png"}