{"graph":{"node_indices":[0,1,2,3,4,5,6,7,8,9,10,11,12,13,14,15,16,17,18],"node_attributes":[[0.0,1.0,0.0],[0.0,1.0,1.0],[0.0,0.0,1.0],[0.800000011920929,0.800000011920929,0.800000011920929],[0.0,0.0,1.0],[0.800000011920929,0.800000011920929,0.800000011920929],[1.0,0.0,0.0],[1.0,0.0,0.0],[0.800000011920929,0.800000011920929,0.800000011920929],[0.800000011920929,0.800000011920929,0.800000011920929],[0.800000011920929,0.800000011920929,0.800000011920929],[0.0,0.0,1.0],[1.0,0.0,0.0],[0.800000011920929,0.800000011920929,0.800000011920929],[1.0,0.0,0.0],[0.0,1.0,1.0],[0.0,1.0,1.0],[1.0,0.0,1.0],[0.800000011920929,0.800000011920929,0.800000011920929]],"node_adjacency":[[0,0,0,0,0,0,1,0,1,0,1,0,1,0,0,0,0,1,0],[0,0,0,0,0,0,0,0,0,0,0,0,0,1,0,0,0,0,0],[0,0,0,0,0,0,0,0,1,0,0,0,0,0,0,0,0,0,1],[0,0,0,0,0,0,1,0,0,0,0,0,0,0,0,0,0,0,0],[0,0,0,0,0,0,0,0,0,0,1,0,0,0,0,0,0,0,0],[0,0,0,0,0,0,0,0,0,0,0,0,1,0,0,0,0,0,0],[1,0,0,1,0,0,0,0,0,0,0,0,1,0,0,0,0,0,0],[0,0,0,0,0,0,0,0,1,0,0,0,0,1,1,0,0,0,0],[1,0,1,0,0,0,0,1,0,0,0,0,0,0,0,0,1,0,0],[0,0,0,0,0,0,0,0,0,0,0,0,1,0,0,0,0,0,0],[1,0,0,0,1,0,0,0,0,0,0,1,0,0,0,0,0,0,0],[0,0,0,0,0,0,0,0,0,0,1,0,0,0,0,0,0,0,0],[1,0,0,0,0,1,1,0,0,1,0,0,0,0,0,0,0,0,0],[0,1,0,0,0,0,0,1,0,0,0,0,0,0,0,1,0,0,0],[0,0,0,0,0,0,0,1,0,0,0,0,0,0,0,0,0,1,0],[0,0,0,0,0,0,0,0,0,0,0,0,0,1,0,0,0,0,0],[0,0,0,0,0,0,0,0,1,0,0,0,0,0,0,0,0,0,0],[1,0,0,0,0,0,0,0,0,0,0,0,0,0,1,0,0,0,0],[0,0,1,0,0,0,0,0,0,0,0,0,0,0,0,0,0,0,0]],"edge_indices":[[12,6],[12,0],[6,12],[6,0],[0,6],[0,12],[10,0],[0,10],[9,12],[12,9],[8,0],[0,8],[5,12],[12,5],[3,6],[6,3],[2,8],[8,2],[4,10],[10,4],[16,8],[8,16],[7,8],[8,7],[17,0],[0,17],[13,7],[7,13],[1,13],[13,1],[11,10],[10,11],[15,13],[13,15],[14,17],[17,14],[18,2],[2,18],[14,7],[7,14]],"edge_attributes":[[1.0],[1.0],[1.0],[1.0],[1.0],[1.0],[1.0],[1.0],[1.0],[1.0],[1.0],[1.0],[1.0],[1.0],[1.0],[1.0],[1.0],[1.0],[1.0],[1.0],[1.0],[1.0],[1.0],[1.0],[1.0],[1.0],[1.0],[1.0],[1.0],[1.0],[1.0],[1.0],[1.0],[1.0],[1.0],[1.0],[1.0],[1.0],[1.0],[1.0]],"seed_graph_indices":[0,-1,-1,-1,-1,-1,0,-1,-1,-1,-1,-1,0,-1,-1,-1,-1,-1,-1],"graph_labels":1,"node_importances":[1,0,0,0,0,0,1,0,0,0,0,0,1,0,0,0,0,0,0],"edge_importances":[1,1,1,1,1,1,0,0,0,0,0,0,0,0,0,0,0,0,0,0,0,0,0,0,0,0,0,0,0,0,0,0,0,0,0,0,0,0,0,0],"multi_node_importances":[[0,1],[0,0],[0,0],[0,0],[0,0],[0,0],[0,1],[0,0],[0,0],[0,0],[0,0],[0,0],[0,1],[0,0],[0,0],[0,0],[0,0],[0,0],[0,0]],"multi_edge_importances":[[0,1],[0,1],[0,1],[0,1],[0,1],[0,1],[0,0],[0,0],[0,0],[0,0],[0,0],[0,0],[0,0],[0,0],[0,0],[0,0],[0,0],[0,0],[0,0],[0,0],[0,0],[0,0],[0,0],[0,0],[0,0],[0,0],[0,0],[0,0],[0,0],[0,0],[0,0],[0,0],[0,0],[0,0],[0,0],[0,0],[0,0],[0,0],[0,0],[0,0]],"original_value":0.7781652086043701,"class":1,"node_positions":[[-0.19354863623669138,-0.05520511401224026],[0.7704933678626154,0.7072816818952221],[0.3177709858477694,-0.41060986291890195],[-0.5437972811546598,0.5210887358590848],[-0.2530718581720828,-0.7208740588258999],[-0.8173144019519217,0.19285566843973503],[-0.39774690291694276,0.213110786308951],[0.3930703967668374,0.21017560240255734],[0.17240742021830194,-0.085515945663189],[-0.8215005625256169,-0.13712678209019255],[-0.29740609085730013,-0.3925646465875664],[-0.5586572456553642,-0.6017028381391156],[-0.5316985076189096,0.004809907768503394],[0.6801224128016868,0.3918618053950175],[0.1735537602679659,0.42625794381141247],[0.9999999999999999,0.3420548042088714],[0.44995896230977817,-0.17702377648199646],[-0.06842939815555764,0.2349896853912433],[0.525793579170092,-0.6638635967614963]],"node_coordinates":[[362.8037685334747,424.1454500549438],[698.4008489612522,760.4999999999999],[540.8015856486128,267.36633596607],[240.87710749750246,678.3650110361652],[342.0828669397364,130.49999999999994],[145.6618089977938,533.5720962453897],[291.7193740414211,542.5072031764887],[567.0144086946173,541.2124103130056],[490.19840858953967,410.7744825927708],[144.2045454545455,388.0074789517012],[326.649474007791,275.3265926555828],[235.70413714922796,183.06980516338143],[245.0888670039237,450.61977819984014],[666.9414016083822,621.3593471081861],[490.5974662781142,636.5324592446727],[778.2954545454546,599.3880663489686],[586.8181479764677,370.4077832391419],[406.3595999462428,552.158606051419],[613.217284015626,155.6489316441348]]},"label":"1","name":"843","value":0.7781652086043701,"input_type":"classification","classes":{"0":"low","1":"high"},"image_width":900,"image_height":900,"image_path":"./843.png"}