{"graph":{"node_indices":[0,1,2,3,4,5,6,7,8,9,10],"node_attributes":[[0.0,1.0,0.0],[1.0,1.0,0.0],[0.0,1.0,0.0],[0.0,0.0,1.0],[0.0,0.0,1.0],[0.800000011920929,0.800000011920929,0.800000011920929],[1.0,0.0,0.0],[0.800000011920929,0.800000011920929,0.800000011920929],[0.0,1.0,0.0],[1.0,0.0,1.0],[1.0,0.0,0.0]],"node_adjacency":[[0,1,0,0,0,0,0,0,1,0,0],[1,0,0,0,0,0,0,0,0,1,0],[0,0,0,1,1,0,0,1,0,1,0],[0,0,1,0,1,0,0,0,0,0,0],[0,0,1,1,0,0,0,0,0,0,0],[0,0,0,0,0,0,1,0,0,0,0],[0,0,0,0,0,1,0,1,1,0,1],[0,0,1,0,0,0,1,0,0,0,0],[1,0,0,0,0,0,1,0,0,0,1],[0,1,1,0,0,0,0,0,0,0,0],[0,0,0,0,0,0,1,0,1,0,0]],"edge_indices":[[3,4],[3,2],[4,3],[4,2],[2,4],[2,3],[6,10],[6,8],[10,6],[10,8],[8,10],[8,6],[9,2],[2,9],[7,2],[2,7],[0,8],[8,0],[5,6],[6,5],[1,0],[0,1],[9,1],[1,9],[7,6],[6,7]],"edge_attributes":[[1.0],[1.0],[1.0],[1.0],[1.0],[1.0],[1.0],[1.0],[1.0],[1.0],[1.0],[1.0],[1.0],[1.0],[1.0],[1.0],[1.0],[1.0],[1.0],[1.0],[1.0],[1.0],[1.0],[1.0],[1.0],[1.0]],"seed_graph_indices":[-1,-1,0,0,0,-1,1,-1,1,-1,1],"graph_labels":1,"node_importances":[0,0,1,1,1,0,1,0,1,0,1],"edge_importances":[1,1,1,1,1,1,1,1,1,1,1,1,0,0,0,0,0,0,0,0,0,0,0,0,0,0],"multi_node_importances":[[0,0],[0,0],[1,0],[1,0],[1,0],[0,0],[0,1],[0,0],[0,1],[0,0],[0,1]],"multi_edge_importances":[[1,0],[1,0],[1,0],[1,0],[1,0],[1,0],[0,1],[0,1],[0,1],[0,1],[0,1],[0,1],[0,0],[0,0],[0,0],[0,0],[0,0],[0,0],[0,0],[0,0],[0,0],[0,0],[0,0],[0,0],[0,0],[0,0]],"original_value":0.22098382526381832,"class":1,"node_positions":[[-0.7435481509036261,-0.2809705905679971],[-0.7475217193428357,0.2446072404500023],[0.1851846147546544,0.5097669602005053],[0.6258673445025249,0.76771946642819],[0.2896349650302322,1.0],[0.622391729577687,-0.8019715470969951],[0.18954776726635117,-0.5082768671579828],[0.3423995137599816,-0.0011637213235307533],[-0.3362957376154525,-0.5874311751322091],[-0.35413286542503375,0.5825079350339292],[-0.07352746160448322,-0.9247877008339119]],"node_coordinates":[[146.0391338390624,341.2270216303848],[144.20454545454544,513.2532837464015],[574.8331436223541,600.0423999540967],[778.2954545454545,684.472531574864],[623.0576557468823,760.5],[776.6907702754562,170.69881092378932],[576.8476021727213,266.8276714113199],[647.4189394883884,432.8102791229599],[334.0667363367339,240.9197679047889],[325.8313710741912,623.8511629284251],[455.38630950235165,130.50000000000006]]},"label":"1","name":"847","value":0.22098382526381832,"input_type":"classification","classes":{"0":"low","1":"high"},"image_width":900,"image_height":900,"image_path":"./847.png"}