{"graph":{"node_indices":[0,1,2,3,4,5,6,7,8,9,10,11,12,13,14,15,16,17,18,19,20],"node_attributes":[[0.800000011920929,0.800000011920929,0.800000011920929],[0.0,1.0,0.0],[0.0,0.0,1.0],[0.800000011920929,0.800000011920929,0.800000011920929],[1.0,0.0,1.0],[1.0,0.0,0.0],[0.0,1.0,0.0],[1.0,1.0,0.0],[0.800000011920929,0.800000011920929,0.800000011920929],[0.800000011920929,0.800000011920929,0.800000011920929],[0.0,1.0,1.0],[0.800000011920929,0.800000011920929,0.800000011920929],[0.800000011920929,0.800000011920929,0.800000011920929],[0.800000011920929,0.800000011920929,0.800000011920929],[0.0,1.0,0.0],[0.0,1.0,0.0],[1.0,0.0,0.0],[0.0,0.0,1.0],[1.0,0.0,1.0],[0.0,0.0,1.0],[1.0,0.0,0.0]],"node_adjacency":[[0,0,0,0,0,0,0,0,0,0,0,1,1,0,0,0,0,1,0,0,0],[0,0,0,0,0,1,0,0,0,1,1,0,0,0,0,0,0,0,0,0,1],[0,0,0,0,0,0,1,1,0,0,0,0,0,0,0,0,0,0,1,0,0],[0,0,0,0,0,0,0,0,0,0,0,0,0,0,0,0,1,0,1,0,0],[0,0,0,0,0,0,0,1,0,0,0,0,0,0,0,0,0,0,0,0,0],[0,1,0,0,0,0,0,0,0,0,0,0,1,0,0,0,0,0,0,0,1],[0,0,1,0,0,0,0,0,0,0,0,0,0,0,0,0,0,0,0,0,0],[0,0,1,0,1,0,0,0,0,0,0,0,0,0,0,0,0,1,0,1,0],[0,0,0,0,0,0,0,0,0,0,0,0,0,0,1,0,0,0,0,0,0],[0,1,0,0,0,0,0,0,0,0,0,0,0,0,0,0,0,0,0,0,0],[0,1,0,0,0,0,0,0,0,0,0,0,0,0,1,0,0,0,0,0,1],[1,0,0,0,0,0,0,0,0,0,0,0,0,0,0,0,0,0,0,0,0],[1,0,0,0,0,1,0,0,0,0,0,0,0,0,0,0,0,0,0,0,0],[0,0,0,0,0,0,0,0,0,0,0,0,0,0,0,0,0,0,0,1,0],[0,0,0,0,0,0,0,0,1,0,1,0,0,0,0,0,1,0,0,0,0],[0,0,0,0,0,0,0,0,0,0,0,0,0,0,0,0,0,0,1,1,0],[0,0,0,1,0,0,0,0,0,0,0,0,0,0,1,0,0,0,0,0,0],[1,0,0,0,0,0,0,0,0,0,0,0,0,0,0,0,0,0,0,0,0],[0,0,1,1,0,0,0,0,0,0,0,0,0,0,0,1,0,0,0,0,0],[0,0,0,0,0,0,0,1,0,0,0,0,0,1,0,1,0,0,0,0,0],[0,1,0,0,0,1,0,0,0,0,1,0,0,0,0,0,0,0,0,0,0]],"edge_indices":[[7,2],[7,19],[7,17],[2,7],[19,7],[19,7],[20,5],[20,1],[5,20],[5,1],[1,5],[1,20],[6,2],[2,6],[10,1],[1,10],[0,17],[17,0],[14,10],[10,14],[15,19],[19,15],[16,14],[14,16],[3,16],[16,3],[18,15],[15,18],[12,0],[0,12],[13,19],[19,13],[11,0],[0,11],[9,1],[1,9],[4,7],[7,4],[8,14],[14,8],[18,3],[3,18],[18,2],[2,18],[10,20],[20,10],[5,12],[12,5]],"edge_attributes":[[1.0],[1.0],[1.0],[1.0],[1.0],[1.0],[1.0],[1.0],[1.0],[1.0],[1.0],[1.0],[1.0],[1.0],[1.0],[1.0],[1.0],[1.0],[1.0],[1.0],[1.0],[1.0],[1.0],[1.0],[1.0],[1.0],[1.0],[1.0],[1.0],[1.0],[1.0],[1.0],[1.0],[1.0],[1.0],[1.0],[1.0],[1.0],[1.0],[1.0],[1.0],[1.0],[1.0],[1.0],[1.0],[1.0],[1.0],[1.0]],"seed_graph_indices":[-1,1,0,-1,-1,1,-1,0,-1,-1,-1,-1,-1,-1,-1,-1,-1,0,-1,0,1],"graph_labels":0,"node_importances":[0,1,1,0,0,1,0,1,0,0,0,0,0,0,0,0,0,1,0,1,1],"edge_importances":[1,1,1,1,1,1,1,1,1,1,1,1,0,0,0,0,0,0,0,0,0,0,0,0,0,0,0,0,0,0,0,0,0,0,0,0,0,0,0,0,0,0,0,0,0,0,0,0],"multi_node_importances":[[0,0],[0,1],[1,0],[0,0],[0,0],[0,1],[0,0],[1,0],[0,0],[0,0],[0,0],[0,0],[0,0],[0,0],[0,0],[0,0],[0,0],[1,0],[0,0],[1,0],[0,1]],"multi_edge_importances":[[1,0],[1,0],[1,0],[1,0],[1,0],[1,0],[0,1],[0,1],[0,1],[0,1],[0,1],[0,1],[0,0],[0,0],[0,0],[0,0],[0,0],[0,0],[0,0],[0,0],[0,0],[0,0],[0,0],[0,0],[0,0],[0,0],[0,0],[0,0],[0,0],[0,0],[0,0],[0,0],[0,0],[0,0],[0,0],[0,0],[0,0],[0,0],[0,0],[0,0],[0,0],[0,0],[0,0],[0,0],[0,0],[0,0],[0,0],[0,0]],"original_value":-1.1616075918412394,"class":0,"node_positions":[[0.05119517758634746,-0.5157435208344173],[-0.7496943938217349,-0.17990759847767787],[0.4343705423975446,0.16621914848812694],[0.023246547209793814,0.5171789747631348],[0.7079809523175102,-0.3288928687229862],[-0.5170410154918924,-0.3740144283126752],[0.7000586937117265,0.39948216259953606],[0.4968161923963695,-0.12589409645972605],[-0.7247270481213652,0.6048678250101963],[-1.0,-0.2772825333870142],[-0.6876218319453405,0.11930306013413733],[0.10121400107491715,-0.799681164579506],[-0.24806985751025612,-0.49234532676820647],[0.9839563730784454,0.04620381357875036],[-0.5431026577451875,0.38591726177200075],[0.5430175194478012,0.3555371194093173],[-0.2664608388854701,0.5059727019198303],[0.2961803026916319,-0.3454884787584688],[0.2802397248701489,0.3937019486887263],[0.6970688554614239,0.061821150711608694],[-0.5786272387224135,-0.11695515077468764]],"node_coordinates":[[480.1763011002787,257.85811771981025],[224.20454521555408,408.4948222085243],[602.6427115069584,563.7473995160319],[471.24365888909136,721.1678185915134],[690.0911432956485,341.66858763057417],[298.5627287774907,321.4296477629032],[687.5591157624019,668.3757891125504],[622.600922037106,432.72217669991164],[232.18434111609045,760.5],[144.20454545454544,364.81801958535453],[244.0435133117786,542.7035371217072],[496.16278229911245,130.5],[384.5284124982318,268.35320359504124],[778.2954545454545,509.9154139083285],[290.2331855208757,662.2913537637744],[637.3672958691028,648.6645669230522],[378.65048380104554,716.141328277819],[558.4758256259713,334.22475021383286],[553.3810686951148,665.783117165327],[686.603535649908,516.9204542925553],[278.8791990357947,436.73167428476927]]},"label":"0","name":"884","value":-1.1616075918412394,"input_type":"classification","classes":{"0":"low","1":"high"},"image_width":900,"image_height":900,"image_path":"./884.png"}