{"graph":{"node_indices":[0,1,2,3,4,5,6,7,8,9,10,11,12,13,14,15,16,17,18,19,20],"node_attributes":[[1.0,1.0,0.0],[0.800000011920929,0.800000011920929,0.800000011920929],[1.0,1.0,0.0],[0.800000011920929,0.800000011920929,0.800000011920929],[0.800000011920929,0.800000011920929,0.800000011920929],[1.0,0.0,1.0],[1.0,0.0,0.0],[0.0,0.0,1.0],[1.0,0.0,0.0],[0.0,1.0,0.0],[1.0,0.0,0.0],[1.0,0.0,1.0],[0.800000011920929,0.800000011920929,0.800000011920929],[0.800000011920929,0.800000011920929,0.800000011920929],[0.800000011920929,0.800000011920929,0.800000011920929],[0.0,1.0,0.0],[0.800000011920929,0.800000011920929,0.800000011920929],[0.800000011920929,0.800000011920929,0.800000011920929],[0.0,1.0,0.0],[0.0,0.0,1.0],[1.0,0.0,0.0]],"node_adjacency":[[0,0,0,0,0,1,0,0,0,0,0,0,0,0,0,0,0,0,0,0,0],[0,0,1,0,0,0,0,0,0,0,0,0,0,0,0,0,0,0,0,0,0],[0,1,0,0,1,1,0,0,1,0,1,0,0,0,0,0,0,1,0,0,1],[0,0,0,0,0,0,0,0,0,1,0,1,0,0,0,0,1,0,1,0,0],[0,0,1,0,0,0,0,0,0,0,0,0,0,0,0,0,0,0,0,0,0],[1,0,1,0,0,0,1,0,0,0,0,0,0,0,0,0,0,0,1,0,0],[0,0,0,0,0,1,0,0,0,0,0,0,0,0,0,0,0,0,0,0,0],[0,0,0,0,0,0,0,0,0,0,0,0,0,0,0,0,0,1,0,0,0],[0,0,1,0,0,0,0,0,0,0,0,0,0,0,0,0,0,0,0,0,0],[0,0,0,1,0,0,0,0,0,0,0,0,0,1,0,0,0,0,0,1,0],[0,0,1,0,0,0,0,0,0,0,0,0,0,1,1,1,0,1,0,0,0],[0,0,0,1,0,0,0,0,0,0,0,0,0,0,0,0,0,0,0,0,0],[0,0,0,0,0,0,0,0,0,0,0,0,0,0,0,0,0,1,0,0,0],[0,0,0,0,0,0,0,0,0,1,1,0,0,0,0,0,0,0,0,0,0],[0,0,0,0,0,0,0,0,0,0,1,0,0,0,0,0,0,0,0,1,0],[0,0,0,0,0,0,0,0,0,0,1,0,0,0,0,0,0,0,0,0,0],[0,0,0,1,0,0,0,0,0,0,0,0,0,0,0,0,0,0,0,0,0],[0,0,1,0,0,0,0,1,0,0,1,0,1,0,0,0,0,0,1,0,0],[0,0,0,1,0,1,0,0,0,0,0,0,0,0,0,0,0,1,0,0,0],[0,0,0,0,0,0,0,0,0,1,0,0,0,0,1,0,0,0,0,0,0],[0,0,0,0,0,0,0,0,0,0,0,0,0,0,0,0,0,0,0,0,0]],"edge_indices":[[2,8],[2,10],[2,20],[8,2],[10,2],[10,2],[13,10],[10,13],[17,2],[2,17],[5,2],[2,5],[15,10],[10,15],[6,5],[5,6],[18,17],[17,18],[14,10],[10,14],[9,13],[13,9],[3,9],[9,3],[11,3],[3,11],[0,5],[5,0],[4,2],[2,4],[1,2],[2,1],[7,17],[17,7],[19,14],[14,19],[12,17],[17,12],[16,3],[3,16],[9,19],[19,9],[5,18],[18,5],[17,10],[10,17],[3,18],[18,3]],"edge_attributes":[[1.0],[1.0],[1.0],[1.0],[1.0],[1.0],[1.0],[1.0],[1.0],[1.0],[1.0],[1.0],[1.0],[1.0],[1.0],[1.0],[1.0],[1.0],[1.0],[1.0],[1.0],[1.0],[1.0],[1.0],[1.0],[1.0],[1.0],[1.0],[1.0],[1.0],[1.0],[1.0],[1.0],[1.0],[1.0],[1.0],[1.0],[1.0],[1.0],[1.0],[1.0],[1.0],[1.0],[1.0],[1.0],[1.0],[1.0],[1.0]],"seed_graph_indices":[-1,-1,0,-1,-1,-1,-1,-1,0,-1,0,-1,-1,-1,-1,-1,-1,-1,-1,-1,0],"graph_labels":1,"node_importances":[0,0,1,0,0,0,0,0,1,0,1,0,0,0,0,0,0,0,0,0,1],"edge_importances":[1,1,1,1,1,1,0,0,0,0,0,0,0,0,0,0,0,0,0,0,0,0,0,0,0,0,0,0,0,0,0,0,0,0,0,0,0,0,0,0,0,0,0,0,0,0,0,0],"multi_node_importances":[[0,0],[0,0],[0,1],[0,0],[0,0],[0,0],[0,0],[0,0],[0,1],[0,0],[0,1],[0,0],[0,0],[0,0],[0,0],[0,0],[0,0],[0,0],[0,0],[0,0],[0,1]],"multi_edge_importances":[[0,1],[0,1],[0,1],[0,1],[0,1],[0,1],[0,0],[0,0],[0,0],[0,0],[0,0],[0,0],[0,0],[0,0],[0,0],[0,0],[0,0],[0,0],[0,0],[0,0],[0,0],[0,0],[0,0],[0,0],[0,0],[0,0],[0,0],[0,0],[0,0],[0,0],[0,0],[0,0],[0,0],[0,0],[0,0],[0,0],[0,0],[0,0],[0,0],[0,0],[0,0],[0,0],[0,0],[0,0],[0,0],[0,0],[0,0],[0,0]],"original_value":2.249835972297634,"class":1,"node_positions":[[0.7049856041343803,0.6165233548163168],[-0.4817671331659256,0.6410192479064676],[-0.0843454232104856,0.42275011613234575],[0.393402748103994,-0.5939322378533572],[0.1785093722148979,0.7356713403124767],[0.40056613828278026,0.2996784830478029],[0.8329186677236239,0.2961640934091909],[-0.5508971586293264,0.2463632633507708],[-0.30025784596293953,0.8045061101651197],[-0.03661480788331915,-0.7594721764302704],[-0.3883603359596552,-0.004149693451271209],[0.8045959943867287,-0.7100970131500026],[0.009184527597568451,-0.22664641409247033],[-0.2821257713805129,-0.42612589361557],[-0.6309720862416218,-0.3902969854049189],[-0.8475556214591189,0.05015608523371231],[0.5146697365680948,-1.0],[-0.08552374805791343,0.09080661854823888],[0.35379135653829236,-0.12172563681651165],[-0.45738146388383455,-0.8221735679823765],[-0.046822749715707435,0.8509809058743064]],"node_coordinates":[[730.0226585162217,680.7000103308663],[282.22698148337633,689.0374343409242],[432.185534839562,614.7473362738431],[612.4535545381217,268.7092539909523],[531.3681508802061,721.2532276138533],[615.1565060916671,572.8586660032881],[778.2954545454545,571.6625080822101],[256.1422499443515,554.7122938270367],[350.7156157170826,744.6818350454796],[450.1956582071682,212.36606807667397],[317.4720318462703,469.4476850542416],[767.6085015824248,229.17140235529837],[467.47705457114284,393.71868452317176],[357.5573649361477,325.82383390601103],[225.9276944632544,338.0185637927833],[144.20454545454538,487.9312039619525],[658.2110501766382,130.5],[431.7409192459053,501.7670225308399],[597.5070460137533,429.42952814888264],[291.42839045666767,191.02501774359763],[446.3439104249429,760.5]]},"label":"1","name":"887","value":2.249835972297634,"input_type":"classification","classes":{"0":"low","1":"high"},"image_width":900,"image_height":900,"image_path":"./887.png"}