{"graph":{"node_indices":[0,1,2,3,4,5,6,7,8,9,10,11,12,13,14,15,16,17,18,19,20,21,22,23,24,25,26],"node_attributes":[[0.0,1.0,0.0],[1.0,0.0,1.0],[0.0,0.0,1.0],[0.800000011920929,0.800000011920929,0.800000011920929],[0.800000011920929,0.800000011920929,0.800000011920929],[0.0,1.0,1.0],[0.0,0.0,1.0],[0.0,1.0,0.0],[0.800000011920929,0.800000011920929,0.800000011920929],[0.0,0.0,1.0],[0.0,0.0,1.0],[0.0,1.0,0.0],[0.0,1.0,1.0],[0.0,1.0,1.0],[1.0,0.0,1.0],[0.800000011920929,0.800000011920929,0.800000011920929],[1.0,1.0,0.0],[0.0,1.0,0.0],[1.0,0.0,0.0],[0.0,1.0,0.0],[0.0,0.0,1.0],[1.0,0.0,1.0],[1.0,1.0,0.0],[1.0,1.0,0.0],[0.0,0.0,1.0],[0.0,0.0,1.0],[0.0,1.0,1.0]],"node_adjacency":[[0,0,0,0,1,0,0,0,0,0,0,0,0,0,0,0,0,0,0,0,1,0,1,0,0,1,0],[0,0,1,0,0,0,0,0,0,0,0,0,0,0,0,0,0,0,0,0,1,1,0,0,0,0,0],[0,1,0,0,0,0,0,0,0,0,0,0,0,0,0,0,0,0,0,0,0,0,0,1,0,0,0],[0,0,0,0,0,0,0,0,0,0,0,0,0,1,0,0,0,0,0,0,0,0,0,0,0,0,0],[1,0,0,0,0,0,0,0,0,0,0,0,0,0,0,0,0,0,0,0,0,1,0,0,0,0,0],[0,0,0,0,0,0,0,0,1,0,0,1,0,0,0,0,0,0,0,0,0,1,0,0,0,0,0],[0,0,0,0,0,0,0,0,0,0,0,0,0,0,0,0,0,0,0,1,0,0,0,0,0,0,0],[0,0,0,0,0,0,0,0,0,1,0,0,0,0,0,0,0,0,0,0,0,0,0,0,0,0,0],[0,0,0,0,0,1,0,0,0,0,0,0,0,0,0,0,0,0,0,0,0,0,0,0,0,0,0],[0,0,0,0,0,0,0,1,0,0,0,0,0,0,0,0,0,0,1,0,0,0,0,1,0,0,0],[0,0,0,0,0,0,0,0,0,0,0,1,0,0,0,0,0,0,0,0,0,0,0,0,0,0,0],[0,0,0,0,0,1,0,0,0,0,1,0,0,0,0,0,0,0,0,0,0,0,0,0,0,1,0],[0,0,0,0,0,0,0,0,0,0,0,0,0,0,0,0,0,0,0,0,0,0,0,0,1,0,0],[0,0,0,1,0,0,0,0,0,0,0,0,0,0,0,0,0,0,0,0,0,0,0,0,0,1,0],[0,0,0,0,0,0,0,0,0,0,0,0,0,0,0,0,0,0,0,0,0,0,0,1,0,0,0],[0,0,0,0,0,0,0,0,0,0,0,0,0,0,0,0,0,0,0,0,0,0,0,1,0,1,0],[0,0,0,0,0,0,0,0,0,0,0,0,0,0,0,0,0,0,0,0,1,0,0,0,0,0,1],[0,0,0,0,0,0,0,0,0,0,0,0,0,0,0,0,0,0,0,0,0,1,0,0,0,0,0],[0,0,0,0,0,0,0,0,0,1,0,0,0,0,0,0,0,0,0,0,0,0,0,0,0,0,0],[0,0,0,0,0,0,1,0,0,0,0,0,0,0,0,0,0,0,0,0,0,0,0,1,0,0,1],[1,1,0,0,0,0,0,0,0,0,0,0,0,0,0,0,1,0,0,0,0,0,0,0,0,1,0],[0,1,0,0,1,1,0,0,0,0,0,0,0,0,0,0,0,1,0,0,0,0,1,0,0,0,0],[1,0,0,0,0,0,0,0,0,0,0,0,0,0,0,0,0,0,0,0,0,1,0,0,0,0,0],[0,0,1,0,0,0,0,0,0,1,0,0,0,0,1,1,0,0,0,1,0,0,0,0,1,0,0],[0,0,0,0,0,0,0,0,0,0,0,0,1,0,0,0,0,0,0,0,0,0,0,0,0,0,0],[1,0,0,0,0,0,0,0,0,0,0,1,0,1,0,1,0,0,0,0,1,0,0,0,0,0,0],[0,0,0,0,0,0,0,0,0,0,0,0,0,0,0,0,1,0,0,1,0,0,0,0,0,0,0]],"edge_indices":[[20,25],[20,0],[25,20],[25,0],[0,25],[0,20],[23,2],[23,9],[23,24],[2,23],[9,23],[9,23],[1,20],[20,1],[21,1],[1,21],[12,24],[24,12],[13,25],[25,13],[7,9],[9,7],[14,23],[23,14],[18,9],[9,18],[11,25],[25,11],[22,0],[0,22],[15,23],[23,15],[3,13],[13,3],[19,23],[23,19],[10,11],[11,10],[17,21],[21,17],[5,21],[21,5],[16,20],[20,16],[8,5],[5,8],[26,19],[19,26],[4,21],[21,4],[6,19],[19,6],[16,26],[26,16],[0,4],[4,0],[5,11],[11,5],[25,15],[15,25],[1,2],[2,1],[21,22],[22,21]],"edge_attributes":[[1.0],[1.0],[1.0],[1.0],[1.0],[1.0],[1.0],[1.0],[1.0],[1.0],[1.0],[1.0],[1.0],[1.0],[1.0],[1.0],[1.0],[1.0],[1.0],[1.0],[1.0],[1.0],[1.0],[1.0],[1.0],[1.0],[1.0],[1.0],[1.0],[1.0],[1.0],[1.0],[1.0],[1.0],[1.0],[1.0],[1.0],[1.0],[1.0],[1.0],[1.0],[1.0],[1.0],[1.0],[1.0],[1.0],[1.0],[1.0],[1.0],[1.0],[1.0],[1.0],[1.0],[1.0],[1.0],[1.0],[1.0],[1.0],[1.0],[1.0],[1.0],[1.0],[1.0],[1.0]],"seed_graph_indices":[0,-1,1,-1,-1,-1,-1,-1,-1,1,-1,-1,-1,-1,-1,-1,-1,-1,-1,-1,0,-1,-1,1,1,0,-1],"graph_labels":0,"node_importances":[1,0,1,0,0,0,0,0,0,1,0,0,0,0,0,0,0,0,0,0,1,0,0,1,1,1,0],"edge_importances":[1,1,1,1,1,1,1,1,1,1,1,1,0,0,0,0,0,0,0,0,0,0,0,0,0,0,0,0,0,0,0,0,0,0,0,0,0,0,0,0,0,0,0,0,0,0,0,0,0,0,0,0,0,0,0,0,0,0,0,0,0,0,0,0],"multi_node_importances":[[1,0],[0,0],[1,0],[0,0],[0,0],[0,0],[0,0],[0,0],[0,0],[1,0],[0,0],[0,0],[0,0],[0,0],[0,0],[0,0],[0,0],[0,0],[0,0],[0,0],[1,0],[0,0],[0,0],[1,0],[1,0],[1,0],[0,0]],"multi_edge_importances":[[1,0],[1,0],[1,0],[1,0],[1,0],[1,0],[1,0],[1,0],[1,0],[1,0],[1,0],[1,0],[0,0],[0,0],[0,0],[0,0],[0,0],[0,0],[0,0],[0,0],[0,0],[0,0],[0,0],[0,0],[0,0],[0,0],[0,0],[0,0],[0,0],[0,0],[0,0],[0,0],[0,0],[0,0],[0,0],[0,0],[0,0],[0,0],[0,0],[0,0],[0,0],[0,0],[0,0],[0,0],[0,0],[0,0],[0,0],[0,0],[0,0],[0,0],[0,0],[0,0],[0,0],[0,0],[0,0],[0,0],[0,0],[0,0],[0,0],[0,0],[0,0],[0,0],[0,0],[0,0]],"original_value":-2.9274224820482138,"class":0,"node_positions":[[-0.26852123787092746,0.2997283065496674],[-0.35979413518330305,-0.000799149699157475],[-0.04951901916315118,-0.239638182286228],[0.5992380217581581,0.6607096529153401],[-0.6431879250194389,0.1770586173485955],[-0.3719076960015311,0.6927526166900606],[-0.10298092310995706,-0.9614388606093104],[0.9255297692659985,-0.22543669020174797],[-0.520005087900104,0.9844135047533513],[0.6199973371062083,-0.3338623721501295],[0.09720158270176933,0.9084531269265598],[-0.03518560152382773,0.6104049818075903],[0.4366766730834119,-1.0],[0.34667287900624505,0.45482023805536825],[0.4513128324369484,-0.4926102154998875],[0.2500670593571601,-0.018562188560179185],[-0.40228591896174415,-0.2678959330694969],[-0.9080867615308841,0.3657620801910541],[0.8787660889081963,-0.5509596307103232],[-0.006291178211435352,-0.6378937105481439],[-0.17687562395569478,0.07110615322438467],[-0.5556985594842658,0.34121613987702415],[-0.5068014554397926,0.5227676161253677],[0.24139818433866678,-0.3650157228445972],[0.320697010876813,-0.6962419712528901],[0.059503934418015214,0.2768535318449922],[-0.3199202499015339,-0.5756919388772648]],"node_coordinates":[[365.3754814214556,543.1301454635914],[333.8120037476297,447.72044532637506],[441.1095913735451,371.89522534604816],[665.4590859094287,657.732393264077],[235.81036446822293,504.18568957697363],[329.62296058481525,667.9052061025902],[422.6216978003843,142.74216513238963],[778.2954545454545,376.40383204106985],[278.40875724092035,760.5],[672.6379550568558,341.9814803165634],[491.84768096660764,736.3845432586256],[446.06629288045633,641.7619603266023],[609.2430387518388,130.50000000000006],[578.1184351886177,592.3678253194014],[614.3044326879253,291.58314293839777],[544.7107564423213,442.0811395790406],[319.1177351519728,362.92411980236153],[144.20454545454544,564.094161932147],[762.1239028101369,273.0587116671323],[456.058399102279,245.4593881558592],[397.0678498451026,470.54852059058874],[266.06544255910103,556.3014602795946],[282.9747628202999,613.9393617363642],[541.7129350609429,332.09109663871493],[569.1356072308773,226.93532341031158],[478.8112932217575,535.8679957002352],[347.60096547580275,265.2068430380132]]},"label":"0","name":"888","value":-2.9274224820482138,"input_type":"classification","classes":{"0":"low","1":"high"},"image_width":900,"image_height":900,"image_path":"./888.png"}