{"graph":{"node_indices":[0,1,2,3,4,5,6,7,8,9,10,11,12,13,14,15,16,17,18,19,20,21,22],"node_attributes":[[0.0,1.0,1.0],[0.800000011920929,0.800000011920929,0.800000011920929],[0.0,1.0,1.0],[1.0,1.0,0.0],[0.0,1.0,1.0],[1.0,1.0,0.0],[0.800000011920929,0.800000011920929,0.800000011920929],[0.0,1.0,1.0],[0.800000011920929,0.800000011920929,0.800000011920929],[0.0,0.0,1.0],[0.0,1.0,0.0],[0.0,0.0,1.0],[1.0,0.0,1.0],[0.800000011920929,0.800000011920929,0.800000011920929],[0.0,1.0,1.0],[0.0,0.0,1.0],[0.0,1.0,0.0],[0.0,0.0,1.0],[1.0,0.0,1.0],[0.0,1.0,1.0],[1.0,0.0,1.0],[0.0,0.0,1.0],[1.0,0.0,0.0]],"node_adjacency":[[0,0,0,0,0,0,0,1,0,0,0,0,0,0,0,0,0,0,0,0,0,0,0],[0,0,0,0,0,0,0,0,0,1,0,0,0,0,0,0,0,1,1,0,0,0,0],[0,0,0,0,0,0,0,0,0,0,0,0,1,0,0,0,0,0,0,0,0,0,0],[0,0,0,0,1,0,0,0,0,0,0,1,0,0,0,0,0,1,0,0,0,1,0],[0,0,0,1,0,0,0,0,0,1,0,0,0,0,0,0,0,0,0,0,0,0,0],[0,0,0,0,0,0,0,0,0,0,0,0,1,0,0,0,0,0,0,0,0,0,0],[0,0,0,0,0,0,0,0,0,0,0,0,0,0,0,0,0,0,0,0,0,1,0],[1,0,0,0,0,0,0,0,0,0,0,0,0,0,0,1,0,0,0,0,0,0,0],[0,0,0,0,0,0,0,0,0,1,0,0,0,0,1,0,0,0,0,0,0,0,0],[0,1,0,0,1,0,0,0,1,0,0,0,0,0,0,1,1,0,0,0,0,0,1],[0,0,0,0,0,0,0,0,0,0,0,1,0,0,0,0,0,0,1,0,1,0,0],[0,0,0,1,0,0,0,0,0,0,1,0,0,0,0,0,0,0,0,0,0,0,0],[0,0,1,0,0,1,0,0,0,0,0,0,0,0,0,0,0,1,0,0,0,0,0],[0,0,0,0,0,0,0,0,0,0,0,0,0,0,0,0,0,1,0,0,0,0,0],[0,0,0,0,0,0,0,0,1,0,0,0,0,0,0,0,0,0,0,0,0,1,0],[0,0,0,0,0,0,0,1,0,1,0,0,0,0,0,0,1,0,0,0,0,0,0],[0,0,0,0,0,0,0,0,0,1,0,0,0,0,0,1,0,0,0,0,0,0,0],[0,1,0,0,0,0,0,0,0,0,0,0,1,1,0,0,0,0,0,1,1,0,0],[0,1,0,0,0,0,0,0,0,0,1,0,0,0,0,0,0,0,0,0,0,0,0],[0,0,0,0,0,0,0,0,0,0,0,0,0,0,0,0,0,1,0,0,0,0,0],[0,0,0,0,0,0,0,0,0,0,1,0,0,0,0,0,0,1,0,0,0,0,0],[0,0,0,1,0,0,1,0,0,0,0,0,0,0,1,0,0,0,0,0,0,0,0],[0,0,0,0,0,0,0,0,0,1,0,0,0,0,0,0,0,0,0,0,0,0,0]],"edge_indices":[[3,21],[3,11],[3,17],[21,3],[11,3],[11,3],[15,9],[15,16],[9,15],[9,16],[16,9],[16,15],[20,17],[17,20],[12,17],[17,12],[1,9],[9,1],[7,15],[15,7],[18,1],[1,18],[4,3],[3,4],[13,17],[17,13],[10,11],[11,10],[22,9],[9,22],[14,21],[21,14],[6,21],[21,6],[8,14],[14,8],[5,12],[12,5],[19,17],[17,19],[2,12],[12,2],[0,7],[7,0],[4,9],[9,4],[20,10],[10,20],[18,10],[10,18],[1,17],[17,1],[8,9],[9,8]],"edge_attributes":[[1.0],[1.0],[1.0],[1.0],[1.0],[1.0],[1.0],[1.0],[1.0],[1.0],[1.0],[1.0],[1.0],[1.0],[1.0],[1.0],[1.0],[1.0],[1.0],[1.0],[1.0],[1.0],[1.0],[1.0],[1.0],[1.0],[1.0],[1.0],[1.0],[1.0],[1.0],[1.0],[1.0],[1.0],[1.0],[1.0],[1.0],[1.0],[1.0],[1.0],[1.0],[1.0],[1.0],[1.0],[1.0],[1.0],[1.0],[1.0],[1.0],[1.0],[1.0],[1.0],[1.0],[1.0]],"seed_graph_indices":[-1,-1,-1,0,-1,-1,-1,-1,-1,1,-1,0,-1,-1,-1,1,1,0,-1,-1,-1,0,-1],"graph_labels":0,"node_importances":[0,0,0,1,0,0,0,0,0,1,0,1,0,0,0,1,1,1,0,0,0,1,0],"edge_importances":[1,1,1,1,1,1,1,1,1,1,1,1,0,0,0,0,0,0,0,0,0,0,0,0,0,0,0,0,0,0,0,0,0,0,0,0,0,0,0,0,0,0,0,0,0,0,0,0,0,0,0,0,0,0],"multi_node_importances":[[0,0],[0,0],[0,0],[1,0],[0,0],[0,0],[0,0],[0,0],[0,0],[1,0],[0,0],[1,0],[0,0],[0,0],[0,0],[1,0],[1,0],[1,0],[0,0],[0,0],[0,0],[1,0],[0,0]],"multi_edge_importances":[[1,0],[1,0],[1,0],[1,0],[1,0],[1,0],[1,0],[1,0],[1,0],[1,0],[1,0],[1,0],[0,0],[0,0],[0,0],[0,0],[0,0],[0,0],[0,0],[0,0],[0,0],[0,0],[0,0],[0,0],[0,0],[0,0],[0,0],[0,0],[0,0],[0,0],[0,0],[0,0],[0,0],[0,0],[0,0],[0,0],[0,0],[0,0],[0,0],[0,0],[0,0],[0,0],[0,0],[0,0],[0,0],[0,0],[0,0],[0,0],[0,0],[0,0],[0,0],[0,0],[0,0],[0,0]],"original_value":-2.668405897496252,"class":0,"node_positions":[[-0.6707960941477245,1.0],[0.06315718630390123,0.08776386164269373],[0.8794647326241981,0.19737604860745325],[-0.004247329543591658,-0.2951114306494554],[-0.2066977229061227,-0.060041745643491885],[0.6674466233796555,0.4777540642642696],[-0.3971163894677564,-0.7953031872732444],[-0.521397637072762,0.7584253984042725],[-0.5481914347324222,-0.028053294913498592],[-0.2669428177552363,0.19272535163657545],[0.2982568541822153,-0.5528330658645692],[0.07293553615977039,-0.6130587047858379],[0.5423094345910914,0.1983345022455538],[0.6088938310727733,-0.23332493471136984],[-0.569887060607621,-0.3333491076337357],[-0.39008008928019455,0.4887150098071155],[-0.17423389889700663,0.4807693797305779],[0.3124085153254422,-0.07756745940486437],[0.13347296055695793,-0.2363561601779116],[0.5665511733989332,-0.025913902231230364],[0.46127078174974884,-0.37739982577100356],[-0.2875544748062007,-0.49674274499477233],[-0.5690226801280489,0.24319194771647343]],"node_coordinates":[[144.20454545454544,760.5],[444.4076434073623,440.3820548867925],[778.2954545454545,478.8466876448294],[416.8377080826291,306.02511960478455],[334.0310269382917,388.5147528898934],[691.575366342912,577.2357236115494],[256.1455877252238,130.5],[205.31181323005978,675.7276896269194],[194.3525583597751,399.74000113919004],[309.38945288737057,477.214685255248],[540.5685987495327,215.5865622978566],[448.407204411834,194.45244256289033],[640.3914930038386,479.1830240342949],[667.6259813990941,327.70696850748436],[185.47856832085566,292.606920009938],[259.0235898688102,581.0820910334671],[347.3094477840093,578.2938450237101],[546.3569406365817,382.36470550628997],[473.16834770277666,326.64326402711646],[650.306899452324,400.4907475308767],[607.2448945964794,277.14883325155085],[300.95883003242125,235.26953417607325],[185.83211902318072,494.9242040461244]]},"label":"0","name":"904","value":-2.668405897496252,"input_type":"classification","classes":{"0":"low","1":"high"},"image_width":900,"image_height":900,"image_path":"./904.png"}