{"graph": {"node_indices": [0, 1, 2, 3, 4, 5, 6, 7, 8, 9, 10, 11, 12, 13], "node_attributes": [[0.0, 0.0, 1.0], [1.0, 0.0, 0.0], [1.0, 1.0, 0.0], [0.0, 1.0, 1.0], [1.0, 0.0, 0.0], [0.0, 1.0, 1.0], [0.0, 1.0, 1.0], [1.0, 1.0, 0.0], [0.0, 1.0, 0.0], [1.0, 0.0, 0.0], [0.0, 1.0, 0.0], [0.0, 1.0, 0.0], [0.0, 0.0, 1.0], [1.0, 1.0, 0.0]], "node_adjacency": [[0, 0, 0, 0, 0, 0, 0, 0, 0, 1, 0, 0, 0, 0], [0, 0, 0, 0, 0, 1, 0, 0, 1, 0, 0, 0, 0, 0], [0, 0, 0, 0, 0, 1, 0, 0, 0, 0, 0, 0, 0, 0], [0, 0, 0, 0, 0, 1, 0, 0, 0, 1, 0, 1, 0, 0], [0, 0, 0, 0, 0, 0, 1, 0, 0, 0, 0, 0, 0, 1], [0, 1, 1, 1, 0, 0, 0, 0, 0, 0, 0, 1, 1, 0], [0, 0, 0, 0, 1, 0, 0, 0, 0, 0, 0, 0, 0, 0], [0, 0, 0, 0, 0, 0, 0, 0, 0, 0, 0, 0, 0, 1], [0, 1, 0, 0, 0, 0, 0, 0, 0, 0, 0, 0, 0, 0], [1, 0, 0, 1, 0, 0, 0, 0, 0, 0, 0, 0, 0, 1], [0, 0, 0, 0, 0, 0, 0, 0, 0, 0, 0, 0, 0, 1], [0, 0, 0, 1, 0, 1, 0, 0, 0, 0, 0, 0, 0, 0], [0, 0, 0, 0, 0, 1, 0, 0, 0, 0, 0, 0, 0, 0], [0, 1, 0, 0, 1, 0, 0, 1, 0, 1, 1, 0, 0, 0]], "edge_indices": [[13, 9], [13, 4], [13, 1], [9, 13], [4, 13], [4, 13], [6, 4], [4, 6], [8, 1], [1, 8], [5, 1], [1, 5], [7, 13], [13, 7], [2, 5], [5, 2], [11, 5], [5, 11], [0, 9], [9, 0], [10, 13], [13, 10], [12, 5], [5, 12], [3, 5], [5, 3], [11, 3], [3, 11], [3, 9], [9, 3]], "edge_attributes": [[1.0], [1.0], [1.0], [1.0], [1.0], [1.0], [1.0], [1.0], [1.0], [1.0], [1.0], [1.0], [1.0], [1.0], [1.0], [1.0], [1.0], [1.0], [1.0], [1.0], [1.0], [1.0], [1.0], [1.0], [1.0], [1.0], [1.0], [1.0], [1.0], [1.0]], "seed_graph_indices": [-1, 0, -1, -1, 0, -1, -1, -1, -1, 0, -1, -1, -1, 0], "graph_labels": 1, "node_importances": [0, 1, 0, 0, 1, 0, 0, 0, 0, 1, 0, 0, 0, 1], "edge_importances": [1, 1, 1, 1, 1, 1, 0, 0, 0, 0, 0, 0, 0, 0, 0, 0, 0, 0, 0, 0, 0, 0, 0, 0, 0, 0, 0, 0, 0, 0], "multi_node_importances": [[0, 0], [0, 1], [0, 0], [0, 0], [0, 1], [0, 0], [0, 0], [0, 0], [0, 0], [0, 1], [0, 0], [0, 0], [0, 0], [0, 1]], "multi_edge_importances": [[0, 1], [0, 1], [0, 1], [0, 1], [0, 1], [0, 1], [0, 0], [0, 0], [0, 0], [0, 0], [0, 0], [0, 0], [0, 0], [0, 0], [0, 0], [0, 0], [0, 0], [0, 0], [0, 0], [0, 0], [0, 0], [0, 0], [0, 0], [0, 0], [0, 0], [0, 0], [0, 0], [0, 0], [0, 0], [0, 0]], "original_value": 2.1, "class": 1, "node_positions": [[0.8594897800143549, -0.2601634118603003], [-0.22117077654291217, 0.1133686096505465], [0.08980201487627242, 1.0], [0.40034988860218673, 0.3130613423409161], [-0.454676146539194, -0.5807431915993237], [0.023846763846581593, 0.5408468343416414], [-0.7779779943316624, -0.8879571082275837], [-0.04650656687668707, -0.7907999551787165], [-0.6821030970993693, 0.19954021422208737], [0.4062452514262619, -0.13570443090080625], [0.2945175199616654, -0.6943550969594129], [0.46493178920431794, 0.6819817878467754], [-0.32590122782716735, 0.8463172253627892], [-0.030847198714648656, -0.34539281903861285]], "node_coordinates": [[778.2954545454545, 339.99100325838106], [359.8218543552098, 464.63640570227295], [480.2425570418818, 760.5], [600.4987151490295, 531.2726767524348], [269.39953603038896, 233.01544732258444], [454.70213069581905, 607.2833336339247], [144.2045454545455, 130.49999999999994], [427.4585976414311, 162.92076112536756], [181.3310170086512, 493.39135497706684], [602.7816278457582, 381.5222211355138], [559.5163252089807, 195.10383372451315], [625.507327046738, 654.3792238534372], [319.2661694710555, 709.2169768849581], [433.52251117256725, 311.55045962084824]]}, "label": "1", "name": "923", "value": 2.1, "input_type": "classification", "classes": {"0": "low", "1": "high"}, "image_width": 900, "image_height": 900, "image_path": "./923.png"}