{"graph":{"node_indices":[0,1,2,3,4,5,6,7,8,9,10,11,12,13,14],"node_attributes":[[0.0,1.0,1.0],[0.0,1.0,1.0],[0.0,1.0,0.0],[0.0,0.0,1.0],[0.0,1.0,1.0],[1.0,0.0,0.0],[1.0,1.0,0.0],[0.0,0.0,1.0],[0.800000011920929,0.800000011920929,0.800000011920929],[0.800000011920929,0.800000011920929,0.800000011920929],[0.0,1.0,0.0],[1.0,0.0,0.0],[0.800000011920929,0.800000011920929,0.800000011920929],[0.0,0.0,1.0],[0.0,0.0,1.0]],"node_adjacency":[[0,0,0,1,0,0,0,0,0,0,0,0,0,0,0],[0,0,0,0,1,0,0,0,0,0,1,0,0,0,0],[0,0,0,0,0,0,0,0,0,1,0,0,0,0,0],[1,0,0,0,0,1,1,0,0,0,0,0,0,0,0],[0,1,0,0,0,0,0,0,0,0,0,0,0,0,0],[0,0,0,1,0,0,0,0,0,0,1,1,0,0,0],[0,0,0,1,0,0,0,1,0,0,0,0,0,0,1],[0,0,0,0,0,0,0,0,1,1,1,0,0,0,0],[0,0,0,0,0,0,0,1,0,0,0,0,0,1,0],[0,0,1,0,0,0,0,1,0,0,0,0,0,0,0],[0,1,0,0,0,1,0,1,0,0,0,0,0,0,0],[0,0,0,0,0,1,0,0,0,0,0,0,0,0,0],[0,0,0,0,0,0,0,0,0,0,0,0,0,1,0],[0,0,0,0,0,0,0,0,1,0,0,0,1,0,0],[0,0,0,0,0,0,1,0,0,0,0,0,0,0,0]],"edge_indices":[[6,14],[6,3],[6,7],[14,6],[3,6],[3,6],[8,7],[7,8],[10,7],[7,10],[13,8],[8,13],[12,13],[13,12],[1,10],[10,1],[9,7],[7,9],[4,1],[1,4],[5,3],[3,5],[0,3],[3,0],[11,5],[5,11],[2,9],[9,2],[5,10],[10,5]],"edge_attributes":[[1.0],[1.0],[1.0],[1.0],[1.0],[1.0],[1.0],[1.0],[1.0],[1.0],[1.0],[1.0],[1.0],[1.0],[1.0],[1.0],[1.0],[1.0],[1.0],[1.0],[1.0],[1.0],[1.0],[1.0],[1.0],[1.0],[1.0],[1.0],[1.0],[1.0]],"seed_graph_indices":[-1,-1,-1,0,-1,-1,0,0,-1,-1,-1,-1,-1,-1,0],"graph_labels":0,"node_importances":[0,0,0,1,0,0,1,1,0,0,0,0,0,0,1],"edge_importances":[1,1,1,1,1,1,0,0,0,0,0,0,0,0,0,0,0,0,0,0,0,0,0,0,0,0,0,0,0,0],"multi_node_importances":[[0,0],[0,0],[0,0],[1,0],[0,0],[0,0],[1,0],[1,0],[0,0],[0,0],[0,0],[0,0],[0,0],[0,0],[1,0]],"multi_edge_importances":[[1,0],[1,0],[1,0],[1,0],[1,0],[1,0],[0,0],[0,0],[0,0],[0,0],[0,0],[0,0],[0,0],[0,0],[0,0],[0,0],[0,0],[0,0],[0,0],[0,0],[0,0],[0,0],[0,0],[0,0],[0,0],[0,0],[0,0],[0,0],[0,0],[0,0]],"original_value":-2.4505256433908866,"class":0,"node_positions":[[1.0,-0.03575913471074164],[-0.45601114837704615,0.012737412457565454],[-0.3642132422023748,-0.8905784721451175],[0.6248540689074678,-0.02749554641963363],[-0.8493331530154496,-0.05427952419965961],[0.38180657240260385,0.26635678948948266],[0.35080130617764366,-0.29835744563200867],[-0.048807953103525384,-0.1854228963337418],[-0.2961868201003079,0.2244329286645126],[-0.21805036921073065,-0.547667252414772],[-0.00030174991864058426,0.11336675386517807],[0.5618219898288748,0.6063075331926961],[-0.7179808518999486,0.8773874138288056],[-0.5073201674199106,0.5732853188093304],[0.5389215179313446,-0.6343138784518962]],"node_coordinates":[[778.2954545454545,435.10779071367216],[279.06499884552,452.3891336165092],[310.540245846866,130.49999999999994],[649.6671302760566,438.052451956686],[144.20454545454544,428.50820331745336],[566.3321142137825,542.7642979778336],[555.7011700731155,341.5330576303674],[418.68497151225813,381.7763488739167],[333.8648349089111,527.8250774140944],[360.65590448819273,252.69357293260808],[435.3165570239872,488.2475659481221],[628.0549787501594,663.9029297988004],[189.2420228229161,760.5],[261.4723966275783,652.1357372151833],[620.2029694891788,221.81776540914015]]},"label":"0","name":"928","value":-2.4505256433908866,"input_type":"classification","classes":{"0":"low","1":"high"},"image_width":900,"image_height":900,"image_path":"./928.png"}