{"graph":{"node_indices":[0,1,2,3,4,5,6,7,8,9,10,11,12,13,14,15,16,17,18,19,20,21,22,23,24],"node_attributes":[[0.0,0.0,1.0],[1.0,0.0,1.0],[0.0,0.0,1.0],[0.0,1.0,0.0],[0.0,1.0,0.0],[0.0,0.0,1.0],[1.0,0.0,0.0],[1.0,0.0,1.0],[1.0,0.0,0.0],[1.0,1.0,0.0],[1.0,0.0,0.0],[0.0,1.0,0.0],[1.0,0.0,1.0],[1.0,1.0,0.0],[0.0,0.0,1.0],[1.0,0.0,1.0],[0.800000011920929,0.800000011920929,0.800000011920929],[0.800000011920929,0.800000011920929,0.800000011920929],[0.800000011920929,0.800000011920929,0.800000011920929],[1.0,0.0,1.0],[1.0,1.0,0.0],[0.800000011920929,0.800000011920929,0.800000011920929],[1.0,0.0,0.0],[0.0,0.0,1.0],[0.800000011920929,0.800000011920929,0.800000011920929]],"node_adjacency":[[0,0,0,0,1,0,0,0,0,0,0,1,0,1,0,0,0,0,0,0,0,0,0,0,0],[0,0,0,0,0,0,0,0,0,1,0,0,0,0,0,0,0,0,0,0,0,0,0,0,0],[0,0,0,0,0,0,0,0,0,0,1,0,0,0,0,0,0,0,0,0,0,0,0,0,0],[0,0,0,0,0,0,0,0,0,0,1,0,0,0,1,0,0,0,0,0,0,0,0,0,0],[1,0,0,0,0,0,0,0,0,0,0,0,0,0,0,0,0,0,0,0,0,0,0,0,0],[0,0,0,0,0,0,1,0,0,0,0,0,0,0,0,0,0,0,0,0,0,0,0,0,0],[0,0,0,0,0,1,0,0,0,0,0,0,0,0,0,0,0,1,0,0,0,0,0,0,0],[0,0,0,0,0,0,0,0,0,0,0,0,0,1,0,0,0,0,0,0,0,0,0,0,0],[0,0,0,0,0,0,0,0,0,1,0,0,0,0,0,0,0,0,0,0,0,0,0,0,1],[0,1,0,0,0,0,0,0,1,0,1,0,0,0,0,0,1,0,0,1,0,0,1,0,0],[0,0,1,1,0,0,0,0,0,0,0,0,1,0,0,0,0,0,0,0,0,0,0,0,0],[1,0,0,0,0,0,0,0,0,0,0,0,0,0,0,0,0,0,0,0,0,0,0,0,0],[0,0,0,0,0,0,0,0,0,0,1,0,0,0,0,0,0,0,0,0,0,0,0,0,0],[1,0,0,0,0,1,0,1,0,0,0,0,0,0,0,0,0,0,1,0,1,0,0,1,0],[0,0,0,1,0,0,0,0,0,0,0,0,0,0,0,0,0,0,0,0,1,0,0,0,0],[0,0,0,0,0,0,0,0,0,0,0,0,0,0,0,0,0,0,0,0,0,0,0,1,0],[0,0,0,0,0,0,0,0,0,1,0,0,0,0,0,0,0,0,0,0,0,0,0,0,0],[0,0,0,0,0,0,1,0,0,0,0,0,0,0,0,0,0,0,0,0,1,0,0,0,0],[0,0,0,0,0,0,0,0,0,0,0,0,0,1,0,0,0,0,0,0,0,0,0,0,0],[0,0,0,0,0,0,0,0,0,1,0,0,0,0,0,0,0,0,0,0,0,0,0,0,1],[0,0,0,0,0,0,0,0,0,0,0,0,0,1,1,0,0,1,0,0,0,0,0,0,0],[0,0,0,0,0,0,0,0,0,0,0,0,0,0,0,0,0,0,0,0,0,0,0,0,1],[0,0,0,0,0,0,0,0,0,1,0,0,0,0,0,0,0,0,0,0,0,0,0,0,0],[0,0,0,0,0,0,0,0,0,0,0,0,0,1,0,1,0,0,0,0,0,0,0,0,0],[0,0,0,0,0,0,0,0,1,0,0,0,0,0,0,0,0,0,0,1,0,1,0,0,0]],"edge_indices":[[13,0],[13,23],[13,5],[0,13],[23,13],[23,13],[9,22],[9,8],[9,10],[22,9],[8,9],[8,9],[24,8],[8,24],[12,10],[10,12],[16,9],[9,16],[7,13],[13,7],[2,10],[10,2],[3,10],[10,3],[14,3],[3,14],[4,0],[0,4],[21,24],[24,21],[6,5],[5,6],[20,14],[14,20],[11,0],[0,11],[18,13],[13,18],[19,9],[9,19],[17,6],[6,17],[1,9],[9,1],[15,23],[23,15],[17,20],[20,17],[19,24],[24,19],[13,20],[20,13]],"edge_attributes":[[1.0],[1.0],[1.0],[1.0],[1.0],[1.0],[1.0],[1.0],[1.0],[1.0],[1.0],[1.0],[1.0],[1.0],[1.0],[1.0],[1.0],[1.0],[1.0],[1.0],[1.0],[1.0],[1.0],[1.0],[1.0],[1.0],[1.0],[1.0],[1.0],[1.0],[1.0],[1.0],[1.0],[1.0],[1.0],[1.0],[1.0],[1.0],[1.0],[1.0],[1.0],[1.0],[1.0],[1.0],[1.0],[1.0],[1.0],[1.0],[1.0],[1.0],[1.0],[1.0]],"seed_graph_indices":[0,-1,-1,-1,-1,0,-1,-1,1,1,1,-1,-1,0,-1,-1,-1,-1,-1,-1,-1,-1,1,0,-1],"graph_labels":0,"node_importances":[1,0,0,0,0,1,0,0,1,1,1,0,0,1,0,0,0,0,0,0,0,0,1,1,0],"edge_importances":[1,1,1,1,1,1,1,1,1,1,1,1,0,0,0,0,0,0,0,0,0,0,0,0,0,0,0,0,0,0,0,0,0,0,0,0,0,0,0,0,0,0,0,0,0,0,0,0,0,0,0,0],"multi_node_importances":[[1,0],[0,0],[0,0],[0,0],[0,0],[1,0],[0,0],[0,0],[0,1],[0,1],[0,1],[0,0],[0,0],[1,0],[0,0],[0,0],[0,0],[0,0],[0,0],[0,0],[0,0],[0,0],[0,1],[1,0],[0,0]],"multi_edge_importances":[[1,0],[1,0],[1,0],[1,0],[1,0],[1,0],[0,1],[0,1],[0,1],[0,1],[0,1],[0,1],[0,0],[0,0],[0,0],[0,0],[0,0],[0,0],[0,0],[0,0],[0,0],[0,0],[0,0],[0,0],[0,0],[0,0],[0,0],[0,0],[0,0],[0,0],[0,0],[0,0],[0,0],[0,0],[0,0],[0,0],[0,0],[0,0],[0,0],[0,0],[0,0],[0,0],[0,0],[0,0],[0,0],[0,0],[0,0],[0,0],[0,0],[0,0],[0,0],[0,0]],"original_value":-0.12621297541113474,"class":0,"node_positions":[[0.507869589454212,-0.5666023681016782],[-0.7654328810060804,0.1177815749399786],[-0.4455025899113762,-0.1433584518264714],[-0.15908269023855087,0.05172597251700909],[0.39207409501026413,-0.787407665919279],[0.6388413743912308,-0.06906697272805686],[0.6538614244022213,0.15957145013637328],[0.3464911351441447,-0.42830118867356903],[-0.48138192123154433,0.5326322511864338],[-0.5894899286050109,0.29280420171657],[-0.4128446163609264,0.08988759082203267],[0.6563906918297383,-0.7617925377303213],[-0.5886276792423171,-0.11371837975344606],[0.5068298320548635,-0.2902391961719806],[0.06826012770483152,-0.03611981202412669],[1.0,-0.37947548237892953],[-0.8050869242983343,0.39204893558663156],[0.42752483612448444,0.1331388194889361],[0.7120844847670678,-0.2233581434488824],[-0.6339305002718891,0.5372235011509581],[0.3109441356907212,-0.10109159710660616],[-0.6589015377284893,0.9768291237246418],[-0.8521591976592567,0.2372547631266043],[0.7529120236413107,-0.37939770689027075],[-0.581643283661315,0.7590313183574487]],"node_coordinates":[[609.813490463407,209.34845075312413],[173.89549698733896,453.73848198201944],[283.4243589676369,360.4867043132925],[381.48086231507807,430.1503617417256],[570.1706398740041,130.49999999999994],[654.6519785809126,387.01581429826655],[659.7941268250248,468.66143423438825],[554.5652100075594,258.73509972856823],[271.1409883787958,601.8795521430247],[234.12996645255888,516.2381733593359],[294.60489040567006,443.77768187998055],[660.6600272748755,139.64703222026128],[234.42515948075243,371.07102355865567],[609.4575271555984,308.03633626697865],[459.31219251995003,398.7810781026028],[778.2954545454545,276.1705115430058],[160.3198451793882,551.6779639277879],[582.3072816321592,459.2224760369195],[679.7269238132416,331.91922061837914],[218.9156357814247,603.5190641941447],[542.3956139882964,375.5799835317184],[210.36674437845593,760.5],[144.2045454545455,496.4017508807287],[693.7043244996569,276.1982847751153],[236.81628317519787,682.725509530937]]},"label":"0","name":"946","value":-0.12621297541113474,"input_type":"classification","classes":{"0":"low","1":"high"},"image_width":900,"image_height":900,"image_path":"./946.png"}