{"graph": {"node_indices": [0, 1, 2, 3, 4, 5, 6, 7, 8, 9, 10, 11, 12, 13, 14], "node_attributes": [[1.0, 0.0, 0.0], [0.0, 0.0, 1.0], [0.0, 0.0, 1.0], [0.0, 0.0, 1.0], [0.0, 1.0, 0.0], [1.0, 1.0, 0.0], [1.0, 0.0, 0.0], [0.0, 1.0, 0.0], [0.0, 1.0, 1.0], [1.0, 1.0, 0.0], [0.0, 0.0, 1.0], [1.0, 0.0, 1.0], [1.0, 0.0, 0.0], [0.0, 1.0, 0.0], [1.0, 0.0, 1.0]], "node_adjacency": [[0, 0, 0, 0, 0, 0, 0, 0, 0, 0, 1, 0, 0, 0, 0], [0, 0, 0, 1, 0, 0, 0, 1, 1, 0, 0, 1, 0, 1, 0], [0, 0, 0, 0, 0, 0, 1, 0, 0, 0, 0, 0, 0, 0, 1], [0, 1, 0, 0, 0, 0, 0, 1, 0, 0, 0, 0, 1, 0, 0], [0, 0, 0, 0, 0, 0, 1, 0, 0, 0, 0, 0, 0, 0, 0], [0, 0, 0, 0, 0, 0, 0, 0, 0, 1, 0, 0, 0, 0, 1], [0, 0, 1, 0, 1, 0, 0, 0, 0, 0, 1, 0, 1, 0, 0], [0, 1, 0, 1, 0, 0, 0, 0, 0, 1, 0, 0, 0, 0, 0], [0, 1, 0, 0, 0, 0, 0, 0, 0, 0, 0, 0, 0, 0, 0], [0, 0, 0, 0, 0, 1, 0, 1, 0, 0, 0, 0, 0, 0, 0], [1, 0, 0, 0, 0, 0, 1, 0, 0, 0, 0, 0, 0, 0, 0], [0, 1, 0, 0, 0, 0, 0, 0, 0, 0, 0, 0, 0, 1, 0], [0, 0, 0, 1, 0, 0, 1, 0, 0, 0, 0, 0, 0, 0, 0], [0, 1, 0, 0, 0, 0, 0, 0, 0, 0, 0, 1, 0, 0, 0], [0, 0, 1, 0, 0, 1, 0, 0, 0, 0, 0, 0, 0, 0, 0]], "edge_indices": [[1, 3], [1, 7], [3, 1], [3, 7], [7, 3], [7, 1], [11, 1], [1, 11], [12, 3], [3, 12], [8, 1], [1, 8], [6, 12], [12, 6], [2, 6], [6, 2], [14, 2], [2, 14], [4, 6], [6, 4], [10, 6], [6, 10], [5, 14], [14, 5], [9, 5], [5, 9], [0, 10], [10, 0], [13, 1], [1, 13], [7, 9], [9, 7], [13, 11], [11, 13]], "edge_attributes": [[1.0], [1.0], [1.0], [1.0], [1.0], [1.0], [1.0], [1.0], [1.0], [1.0], [1.0], [1.0], [1.0], [1.0], [1.0], [1.0], [1.0], [1.0], [1.0], [1.0], [1.0], [1.0], [1.0], [1.0], [1.0], [1.0], [1.0], [1.0], [1.0], [1.0], [1.0], [1.0], [1.0], [1.0]], "seed_graph_indices": [-1, 0, -1, 0, -1, -1, -1, 0, -1, -1, -1, -1, -1, -1, -1], "graph_labels": 0, "node_importances": [0, 1, 0, 1, 0, 0, 0, 1, 0, 0, 0, 0, 0, 0, 0], "edge_importances": [1, 1, 1, 1, 1, 1, 0, 0, 0, 0, 0, 0, 0, 0, 0, 0, 0, 0, 0, 0, 0, 0, 0, 0, 0, 0, 0, 0, 0, 0, 0, 0, 0, 0], "multi_node_importances": [[0, 0], [1, 0], [0, 0], [1, 0], [0, 0], [0, 0], [0, 0], [1, 0], [0, 0], [0, 0], [0, 0], [0, 0], [0, 0], [0, 0], [0, 0]], "multi_edge_importances": [[1, 0], [1, 0], [1, 0], [1, 0], [1, 0], [1, 0], [0, 0], [0, 0], [0, 0], [0, 0], [0, 0], [0, 0], [0, 0], [0, 0], [0, 0], [0, 0], [0, 0], [0, 0], [0, 0], [0, 0], [0, 0], [0, 0], [0, 0], [0, 0], [0, 0], [0, 0], [0, 0], [0, 0], [0, 0], [0, 0], [0, 0], [0, 0], [0, 0], [0, 0]], "original_value": -1.09, "class": 0, "node_positions": [[0.5950270486845923, 0.9999999999999999], [0.18445969849711627, -0.5844076423298112], [-0.364877128179446, 0.5203832802548314], [0.14736954820481524, -0.22140651676093517], [-0.07942139770651248, 0.8705571282245028], [-0.7260518089480726, -0.06959773600946023], [0.03561491960615175, 0.5174595117798265], [-0.1367773677999485, -0.4343554520035928], [0.01800810528269516, -0.9374367900998231], [-0.5155296324725582, -0.38718745000203736], [0.35378670504664494, 0.7377363788487202], [0.4185670355180838, -0.8564093512310088], [0.18386444776586328, 0.15517884453341985], [0.5620625859876613, -0.6213547133277691], [-0.6761027594870864, 0.3108405081231366]], "node_coordinates": [[778.2954545454544, 760.5], [581.231499718459, 245.29515834095847], [317.56102629293395, 604.5421205050577], [563.428984008452, 363.3329236383796], [454.57395522977833, 718.4088155880629], [144.20454545454538, 412.6968731422504], [509.78904144648624, 603.5913931581499], [427.04425932388074, 294.0879140006912], [501.33812965113617, 130.5], [245.25089669535345, 309.4256227779922], [662.505009544386, 675.2192403026511], [693.5982470165626, 156.8478461584922], [580.9457915072219, 485.78790066151123], [762.4731847404203, 233.281009106436], [168.17907051635683, 536.4046993940618]]}, "label": "0", "name": "978", "value": -1.09, "input_type": "classification", "classes": {"0": "low", "1": "high"}, "image_width": 900, "image_height": 900, "image_path": "./978.png"}