{"graph":{"node_indices":[0,1,2,3,4,5,6,7,8,9,10,11,12,13,14,15,16,17,18,19,20,21,22,23],"node_attributes":[[0.0,1.0,0.0],[0.0,0.0,1.0],[0.0,0.0,1.0],[0.0,1.0,0.0],[0.0,1.0,1.0],[0.0,0.0,1.0],[0.0,0.0,1.0],[1.0,0.0,1.0],[0.800000011920929,0.800000011920929,0.800000011920929],[0.0,1.0,0.0],[0.800000011920929,0.800000011920929,0.800000011920929],[0.0,1.0,0.0],[1.0,0.0,0.0],[0.0,1.0,0.0],[0.0,1.0,1.0],[1.0,0.0,0.0],[0.0,1.0,0.0],[0.0,1.0,0.0],[1.0,1.0,0.0],[0.0,0.0,1.0],[0.0,0.0,1.0],[0.0,0.0,1.0],[0.0,1.0,1.0],[0.800000011920929,0.800000011920929,0.800000011920929]],"node_adjacency":[[0,0,0,0,0,0,0,0,0,0,1,0,0,0,1,0,0,0,0,0,0,0,0,0],[0,0,0,0,0,0,0,0,0,0,0,0,0,0,0,0,0,1,0,0,0,0,0,0],[0,0,0,0,0,0,0,0,1,0,0,0,0,0,0,0,1,1,0,0,1,0,0,0],[0,0,0,0,0,0,0,0,0,1,0,0,0,0,0,0,1,0,0,0,0,0,0,0],[0,0,0,0,0,1,0,0,0,0,0,0,0,0,0,0,0,0,0,0,0,0,0,0],[0,0,0,0,1,0,0,0,0,0,0,0,0,0,0,1,0,0,0,0,0,0,0,0],[0,0,0,0,0,0,0,0,0,0,0,0,0,0,1,0,0,0,0,0,0,0,0,0],[0,0,0,0,0,0,0,0,0,0,0,0,0,1,0,0,0,0,0,0,0,0,0,0],[0,0,1,0,0,0,0,0,0,0,0,0,0,0,0,0,0,0,0,1,0,0,0,0],[0,0,0,1,0,0,0,0,0,0,0,0,0,0,0,0,0,0,0,0,0,1,0,0],[1,0,0,0,0,0,0,0,0,0,0,0,0,0,0,0,0,0,0,0,0,0,0,0],[0,0,0,0,0,0,0,0,0,0,0,0,0,0,0,0,0,0,0,0,1,0,0,1],[0,0,0,0,0,0,0,0,0,0,0,0,0,1,0,1,0,0,0,0,0,0,0,0],[0,0,0,0,0,0,0,1,0,0,0,0,1,0,0,1,0,0,0,0,0,0,0,0],[1,0,0,0,0,0,1,0,0,0,0,0,0,0,0,1,0,0,1,0,1,0,0,1],[0,0,0,0,0,1,0,0,0,0,0,0,1,1,1,0,0,0,0,0,0,0,0,0],[0,0,1,1,0,0,0,0,0,0,0,0,0,0,0,0,0,0,0,0,1,0,0,0],[0,1,1,0,0,0,0,0,0,0,0,0,0,0,0,0,0,0,0,0,0,0,0,0],[0,0,0,0,0,0,0,0,0,0,0,0,0,0,1,0,0,0,0,0,0,0,0,0],[0,0,0,0,0,0,0,0,1,0,0,0,0,0,0,0,0,0,0,0,0,0,0,0],[0,0,1,0,0,0,0,0,0,0,0,1,0,0,1,0,1,0,0,0,0,0,1,0],[0,0,0,0,0,0,0,0,0,1,0,0,0,0,0,0,0,0,0,0,0,0,0,0],[0,0,0,0,0,0,0,0,0,0,0,0,0,0,0,0,0,0,0,0,1,0,0,0],[0,0,0,0,0,0,0,0,0,0,0,1,0,0,1,0,0,0,0,0,0,0,0,0]],"edge_indices":[[2,20],[2,16],[20,2],[20,16],[16,20],[16,2],[12,15],[12,13],[15,12],[15,13],[13,15],[13,12],[3,16],[16,3],[9,3],[3,9],[21,9],[9,21],[14,15],[15,14],[11,20],[20,11],[23,14],[14,23],[7,13],[13,7],[17,2],[2,17],[0,14],[14,0],[10,0],[0,10],[8,2],[2,8],[18,14],[14,18],[5,15],[15,5],[19,8],[8,19],[1,17],[17,1],[22,20],[20,22],[6,14],[14,6],[4,5],[5,4],[11,23],[23,11],[14,20],[20,14]],"edge_attributes":[[1.0],[1.0],[1.0],[1.0],[1.0],[1.0],[1.0],[1.0],[1.0],[1.0],[1.0],[1.0],[1.0],[1.0],[1.0],[1.0],[1.0],[1.0],[1.0],[1.0],[1.0],[1.0],[1.0],[1.0],[1.0],[1.0],[1.0],[1.0],[1.0],[1.0],[1.0],[1.0],[1.0],[1.0],[1.0],[1.0],[1.0],[1.0],[1.0],[1.0],[1.0],[1.0],[1.0],[1.0],[1.0],[1.0],[1.0],[1.0],[1.0],[1.0],[1.0],[1.0]],"seed_graph_indices":[-1,-1,0,-1,-1,-1,-1,-1,-1,-1,-1,-1,1,1,-1,1,0,-1,-1,-1,0,-1,-1,-1],"graph_labels":1,"node_importances":[0,0,1,0,0,0,0,0,0,0,0,0,1,1,0,1,1,0,0,0,1,0,0,0],"edge_importances":[1,1,1,1,1,1,1,1,1,1,1,1,0,0,0,0,0,0,0,0,0,0,0,0,0,0,0,0,0,0,0,0,0,0,0,0,0,0,0,0,0,0,0,0,0,0,0,0,0,0,0,0],"multi_node_importances":[[0,0],[0,0],[1,0],[0,0],[0,0],[0,0],[0,0],[0,0],[0,0],[0,0],[0,0],[0,0],[0,1],[0,1],[0,0],[0,1],[1,0],[0,0],[0,0],[0,0],[1,0],[0,0],[0,0],[0,0]],"multi_edge_importances":[[1,0],[1,0],[1,0],[1,0],[1,0],[1,0],[0,1],[0,1],[0,1],[0,1],[0,1],[0,1],[0,0],[0,0],[0,0],[0,0],[0,0],[0,0],[0,0],[0,0],[0,0],[0,0],[0,0],[0,0],[0,0],[0,0],[0,0],[0,0],[0,0],[0,0],[0,0],[0,0],[0,0],[0,0],[0,0],[0,0],[0,0],[0,0],[0,0],[0,0],[0,0],[0,0],[0,0],[0,0],[0,0],[0,0],[0,0],[0,0],[0,0],[0,0],[0,0],[0,0]],"original_value":0.19763410736904152,"class":1,"node_positions":[[0.4664215769596788,-0.09604241004433997],[-0.31600471572603844,-0.7375290451638137],[-0.2440434441751627,-0.2272425630198308],[-0.5344806614185098,-0.20453568707553546],[0.12026614811483421,0.8075624811242829],[0.15847676691858364,0.5658755704838339],[0.05848149538715669,0.20921243038837975],[0.7576009288752898,0.5179975140729796],[-0.4504205167709229,0.008150938814798128],[-0.7735329756841268,-0.2702444191402922],[0.6764629626956254,-0.23442672233403886],[0.14548325640105628,-0.31136762888811964],[0.40759137034391724,0.5111537010380892],[0.5471068552022069,0.4001732863772821],[0.2044798665567984,0.049309335058814324],[0.28775134870702557,0.3261929796858611],[-0.2695518516439023,-0.09271823875424698],[-0.29249405957224694,-0.4912123718310523],[0.4035865335983914,0.08009272515639805],[-0.6428906629067851,0.17884469028578368],[-0.0201982282102083,-0.12561849411819054],[-1.0,-0.32289234311160353],[0.0157356278183122,-0.38419133667002403],[0.294172378529027,-0.15654439233541442]],"node_coordinates":[[673.2464773110029,392.0615795241333],[390.96999971310163,130.5],[416.9315176819341,338.565657134907],[312.1502808891678,347.8242231172556],[548.3637425804073,760.5],[562.1490140923542,661.9538937578174],[526.0736504597637,516.5270537052113],[778.2954545454546,642.431959279734],[342.476717716901,434.54567102578943],[225.90721126928014,321.0319583895815],[749.0232540752526,335.6363676456142],[557.4613362691446,304.2642642430921],[652.0222627682481,639.6414435474142],[702.3553612393907,594.3899745912174],[578.745584332711,451.3277122140053],[608.7874948429503,564.2250345714086],[407.72883178459296,393.41698655156665],[399.4519554796027,230.9338588099311],[650.5774350311825,463.87941897798487],[273.03912927966337,504.14482524875393],[497.6883118750829,380.00214314155903],[144.2045454545455,299.5651445875481],[510.6521940976799,274.570919142159],[611.104014236086,367.392329712799]]},"label":"1","name":"981","value":0.19763410736904152,"input_type":"classification","classes":{"0":"low","1":"high"},"image_width":900,"image_height":900,"image_path":"./981.png"}