{"graph": {"node_indices": [0, 1, 2, 3, 4, 5, 6, 7, 8, 9, 10, 11, 12, 13], "node_attributes": [[1.0, 0.0, 1.0], [1.0, 0.0, 0.0], [0.0, 0.0, 1.0], [0.0, 1.0, 0.0], [1.0, 0.0, 1.0], [0.0, 0.0, 1.0], [0.0, 0.0, 1.0], [0.0, 0.0, 1.0], [0.0, 0.0, 1.0], [0.0, 1.0, 0.0], [0.0, 1.0, 0.0], [0.0, 0.0, 1.0], [1.0, 0.0, 0.0], [0.0, 1.0, 1.0]], "node_adjacency": [[0, 0, 1, 1, 0, 0, 0, 0, 0, 0, 0, 0, 0, 0], [0, 0, 1, 1, 0, 0, 0, 1, 1, 0, 0, 0, 1, 0], [1, 1, 0, 0, 0, 0, 0, 0, 0, 0, 0, 1, 0, 0], [1, 1, 0, 0, 0, 0, 1, 0, 0, 0, 0, 0, 1, 1], [0, 0, 0, 0, 0, 0, 0, 0, 0, 1, 0, 0, 0, 0], [0, 0, 0, 0, 0, 0, 0, 1, 0, 0, 1, 0, 0, 1], [0, 0, 0, 1, 0, 0, 0, 0, 0, 0, 1, 0, 0, 0], [0, 1, 0, 0, 0, 1, 0, 0, 0, 0, 0, 0, 0, 0], [0, 1, 0, 0, 0, 0, 0, 0, 0, 1, 0, 0, 0, 0], [0, 0, 0, 0, 1, 0, 0, 0, 1, 0, 0, 0, 0, 0], [0, 0, 0, 0, 0, 1, 1, 0, 0, 0, 0, 0, 0, 0], [0, 0, 1, 0, 0, 0, 0, 0, 0, 0, 0, 0, 0, 0], [0, 1, 0, 1, 0, 0, 0, 0, 0, 0, 0, 0, 0, 0], [0, 0, 0, 1, 0, 1, 0, 0, 0, 0, 0, 0, 0, 0]], "edge_indices": [[1, 12], [1, 3], [12, 1], [12, 3], [3, 12], [3, 1], [8, 1], [1, 8], [0, 3], [3, 0], [6, 3], [3, 6], [9, 8], [8, 9], [13, 3], [3, 13], [5, 13], [13, 5], [7, 5], [5, 7], [10, 5], [5, 10], [2, 0], [0, 2], [11, 2], [2, 11], [4, 9], [9, 4], [1, 7], [7, 1], [10, 6], [6, 10], [1, 2], [2, 1]], "edge_attributes": [[1.0], [1.0], [1.0], [1.0], [1.0], [1.0], [1.0], [1.0], [1.0], [1.0], [1.0], [1.0], [1.0], [1.0], [1.0], [1.0], [1.0], [1.0], [1.0], [1.0], [1.0], [1.0], [1.0], [1.0], [1.0], [1.0], [1.0], [1.0], [1.0], [1.0], [1.0], [1.0], [1.0], [1.0]], "seed_graph_indices": [-1, 0, -1, 0, -1, -1, -1, -1, -1, -1, -1, -1, 0, -1], "graph_labels": 1, "node_importances": [0, 1, 0, 1, 0, 0, 0, 0, 0, 0, 0, 0, 1, 0], "edge_importances": [1, 1, 1, 1, 1, 1, 0, 0, 0, 0, 0, 0, 0, 0, 0, 0, 0, 0, 0, 0, 0, 0, 0, 0, 0, 0, 0, 0, 0, 0, 0, 0, 0, 0], "multi_node_importances": [[0, 0], [0, 1], [0, 0], [0, 1], [0, 0], [0, 0], [0, 0], [0, 0], [0, 0], [0, 0], [0, 0], [0, 0], [0, 1], [0, 0]], "multi_edge_importances": [[0, 1], [0, 1], [0, 1], [0, 1], [0, 1], [0, 1], [0, 0], [0, 0], [0, 0], [0, 0], [0, 0], [0, 0], [0, 0], [0, 0], [0, 0], [0, 0], [0, 0], [0, 0], [0, 0], [0, 0], [0, 0], [0, 0], [0, 0], [0, 0], [0, 0], [0, 0], [0, 0], [0, 0], [0, 0], [0, 0], [0, 0], [0, 0], [0, 0], [0, 0]], "original_value": 0.59, "class": 1, "node_positions": [[-0.28737487330736283, 0.40245569512122453], [-0.05520382178535737, -0.07842243895961988], [-0.4062205780338547, 0.06574768400176606], [0.03531306557590351, 0.2801311382328289], [-0.16743303447200975, -0.9999999999999999], [0.5474696149780156, 0.10739775577788832], [0.24556987272507635, 0.543502432324788], [0.29293759545045933, -0.12450291870873205], [-0.11074263357046692, -0.39905540136219825], [-0.1415112700224384, -0.7041258586180066], [0.5851476873459754, 0.45154882199678614], [-0.7232065638981308, 0.07274820860028601], [-0.1410366688739179, 0.12963016429769816], [0.3262916078881083, 0.25294471729529044]], "node_coordinates": [[355.4293820265532, 702.9299939039247], [467.9505535549771, 506.65351378550287], [297.83108181091006, 565.49836920233], [511.81935693174137, 653.0016820167731], [413.5589211424501, 130.49999999999994], [760.0348625552695, 582.498371709249], [613.7198398177761, 760.5], [636.6764987929304, 487.84518434334234], [441.03379487042224, 375.78312311862294], [426.1218452659736, 251.26476535893966], [778.2954545454545, 722.9679732966879], [144.20454545454544, 568.3557216785582], [426.3518596320635, 591.5728098663591], [652.8414449826244, 641.9052011613122]]}, "label": "1", "name": "993", "value": 0.59, "input_type": "classification", "classes": {"0": "low", "1": "high"}, "image_width": 900, "image_height": 900, "image_path": "./993.png"}